recording_file,sample_mid,is_positive,gt_length_cm,pred_length_cm,gt_weight_g,pred_weight_g,presence_prob,pred_present
ARDG_AQUA bream 580gr 30 sm  281025 1254002.csv,2629,1,30.0,30.46,580.0,595.2,0.9773,1
ARDG_AQUA bream 150gr 21 sm  281025 1132004.csv,9007,1,21.0,20.97,150.0,150.4,0.9374,1
ARDG_AQUA bream620 gr31cm  281025 1618003.csv,9180,1,31.0,30.38,620.0,602.5,0.9731,1
ARDG_AQUA bream 310gr 23 sm  281025 1233002.csv,3640,1,23.0,22.54,310.0,299.2,0.9473,1
ARDG_AQUA bream150gr21cm  281025 1548002.csv,1837,0,0.0,24.12,0.0,281.2,0.7861,1
ARDG_AQUA bream 630gr 31cm  281025 1400002.csv,2154,1,31.0,30.72,630.0,721.5,0.9833,1
ARDG_AQUA bream 150gr 21 sm  281025 1132004.csv,2506,1,21.0,21.1,150.0,142.8,0.9286,1
ARDG_AQUA bream 150gr 21 sm  281025 1132004.csv,7845,0,0.0,21.05,0.0,161.5,0.6414,1
ARDG_AQUA bream500gr 30cm  281025 1500003.csv,2731,1,30.0,32.01,500.0,529.5,0.8759,1
ARDG_AQUA bream 630gr 31cm  281025 1400002.csv,7501,1,31.0,31.01,630.0,643.3,0.983,1
ARDG_AQUA bream556gr 30cm  281025 1500002.csv,5946,0,0.0,29.43,0.0,469.2,0.5268,1
ARDG_AQUA bream 580gr 30 sm  281025 1254003.csv,6969,1,30.0,27.65,580.0,500.7,0.9754,1
ARDG_AQUA bream556gr 30cm  281025 1500002.csv,238,1,30.0,30.85,556.0,571.8,0.9507,1
ARDG_AQUA bream 800gr 36cm  281025 1453002.csv,3888,0,0.0,33.38,0.0,698.7,0.9557,1
ARDG_AQUA bream556gr 30cm  281025 1500002.csv,6834,0,0.0,29.65,0.0,508.9,0.9715,1
ARDG_AQUA bream 800gr 36cm  281025 1453002.csv,492,0,0.0,34.43,0.0,784.2,0.9574,1
ARDG_AQUA bream 680gr 33 sm  281025 1208003.csv,4051,1,33.0,32.53,680.0,669.5,0.9904,1
ARDG_AQUA bream 390gr 26cm  281025 1325005.csv,829,1,26.0,25.5,390.0,402.9,0.9736,1
ARDG_AQUA bream620 gr31cm  281025 1618003.csv,8090,1,31.0,29.84,620.0,501.9,0.9414,1
ARDG_AQUA bream 680gr 33 sm  281025 1208003.csv,7325,1,33.0,31.17,680.0,672.8,0.9854,1
ARDG_AQUA bream 580gr 30 sm  281025 1254003.csv,9845,1,30.0,28.64,580.0,489.9,0.9628,1
ARDG_AQUA bream620 gr31cm  281025 1618004.csv,1041,1,31.0,31.53,620.0,592.8,0.9694,1
ARDG_AQUA bream 630gr 31cm  281025 1400002.csv,7069,1,31.0,31.76,630.0,634.9,0.9096,1
ARDG_AQUA bream 580gr 30 sm  281025 1254003.csv,1807,0,0.0,29.19,0.0,597.9,0.88,1
ARDG_AQUA bream 580gr 30 sm  281025 1254003.csv,7026,1,30.0,30.02,580.0,580.0,0.977,1
ARDG_AQUA bream 680gr 33 sm  281025 1208003.csv,2075,1,33.0,32.98,680.0,680.1,0.9931,1
ARDG_AQUA bream 150gr 21 sm  281025 1132004.csv,10101,1,21.0,20.7,150.0,140.9,0.9356,1
ARDG_AQUA bream556gr 30cm  281025 1500002.csv,1023,1,30.0,29.74,556.0,553.6,0.9835,1
ARDG_AQUA bream 280gr 24cm  281025 1425002.csv,1362,0,0.0,24.11,0.0,288.6,0.7136,1
ARDG_AQUA bream 800gr 36cm  281025 1453002.csv,3878,0,0.0,34.16,0.0,735.7,0.6619,1
ARDG_AQUA bream 390gr 26cm  281025 1325005.csv,1602,1,26.0,25.47,390.0,380.1,0.9752,1
ARDG_AQUA bream620 gr31cm  281025 1618003.csv,11689,1,31.0,30.98,620.0,594.2,0.9757,1
ARDG_AQUA bream 630gr 31cm  281025 1400002.csv,8136,1,31.0,31.47,630.0,620.9,0.9521,1
ARDG_AQUA bream 280gr 24cm  281025 1425002.csv,1771,1,24.0,24.3,280.0,275.6,0.9535,1
ARDG_AQUA bream 580gr 30 sm  281025 1254003.csv,6529,0,0.0,24.17,0.0,409.5,0.6836,1
ARDG_AQUA bream 310gr 23 sm  281025 1233002.csv,7408,1,23.0,23.72,310.0,394.1,0.9445,1
ARDG_AQUA bream630gr 32cm  281025 1500002.csv,5722,1,32.0,30.56,630.0,573.8,0.9728,1
ARDG_AQUA bream 630gr 31cm  281025 1400002.csv,4819,1,31.0,30.25,630.0,592.6,0.9798,1
ARDG_AQUA bream630gr 32cm  281025 1500002.csv,384,1,32.0,32.3,630.0,621.1,0.9766,1
ARDG_AQUA bream630gr 32cm  281025 1500002.csv,2459,1,32.0,31.08,630.0,605.1,0.9751,1
ARDG_AQUA bream556gr 30cm  281025 1500002.csv,3000,1,30.0,28.24,556.0,528.8,0.9606,1
ARDG_AQUA bream150gr21cm  281025 1548002.csv,1832,0,0.0,24.38,0.0,295.1,0.7079,1
ARDG_AQUA bream 390gr 26cm  281025 1325005.csv,3787,1,26.0,26.01,390.0,383.5,0.9717,1
ARDG_AQUA bream 800gr 36cm  281025 1453002.csv,388,0,0.0,32.74,0.0,658.1,0.9755,1
ARDG_AQUA bream 390gr 26cm  281025 1325005.csv,1058,1,26.0,26.69,390.0,390.0,0.9335,1
ARDG_AQUA bream 310gr 23 sm  281025 1233002.csv,2583,1,23.0,23.07,310.0,304.4,0.9635,1
ARDG_AQUA bream 310gr 23 sm  281025 1233002.csv,9284,1,23.0,22.1,310.0,286.7,0.9776,1
ARDG_AQUA bream 680gr 33 sm  281025 1208003.csv,9334,1,33.0,31.66,680.0,650.2,0.9927,1
ARDG_AQUA bream 630gr 31cm  281025 1400002.csv,9439,1,31.0,30.96,630.0,625.5,0.9686,1
ARDG_AQUA bream 580gr 30 sm  281025 1254002.csv,381,1,30.0,28.47,580.0,576.1,0.9806,1
ARDG_AQUA bream 310gr 23 sm  281025 1233002.csv,7960,1,23.0,22.5,310.0,297.8,0.9609,1
ARDG_AQUA bream 680gr 33 sm  281025 1208003.csv,6904,1,33.0,29.95,680.0,664.3,0.985,1
ARDG_AQUA bream 580gr 30 sm  281025 1254003.csv,2151,0,0.0,30.79,0.0,563.4,0.8075,1
ARDG_AQUA bream 580gr 30 sm  281025 1254002.csv,5435,1,30.0,29.04,580.0,538.9,0.9677,1
ARDG_AQUA bream630gr 32cm  281025 1500002.csv,213,1,32.0,32.15,630.0,629.3,0.9747,1
ARDG_AQUA bream 680gr 33 sm  281025 1208003.csv,5814,1,33.0,32.87,680.0,686.4,0.9893,1
ARDG_AQUA bream556gr 30cm  281025 1500002.csv,6908,0,0.0,29.4,0.0,483.8,0.5041,1
ARDG_AQUA bream556gr 30cm  281025 1500002.csv,6620,0,0.0,30.65,0.0,535.4,0.9632,1
ARDG_AQUA bream 580gr 30 sm  281025 1254003.csv,1935,0,0.0,28.97,0.0,552.4,0.7891,1
ARDG_AQUA bream 580gr 30 sm  281025 1254002.csv,8299,1,30.0,30.82,580.0,618.7,0.9684,1
ARDG_AQUA bream 310gr 23 sm  281025 1233002.csv,4266,1,23.0,22.41,310.0,303.4,0.9505,1
ARDG_AQUA bream 580gr 30 sm  281025 1254002.csv,3980,1,30.0,30.21,580.0,548.2,0.9803,1
ARDG_AQUA bream 800gr 36cm  281025 1453002.csv,3945,0,0.0,35.54,0.0,778.5,0.9556,1
ARDG_AQUA bream 630gr 31cm  281025 1400002.csv,10413,1,31.0,29.48,630.0,588.5,0.9747,1
ARDG_AQUA bream 680gr 33 sm  281025 1208003.csv,8758,1,33.0,30.82,680.0,675.2,0.9788,1
ARDG_AQUA bream620 gr31cm  281025 1618003.csv,11232,1,31.0,31.03,620.0,614.5,0.9797,1
ARDG_AQUA bream 280gr 24cm  281025 1425002.csv,2641,1,24.0,24.42,280.0,269.6,0.9651,1
ARDG_AQUA bream 390gr 26cm  281025 1325003.csv,8801,1,26.0,27.15,390.0,412.6,0.9474,1
ARDG_AQUA bream630gr 32cm  281025 1500002.csv,2175,1,32.0,30.77,630.0,512.8,0.9667,1
ARDG_AQUA bream 580gr 30 sm  281025 1254003.csv,4179,1,30.0,31.31,580.0,591.5,0.9705,1
ARDG_AQUA bream 150gr 21 sm  281025 1132004.csv,9450,0,0.0,21.64,0.0,156.1,0.7492,1
ARDG_AQUA bream 800gr 36cm  281025 1453002.csv,3882,0,0.0,34.73,0.0,752.0,0.9499,1
ARDG_AQUA bream 580gr 30 sm  281025 1254002.csv,6450,0,0.0,30.22,0.0,538.4,0.9472,1
ARDG_AQUA bream 580gr 30 sm  281025 1254002.csv,9190,1,30.0,30.02,580.0,582.0,0.9699,1
ARDG_AQUA bream 310gr 23 sm  281025 1233002.csv,9079,1,23.0,23.02,310.0,297.0,0.9084,1
ARDG_AQUA bream 580gr 30 sm  281025 1254002.csv,8548,1,30.0,30.06,580.0,567.8,0.9788,1
ARDG_AQUA bream 580gr 30 sm  281025 1254002.csv,666,1,30.0,31.77,580.0,596.1,0.9886,1
ARDG_AQUA bream 680gr 33 sm  281025 1208003.csv,8065,1,33.0,32.19,680.0,664.5,0.9845,1
ARDG_AQUA bream 800gr 36cm  281025 1453002.csv,915,0,0.0,34.47,0.0,710.5,0.6689,1
ARDG_AQUA bream 150gr 21 sm  281025 1132004.csv,10785,1,21.0,21.22,150.0,145.5,0.9488,1
ARDG_AQUA bream630gr 32cm  281025 1500002.csv,2715,1,32.0,32.06,630.0,623.2,0.9623,1
ARDG_AQUA bream500gr 30cm  281025 1500002.csv,5072,1,30.0,30.31,500.0,510.1,0.9466,1
ARDG_AQUA bream 630gr 31cm  281025 1400002.csv,3961,1,31.0,30.38,630.0,601.7,0.9813,1
ARDG_AQUA bream 800gr 36cm  281025 1453002.csv,1362,0,0.0,32.19,0.0,715.4,0.6288,1
ARDG_AQUA bream 580gr 30 sm  281025 1254003.csv,5597,0,0.0,31.33,0.0,577.5,0.7931,1
ARDG_AQUA bream556gr 30cm  281025 1500002.csv,549,0,0.0,29.22,0.0,537.8,0.9329,1
ARDG_AQUA bream 800gr 36cm  281025 1453002.csv,3616,0,0.0,30.13,0.0,546.0,0.9048,1
ARDG_AQUA bream 310gr 23 sm  281025 1233002.csv,6559,1,23.0,22.37,310.0,300.4,0.97,1
ARDG_AQUA bream556gr 30cm  281025 1500002.csv,6027,0,0.0,28.65,0.0,479.8,0.885,1
ARDG_AQUA bream 580gr 30 sm  281025 1254002.csv,10500,1,30.0,30.97,580.0,576.0,0.98,1
ARDG_AQUA bream 390gr 26cm  281025 1325005.csv,4864,1,26.0,26.13,390.0,442.9,0.9679,1
ARDG_AQUA bream 310gr 23 sm  281025 1233002.csv,3858,1,23.0,22.84,310.0,349.9,0.9029,1
ARDG_AQUA bream556gr 30cm  281025 1500002.csv,8627,0,0.0,28.05,0.0,494.9,0.9389,1
ARDG_AQUA bream350 gr27cm  281025 1548002.csv,5435,1,27.0,27.14,350.0,344.7,0.9743,1
ARDG_AQUA bream 280gr 24cm  281025 1425002.csv,4503,1,24.0,23.77,280.0,277.7,0.952,1
ARDG_AQUA bream 310gr 23 sm  281025 1233002.csv,1523,1,23.0,22.45,310.0,299.1,0.9584,1
ARDG_AQUA bream 280gr 24cm  281025 1425002.csv,3628,1,24.0,23.87,280.0,276.3,0.9756,1
ARDG_AQUA bream 580gr 30 sm  281025 1254003.csv,1857,0,0.0,28.4,0.0,546.3,0.972,1
ARDG_AQUA bream500gr 30cm  281025 1500002.csv,9824,1,30.0,29.08,500.0,484.8,0.9743,1
ARDG_AQUA bream 680gr 33 sm  281025 1208003.csv,1914,1,33.0,32.06,680.0,710.6,0.9885,1
ARDG_AQUA bream 340gr 27cm  281025 1415002.csv,644,0,0.0,25.31,0.0,406.0,0.7734,1
ARDG_AQUA bream 630gr 31cm  281025 1400002.csv,3616,1,31.0,31.39,630.0,595.0,0.6886,1
ARDG_AQUA bream620 gr31cm  281025 1618003.csv,10219,1,31.0,31.18,620.0,598.6,0.9713,1
ARDG_AQUA bream 310gr 23 sm  281025 1233002.csv,5694,1,23.0,22.43,310.0,303.3,0.9274,1
ARDG_AQUA bream 310gr 23 sm  281025 1233003.csv,450,1,23.0,24.34,310.0,350.5,0.9813,1
ARDG_AQUA bream 580gr 30 sm  281025 1254002.csv,3916,1,30.0,29.56,580.0,596.8,0.9732,1
ARDG_AQUA bream 150gr 21 sm  281025 1132004.csv,10669,1,21.0,20.81,150.0,151.9,0.9385,1
ARDG_AQUA bream556gr 30cm  281025 1500002.csv,7374,0,0.0,30.21,0.0,590.1,0.9155,1
ARDG_AQUA bream 680gr 33 sm  281025 1208003.csv,9001,1,33.0,31.54,680.0,612.5,0.9655,1
ARDG_AQUA bream150gr21cm  281025 1548002.csv,5972,1,21.0,22.59,150.0,225.9,0.8963,1
ARDG_AQUA bream620 gr31cm  281025 1618003.csv,10627,1,31.0,31.48,620.0,600.7,0.9362,1
ARDG_AQUA bream 800gr 36cm  281025 1453002.csv,2631,1,36.0,35.93,800.0,786.1,0.9835,1
ARDG_AQUA bream556gr 30cm  281025 1500002.csv,559,0,0.0,30.85,0.0,566.0,0.9665,1
ARDG_AQUA bream 150gr 21 sm  281025 1132004.csv,4757,0,0.0,21.38,0.0,156.8,0.5598,1
ARDG_AQUA bream 390gr 26cm  281025 1325005.csv,9589,1,26.0,26.54,390.0,382.1,0.9488,1
ARDG_AQUA bream 800gr 36cm  281025 1453002.csv,1309,0,0.0,33.56,0.0,706.9,0.8927,1
ARDG_AQUA bream 150gr 21 sm  281025 1132004.csv,7840,0,0.0,20.63,0.0,135.0,0.8815,1
ARDG_AQUA bream 630gr 31cm  281025 1400002.csv,6950,1,31.0,30.92,630.0,581.2,0.9812,1
ARDG_AQUA bream 150gr 21 sm  281025 1132004.csv,376,0,0.0,21.67,0.0,137.3,0.5372,1
ARDG_AQUA bream 150gr 21 sm  281025 1132004.csv,10927,0,0.0,20.87,0.0,145.8,0.7296,1
ARDG_AQUA bream620 gr31cm  281025 1618003.csv,9285,1,31.0,30.74,620.0,619.3,0.9797,1
ARDG_AQUA bream620 gr31cm  281025 1618003.csv,9939,1,31.0,30.56,620.0,600.5,0.9731,1
ARDG_AQUA bream 580gr 30 sm  281025 1254002.csv,486,1,30.0,29.57,580.0,537.0,0.978,1
ARDG_AQUA bream 150gr 21 sm  281025 1132004.csv,11019,0,0.0,20.99,0.0,132.4,0.7938,1
ARDG_AQUA bream 580gr 30 sm  281025 1254002.csv,4633,1,30.0,30.36,580.0,571.5,0.9759,1
ARDG_AQUA bream620 gr31cm  281025 1618003.csv,11051,1,31.0,31.63,620.0,616.2,0.6245,1
ARDG_AQUA bream500gr 30cm  281025 1500002.csv,5315,1,30.0,29.65,500.0,485.3,0.9536,1
ARDG_AQUA bream556gr 30cm  281025 1500002.csv,10974,1,30.0,29.0,556.0,548.0,0.9601,1
ARDG_AQUA bream 580gr 30 sm  281025 1254002.csv,166,1,30.0,30.04,580.0,556.6,0.9773,1
ARDG_AQUA bream 580gr 30 sm  281025 1254002.csv,3283,1,30.0,29.66,580.0,554.8,0.9751,1
ARDG_AQUA bream 310gr 23 sm  281025 1233002.csv,2487,1,23.0,22.81,310.0,299.4,0.9553,1
ARDG_AQUA bream 150gr 21 sm  281025 1132004.csv,838,1,21.0,20.97,150.0,144.5,0.8949,1
ARDG_AQUA bream 630gr 31cm  281025 1400002.csv,8415,1,31.0,32.74,630.0,649.1,0.9802,1
ARDG_AQUA bream500gr 30cm  281025 1500003.csv,3671,1,30.0,28.88,500.0,500.8,0.9776,1
ARDG_AQUA bream 630gr 31cm  281025 1400002.csv,7935,1,31.0,32.81,630.0,649.4,0.9816,1
ARDG_AQUA bream 580gr 30 sm  281025 1254002.csv,9660,1,30.0,28.37,580.0,558.8,0.9697,1
ARDG_AQUA bream 310gr 23 sm  281025 1233002.csv,7228,1,23.0,22.59,310.0,299.8,0.9742,1
ARDG_AQUA bream 310gr 23 sm  281025 1233002.csv,7090,1,23.0,23.5,310.0,299.0,0.9589,1
ARDG_AQUA bream 150gr 21 sm  281025 1132004.csv,6632,1,21.0,20.53,150.0,145.4,0.9523,1
ARDG_AQUA bream 390gr 26cm  281025 1325005.csv,7030,1,26.0,26.37,390.0,387.0,0.9619,1
ARDG_AQUA bream 630gr 31cm  281025 1400002.csv,5565,1,31.0,31.07,630.0,628.1,0.9804,1
ARDG_AQUA bream150gr21cm  281025 1548002.csv,1827,0,0.0,22.9,0.0,285.6,0.9383,1
ARDG_AQUA bream556gr 30cm  281025 1500002.csv,7924,0,0.0,30.2,0.0,559.1,0.7666,1
ARDG_AQUA bream 630gr 31cm  281025 1400002.csv,10884,1,31.0,31.75,630.0,620.8,0.9764,1
ARDG_AQUA bream556gr 30cm  281025 1500002.csv,9844,0,0.0,30.88,0.0,557.5,0.7961,1
ARDG_AQUA bream 630gr 31cm  281025 1400002.csv,9868,1,31.0,31.49,630.0,622.4,0.9796,1
ARDG_AQUA bream556gr 30cm  281025 1500003.csv,949,1,30.0,29.37,556.0,555.2,0.9686,1
ARDG_AQUA bream 310gr 23 sm  281025 1233002.csv,3171,1,23.0,22.64,310.0,303.7,0.9548,1
ARDG_AQUA bream350 gr27cm  281025 1548002.csv,5563,1,27.0,27.11,350.0,339.8,0.9043,1
ARDG_AQUA bream 390gr 26cm  281025 1325005.csv,5412,1,26.0,26.48,390.0,380.8,0.9769,1
ARDG_AQUA bream 150gr 21 sm  281025 1132004.csv,6377,0,0.0,21.43,0.0,129.0,0.5577,1
ARDG_AQUA bream 680gr 33 sm  281025 1208003.csv,5331,1,33.0,31.93,680.0,656.6,0.9863,1
ARDG_AQUA bream556gr 30cm  281025 1500002.csv,5253,0,0.0,30.37,0.0,582.1,0.9719,1
ARDG_AQUA bream 580gr 30 sm  281025 1254003.csv,7232,1,30.0,29.25,580.0,551.2,0.9772,1
ARDG_AQUA bream 580gr 30 sm  281025 1254002.csv,8053,1,30.0,30.23,580.0,498.9,0.9735,1
ARDG_AQUA bream620 gr31cm  281025 1618003.csv,10796,1,31.0,31.49,620.0,621.3,0.9363,1
ARDG_AQUA bream 310gr 23 sm  281025 1233002.csv,5604,1,23.0,22.98,310.0,302.4,0.939,1
ARDG_AQUA bream556gr 30cm  281025 1500002.csv,1561,0,0.0,28.72,0.0,552.2,0.7293,1
ARDG_AQUA bream 150gr 21 sm  281025 1132002.csv,8870,1,21.0,21.02,150.0,138.9,0.8769,1
ARDG_AQUA bream556gr 30cm  281025 1500003.csv,843,1,30.0,29.75,556.0,560.2,0.9358,1
ARDG_AQUA bream 580gr 30 sm  281025 1254002.csv,11260,1,30.0,29.21,580.0,577.2,0.9652,1
ARDG_AQUA bream 580gr 30 sm  281025 1254002.csv,9422,1,30.0,31.97,580.0,579.7,0.983,1
ARDG_AQUA bream 580gr 30 sm  281025 1254003.csv,2727,1,30.0,29.34,580.0,570.5,0.9615,1
ARDG_AQUA bream 390gr 26cm  281025 1325005.csv,7106,1,26.0,25.89,390.0,377.6,0.9629,1
ARDG_AQUA bream150gr21cm  281025 1548002.csv,7415,1,21.0,20.55,150.0,197.2,0.8226,1
ARDG_AQUA bream 310gr 23 sm  281025 1233002.csv,4973,1,23.0,23.06,310.0,305.5,0.9433,1
ARDG_AQUA bream630gr 32cm  281025 1500002.csv,2613,1,32.0,31.54,630.0,636.1,0.967,1
ARDG_AQUA bream 580gr 30 sm  281025 1254003.csv,1403,0,0.0,27.55,0.0,530.9,0.9565,1
ARDG_AQUA bream620 gr31cm  281025 1618003.csv,6204,1,31.0,30.03,620.0,621.6,0.8116,1
ARDG_AQUA bream 680gr 33 sm  281025 1208003.csv,6049,1,33.0,33.2,680.0,645.4,0.9921,1
ARDG_AQUA bream 580gr 30 sm  281025 1254002.csv,8717,1,30.0,30.17,580.0,568.1,0.9774,1
ARDG_AQUA bream150gr21cm  281025 1548002.csv,1660,1,21.0,21.19,150.0,159.0,0.9456,1
ARDG_AQUA bream556gr 30cm  281025 1500002.csv,5953,0,0.0,30.51,0.0,563.9,0.9722,1
ARDG_AQUA bream556gr 30cm  281025 1500003.csv,402,1,30.0,29.95,556.0,560.5,0.9784,1
ARDG_AQUA bream 580gr 30 sm  281025 1254003.csv,7547,0,0.0,30.43,0.0,574.5,0.9526,1
ARDG_AQUA bream 580gr 30 sm  281025 1254003.csv,2241,0,0.0,29.39,0.0,549.0,0.9652,1
ARDG_AQUA bream556gr 30cm  281025 1500002.csv,11733,0,0.0,30.53,0.0,553.8,0.9646,1
ARDG_AQUA bream 150gr 21 sm  281025 1132002.csv,5428,1,21.0,20.46,150.0,153.3,0.9232,1
ARDG_AQUA bream556gr 30cm  281025 1500002.csv,4905,1,30.0,30.78,556.0,559.3,0.97,1
ARDG_AQUA bream150gr21cm  281025 1548002.csv,1926,1,21.0,22.96,150.0,214.8,0.9603,1
ARDG_AQUA bream 390gr 26cm  281025 1325005.csv,2917,1,26.0,26.94,390.0,391.2,0.9748,1
ARDG_AQUA bream 800gr 36cm  281025 1453002.csv,839,0,0.0,34.41,0.0,731.9,0.9662,1
ARDG_AQUA bream 390gr 26cm  281025 1325003.csv,9381,1,26.0,26.9,390.0,383.5,0.9556,1
ARDG_AQUA bream 580gr 30 sm  281025 1254002.csv,8467,1,30.0,30.34,580.0,579.7,0.9762,1
ARDG_AQUA bream 580gr 30 sm  281025 1254002.csv,5296,1,30.0,30.86,580.0,596.8,0.9726,1
ARDG_AQUA bream 680gr 33 sm  281025 1208003.csv,4481,1,33.0,33.15,680.0,667.2,0.9875,1
ARDG_AQUA bream620 gr31cm  281025 1618003.csv,261,0,0.0,24.23,0.0,312.3,0.9116,1
ARDG_AQUA bream 580gr 30 sm  281025 1254002.csv,5707,1,30.0,30.04,580.0,569.2,0.9792,1
ARDG_AQUA bream 150gr 21 sm  281025 1132004.csv,9750,1,21.0,20.33,150.0,128.6,0.5495,1
ARDG_AQUA bream 310gr 23 sm  281025 1233002.csv,2150,0,0.0,23.18,0.0,259.2,0.7182,1
ARDG_AQUA bream556gr 30cm  281025 1500002.csv,11256,0,0.0,32.35,0.0,639.8,0.6936,1
ARDG_AQUA bream 580gr 30 sm  281025 1254003.csv,1415,0,0.0,30.53,0.0,541.3,0.9729,1
ARDG_AQUA bream 390gr 26cm  281025 1325003.csv,7380,1,26.0,26.39,390.0,380.2,0.9683,1
ARDG_AQUA bream 580gr 30 sm  281025 1254003.csv,3832,1,30.0,30.21,580.0,543.6,0.9665,1
ARDG_AQUA bream 390gr 26cm  281025 1325005.csv,1831,1,26.0,26.28,390.0,382.7,0.9769,1
ARDG_AQUA bream 580gr 30 sm  281025 1254002.csv,9306,0,0.0,29.15,0.0,611.5,0.952,1
ARDG_AQUA bream 680gr 33 sm  281025 1208003.csv,10914,1,33.0,32.92,680.0,666.2,0.9857,1
ARDG_AQUA bream 390gr 26cm  281025 1325005.csv,5294,1,26.0,26.15,390.0,374.3,0.9623,1
ARDG_AQUA bream620 gr31cm  281025 1618004.csv,49,1,31.0,30.98,620.0,602.1,0.818,1
ARDG_AQUA bream556gr 30cm  281025 1500002.csv,925,0,0.0,31.35,0.0,517.9,0.9444,1
ARDG_AQUA bream620 gr31cm  281025 1618003.csv,11306,1,31.0,31.97,620.0,637.5,0.9186,1
ARDG_AQUA bream 580gr 30 sm  281025 1254002.csv,3585,1,30.0,31.12,580.0,592.1,0.9686,1
ARDG_AQUA bream 580gr 30 sm  281025 1254003.csv,2304,0,0.0,31.1,0.0,560.5,0.9732,1
ARDG_AQUA bream 580gr 30 sm  281025 1254002.csv,3829,1,30.0,29.51,580.0,583.4,0.9832,1
ARDG_AQUA bream 800gr 36cm  281025 1453002.csv,3045,1,36.0,34.63,800.0,776.3,0.9846,1
ARDG_AQUA bream 580gr 30 sm  281025 1254003.csv,5763,0,0.0,29.72,0.0,517.8,0.943,1
ARDG_AQUA bream 580gr 30 sm  281025 1254003.csv,7149,0,0.0,30.07,0.0,509.5,0.8183,1
ARDG_AQUA bream 150gr 21 sm  281025 1132004.csv,5232,1,21.0,20.42,150.0,140.6,0.9569,1
ARDG_AQUA bream630gr 32cm  281025 1500002.csv,5397,1,32.0,31.78,630.0,621.9,0.9691,1
ARDG_AQUA bream 390gr 26cm  281025 1325005.csv,1909,1,26.0,26.43,390.0,417.8,0.8844,1
ARDG_AQUA bream556gr 30cm  281025 1500002.csv,10876,0,0.0,29.28,0.0,493.6,0.9158,1
ARDG_AQUA bream 150gr 21 sm  281025 1132004.csv,7967,1,21.0,20.32,150.0,141.3,0.9535,1
ARDG_AQUA bream556gr 30cm  281025 1500002.csv,8344,0,0.0,29.79,0.0,575.7,0.6765,1
ARDG_AQUA bream 680gr 33 sm  281025 1208003.csv,4132,1,33.0,32.28,680.0,674.4,0.9895,1
ARDG_AQUA bream350 gr27cm  281025 1548002.csv,1621,1,27.0,27.21,350.0,435.9,0.9755,1
ARDG_AQUA bream 390gr 26cm  281025 1325003.csv,11474,1,26.0,27.07,390.0,379.4,0.9592,1
ARDG_AQUA bream350 gr27cm  281025 1548002.csv,2175,1,27.0,26.76,350.0,342.5,0.9777,1
ARDG_AQUA bream500gr 30cm  281025 1500002.csv,1563,1,30.0,29.94,500.0,511.4,0.9575,1
ARDG_AQUA bream 150gr 21 sm  281025 1132004.csv,8680,0,0.0,20.98,0.0,226.7,0.951,1
ARDG_AQUA bream 630gr 31cm  281025 1400002.csv,11307,1,31.0,31.45,630.0,627.6,0.9647,1
ARDG_AQUA bream630gr 32cm  281025 1500002.csv,1616,1,32.0,32.17,630.0,630.8,0.9707,1
ARDG_AQUA bream 680gr 33 sm  281025 1208003.csv,6285,1,33.0,32.53,680.0,664.8,0.9909,1
ARDG_AQUA bream 340gr 27cm  281025 1415002.csv,179,1,27.0,26.52,340.0,336.9,0.9592,1
ARDG_AQUA bream 390gr 26cm  281025 1325005.csv,1475,1,26.0,27.01,390.0,388.2,0.9708,1
ARDG_AQUA bream 680gr 33 sm  281025 1208003.csv,6832,1,33.0,32.54,680.0,656.4,0.9837,1
ARDG_AQUA bream500gr 30cm  281025 1500002.csv,1388,1,30.0,29.82,500.0,483.3,0.9532,1
ARDG_AQUA bream 150gr 21 sm  281025 1132004.csv,11017,0,0.0,21.27,0.0,128.4,0.7231,1
ARDG_AQUA bream 310gr 23 sm  281025 1233002.csv,11625,1,23.0,23.07,310.0,303.7,0.9671,1
ARDG_AQUA bream500gr 30cm  281025 1500003.csv,504,1,30.0,29.07,500.0,579.3,0.9801,1
ARDG_AQUA bream630gr 32cm  281025 1500002.csv,1055,1,32.0,31.65,630.0,616.6,0.9767,1
ARDG_AQUA bream500gr 30cm  281025 1500002.csv,3312,1,30.0,30.24,500.0,483.9,0.9511,1
ARDG_AQUA bream 680gr 33 sm  281025 1208003.csv,7033,1,33.0,30.77,680.0,603.9,0.9794,1
ARDG_AQUA bream 390gr 26cm  281025 1325005.csv,8364,1,26.0,25.78,390.0,377.9,0.9731,1
ARDG_AQUA bream 280gr 24cm  281025 1425002.csv,1310,0,0.0,24.64,0.0,311.9,0.9394,1
ARDG_AQUA bream 280gr 24cm  281025 1425002.csv,1388,0,0.0,26.7,0.0,463.4,0.9191,1
ARDG_AQUA bream 150gr 21 sm  281025 1132004.csv,9160,1,21.0,20.98,150.0,144.9,0.8668,1
ARDG_AQUA bream150gr21cm  281025 1548002.csv,2222,1,21.0,21.2,150.0,142.7,0.9307,1
ARDG_AQUA bream 310gr 23 sm  281025 1233002.csv,6139,1,23.0,23.06,310.0,309.8,0.9469,1
ARDG_AQUA bream556gr 30cm  281025 1500002.csv,1113,0,0.0,31.85,0.0,494.9,0.956,1
ARDG_AQUA bream 680gr 33 sm  281025 1208003.csv,8140,1,33.0,30.95,680.0,632.5,0.9846,1
ARDG_AQUA bream 580gr 30 sm  281025 1254003.csv,3943,0,0.0,28.05,0.0,469.9,0.5184,1
ARDG_AQUA bream 280gr 24cm  281025 1425002.csv,3705,1,24.0,24.08,280.0,271.0,0.9639,1
ARDG_AQUA bream620 gr31cm  281025 1618003.csv,3745,1,31.0,31.2,620.0,626.5,0.9756,1
ARDG_AQUA bream 580gr 30 sm  281025 1254003.csv,4018,0,0.0,28.14,0.0,558.0,0.9296,1
ARDG_AQUA bream556gr 30cm  281025 1500002.csv,10885,0,0.0,29.35,0.0,491.0,0.9178,1
ARDG_AQUA bream556gr 30cm  281025 1500002.csv,8939,0,0.0,27.37,0.0,502.1,0.9008,1
ARDG_AQUA bream 630gr 31cm  281025 1400002.csv,6395,1,31.0,30.98,630.0,624.0,0.9825,1
ARDG_AQUA bream500gr 30cm  281025 1500002.csv,6508,1,30.0,29.51,500.0,480.7,0.9492,1
ARDG_AQUA bream 150gr 21 sm  281025 1132002.csv,8537,1,21.0,21.13,150.0,148.8,0.8221,1
ARDG_AQUA bream 310gr 23 sm  281025 1233002.csv,2057,1,23.0,23.66,310.0,304.4,0.8677,1
ARDG_AQUA bream 390gr 26cm  281025 1325005.csv,3967,1,26.0,26.05,390.0,390.6,0.9781,1
ARDG_AQUA bream 580gr 30 sm  281025 1254002.csv,2522,1,30.0,29.28,580.0,565.7,0.8938,1
ARDG_AQUA bream150gr21cm  281025 1548002.csv,5434,1,21.0,22.08,150.0,146.3,0.9531,1
ARDG_AQUA bream350 gr27cm  281025 1548002.csv,3415,1,27.0,26.66,350.0,352.0,0.9656,1
ARDG_AQUA bream 680gr 33 sm  281025 1208003.csv,9761,1,33.0,32.74,680.0,664.0,0.9766,1
ARDG_AQUA bream 310gr 23 sm  281025 1233002.csv,7665,1,23.0,23.18,310.0,308.0,0.9741,1
ARDG_AQUA bream 800gr 36cm  281025 1453002.csv,2880,1,36.0,35.14,800.0,800.6,0.9796,1
ARDG_AQUA bream 310gr 23 sm  281025 1233002.csv,1814,1,23.0,24.31,310.0,388.6,0.9582,1
ARDG_AQUA bream 680gr 33 sm  281025 1208003.csv,2387,1,33.0,32.47,680.0,674.9,0.9864,1
ARDG_AQUA bream556gr 30cm  281025 1500002.csv,573,0,0.0,26.71,0.0,515.1,0.8314,1
ARDG_AQUA bream 310gr 23 sm  281025 1233002.csv,4361,1,23.0,22.63,310.0,312.4,0.9564,1
ARDG_AQUA bream 630gr 31cm  281025 1400002.csv,4530,1,31.0,31.17,630.0,621.3,0.9814,1
ARDG_AQUA bream 680gr 33 sm  281025 1208003.csv,6485,1,33.0,32.18,680.0,666.5,0.9869,1
ARDG_AQUA bream 580gr 30 sm  281025 1254002.csv,2936,1,30.0,29.67,580.0,577.8,0.9838,1
ARDG_AQUA bream556gr 30cm  281025 1500003.csv,759,1,30.0,31.14,556.0,550.0,0.9643,1
ARDG_AQUA bream500gr 30cm  281025 1500002.csv,9697,1,30.0,28.42,500.0,528.4,0.9734,1
ARDG_AQUA bream500gr 30cm  281025 1500002.csv,7556,1,30.0,29.49,500.0,489.3,0.5344,1
ARDG_AQUA bream 800gr 36cm  281025 1453002.csv,1753,0,0.0,33.26,0.0,697.5,0.9465,1
ARDG_AQUA bream 390gr 26cm  281025 1325003.csv,11564,1,26.0,25.7,390.0,385.5,0.945,1
ARDG_AQUA bream 580gr 30 sm  281025 1254003.csv,8075,0,0.0,30.2,0.0,532.7,0.976,1
ARDG_AQUA bream 150gr 21 sm  281025 1132004.csv,4427,1,21.0,20.54,150.0,143.6,0.947,1
ARDG_AQUA bream 580gr 30 sm  281025 1254002.csv,4081,1,30.0,31.33,580.0,583.7,0.9681,1
ARDG_AQUA bream 280gr 24cm  281025 1425002.csv,1370,0,0.0,24.73,0.0,366.6,0.6262,1
ARDG_AQUA bream 680gr 33 sm  281025 1208003.csv,4767,1,33.0,32.98,680.0,671.4,0.9915,1
ARDG_AQUA bream 580gr 30 sm  281025 1254003.csv,1578,1,30.0,29.36,580.0,573.6,0.9815,1
ARDG_AQUA bream 150gr 21 sm  281025 1132002.csv,10285,1,21.0,20.8,150.0,136.1,0.9127,1
ARDG_AQUA bream 680gr 33 sm  281025 1208003.csv,3606,1,33.0,32.07,680.0,659.4,0.9882,1
ARDG_AQUA bream620 gr31cm  281025 1618003.csv,6459,1,31.0,31.48,620.0,615.5,0.9581,1
ARDG_AQUA bream 580gr 30 sm  281025 1254003.csv,5982,0,0.0,30.05,0.0,584.6,0.9595,1
ARDG_AQUA bream 580gr 30 sm  281025 1254003.csv,4067,0,0.0,26.81,0.0,498.6,0.9086,1
ARDG_AQUA bream 680gr 33 sm  281025 1208003.csv,5165,1,33.0,32.53,680.0,675.5,0.9828,1
ARDG_AQUA bream 630gr 31cm  281025 1400002.csv,3858,1,31.0,28.43,630.0,610.8,0.9666,1
ARDG_AQUA bream 390gr 26cm  281025 1325003.csv,11147,1,26.0,25.95,390.0,379.0,0.9732,1
ARDG_AQUA bream 150gr 21 sm  281025 1132004.csv,4027,1,21.0,20.3,150.0,133.3,0.9631,1
ARDG_AQUA bream350 gr27cm  281025 1548002.csv,3108,1,27.0,27.7,350.0,372.3,0.974,1
ARDG_AQUA bream630gr 32cm  281025 1500002.csv,3532,1,32.0,32.08,630.0,626.5,0.9788,1
ARDG_AQUA bream 580gr 30 sm  281025 1254002.csv,9599,1,30.0,28.79,580.0,568.5,0.9761,1
ARDG_AQUA bream 580gr 30 sm  281025 1254002.csv,5868,1,30.0,31.43,580.0,567.5,0.9781,1
ARDG_AQUA bream630gr 32cm  281025 1500002.csv,3379,1,32.0,30.76,630.0,593.9,0.9791,1
ARDG_AQUA bream 580gr 30 sm  281025 1254002.csv,10249,1,30.0,29.12,580.0,554.9,0.967,1
ARDG_AQUA bream556gr 30cm  281025 1500002.csv,8427,1,30.0,29.73,556.0,577.5,0.9681,1
ARDG_AQUA bream620 gr31cm  281025 1618004.csv,1608,1,31.0,30.12,620.0,623.0,0.9777,1
ARDG_AQUA bream630gr 32cm  281025 1500002.csv,5651,1,32.0,32.65,630.0,622.4,0.9549,1
ARDG_AQUA bream150gr21cm  281025 1548002.csv,1520,1,21.0,21.19,150.0,143.6,0.9419,1
ARDG_AQUA bream 680gr 33 sm  281025 1208003.csv,10706,1,33.0,33.05,680.0,675.3,0.9905,1
ARDG_AQUA bream 340gr 27cm  281025 1415002.csv,986,1,27.0,26.46,340.0,330.5,0.9677,1
ARDG_AQUA bream 390gr 26cm  281025 1325005.csv,7758,1,26.0,25.93,390.0,371.1,0.9572,1
ARDG_AQUA bream 800gr 36cm  281025 1453002.csv,2550,1,36.0,35.52,800.0,796.6,0.9839,1
ARDG_AQUA bream 580gr 30 sm  281025 1254003.csv,1854,0,0.0,27.41,0.0,545.9,0.9499,1
ARDG_AQUA bream 150gr 21 sm  281025 1132004.csv,4660,1,21.0,20.88,150.0,187.5,0.9531,1
ARDG_AQUA bream556gr 30cm  281025 1500002.csv,10573,0,0.0,32.19,0.0,617.9,0.9575,1
ARDG_AQUA bream 580gr 30 sm  281025 1254003.csv,2563,0,0.0,27.62,0.0,580.6,0.9074,1
ARDG_AQUA bream 280gr 24cm  281025 1425002.csv,2941,1,24.0,23.63,280.0,279.2,0.9593,1
ARDG_AQUA bream 150gr 21 sm  281025 1132004.csv,1158,1,21.0,20.67,150.0,155.3,0.9401,1
ARDG_AQUA bream 150gr 21 sm  281025 1132002.csv,6005,1,21.0,20.86,150.0,119.4,0.92,1
ARDG_AQUA bream 150gr 21 sm  281025 1132002.csv,9130,1,21.0,21.01,150.0,145.0,0.9281,1
ARDG_AQUA bream556gr 30cm  281025 1500002.csv,7299,1,30.0,30.98,556.0,543.8,0.9838,1
ARDG_AQUA bream 280gr 24cm  281025 1425002.csv,1897,1,24.0,24.12,280.0,272.7,0.9591,1
ARDG_AQUA bream 310gr 23 sm  281025 1233002.csv,8924,1,23.0,22.32,310.0,301.4,0.9723,1
ARDG_AQUA bream 310gr 23 sm  281025 1233002.csv,2773,1,23.0,23.51,310.0,285.7,0.9134,1
ARDG_AQUA bream500gr 30cm  281025 1500002.csv,6311,1,30.0,29.94,500.0,486.8,0.9445,1
ARDG_AQUA bream 630gr 31cm  281025 1400002.csv,10171,1,31.0,28.75,630.0,738.6,0.9809,1
ARDG_AQUA bream 680gr 33 sm  281025 1208003.csv,3233,1,33.0,33.0,680.0,671.4,0.9888,1
ARDG_AQUA bream500gr 30cm  281025 1500003.csv,3438,1,30.0,29.07,500.0,497.1,0.9724,1
ARDG_AQUA bream 390gr 26cm  281025 1325005.csv,2088,1,26.0,26.17,390.0,389.4,0.8967,1
ARDG_AQUA bream 150gr 21 sm  281025 1132004.csv,11016,0,0.0,21.6,0.0,142.3,0.7383,1
ARDG_AQUA bream 800gr 36cm  281025 1453002.csv,2318,0,0.0,35.38,0.0,742.3,0.9702,1
ARDG_AQUA bream556gr 30cm  281025 1500002.csv,6924,0,0.0,31.44,0.0,561.8,0.9714,1
ARDG_AQUA bream 280gr 24cm  281025 1425002.csv,1334,0,0.0,22.72,0.0,289.9,0.6161,1
ARDG_AQUA bream 800gr 36cm  281025 1453002.csv,4028,0,0.0,35.76,0.0,747.5,0.9788,1
ARDG_AQUA bream 680gr 33 sm  281025 1208003.csv,3312,1,33.0,33.13,680.0,677.1,0.991,1
ARDG_AQUA bream556gr 30cm  281025 1500003.csv,128,1,30.0,31.58,556.0,596.3,0.9606,1
ARDG_AQUA bream500gr 30cm  281025 1500002.csv,5590,1,30.0,30.01,500.0,482.4,0.9484,1
ARDG_AQUA bream 580gr 30 sm  281025 1254003.csv,1506,1,30.0,29.26,580.0,569.1,0.9684,1
ARDG_AQUA bream 310gr 23 sm  281025 1233002.csv,8474,1,23.0,23.75,310.0,300.6,0.8511,1
ARDG_AQUA bream350 gr27cm  281025 1548002.csv,856,1,27.0,27.0,350.0,343.1,0.9785,1
ARDG_AQUA bream 280gr 24cm  281025 1425002.csv,1369,0,0.0,24.85,0.0,322.1,0.6717,1
ARDG_AQUA bream 390gr 26cm  281025 1325003.csv,11407,1,26.0,26.44,390.0,377.4,0.9532,1
ARDG_AQUA bream 580gr 30 sm  281025 1254003.csv,9949,1,30.0,29.32,580.0,577.6,0.9668,1
ARDG_AQUA bream 580gr 30 sm  281025 1254003.csv,7775,1,30.0,31.43,580.0,589.9,0.9844,1
ARDG_AQUA bream 150gr 21 sm  281025 1132004.csv,11293,0,0.0,23.46,0.0,359.6,0.9593,1
ARDG_AQUA bream620 gr31cm  281025 1618003.csv,9525,1,31.0,30.94,620.0,581.9,0.9741,1
ARDG_AQUA bream 310gr 23 sm  281025 1233002.csv,9914,1,23.0,24.39,310.0,309.2,0.9312,1
ARDG_AQUA bream500gr 30cm  281025 1500002.csv,10411,1,30.0,30.39,500.0,516.6,0.973,1
ARDG_AQUA bream 310gr 23 sm  281025 1233002.csv,7594,1,23.0,22.44,310.0,296.2,0.9378,1
ARDG_AQUA bream 280gr 24cm  281025 1425002.csv,1639,1,24.0,24.58,280.0,315.5,0.9527,1
ARDG_AQUA bream620 gr31cm  281025 1618003.csv,2365,1,31.0,29.69,620.0,591.2,0.9736,1
ARDG_AQUA bream 580gr 30 sm  281025 1254002.csv,6367,1,30.0,28.37,580.0,554.0,0.9716,1
ARDG_AQUA bream 310gr 23 sm  281025 1233002.csv,3084,1,23.0,21.77,310.0,286.8,0.9673,1
ARDG_AQUA bream 630gr 31cm  281025 1400002.csv,8814,1,31.0,30.57,630.0,616.4,0.9857,1
ARDG_AQUA bream556gr 30cm  281025 1500002.csv,7930,0,0.0,31.67,0.0,604.7,0.9632,1
ARDG_AQUA bream 310gr 23 sm  281025 1233002.csv,3551,1,23.0,25.05,310.0,352.4,0.9256,1
ARDG_AQUA bream 150gr 21 sm  281025 1132004.csv,10487,0,0.0,20.96,0.0,141.6,0.8199,1
ARDG_AQUA bream350 gr27cm  281025 1548002.csv,4498,1,27.0,27.16,350.0,340.2,0.9483,1
ARDG_AQUA bream 390gr 26cm  281025 1325005.csv,7599,1,26.0,26.29,390.0,387.8,0.9423,1
ARDG_AQUA bream 680gr 33 sm  281025 1208003.csv,10970,1,33.0,32.37,680.0,669.8,0.9837,1
ARDG_AQUA bream 580gr 30 sm  281025 1254002.csv,6718,1,30.0,29.98,580.0,530.7,0.9611,1
ARDG_AQUA bream 310gr 23 sm  281025 1233002.csv,11539,1,23.0,22.79,310.0,307.9,0.9676,1
ARDG_AQUA bream 680gr 33 sm  281025 1208003.csv,4269,1,33.0,32.96,680.0,666.0,0.9834,1
ARDG_AQUA bream 280gr 24cm  281025 1425002.csv,3017,1,24.0,24.13,280.0,278.0,0.965,1
ARDG_AQUA bream620 gr31cm  281025 1618003.csv,6674,1,31.0,31.63,620.0,614.0,0.947,1
ARDG_AQUA bream 390gr 26cm  281025 1325003.csv,9066,1,26.0,26.23,390.0,374.1,0.9806,1
ARDG_AQUA bream 340gr 27cm  281025 1415002.csv,1075,1,27.0,27.63,340.0,362.9,0.9482,1
ARDG_AQUA bream 390gr 26cm  281025 1325003.csv,7145,1,26.0,25.86,390.0,376.6,0.9684,1
ARDG_AQUA bream 390gr 26cm  281025 1325005.csv,4073,1,26.0,26.59,390.0,377.5,0.971,1
ARDG_AQUA bream500gr 30cm  281025 1500002.csv,11084,1,30.0,28.98,500.0,474.1,0.9376,1
ARDG_AQUA bream 630gr 31cm  281025 1400002.csv,2284,1,31.0,31.31,630.0,621.6,0.989,1
ARDG_AQUA bream 390gr 26cm  281025 1325005.csv,4288,1,26.0,27.91,390.0,440.8,0.9691,1
ARDG_AQUA bream500gr 30cm  281025 1500003.csv,769,1,30.0,30.06,500.0,469.2,0.9827,1
ARDG_AQUA bream 310gr 23 sm  281025 1233002.csv,887,1,23.0,21.51,310.0,262.3,0.9592,1
ARDG_AQUA bream 310gr 23 sm  281025 1233002.csv,10080,1,23.0,22.95,310.0,300.2,0.968,1
ARDG_AQUA bream 580gr 30 sm  281025 1254002.csv,5943,1,30.0,29.39,580.0,585.6,0.9637,1
ARDG_AQUA bream 390gr 26cm  281025 1325005.csv,10283,1,26.0,26.03,390.0,387.0,0.9082,1
ARDG_AQUA bream150gr21cm  281025 1548002.csv,2654,0,0.0,22.52,0.0,222.2,0.9103,1
ARDG_AQUA bream 310gr 23 sm  281025 1233002.csv,4624,1,23.0,22.56,310.0,301.2,0.969,1
ARDG_AQUA bream 680gr 33 sm  281025 1208003.csv,7225,1,33.0,31.82,680.0,644.1,0.9829,1
ARDG_AQUA bream 580gr 30 sm  281025 1254002.csv,4140,1,30.0,29.85,580.0,617.4,0.9788,1
ARDG_AQUA bream 150gr 21 sm  281025 1132004.csv,9317,0,0.0,21.18,0.0,154.7,0.8491,1
ARDG_AQUA bream 390gr 26cm  281025 1325005.csv,10476,1,26.0,26.84,390.0,386.4,0.9675,1
ARDG_AQUA bream620 gr31cm  281025 1618003.csv,9892,1,31.0,31.14,620.0,613.2,0.9636,1
ARDG_AQUA bream 680gr 33 sm  281025 1208003.csv,6428,1,33.0,32.36,680.0,664.3,0.9858,1
ARDG_AQUA bream 150gr 21 sm  281025 1132004.csv,4544,1,21.0,21.15,150.0,141.9,0.9246,1
ARDG_AQUA bream 800gr 36cm  281025 1453002.csv,3608,0,0.0,33.67,0.0,786.4,0.9464,1
ARDG_AQUA bream556gr 30cm  281025 1500002.csv,7392,0,0.0,30.69,0.0,544.1,0.8417,1
ARDG_AQUA bream 310gr 23 sm  281025 1233002.csv,6968,1,23.0,23.06,310.0,304.9,0.8041,1
ARDG_AQUA bream 310gr 23 sm  281025 1233002.csv,2219,1,23.0,23.09,310.0,342.8,0.8228,1
ARDG_AQUA bream350 gr27cm  281025 1548002.csv,2462,1,27.0,26.87,350.0,353.5,0.971,1
ARDG_AQUA bream 580gr 30 sm  281025 1254002.csv,4478,1,30.0,30.7,580.0,584.4,0.9688,1
ARDG_AQUA bream 630gr 31cm  281025 1400002.csv,9343,1,31.0,30.78,630.0,611.8,0.9668,1
ARDG_AQUA bream 280gr 24cm  281025 1425002.csv,3543,1,24.0,24.41,280.0,267.6,0.9462,1
ARDG_AQUA bream 390gr 26cm  281025 1325005.csv,10593,1,26.0,26.38,390.0,390.3,0.9582,1
ARDG_AQUA bream 580gr 30 sm  281025 1254003.csv,7476,1,30.0,30.24,580.0,562.6,0.967,1
ARDG_AQUA bream 390gr 26cm  281025 1325003.csv,8677,1,26.0,24.14,390.0,376.1,0.8345,1
ARDG_AQUA bream150gr21cm  281025 1548002.csv,2903,1,21.0,22.36,150.0,153.7,0.9195,1
ARDG_AQUA bream 580gr 30 sm  281025 1254003.csv,6242,0,0.0,30.73,0.0,562.0,0.9102,1
ARDG_AQUA bream 800gr 36cm  281025 1453002.csv,4255,0,0.0,36.81,0.0,730.6,0.6647,1
ARDG_AQUA bream620 gr31cm  281025 1618003.csv,9693,1,31.0,30.26,620.0,591.8,0.9716,1
ARDG_AQUA bream 800gr 36cm  281025 1453002.csv,2403,1,36.0,34.04,800.0,696.7,0.9868,1
ARDG_AQUA bream 580gr 30 sm  281025 1254003.csv,7963,1,30.0,30.5,580.0,571.0,0.9834,1
ARDG_AQUA bream556gr 30cm  281025 1500002.csv,6526,1,30.0,29.77,556.0,572.2,0.9616,1
ARDG_AQUA bream556gr 30cm  281025 1500002.csv,1703,0,0.0,31.54,0.0,584.6,0.8313,1
ARDG_AQUA bream500gr 30cm  281025 1500002.csv,1681,1,30.0,29.42,500.0,508.0,0.9667,1
ARDG_AQUA bream 580gr 30 sm  281025 1254003.csv,5680,1,30.0,30.16,580.0,586.5,0.9703,1
ARDG_AQUA bream556gr 30cm  281025 1500002.csv,11163,0,0.0,30.92,0.0,549.7,0.9659,1
ARDG_AQUA bream556gr 30cm  281025 1500002.csv,5159,0,0.0,30.94,0.0,595.7,0.9634,1
ARDG_AQUA bream 390gr 26cm  281025 1325005.csv,9859,1,26.0,26.03,390.0,385.2,0.9693,1
ARDG_AQUA bream 630gr 31cm  281025 1400002.csv,3282,1,31.0,31.29,630.0,600.8,0.9782,1
ARDG_AQUA bream 390gr 26cm  281025 1325005.csv,9345,1,26.0,26.28,390.0,381.4,0.9133,1
ARDG_AQUA bream500gr 30cm  281025 1500003.csv,3897,1,30.0,29.77,500.0,469.9,0.9614,1
ARDG_AQUA bream500gr 30cm  281025 1500002.csv,7162,1,30.0,29.8,500.0,490.4,0.9015,1
ARDG_AQUA bream556gr 30cm  281025 1500002.csv,1930,0,0.0,28.72,0.0,468.8,0.727,1
ARDG_AQUA bream500gr 30cm  281025 1500002.csv,6098,1,30.0,28.66,500.0,525.1,0.9578,1
ARDG_AQUA bream 680gr 33 sm  281025 1208003.csv,1518,1,33.0,32.77,680.0,665.3,0.9839,1
ARDG_AQUA bream 280gr 24cm  281025 1425002.csv,3170,1,24.0,24.34,280.0,259.8,0.9445,1
ARDG_AQUA bream556gr 30cm  281025 1500002.csv,6041,0,0.0,31.61,0.0,572.3,0.979,1
ARDG_AQUA bream 580gr 30 sm  281025 1254002.csv,6008,1,30.0,30.29,580.0,573.5,0.9673,1
ARDG_AQUA bream556gr 30cm  281025 1500003.csv,472,1,30.0,28.78,556.0,541.4,0.9586,1
ARDG_AQUA bream 680gr 33 sm  281025 1208003.csv,8302,1,33.0,32.17,680.0,671.0,0.9908,1
ARDG_AQUA bream 800gr 36cm  281025 1453002.csv,3803,1,36.0,34.67,800.0,717.1,0.9867,1
ARDG_AQUA bream 390gr 26cm  281025 1325003.csv,10005,1,26.0,25.82,390.0,377.6,0.9691,1
ARDG_AQUA bream150gr21cm  281025 1548002.csv,1151,1,21.0,23.77,150.0,233.9,0.9724,1
ARDG_AQUA bream 150gr 21 sm  281025 1132002.csv,9854,1,21.0,20.95,150.0,144.4,0.9592,1
ARDG_AQUA bream556gr 30cm  281025 1500002.csv,1216,0,0.0,30.97,0.0,618.3,0.9794,1
ARDG_AQUA bream500gr 30cm  281025 1500002.csv,7328,1,30.0,29.65,500.0,501.9,0.9627,1
ARDG_AQUA bream 580gr 30 sm  281025 1254003.csv,6603,0,0.0,26.51,0.0,425.0,0.8862,1
ARDG_AQUA bream 580gr 30 sm  281025 1254002.csv,9477,1,30.0,29.73,580.0,551.6,0.9821,1
ARDG_AQUA bream 580gr 30 sm  281025 1254003.csv,3081,1,30.0,30.15,580.0,553.4,0.9813,1
ARDG_AQUA bream500gr 30cm  281025 1500002.csv,4244,1,30.0,29.37,500.0,477.1,0.9532,1
ARDG_AQUA bream 390gr 26cm  281025 1325003.csv,8370,1,26.0,27.23,390.0,375.7,0.9671,1
ARDG_AQUA bream620 gr31cm  281025 1618004.csv,1413,1,31.0,29.35,620.0,596.8,0.949,1
ARDG_AQUA bream 630gr 31cm  281025 1400002.csv,1097,1,31.0,30.77,630.0,615.1,0.9792,1
ARDG_AQUA bream556gr 30cm  281025 1500002.csv,11473,0,0.0,28.49,0.0,477.8,0.9506,1
ARDG_AQUA bream 150gr 21 sm  281025 1132004.csv,8674,0,0.0,21.58,0.0,212.6,0.9478,1
ARDG_AQUA bream 310gr 23 sm  281025 1233002.csv,5782,1,23.0,24.0,310.0,320.8,0.9546,1
ARDG_AQUA bream 580gr 30 sm  281025 1254002.csv,10088,1,30.0,29.96,580.0,556.9,0.9854,1
ARDG_AQUA bream150gr21cm  281025 1548002.csv,3851,1,21.0,21.61,150.0,150.2,0.9441,1
ARDG_AQUA bream556gr 30cm  281025 1500003.csv,290,1,30.0,30.35,556.0,535.2,0.9809,1
ARDG_AQUA bream 280gr 24cm  281025 1425002.csv,465,1,24.0,26.4,280.0,339.2,0.9689,1
ARDG_AQUA bream 580gr 30 sm  281025 1254002.csv,9127,1,30.0,30.96,580.0,570.2,0.9415,1
ARDG_AQUA bream556gr 30cm  281025 1500002.csv,8799,1,30.0,31.3,556.0,640.1,0.9734,1
ARDG_AQUA bream556gr 30cm  281025 1500002.csv,5625,0,0.0,29.85,0.0,556.8,0.9714,1
ARDG_AQUA bream 580gr 30 sm  281025 1254003.csv,8750,0,0.0,29.68,0.0,554.3,0.9605,1
ARDG_AQUA bream 390gr 26cm  281025 1325005.csv,10728,0,0.0,25.84,0.0,444.6,0.9547,1
ARDG_AQUA bream500gr 30cm  281025 1500003.csv,1953,1,30.0,29.66,500.0,502.8,0.9786,1
ARDG_AQUA bream 310gr 23 sm  281025 1233002.csv,5540,1,23.0,23.62,310.0,345.3,0.972,1
ARDG_AQUA bream 680gr 33 sm  281025 1208003.csv,1974,1,33.0,32.06,680.0,693.5,0.9855,1
ARDG_AQUA bream 390gr 26cm  281025 1325003.csv,7500,1,26.0,25.32,390.0,396.0,0.9532,1
ARDG_AQUA bream 280gr 24cm  281025 1425002.csv,858,1,24.0,24.97,280.0,322.6,0.9353,1
ARDG_AQUA bream500gr 30cm  281025 1500002.csv,3517,1,30.0,29.78,500.0,532.9,0.947,1
ARDG_AQUA bream 580gr 30 sm  281025 1254003.csv,8331,1,30.0,30.27,580.0,561.1,0.9783,1
ARDG_AQUA bream620 gr31cm  281025 1618003.csv,5516,1,31.0,31.61,620.0,599.3,0.9702,1
ARDG_AQUA bream150gr21cm  281025 1548002.csv,4613,0,0.0,26.5,0.0,317.4,0.8083,1
ARDG_AQUA bream 630gr 31cm  281025 1400002.csv,5665,1,31.0,30.86,630.0,644.8,0.9829,1
ARDG_AQUA bream556gr 30cm  281025 1500002.csv,577,0,0.0,26.56,0.0,499.1,0.8318,1
ARDG_AQUA bream 310gr 23 sm  281025 1233002.csv,8389,1,23.0,23.02,310.0,306.3,0.9712,1
ARDG_AQUA bream 310gr 23 sm  281025 1233003.csv,281,1,23.0,22.92,310.0,309.5,0.9601,1
ARDG_AQUA bream620 gr31cm  281025 1618003.csv,10980,1,31.0,30.23,620.0,504.2,0.8299,1
ARDG_AQUA bream 680gr 33 sm  281025 1208003.csv,9828,1,33.0,31.35,680.0,660.4,0.9853,1
ARDG_AQUA bream 680gr 33 sm  281025 1208003.csv,7805,1,33.0,32.26,680.0,663.4,0.9721,1
ARDG_AQUA bream 390gr 26cm  281025 1325005.csv,8771,1,26.0,25.55,390.0,384.6,0.9782,1
ARDG_AQUA bream 150gr 21 sm  281025 1132004.csv,4879,1,21.0,20.94,150.0,125.6,0.9295,1
ARDG_AQUA bream630gr 32cm  281025 1500002.csv,3467,1,32.0,31.58,630.0,618.5,0.9717,1
ARDG_AQUA bream 580gr 30 sm  281025 1254002.csv,608,1,30.0,31.18,580.0,577.9,0.9785,1
ARDG_AQUA bream630gr 32cm  281025 1500002.csv,4341,1,32.0,31.46,630.0,620.2,0.9819,1
ARDG_AQUA bream500gr 30cm  281025 1500003.csv,3532,1,30.0,30.51,500.0,510.2,0.966,1
ARDG_AQUA bream 150gr 21 sm  281025 1132004.csv,367,0,0.0,21.41,0.0,140.5,0.6588,1
ARDG_AQUA bream620 gr31cm  281025 1618003.csv,4917,1,31.0,33.06,620.0,647.0,0.9793,1
ARDG_AQUA bream 390gr 26cm  281025 1325005.csv,10039,1,26.0,24.78,390.0,381.1,0.9676,1
ARDG_AQUA bream630gr 32cm  281025 1500002.csv,62,0,0.0,30.81,0.0,557.6,0.9739,1
ARDG_AQUA bream556gr 30cm  281025 1500002.csv,7793,0,0.0,30.56,0.0,571.2,0.9638,1
ARDG_AQUA bream 580gr 30 sm  281025 1254002.csv,835,1,30.0,28.53,580.0,576.9,0.9762,1
ARDG_AQUA bream 680gr 33 sm  281025 1208003.csv,9914,1,33.0,32.22,680.0,665.8,0.9796,1
ARDG_AQUA bream150gr21cm  281025 1548002.csv,5646,1,21.0,21.94,150.0,209.3,0.9473,1
ARDG_AQUA bream 150gr 21 sm  281025 1132002.csv,5711,1,21.0,20.85,150.0,143.8,0.881,1
ARDG_AQUA bream630gr 32cm  281025 1500002.csv,1808,1,32.0,31.6,630.0,645.5,0.9757,1
ARDG_AQUA bream 390gr 26cm  281025 1325003.csv,10946,1,26.0,25.58,390.0,366.8,0.9704,1
ARDG_AQUA bream 310gr 23 sm  281025 1233002.csv,11396,1,23.0,22.72,310.0,303.0,0.9753,1
ARDG_AQUA bream 580gr 30 sm  281025 1254003.csv,10333,1,30.0,29.41,580.0,565.7,0.9289,1
ARDG_AQUA bream 800gr 36cm  281025 1453002.csv,3944,0,0.0,35.83,0.0,784.0,0.9662,1
ARDG_AQUA bream150gr21cm  281025 1548002.csv,4539,1,21.0,21.67,150.0,153.7,0.9664,1
ARDG_AQUA bream620 gr31cm  281025 1618003.csv,9768,1,31.0,31.63,620.0,629.0,0.9618,1
ARDG_AQUA bream620 gr31cm  281025 1618003.csv,7837,1,31.0,31.6,620.0,617.8,0.9753,1
ARDG_AQUA bream556gr 30cm  281025 1500003.csv,1056,1,30.0,29.1,556.0,571.4,0.9092,1
ARDG_AQUA bream 150gr 21 sm  281025 1132004.csv,9453,0,0.0,21.39,0.0,132.1,0.6343,1
ARDG_AQUA bream 310gr 23 sm  281025 1233002.csv,4095,1,23.0,22.82,310.0,306.5,0.9227,1
ARDG_AQUA bream 580gr 30 sm  281025 1254003.csv,5208,1,30.0,30.54,580.0,590.0,0.979,1
ARDG_AQUA bream 280gr 24cm  281025 1425002.csv,239,1,24.0,23.99,280.0,273.6,0.9661,1
ARDG_AQUA bream 390gr 26cm  281025 1325005.csv,6933,1,26.0,27.14,390.0,373.9,0.9737,1
ARDG_AQUA bream556gr 30cm  281025 1500002.csv,3639,0,0.0,27.57,0.0,387.0,0.6229,1
ARDG_AQUA bream 580gr 30 sm  281025 1254003.csv,6738,1,30.0,30.0,580.0,585.9,0.9758,1
ARDG_AQUA bream620 gr31cm  281025 1618003.csv,9054,1,31.0,31.13,620.0,618.1,0.9748,1
ARDG_AQUA bream 390gr 26cm  281025 1325005.csv,7207,1,26.0,26.18,390.0,382.5,0.9636,1
ARDG_AQUA bream620 gr31cm  281025 1618004.csv,912,1,31.0,29.81,620.0,598.1,0.9732,1
ARDG_AQUA bream 310gr 23 sm  281025 1233002.csv,9835,1,23.0,22.58,310.0,301.9,0.9373,1
ARDG_AQUA bream 580gr 30 sm  281025 1254002.csv,7351,1,30.0,30.22,580.0,581.0,0.9697,1
ARDG_AQUA bream556gr 30cm  281025 1500002.csv,1112,0,0.0,30.97,0.0,529.8,0.9614,1
ARDG_AQUA bream150gr21cm  281025 1548002.csv,1258,1,21.0,23.5,150.0,230.0,0.5725,1
ARDG_AQUA bream 310gr 23 sm  281025 1233002.csv,1202,1,23.0,22.55,310.0,319.8,0.9624,1
ARDG_AQUA bream 390gr 26cm  281025 1325005.csv,9944,1,26.0,26.77,390.0,375.3,0.9806,1
ARDG_AQUA bream 150gr 21 sm  281025 1132002.csv,8414,1,21.0,20.84,150.0,147.4,0.9585,1
ARDG_AQUA bream 280gr 24cm  281025 1425002.csv,1417,0,0.0,31.32,0.0,706.0,0.9848,1
ARDG_AQUA bream 280gr 24cm  281025 1425002.csv,3411,1,24.0,24.1,280.0,280.4,0.9461,1
ARDG_AQUA bream 630gr 31cm  281025 1400002.csv,6005,1,31.0,29.42,630.0,613.1,0.9815,1
ARDG_AQUA bream 580gr 30 sm  281025 1254002.csv,7738,1,30.0,30.66,580.0,584.3,0.9614,1
ARDG_AQUA bream 800gr 36cm  281025 1453002.csv,1947,1,36.0,35.83,800.0,789.8,0.975,1
ARDG_AQUA bream 150gr 21 sm  281025 1132004.csv,8673,0,0.0,22.13,0.0,219.0,0.9297,1
ARDG_AQUA bream 580gr 30 sm  281025 1254002.csv,3107,1,30.0,30.54,580.0,587.5,0.9673,1
ARDG_AQUA bream 150gr 21 sm  281025 1132004.csv,9536,1,21.0,20.65,150.0,149.9,0.9349,1
ARDG_AQUA bream 680gr 33 sm  281025 1208003.csv,6754,1,33.0,33.6,680.0,679.9,0.9894,1
ARDG_AQUA bream 280gr 24cm  281025 1425002.csv,1322,0,0.0,23.15,0.0,270.7,0.9513,1
ARDG_AQUA bream 800gr 36cm  281025 1453002.csv,3276,0,0.0,34.36,0.0,734.0,0.7656,1
ARDG_AQUA bream 280gr 24cm  281025 1425002.csv,733,1,24.0,23.95,280.0,271.8,0.9721,1
ARDG_AQUA bream 280gr 24cm  281025 1425002.csv,4307,1,24.0,24.35,280.0,325.2,0.7001,1
ARDG_AQUA bream 680gr 33 sm  281025 1208003.csv,4886,1,33.0,33.12,680.0,667.1,0.9923,1
ARDG_AQUA bream556gr 30cm  281025 1500002.csv,8192,0,0.0,26.77,0.0,419.4,0.8848,1
ARDG_AQUA bream556gr 30cm  281025 1500002.csv,5517,1,30.0,29.38,556.0,548.6,0.9714,1
ARDG_AQUA bream556gr 30cm  281025 1500002.csv,1109,0,0.0,30.65,0.0,482.9,0.9746,1
ARDG_AQUA bream350 gr27cm  281025 1548002.csv,4663,1,27.0,26.86,350.0,345.3,0.9392,1
ARDG_AQUA bream 580gr 30 sm  281025 1254003.csv,6507,0,0.0,31.19,0.0,586.5,0.8177,1
ARDG_AQUA bream 580gr 30 sm  281025 1254003.csv,8411,0,0.0,29.79,0.0,514.2,0.904,1
ARDG_AQUA bream 310gr 23 sm  281025 1233002.csv,4453,1,23.0,22.71,310.0,298.8,0.9635,1
ARDG_AQUA bream556gr 30cm  281025 1500002.csv,7384,0,0.0,32.16,0.0,621.9,0.9585,1
ARDG_AQUA bream 800gr 36cm  281025 1453002.csv,1838,1,36.0,35.46,800.0,796.1,0.9884,1
ARDG_AQUA bream556gr 30cm  281025 1500002.csv,5784,0,0.0,30.43,0.0,499.2,0.8455,1
ARDG_AQUA bream556gr 30cm  281025 1500002.csv,19,0,0.0,30.83,0.0,570.5,0.7305,1
ARDG_AQUA bream556gr 30cm  281025 1500002.csv,2597,0,0.0,29.89,0.0,576.2,0.9009,1
ARDG_AQUA bream 390gr 26cm  281025 1325003.csv,7000,1,26.0,26.88,390.0,402.3,0.9677,1
ARDG_AQUA bream 800gr 36cm  281025 1453002.csv,668,1,36.0,36.1,800.0,786.3,0.9887,1
ARDG_AQUA bream500gr 30cm  281025 1500002.csv,10217,1,30.0,29.19,500.0,513.4,0.9471,1
ARDG_AQUA bream 390gr 26cm  281025 1325003.csv,9885,1,26.0,26.15,390.0,393.4,0.9253,1
ARDG_AQUA bream 150gr 21 sm  281025 1132004.csv,11357,0,0.0,19.77,0.0,144.2,0.6405,1
ARDG_AQUA bream500gr 30cm  281025 1500002.csv,1147,1,30.0,30.03,500.0,480.7,0.9535,1
ARDG_AQUA bream 390gr 26cm  281025 1325003.csv,6884,1,26.0,24.98,390.0,336.2,0.9718,1
ARDG_AQUA bream 680gr 33 sm  281025 1208003.csv,5392,1,33.0,32.88,680.0,670.7,0.9901,1
ARDG_AQUA bream556gr 30cm  281025 1500002.csv,2883,0,0.0,31.55,0.0,611.1,0.9624,1
ARDG_AQUA bream150gr21cm  281025 1548002.csv,7844,1,21.0,21.6,150.0,140.9,0.9127,1
ARDG_AQUA bream 310gr 23 sm  281025 1233002.csv,11693,1,23.0,24.38,310.0,305.8,0.9692,1
ARDG_AQUA bream 390gr 26cm  281025 1325003.csv,9803,1,26.0,26.18,390.0,382.9,0.9676,1
ARDG_AQUA bream 580gr 30 sm  281025 1254003.csv,4884,1,30.0,31.44,580.0,595.4,0.9729,1
ARDG_AQUA bream350 gr27cm  281025 1548002.csv,236,1,27.0,24.74,350.0,336.3,0.9678,1
ARDG_AQUA bream630gr 32cm  281025 1500002.csv,3320,1,32.0,31.18,630.0,618.0,0.9776,1
ARDG_AQUA bream 580gr 30 sm  281025 1254003.csv,1789,0,0.0,30.29,0.0,622.1,0.8277,1
ARDG_AQUA bream 680gr 33 sm  281025 1208003.csv,4543,1,33.0,32.32,680.0,671.1,0.9838,1
ARDG_AQUA bream 310gr 23 sm  281025 1233003.csv,146,1,23.0,22.7,310.0,258.6,0.9563,1
ARDG_AQUA bream620 gr31cm  281025 1618003.csv,6558,1,31.0,31.42,620.0,594.6,0.9758,1
ARDG_AQUA bream630gr 32cm  281025 1500002.csv,5207,1,32.0,31.49,630.0,625.9,0.9713,1
ARDG_AQUA bream350 gr27cm  281025 1548002.csv,4823,1,27.0,26.97,350.0,348.6,0.9578,1
ARDG_AQUA bream620 gr31cm  281025 1618003.csv,6909,1,31.0,29.39,620.0,556.7,0.9712,1
ARDG_AQUA bream 800gr 36cm  281025 1453002.csv,3127,1,36.0,35.98,800.0,784.2,0.9725,1
ARDG_AQUA bream 630gr 31cm  281025 1400002.csv,1551,1,31.0,30.99,630.0,614.9,0.9663,1
ARDG_AQUA bream 630gr 31cm  281025 1400002.csv,4424,1,31.0,30.95,630.0,667.3,0.9749,1
ARDG_AQUA bream 310gr 23 sm  281025 1233002.csv,6780,1,23.0,22.86,310.0,307.8,0.9307,1
ARDG_AQUA bream 800gr 36cm  281025 1453002.csv,1600,0,0.0,27.43,0.0,439.6,0.8421,1
ARDG_AQUA bream 310gr 23 sm  281025 1233002.csv,5925,1,23.0,23.34,310.0,301.8,0.8507,1
ARDG_AQUA bream556gr 30cm  281025 1500002.csv,11657,0,0.0,28.5,0.0,509.5,0.9654,1
ARDG_AQUA bream 150gr 21 sm  281025 1132002.csv,10355,1,21.0,20.72,150.0,132.2,0.9474,1
ARDG_AQUA bream620 gr31cm  281025 1618003.csv,3570,1,31.0,30.41,620.0,680.7,0.9876,1
ARDG_AQUA bream556gr 30cm  281025 1500002.csv,1390,1,30.0,29.72,556.0,542.4,0.9741,1
ARDG_AQUA bream150gr21cm  281025 1548002.csv,5784,1,21.0,21.12,150.0,144.7,0.9424,1
ARDG_AQUA bream 310gr 23 sm  281025 1233002.csv,4523,1,23.0,22.68,310.0,305.8,0.9661,1
ARDG_AQUA bream 310gr 23 sm  281025 1233002.csv,9450,1,23.0,22.51,310.0,307.0,0.9732,1
ARDG_AQUA bream 580gr 30 sm  281025 1254002.csv,8110,1,30.0,29.18,580.0,581.3,0.9791,1
ARDG_AQUA bream 680gr 33 sm  281025 1208003.csv,9971,1,33.0,31.65,680.0,673.6,0.9833,1
ARDG_AQUA bream630gr 32cm  281025 1500002.csv,3127,1,32.0,32.25,630.0,620.8,0.9697,1
ARDG_AQUA bream 580gr 30 sm  281025 1254003.csv,1801,0,0.0,30.1,0.0,604.6,0.9619,1
ARDG_AQUA bream 800gr 36cm  281025 1453002.csv,4451,1,36.0,35.78,800.0,799.0,0.985,1
ARDG_AQUA bream 580gr 30 sm  281025 1254003.csv,8169,1,30.0,29.86,580.0,583.4,0.9745,1
ARDG_AQUA bream620 gr31cm  281025 1618003.csv,5966,1,31.0,30.96,620.0,587.6,0.9655,1
ARDG_AQUA bream 630gr 31cm  281025 1400002.csv,7723,1,31.0,29.08,630.0,578.4,0.9719,1
ARDG_AQUA bream500gr 30cm  281025 1500003.csv,1831,1,30.0,30.56,500.0,521.9,0.8657,1
ARDG_AQUA bream 310gr 23 sm  281025 1233002.csv,6270,1,23.0,23.11,310.0,303.1,0.9439,1
ARDG_AQUA bream630gr 32cm  281025 1500002.csv,4015,1,32.0,30.28,630.0,616.3,0.9707,1
ARDG_AQUA bream556gr 30cm  281025 1500002.csv,7568,0,0.0,29.6,0.0,470.2,0.95,1
ARDG_AQUA bream 800gr 36cm  281025 1453002.csv,548,0,0.0,33.6,0.0,728.5,0.9394,1
ARDG_AQUA bream 390gr 26cm  281025 1325005.csv,11067,1,26.0,25.7,390.0,368.4,0.972,1
ARDG_AQUA bream 580gr 30 sm  281025 1254003.csv,9212,1,30.0,30.72,580.0,586.0,0.9457,1
ARDG_AQUA bream620 gr31cm  281025 1618003.csv,8992,1,31.0,31.6,620.0,597.6,0.9687,1
ARDG_AQUA bream 680gr 33 sm  281025 1208003.csv,7109,1,33.0,31.75,680.0,670.2,0.9842,1
ARDG_AQUA bream 580gr 30 sm  281025 1254002.csv,2818,1,30.0,29.42,580.0,524.2,0.977,1
ARDG_AQUA bream 580gr 30 sm  281025 1254003.csv,9470,1,30.0,30.36,580.0,565.0,0.9735,1
ARDG_AQUA bream556gr 30cm  281025 1500002.csv,1914,0,0.0,27.78,0.0,532.6,0.9695,1
ARDG_AQUA bream 630gr 31cm  281025 1400002.csv,7619,1,31.0,28.26,630.0,549.1,0.9316,1
ARDG_AQUA bream630gr 32cm  281025 1500002.csv,4946,1,32.0,31.84,630.0,669.9,0.981,1
ARDG_AQUA bream 390gr 26cm  281025 1325005.csv,5161,1,26.0,25.28,390.0,384.6,0.9706,1
ARDG_AQUA bream 580gr 30 sm  281025 1254002.csv,9738,1,30.0,30.25,580.0,565.5,0.9772,1
ARDG_AQUA bream620 gr31cm  281025 1618003.csv,3436,1,31.0,31.58,620.0,575.0,0.9771,1
ARDG_AQUA bream 680gr 33 sm  281025 1208003.csv,1686,1,33.0,31.14,680.0,658.7,0.9834,1
ARDG_AQUA bream556gr 30cm  281025 1500002.csv,8537,0,0.0,26.55,0.0,418.6,0.5975,1
ARDG_AQUA bream 150gr 21 sm  281025 1132002.csv,11960,1,21.0,20.76,150.0,145.4,0.9717,1
ARDG_AQUA bream 800gr 36cm  281025 1453002.csv,2711,0,0.0,35.02,0.0,742.8,0.9794,1
ARDG_AQUA bream350 gr27cm  281025 1548002.csv,748,1,27.0,27.62,350.0,403.6,0.9765,1
ARDG_AQUA bream500gr 30cm  281025 1500003.csv,898,1,30.0,30.66,500.0,526.1,0.5923,1
ARDG_AQUA bream630gr 32cm  281025 1500002.csv,3059,1,32.0,31.59,630.0,622.7,0.9774,1
ARDG_AQUA bream556gr 30cm  281025 1500002.csv,1560,0,0.0,29.1,0.0,540.2,0.7337,1
ARDG_AQUA bream 630gr 31cm  281025 1400002.csv,8926,1,31.0,28.67,630.0,516.5,0.911,1
ARDG_AQUA bream 150gr 21 sm  281025 1132004.csv,2688,1,21.0,20.29,150.0,146.1,0.9114,1
ARDG_AQUA bream500gr 30cm  281025 1500002.csv,2138,1,30.0,31.04,500.0,504.6,0.976,1
ARDG_AQUA bream 390gr 26cm  281025 1325005.csv,664,1,26.0,25.87,390.0,376.0,0.9758,1
ARDG_AQUA bream 580gr 30 sm  281025 1254003.csv,7874,1,30.0,30.18,580.0,573.8,0.9681,1
ARDG_AQUA bream 390gr 26cm  281025 1325005.csv,7377,1,26.0,25.83,390.0,383.7,0.9449,1
ARDG_AQUA bream620 gr31cm  281025 1618003.csv,6760,1,31.0,31.35,620.0,625.6,0.975,1
ARDG_AQUA bream 680gr 33 sm  281025 1208003.csv,3900,1,33.0,32.36,680.0,655.8,0.9869,1
ARDG_AQUA bream 630gr 31cm  281025 1400002.csv,1988,1,31.0,32.45,630.0,627.5,0.9651,1
ARDG_AQUA bream620 gr31cm  281025 1618003.csv,6081,1,31.0,30.53,620.0,593.3,0.9642,1
ARDG_AQUA bream 680gr 33 sm  281025 1208003.csv,8502,1,33.0,32.44,680.0,680.5,0.9859,1
ARDG_AQUA bream 800gr 36cm  281025 1453002.csv,1322,0,0.0,33.03,0.0,760.9,0.9418,1
ARDG_AQUA bream620 gr31cm  281025 1618003.csv,10102,1,31.0,30.98,620.0,670.5,0.9679,1
ARDG_AQUA bream500gr 30cm  281025 1500002.csv,9993,1,30.0,29.75,500.0,483.7,0.9735,1
ARDG_AQUA bream 580gr 30 sm  281025 1254003.csv,2293,0,0.0,27.83,0.0,490.9,0.9176,1
ARDG_AQUA bream 390gr 26cm  281025 1325003.csv,6510,1,26.0,25.35,390.0,371.3,0.9614,1
ARDG_AQUA bream150gr21cm  281025 1548002.csv,3047,1,21.0,21.19,150.0,142.2,0.9417,1
ARDG_AQUA bream556gr 30cm  281025 1500002.csv,5955,0,0.0,30.81,0.0,561.9,0.9639,1
ARDG_AQUA bream 150gr 21 sm  281025 1132002.csv,8108,1,21.0,20.77,150.0,133.9,0.8939,1
ARDG_AQUA bream620 gr31cm  281025 1618003.csv,7463,1,31.0,31.43,620.0,603.9,0.9609,1
ARDG_AQUA bream 580gr 30 sm  281025 1254003.csv,3489,1,30.0,29.4,580.0,563.2,0.9817,1
ARDG_AQUA bream620 gr31cm  281025 1618003.csv,4185,1,31.0,31.15,620.0,613.5,0.9638,1
ARDG_AQUA bream 580gr 30 sm  281025 1254003.csv,5363,0,0.0,28.72,0.0,615.3,0.9463,1
ARDG_AQUA bream 390gr 26cm  281025 1325005.csv,5036,1,26.0,27.41,390.0,433.5,0.9763,1
ARDG_AQUA bream620 gr31cm  281025 1618003.csv,5243,1,31.0,29.24,620.0,594.8,0.978,1
ARDG_AQUA bream 150gr 21 sm  281025 1132004.csv,2371,0,0.0,21.63,0.0,163.4,0.8815,1
ARDG_AQUA bream500gr 30cm  281025 1500002.csv,746,1,30.0,30.33,500.0,514.4,0.9366,1
ARDG_AQUA bream 580gr 30 sm  281025 1254003.csv,4729,0,0.0,30.92,0.0,537.5,0.8081,1
ARDG_AQUA bream 630gr 31cm  281025 1400002.csv,4108,1,31.0,31.06,630.0,615.9,0.8727,1
ARDG_AQUA bream556gr 30cm  281025 1500002.csv,5689,0,0.0,32.32,0.0,615.4,0.8436,1
ARDG_AQUA bream 580gr 30 sm  281025 1254003.csv,5359,0,0.0,28.43,0.0,572.1,0.8826,1
ARDG_AQUA bream620 gr31cm  281025 1618003.csv,8648,1,31.0,32.15,620.0,618.4,0.9473,1
ARDG_AQUA bream 580gr 30 sm  281025 1254002.csv,9325,0,0.0,29.45,0.0,514.0,0.7662,1
ARDG_AQUA bream 310gr 23 sm  281025 1233002.csv,3028,1,23.0,23.16,310.0,296.0,0.9563,1
ARDG_AQUA bream556gr 30cm  281025 1500002.csv,6846,0,0.0,29.95,0.0,523.1,0.8424,1
ARDG_AQUA bream 580gr 30 sm  281025 1254003.csv,5530,1,30.0,30.52,580.0,560.8,0.9672,1
ARDG_AQUA bream556gr 30cm  281025 1500002.csv,7696,0,0.0,30.85,0.0,554.2,0.9681,1
ARDG_AQUA bream 580gr 30 sm  281025 1254003.csv,7685,1,30.0,30.84,580.0,576.2,0.9748,1
ARDG_AQUA bream 310gr 23 sm  281025 1233002.csv,1600,1,23.0,22.33,310.0,299.1,0.962,1
ARDG_AQUA bream 580gr 30 sm  281025 1254003.csv,5431,0,0.0,28.56,0.0,528.8,0.9032,1
ARDG_AQUA bream150gr21cm  281025 1548002.csv,4922,0,0.0,22.76,0.0,245.3,0.5202,1
ARDG_AQUA bream620 gr31cm  281025 1618003.csv,8495,1,31.0,31.31,620.0,621.1,0.9678,1
ARDG_AQUA bream556gr 30cm  281025 1500002.csv,8630,0,0.0,29.31,0.0,528.8,0.9795,1
ARDG_AQUA bream350 gr27cm  281025 1548002.csv,1008,1,27.0,26.61,350.0,345.1,0.946,1
ARDG_AQUA bream556gr 30cm  281025 1500002.csv,10874,0,0.0,29.41,0.0,524.9,0.8826,1
ARDG_AQUA bream 680gr 33 sm  281025 1208003.csv,7703,1,33.0,32.44,680.0,684.6,0.9881,1
ARDG_AQUA bream 310gr 23 sm  281025 1233002.csv,8579,1,23.0,22.94,310.0,298.1,0.7527,1
ARDG_AQUA bream 390gr 26cm  281025 1325003.csv,9624,1,26.0,27.16,390.0,404.0,0.9196,1
ARDG_AQUA bream620 gr31cm  281025 1618003.csv,11372,1,31.0,30.93,620.0,603.7,0.9561,1
ARDG_AQUA bream620 gr31cm  281025 1618003.csv,6338,1,31.0,30.58,620.0,599.6,0.8703,1
ARDG_AQUA bream 390gr 26cm  281025 1325005.csv,3219,1,26.0,26.48,390.0,382.6,0.9764,1
ARDG_AQUA bream556gr 30cm  281025 1500002.csv,10082,1,30.0,30.64,556.0,563.9,0.9822,1
ARDG_AQUA bream 390gr 26cm  281025 1325005.csv,8016,1,26.0,26.24,390.0,395.5,0.9484,1
ARDG_AQUA bream 310gr 23 sm  281025 1233002.csv,9009,1,23.0,24.23,310.0,322.5,0.9709,1
ARDG_AQUA bream 580gr 30 sm  281025 1254003.csv,4078,0,0.0,31.43,0.0,580.0,0.8285,1
ARDG_AQUA bream 390gr 26cm  281025 1325005.csv,3633,1,26.0,26.73,390.0,390.1,0.9727,1
ARDG_AQUA bream620 gr31cm  281025 1618003.csv,9438,1,31.0,30.85,620.0,630.4,0.9806,1
ARDG_AQUA bream 390gr 26cm  281025 1325003.csv,8993,1,26.0,27.21,390.0,392.8,0.965,1
ARDG_AQUA bream 390gr 26cm  281025 1325005.csv,2281,1,26.0,27.39,390.0,392.7,0.9606,1
ARDG_AQUA bream 340gr 27cm  281025 1415002.csv,62,1,27.0,27.35,340.0,331.5,0.9726,1
ARDG_AQUA bream556gr 30cm  281025 1500002.csv,7078,0,0.0,30.55,0.0,531.7,0.9765,1
ARDG_AQUA bream 580gr 30 sm  281025 1254002.csv,5792,1,30.0,29.22,580.0,565.0,0.9722,1
ARDG_AQUA bream 150gr 21 sm  281025 1132002.csv,11436,1,21.0,22.34,150.0,195.4,0.9395,1
ARDG_AQUA bream500gr 30cm  281025 1500003.csv,3772,1,30.0,30.48,500.0,511.0,0.9622,1
ARDG_AQUA bream620 gr31cm  281025 1618004.csv,1187,1,31.0,31.48,620.0,614.1,0.9523,1
ARDG_AQUA bream 310gr 23 sm  281025 1233002.csv,9624,1,23.0,23.25,310.0,295.6,0.9495,1
ARDG_AQUA bream 310gr 23 sm  281025 1233002.csv,4727,1,23.0,22.92,310.0,305.4,0.9656,1
ARDG_AQUA bream 680gr 33 sm  281025 1208003.csv,7426,1,33.0,32.12,680.0,656.1,0.9777,1
ARDG_AQUA bream 390gr 26cm  281025 1325005.csv,762,1,26.0,25.79,390.0,407.5,0.9688,1
ARDG_AQUA bream350 gr27cm  281025 1548002.csv,2937,1,27.0,26.61,350.0,371.6,0.9667,1
ARDG_AQUA bream 800gr 36cm  281025 1453002.csv,3357,1,36.0,35.84,800.0,788.5,0.987,1
ARDG_AQUA bream 310gr 23 sm  281025 1233002.csv,6002,1,23.0,23.85,310.0,307.6,0.9722,1
ARDG_AQUA bream 390gr 26cm  281025 1325003.csv,8452,1,26.0,26.51,390.0,390.4,0.9736,1
ARDG_AQUA bream556gr 30cm  281025 1500002.csv,1927,0,0.0,28.9,0.0,473.2,0.9216,1
ARDG_AQUA bream 310gr 23 sm  281025 1233002.csv,6058,1,23.0,22.4,310.0,305.4,0.963,1
ARDG_AQUA bream 800gr 36cm  281025 1453002.csv,2309,0,0.0,35.35,0.0,775.6,0.9502,1
ARDG_AQUA bream620 gr31cm  281025 1618003.csv,4772,1,31.0,31.24,620.0,627.9,0.9553,1
ARDG_AQUA bream 150gr 21 sm  281025 1132004.csv,11022,0,0.0,21.11,0.0,144.2,0.6101,1
ARDG_AQUA bream 310gr 23 sm  281025 1233002.csv,2818,1,23.0,22.13,310.0,299.7,0.9482,1
ARDG_AQUA bream150gr21cm  281025 1548002.csv,7282,1,21.0,20.62,150.0,150.5,0.9498,1
ARDG_AQUA bream620 gr31cm  281025 1618004.csv,1094,1,31.0,31.08,620.0,610.0,0.9537,1
ARDG_AQUA bream556gr 30cm  281025 1500002.csv,6043,0,0.0,30.74,0.0,576.0,0.9761,1
ARDG_AQUA bream 280gr 24cm  281025 1425002.csv,1359,0,0.0,24.02,0.0,252.5,0.686,1
ARDG_AQUA bream 580gr 30 sm  281025 1254003.csv,4981,1,30.0,29.27,580.0,473.9,0.9764,1
ARDG_AQUA bream 390gr 26cm  281025 1325003.csv,8184,1,26.0,26.56,390.0,373.1,0.9702,1
ARDG_AQUA bream 630gr 31cm  281025 1400002.csv,6137,1,31.0,31.21,630.0,618.5,0.9865,1
ARDG_AQUA bream500gr 30cm  281025 1500003.csv,1697,1,30.0,29.38,500.0,497.2,0.9726,1
ARDG_AQUA bream 580gr 30 sm  281025 1254003.csv,1951,0,0.0,27.48,0.0,441.1,0.8522,1
ARDG_AQUA bream150gr21cm  281025 1548002.csv,394,1,21.0,21.41,150.0,147.9,0.9352,1
ARDG_AQUA bream 680gr 33 sm  281025 1208003.csv,89,1,33.0,34.15,680.0,794.5,0.9908,1
ARDG_AQUA bream 800gr 36cm  281025 1453002.csv,897,0,0.0,34.28,0.0,722.5,0.9475,1
ARDG_AQUA bream 680gr 33 sm  281025 1208003.csv,5089,1,33.0,32.78,680.0,622.6,0.9887,1
ARDG_AQUA bream556gr 30cm  281025 1500002.csv,4360,0,0.0,30.13,0.0,580.3,0.9409,1
ARDG_AQUA bream 280gr 24cm  281025 1425002.csv,1321,0,0.0,23.26,0.0,281.8,0.936,1
ARDG_AQUA bream 310gr 23 sm  281025 1233002.csv,4169,1,23.0,23.11,310.0,292.7,0.9654,1
ARDG_AQUA bream500gr 30cm  281025 1500002.csv,536,1,30.0,29.85,500.0,524.2,0.9659,1
ARDG_AQUA bream 580gr 30 sm  281025 1254002.csv,2376,1,30.0,29.72,580.0,557.8,0.9771,1
ARDG_AQUA bream556gr 30cm  281025 1500002.csv,6627,0,0.0,29.68,0.0,518.0,0.9175,1
ARDG_AQUA bream630gr 32cm  281025 1500002.csv,4438,1,32.0,32.22,630.0,620.1,0.9632,1
ARDG_AQUA bream620 gr31cm  281025 1618003.csv,7716,1,31.0,30.42,620.0,618.0,0.955,1
ARDG_AQUA bream556gr 30cm  281025 1500002.csv,5259,0,0.0,31.43,0.0,556.3,0.8586,1
ARDG_AQUA bream 390gr 26cm  281025 1325005.csv,941,1,26.0,26.35,390.0,383.2,0.9582,1
ARDG_AQUA bream556gr 30cm  281025 1500002.csv,1633,1,30.0,31.42,556.0,586.9,0.9587,1
ARDG_AQUA bream 390gr 26cm  281025 1325005.csv,6677,1,26.0,26.26,390.0,374.4,0.9459,1
ARDG_AQUA bream556gr 30cm  281025 1500002.csv,6625,0,0.0,30.16,0.0,520.2,0.9454,1
ARDG_AQUA bream 150gr 21 sm  281025 1132002.csv,6395,1,21.0,20.86,150.0,148.2,0.7678,1
ARDG_AQUA bream 680gr 33 sm  281025 1208003.csv,3165,1,33.0,31.04,680.0,656.8,0.9844,1
ARDG_AQUA bream 580gr 30 sm  281025 1254002.csv,45,1,30.0,29.03,580.0,561.7,0.9779,1
ARDG_AQUA bream620 gr31cm  281025 1618003.csv,10151,1,31.0,30.74,620.0,613.8,0.9703,1
ARDG_AQUA bream 310gr 23 sm  281025 1233002.csv,1956,1,23.0,23.14,310.0,302.0,0.787,1
ARDG_AQUA bream 800gr 36cm  281025 1453002.csv,3201,0,0.0,34.42,0.0,759.2,0.9797,1
ARDG_AQUA bream556gr 30cm  281025 1500002.csv,11168,0,0.0,30.15,0.0,550.9,0.9484,1
ARDG_AQUA bream620 gr31cm  281025 1618003.csv,5682,1,31.0,29.14,620.0,544.9,0.815,1
ARDG_AQUA bream 580gr 30 sm  281025 1254003.csv,5435,0,0.0,29.62,0.0,559.1,0.954,1
ARDG_AQUA bream556gr 30cm  281025 1500002.csv,98,1,30.0,29.31,556.0,542.2,0.9662,1
ARDG_AQUA bream 800gr 36cm  281025 1453002.csv,3890,0,0.0,33.6,0.0,688.2,0.9057,1
ARDG_AQUA bream 800gr 36cm  281025 1453002.csv,3737,1,36.0,35.62,800.0,788.4,0.9796,1
ARDG_AQUA bream 580gr 30 sm  281025 1254003.csv,1802,0,0.0,29.77,0.0,615.2,0.9583,1
ARDG_AQUA bream 630gr 31cm  281025 1400002.csv,7860,1,31.0,31.27,630.0,618.6,0.9707,1
ARDG_AQUA bream 310gr 23 sm  281025 1233002.csv,5113,1,23.0,22.79,310.0,302.5,0.9282,1
ARDG_AQUA bream 630gr 31cm  281025 1400002.csv,11069,1,31.0,31.11,630.0,652.6,0.9654,1
ARDG_AQUA bream 390gr 26cm  281025 1325003.csv,11306,1,26.0,26.16,390.0,399.1,0.9683,1
ARDG_AQUA bream620 gr31cm  281025 1618004.csv,649,1,31.0,30.75,620.0,604.2,0.9727,1
ARDG_AQUA bream 580gr 30 sm  281025 1254002.csv,765,1,30.0,30.02,580.0,591.4,0.9656,1
ARDG_AQUA bream 390gr 26cm  281025 1325005.csv,9670,1,26.0,25.2,390.0,323.4,0.9795,1
ARDG_AQUA bream 580gr 30 sm  281025 1254003.csv,1711,1,30.0,30.05,580.0,580.2,0.9807,1
ARDG_AQUA bream150gr21cm  281025 1548002.csv,2664,0,0.0,21.73,0.0,165.7,0.7435,1
ARDG_AQUA bream500gr 30cm  281025 1500002.csv,10567,1,30.0,29.01,500.0,490.4,0.967,1
ARDG_AQUA bream630gr 32cm  281025 1500002.csv,3191,1,32.0,31.21,630.0,604.6,0.9753,1
ARDG_AQUA bream 630gr 31cm  281025 1400002.csv,4726,1,31.0,29.99,630.0,620.4,0.9836,1
ARDG_AQUA bream 580gr 30 sm  281025 1254003.csv,6604,0,0.0,27.06,0.0,469.3,0.8928,1
ARDG_AQUA bream556gr 30cm  281025 1500002.csv,1707,0,0.0,31.2,0.0,537.9,0.6663,1
ARDG_AQUA bream150gr21cm  281025 1548002.csv,1835,0,0.0,23.7,0.0,276.8,0.7296,1
ARDG_AQUA bream 390gr 26cm  281025 1325005.csv,10404,0,0.0,19.97,0.0,168.3,0.5467,1
ARDG_AQUA bream150gr21cm  281025 1548002.csv,6812,1,21.0,21.21,150.0,145.2,0.9544,1
ARDG_AQUA bream 680gr 33 sm  281025 1208003.csv,9086,1,33.0,32.6,680.0,674.0,0.99,1
ARDG_AQUA bream 150gr 21 sm  281025 1132004.csv,1968,1,21.0,20.74,150.0,155.2,0.9458,1
ARDG_AQUA bream 150gr 21 sm  281025 1132002.csv,7706,1,21.0,21.64,150.0,148.5,0.8691,1
ARDG_AQUA bream350 gr27cm  281025 1548002.csv,2758,1,27.0,26.67,350.0,343.5,0.9713,1
ARDG_AQUA bream 580gr 30 sm  281025 1254002.csv,4718,1,30.0,30.69,580.0,598.9,0.9766,1
ARDG_AQUA bream500gr 30cm  281025 1500002.csv,6873,1,30.0,28.64,500.0,478.0,0.938,1
ARDG_AQUA bream620 gr31cm  281025 1618004.csv,1738,1,31.0,31.61,620.0,578.4,0.8948,1
ARDG_AQUA bream620 gr31cm  281025 1618003.csv,8193,1,31.0,31.25,620.0,605.6,0.9774,1
ARDG_AQUA bream556gr 30cm  281025 1500002.csv,8164,0,0.0,28.74,0.0,468.4,0.8741,1
ARDG_AQUA bream 390gr 26cm  281025 1325003.csv,7775,1,26.0,27.51,390.0,395.7,0.9564,1
ARDG_AQUA bream620 gr31cm  281025 1618003.csv,239,0,0.0,29.01,0.0,589.5,0.896,1
ARDG_AQUA bream 390gr 26cm  281025 1325003.csv,10691,1,26.0,25.38,390.0,381.5,0.9644,1
ARDG_AQUA bream620 gr31cm  281025 1618003.csv,7545,1,31.0,31.41,620.0,610.5,0.9855,1
ARDG_AQUA bream 800gr 36cm  281025 1453002.csv,1504,1,36.0,34.69,800.0,758.1,0.9841,1
ARDG_AQUA bream 310gr 23 sm  281025 1233002.csv,9743,1,23.0,23.01,310.0,302.4,0.955,1
ARDG_AQUA bream620 gr31cm  281025 1618003.csv,7911,1,31.0,30.36,620.0,591.7,0.9835,1
ARDG_AQUA bream350 gr27cm  281025 1548002.csv,4148,1,27.0,27.24,350.0,344.4,0.9659,1
ARDG_AQUA bream 800gr 36cm  281025 1453002.csv,1313,0,0.0,33.66,0.0,732.2,0.9733,1
ARDG_AQUA bream556gr 30cm  281025 1500002.csv,8269,0,0.0,29.56,0.0,538.7,0.6695,1
ARDG_AQUA bream556gr 30cm  281025 1500002.csv,4805,1,30.0,30.14,556.0,569.2,0.9793,1
ARDG_AQUA bream 580gr 30 sm  281025 1254003.csv,8231,1,30.0,29.5,580.0,563.0,0.979,1
ARDG_AQUA bream 580gr 30 sm  281025 1254003.csv,3936,0,0.0,29.02,0.0,507.0,0.9163,1
ARDG_AQUA bream556gr 30cm  281025 1500002.csv,4192,1,30.0,30.38,556.0,579.7,0.9777,1
ARDG_AQUA bream 800gr 36cm  281025 1453002.csv,846,0,0.0,34.48,0.0,723.3,0.9169,1
ARDG_AQUA bream 580gr 30 sm  281025 1254003.csv,8855,1,30.0,29.15,580.0,550.6,0.9758,1
ARDG_AQUA bream 680gr 33 sm  281025 1208003.csv,10282,1,33.0,31.97,680.0,681.6,0.9869,1
ARDG_AQUA bream 310gr 23 sm  281025 1233002.csv,1453,1,23.0,22.45,310.0,349.2,0.7506,1
ARDG_AQUA bream 580gr 30 sm  281025 1254003.csv,1262,1,30.0,29.06,580.0,581.0,0.9798,1
ARDG_AQUA bream 580gr 30 sm  281025 1254003.csv,1953,0,0.0,26.99,0.0,383.6,0.7095,1
ARDG_AQUA bream350 gr27cm  281025 1548002.csv,4336,0,0.0,26.21,0.0,374.7,0.6292,1
ARDG_AQUA bream556gr 30cm  281025 1500002.csv,1823,1,30.0,29.62,556.0,575.8,0.7538,1
ARDG_AQUA bream500gr 30cm  281025 1500002.csv,9540,1,30.0,28.61,500.0,459.4,0.9735,1
ARDG_AQUA bream 390gr 26cm  281025 1325005.csv,2012,1,26.0,25.77,390.0,390.8,0.9533,1
ARDG_AQUA bream 680gr 33 sm  281025 1208003.csv,9551,1,33.0,32.53,680.0,664.2,0.9803,1
ARDG_AQUA bream 150gr 21 sm  281025 1132004.csv,247,0,0.0,23.96,0.0,152.4,0.5206,1
ARDG_AQUA bream 310gr 23 sm  281025 1233002.csv,7516,1,23.0,22.56,310.0,311.4,0.9711,1
ARDG_AQUA bream 150gr 21 sm  281025 1132004.csv,7594,1,21.0,20.94,150.0,147.1,0.9438,1
ARDG_AQUA bream 800gr 36cm  281025 1453002.csv,394,0,0.0,35.27,0.0,775.4,0.976,1
ARDG_AQUA bream 580gr 30 sm  281025 1254003.csv,2562,0,0.0,26.9,0.0,534.2,0.8157,1
ARDG_AQUA bream 580gr 30 sm  281025 1254003.csv,10409,0,0.0,30.46,0.0,579.2,0.6416,1
ARDG_AQUA bream 390gr 26cm  281025 1325005.csv,10732,0,0.0,24.76,0.0,451.0,0.9678,1
ARDG_AQUA bream 580gr 30 sm  281025 1254003.csv,3919,0,0.0,28.94,0.0,595.6,0.9613,1
ARDG_AQUA bream556gr 30cm  281025 1500002.csv,3835,0,0.0,32.01,0.0,647.6,0.9719,1
ARDG_AQUA bream350 gr27cm  281025 1548002.csv,1789,1,27.0,27.55,350.0,448.8,0.9812,1
ARDG_AQUA bream 800gr 36cm  281025 1453002.csv,2787,0,0.0,36.63,0.0,792.5,0.9729,1
ARDG_AQUA bream 310gr 23 sm  281025 1233002.csv,6909,1,23.0,23.06,310.0,335.9,0.9609,1
ARDG_AQUA bream 680gr 33 sm  281025 1208003.csv,10838,1,33.0,33.45,680.0,678.6,0.9842,1
ARDG_AQUA bream 630gr 31cm  281025 1400002.csv,5860,1,31.0,29.77,630.0,643.4,0.9854,1
ARDG_AQUA bream 580gr 30 sm  281025 1254003.csv,2085,1,30.0,30.42,580.0,600.1,0.9749,1
ARDG_AQUA bream 800gr 36cm  281025 1453002.csv,3647,0,0.0,32.29,0.0,638.8,0.7142,1
ARDG_AQUA bream 310gr 23 sm  281025 1233002.csv,8807,1,23.0,23.63,310.0,308.0,0.9514,1
ARDG_AQUA bream 630gr 31cm  281025 1400002.csv,2851,1,31.0,31.36,630.0,621.7,0.9618,1
ARDG_AQUA bream 580gr 30 sm  281025 1254002.csv,7620,1,30.0,30.05,580.0,562.7,0.9746,1
ARDG_AQUA bream 580gr 30 sm  281025 1254003.csv,1031,1,30.0,29.04,580.0,568.2,0.9728,1
ARDG_AQUA bream 310gr 23 sm  281025 1233002.csv,2144,0,0.0,22.39,0.0,290.8,0.9037,1
ARDG_AQUA bream620 gr31cm  281025 1618004.csv,763,1,31.0,31.05,620.0,614.6,0.9142,1
ARDG_AQUA bream 150gr 21 sm  281025 1132002.csv,5285,1,21.0,20.87,150.0,141.2,0.9189,1
ARDG_AQUA bream 680gr 33 sm  281025 1208003.csv,3415,1,33.0,30.85,680.0,647.0,0.9883,1
ARDG_AQUA bream620 gr31cm  281025 1618004.csv,1342,1,31.0,31.34,620.0,633.2,0.8904,1
ARDG_AQUA bream630gr 32cm  281025 1500002.csv,4104,1,32.0,30.87,630.0,529.9,0.9686,1
ARDG_AQUA bream620 gr31cm  281025 1618003.csv,3974,1,31.0,31.52,620.0,593.0,0.9806,1
ARDG_AQUA bream630gr 32cm  281025 1500002.csv,3627,1,32.0,31.58,630.0,629.0,0.9495,1
ARDG_AQUA bream630gr 32cm  281025 1500002.csv,137,1,32.0,31.98,630.0,627.6,0.9561,1
ARDG_AQUA bream556gr 30cm  281025 1500002.csv,1115,0,0.0,31.91,0.0,564.6,0.9474,1
ARDG_AQUA bream 800gr 36cm  281025 1453002.csv,1741,0,0.0,34.29,0.0,734.7,0.958,1
ARDG_AQUA bream 390gr 26cm  281025 1325003.csv,8278,1,26.0,26.19,390.0,376.8,0.9611,1
ARDG_AQUA bream 630gr 31cm  281025 1400002.csv,5119,1,31.0,32.08,630.0,613.7,0.9799,1
ARDG_AQUA bream 580gr 30 sm  281025 1254003.csv,8084,0,0.0,30.96,0.0,541.9,0.8377,1
ARDG_AQUA bream620 gr31cm  281025 1618003.csv,8414,1,31.0,31.12,620.0,540.8,0.9774,1
ARDG_AQUA bream556gr 30cm  281025 1500002.csv,11923,0,0.0,33.55,0.0,756.0,0.985,1
ARDG_AQUA bream350 gr27cm  281025 1548002.csv,3692,1,27.0,27.2,350.0,348.7,0.9548,1
ARDG_AQUA bream 580gr 30 sm  281025 1254002.csv,9316,0,0.0,29.07,0.0,608.6,0.9733,1
ARDG_AQUA bream630gr 32cm  281025 1500002.csv,5021,1,32.0,31.73,630.0,628.9,0.9812,1
ARDG_AQUA bream 150gr 21 sm  281025 1132004.csv,10227,0,0.0,21.69,0.0,146.2,0.7321,1
ARDG_AQUA bream 580gr 30 sm  281025 1254002.csv,6195,1,30.0,31.21,580.0,582.4,0.9762,1
ARDG_AQUA bream 280gr 24cm  281025 1425002.csv,1401,0,0.0,28.95,0.0,628.3,0.9505,1
ARDG_AQUA bream 580gr 30 sm  281025 1254002.csv,298,1,30.0,28.35,580.0,570.6,0.9858,1
ARDG_AQUA bream 630gr 31cm  281025 1400002.csv,2475,1,31.0,30.18,630.0,626.8,0.9655,1
ARDG_AQUA bream 150gr 21 sm  281025 1132002.csv,2812,1,21.0,20.79,150.0,151.7,0.9395,1
ARDG_AQUA bream 390gr 26cm  281025 1325005.csv,1159,1,26.0,25.53,390.0,364.0,0.9762,1
ARDG_AQUA bream 630gr 31cm  281025 1400002.csv,1633,1,31.0,31.06,630.0,624.7,0.9612,1
ARDG_AQUA bream 390gr 26cm  281025 1325003.csv,7254,1,26.0,25.77,390.0,380.5,0.9689,1
ARDG_AQUA bream556gr 30cm  281025 1500002.csv,8889,0,0.0,29.74,0.0,495.9,0.9704,1
ARDG_AQUA bream350 gr27cm  281025 1548002.csv,3827,1,27.0,26.79,350.0,343.7,0.9476,1
ARDG_AQUA bream 580gr 30 sm  281025 1254003.csv,8984,1,30.0,29.78,580.0,560.3,0.9802,1
ARDG_AQUA bream 390gr 26cm  281025 1325003.csv,6680,1,26.0,26.33,390.0,385.4,0.9804,1
ARDG_AQUA bream 580gr 30 sm  281025 1254003.csv,4825,1,30.0,31.41,580.0,590.8,0.9647,1
ARDG_AQUA bream630gr 32cm  281025 1500002.csv,1467,1,32.0,30.9,630.0,603.9,0.9811,1
ARDG_AQUA bream500gr 30cm  281025 1500003.csv,4001,1,30.0,31.05,500.0,495.3,0.9583,1
ARDG_AQUA bream620 gr31cm  281025 1618003.csv,7649,1,31.0,33.76,620.0,679.1,0.9736,1
ARDG_AQUA bream556gr 30cm  281025 1500002.csv,4692,0,0.0,28.75,0.0,575.2,0.9472,1
ARDG_AQUA bream630gr 32cm  281025 1500002.csv,797,0,0.0,30.59,0.0,602.6,0.6844,1
ARDG_AQUA bream556gr 30cm  281025 1500002.csv,2207,0,0.0,30.81,0.0,562.3,0.969,1
ARDG_AQUA bream 150gr 21 sm  281025 1132004.csv,5128,1,21.0,20.82,150.0,142.8,0.9315,1
ARDG_AQUA bream 390gr 26cm  281025 1325005.csv,7957,1,26.0,26.07,390.0,377.6,0.9657,1
ARDG_AQUA bream630gr 32cm  281025 1500002.csv,5871,1,32.0,32.15,630.0,622.8,0.9712,1
ARDG_AQUA bream 630gr 31cm  281025 1400002.csv,5746,1,31.0,31.49,630.0,628.0,0.9771,1
ARDG_AQUA bream620 gr31cm  281025 1618003.csv,8336,1,31.0,31.34,620.0,611.1,0.977,1
ARDG_AQUA bream 630gr 31cm  281025 1400002.csv,2618,1,31.0,29.78,630.0,602.9,0.9886,1
ARDG_AQUA bream 580gr 30 sm  281025 1254003.csv,1417,0,0.0,30.3,0.0,551.2,0.948,1
ARDG_AQUA bream 390gr 26cm  281025 1325005.csv,8202,1,26.0,26.15,390.0,388.5,0.9611,1
ARDG_AQUA bream 630gr 31cm  281025 1400002.csv,8552,1,31.0,31.06,630.0,654.5,0.9904,1
ARDG_AQUA bream 580gr 30 sm  281025 1254002.csv,7435,1,30.0,29.31,580.0,567.9,0.9771,1
ARDG_AQUA bream 580gr 30 sm  281025 1254003.csv,5766,0,0.0,29.86,0.0,520.4,0.7367,1
ARDG_AQUA bream 680gr 33 sm  281025 1208003.csv,2751,1,33.0,32.37,680.0,644.2,0.9904,1
ARDG_AQUA bream 390gr 26cm  281025 1325005.csv,10719,0,0.0,27.17,0.0,452.6,0.9434,1
ARDG_AQUA bream350 gr27cm  281025 1548002.csv,3907,1,27.0,27.0,350.0,351.3,0.9606,1
ARDG_AQUA bream 150gr 21 sm  281025 1132004.csv,3431,1,21.0,20.82,150.0,146.8,0.9291,1
ARDG_AQUA bream556gr 30cm  281025 1500002.csv,11469,0,0.0,28.26,0.0,505.4,0.9534,1
ARDG_AQUA bream630gr 32cm  281025 1500002.csv,1303,1,32.0,31.63,630.0,615.9,0.9666,1
ARDG_AQUA bream630gr 32cm  281025 1500002.csv,884,1,32.0,32.0,630.0,638.7,0.9818,1
ARDG_AQUA bream 390gr 26cm  281025 1325005.csv,2375,1,26.0,26.28,390.0,376.0,0.9677,1
ARDG_AQUA bream 580gr 30 sm  281025 1254003.csv,4011,0,0.0,30.24,0.0,581.4,0.9606,1
ARDG_AQUA bream556gr 30cm  281025 1500002.csv,4009,1,30.0,30.79,556.0,585.4,0.9824,1
ARDG_AQUA bream 390gr 26cm  281025 1325003.csv,8574,1,26.0,26.81,390.0,384.0,0.968,1
ARDG_AQUA bream 630gr 31cm  281025 1400002.csv,5480,1,31.0,29.83,630.0,603.7,0.9771,1
ARDG_AQUA bream 310gr 23 sm  281025 1233002.csv,2421,1,23.0,22.78,310.0,302.4,0.8804,1
ARDG_AQUA bream620 gr31cm  281025 1618003.csv,11610,1,31.0,31.31,620.0,595.1,0.8552,1
ARDG_AQUA bream 580gr 30 sm  281025 1254003.csv,8086,0,0.0,30.74,0.0,537.2,0.5704,1
ARDG_AQUA bream556gr 30cm  281025 1500002.csv,6741,1,30.0,29.74,556.0,556.6,0.8416,1
ARDG_AQUA bream350 gr27cm  281025 1548002.csv,1326,1,27.0,27.1,350.0,345.4,0.9525,1
ARDG_AQUA bream 390gr 26cm  281025 1325005.csv,10736,0,0.0,24.04,0.0,434.9,0.9577,1
ARDG_AQUA bream150gr21cm  281025 1548002.csv,3145,1,21.0,21.41,150.0,155.3,0.9618,1
ARDG_AQUA bream 580gr 30 sm  281025 1254002.csv,7815,1,30.0,31.11,580.0,599.4,0.9835,1
ARDG_AQUA bream 580gr 30 sm  281025 1254003.csv,3694,1,30.0,29.55,580.0,579.0,0.9784,1
ARDG_AQUA bream556gr 30cm  281025 1500002.csv,10889,0,0.0,29.57,0.0,527.8,0.8164,1
ARDG_AQUA bream 310gr 23 sm  281025 1233002.csv,6413,1,23.0,23.91,310.0,316.2,0.9541,1
ARDG_AQUA bream556gr 30cm  281025 1500002.csv,11247,0,0.0,31.72,0.0,608.7,0.9464,1
ARDG_AQUA bream 390gr 26cm  281025 1325005.csv,8116,1,26.0,25.63,390.0,363.1,0.928,1
ARDG_AQUA bream500gr 30cm  281025 1500002.csv,1927,1,30.0,29.22,500.0,558.0,0.9852,1
ARDG_AQUA bream 580gr 30 sm  281025 1254003.csv,10029,1,30.0,30.65,580.0,529.2,0.9707,1
ARDG_AQUA bream 580gr 30 sm  281025 1254002.csv,10588,1,30.0,30.11,580.0,585.7,0.9567,1
ARDG_AQUA bream 390gr 26cm  281025 1325003.csv,11229,1,26.0,26.62,390.0,391.9,0.8241,1
ARDG_AQUA bream 390gr 26cm  281025 1325005.csv,4181,1,26.0,26.76,390.0,395.4,0.973,1
ARDG_AQUA bream500gr 30cm  281025 1500002.csv,11322,1,30.0,29.9,500.0,498.9,0.9741,1
ARDG_AQUA bream 310gr 23 sm  281025 1233002.csv,7017,1,23.0,24.31,310.0,382.7,0.9783,1
ARDG_AQUA bream 580gr 30 sm  281025 1254002.csv,9037,0,0.0,30.78,0.0,582.4,0.8344,1
ARDG_AQUA bream556gr 30cm  281025 1500002.csv,7373,0,0.0,29.68,0.0,556.0,0.5117,1
ARDG_AQUA bream 580gr 30 sm  281025 1254002.csv,3669,1,30.0,28.22,580.0,468.5,0.9784,1
ARDG_AQUA bream 680gr 33 sm  281025 1208003.csv,5014,1,33.0,32.1,680.0,628.8,0.9832,1
ARDG_AQUA bream 390gr 26cm  281025 1325005.csv,2200,1,26.0,26.37,390.0,384.3,0.9522,1
ARDG_AQUA bream 390gr 26cm  281025 1325005.csv,7811,1,26.0,27.8,390.0,406.8,0.9724,1
ARDG_AQUA bream350 gr27cm  281025 1548002.csv,567,1,27.0,28.42,350.0,391.5,0.9732,1
ARDG_AQUA bream 390gr 26cm  281025 1325005.csv,8481,1,26.0,26.35,390.0,402.4,0.9542,1
ARDG_AQUA bream 310gr 23 sm  281025 1233002.csv,6859,1,23.0,22.47,310.0,300.9,0.9641,1
ARDG_AQUA bream 150gr 21 sm  281025 1132002.csv,5435,1,21.0,20.46,150.0,151.2,0.9033,1
ARDG_AQUA bream 390gr 26cm  281025 1325003.csv,10521,1,26.0,26.44,390.0,372.4,0.9494,1
ARDG_AQUA bream 800gr 36cm  281025 1453002.csv,3503,1,36.0,35.93,800.0,784.7,0.9858,1
ARDG_AQUA bream 580gr 30 sm  281025 1254003.csv,9374,1,30.0,30.19,580.0,558.8,0.9783,1
ARDG_AQUA bream556gr 30cm  281025 1500002.csv,11377,1,30.0,29.62,556.0,543.0,0.9702,1
ARDG_AQUA bream 580gr 30 sm  281025 1254003.csv,1796,0,0.0,30.38,0.0,616.7,0.9742,1
ARDG_AQUA bream350 gr27cm  281025 1548002.csv,1466,1,27.0,26.94,350.0,342.2,0.9457,1
ARDG_AQUA bream 680gr 33 sm  281025 1208003.csv,3985,1,33.0,32.03,680.0,673.1,0.9865,1
ARDG_AQUA bream556gr 30cm  281025 1500002.csv,11465,0,0.0,28.09,0.0,488.3,0.9417,1
ARDG_AQUA bream 310gr 23 sm  281025 1233002.csv,3438,1,23.0,22.57,310.0,309.8,0.9308,1
ARDG_AQUA bream 150gr 21 sm  281025 1132002.csv,7811,1,21.0,20.52,150.0,140.8,0.9415,1
ARDG_AQUA bream350 gr27cm  281025 1548002.csv,5296,1,27.0,26.19,350.0,344.7,0.949,1
ARDG_AQUA bream 390gr 26cm  281025 1325005.csv,7670,1,26.0,25.93,390.0,379.1,0.9782,1
ARDG_AQUA bream150gr21cm  281025 1548002.csv,2302,1,21.0,22.13,150.0,242.4,0.9518,1
ARDG_AQUA bream 580gr 30 sm  281025 1254002.csv,11356,1,30.0,30.0,580.0,566.8,0.9668,1
ARDG_AQUA bream 680gr 33 sm  281025 1208003.csv,6343,1,33.0,32.59,680.0,675.9,0.9839,1
ARDG_AQUA bream556gr 30cm  281025 1500002.csv,5776,0,0.0,29.54,0.0,511.6,0.9595,1
ARDG_AQUA bream 580gr 30 sm  281025 1254002.csv,5191,1,30.0,29.73,580.0,590.9,0.9601,1
ARDG_AQUA bream556gr 30cm  281025 1500002.csv,10152,0,0.0,30.4,0.0,584.9,0.9366,1
ARDG_AQUA bream556gr 30cm  281025 1500002.csv,5629,0,0.0,30.06,0.0,554.4,0.9516,1
ARDG_AQUA bream 580gr 30 sm  281025 1254003.csv,2238,0,0.0,29.75,0.0,528.0,0.9612,1
ARDG_AQUA bream500gr 30cm  281025 1500003.csv,1024,1,30.0,28.84,500.0,490.0,0.9669,1
ARDG_AQUA bream 630gr 31cm  281025 1400002.csv,10628,1,31.0,30.11,630.0,644.2,0.9655,1
ARDG_AQUA bream 680gr 33 sm  281025 1208003.csv,4383,1,33.0,33.1,680.0,675.9,0.9898,1
ARDG_AQUA bream 630gr 31cm  281025 1400002.csv,7254,1,31.0,30.19,630.0,650.3,0.9836,1
ARDG_AQUA bream 310gr 23 sm  281025 1233002.csv,2132,0,0.0,22.23,0.0,305.0,0.6582,1
ARDG_AQUA bream556gr 30cm  281025 1500002.csv,6117,1,30.0,29.9,556.0,531.9,0.9734,1
ARDG_AQUA bream150gr21cm  281025 1548002.csv,6588,1,21.0,22.19,150.0,165.1,0.9464,1
ARDG_AQUA bream620 gr31cm  281025 1618003.csv,8567,1,31.0,31.44,620.0,616.3,0.9648,1
ARDG_AQUA bream 280gr 24cm  281025 1425002.csv,1232,0,0.0,25.27,0.0,336.5,0.9414,1
ARDG_AQUA bream620 gr31cm  281025 1618003.csv,11932,1,31.0,31.11,620.0,619.8,0.9559,1
ARDG_AQUA bream630gr 32cm  281025 1500002.csv,4255,1,32.0,32.01,630.0,624.4,0.9727,1
ARDG_AQUA bream 680gr 33 sm  281025 1208003.csv,2896,1,33.0,32.5,680.0,676.6,0.9852,1
ARDG_AQUA bream 680gr 33 sm  281025 1208003.csv,6206,1,33.0,32.99,680.0,665.8,0.9897,1
ARDG_AQUA bream556gr 30cm  281025 1500002.csv,8266,0,0.0,30.08,0.0,514.8,0.8804,1
ARDG_AQUA bream 680gr 33 sm  281025 1208003.csv,2827,1,33.0,32.78,680.0,676.9,0.9829,1
ARDG_AQUA bream 580gr 30 sm  281025 1254002.csv,4233,1,30.0,30.18,580.0,584.1,0.9722,1
ARDG_AQUA bream620 gr31cm  281025 1618003.csv,8918,1,31.0,31.72,620.0,623.0,0.9611,1
ARDG_AQUA bream 680gr 33 sm  281025 1208003.csv,3067,1,33.0,32.59,680.0,667.9,0.9921,1
ARDG_AQUA bream350 gr27cm  281025 1548002.csv,457,1,27.0,26.78,350.0,346.7,0.9611,1
ARDG_AQUA bream 580gr 30 sm  281025 1254003.csv,1938,0,0.0,29.28,0.0,549.8,0.9237,1
ARDG_AQUA bream500gr 30cm  281025 1500003.csv,2854,1,30.0,29.42,500.0,494.9,0.9686,1
ARDG_AQUA bream556gr 30cm  281025 1500002.csv,11737,0,0.0,31.0,0.0,553.6,0.9654,1
ARDG_AQUA bream 150gr 21 sm  281025 1132002.csv,6134,1,21.0,20.9,150.0,141.9,0.9287,1
ARDG_AQUA bream556gr 30cm  281025 1500002.csv,7923,0,0.0,30.03,0.0,563.2,0.6608,1
ARDG_AQUA bream 680gr 33 sm  281025 1208003.csv,2552,1,33.0,32.42,680.0,665.6,0.9879,1
ARDG_AQUA bream 280gr 24cm  281025 1425002.csv,4877,1,24.0,24.06,280.0,270.6,0.9653,1
ARDG_AQUA bream 280gr 24cm  281025 1425002.csv,3256,1,24.0,23.7,280.0,276.3,0.9573,1
ARDG_AQUA bream 580gr 30 sm  281025 1254003.csv,2253,0,0.0,27.03,0.0,431.0,0.9194,1
ARDG_AQUA bream 580gr 30 sm  281025 1254002.csv,6812,1,30.0,29.95,580.0,615.2,0.96,1
ARDG_AQUA bream 630gr 31cm  281025 1400002.csv,10972,1,31.0,28.53,630.0,559.9,0.9805,1
ARDG_AQUA bream556gr 30cm  281025 1500003.csv,558,1,30.0,29.36,556.0,547.4,0.969,1
ARDG_AQUA bream620 gr31cm  281025 1618003.csv,11771,1,31.0,30.39,620.0,609.7,0.9631,1
ARDG_AQUA bream556gr 30cm  281025 1500002.csv,1214,0,0.0,31.65,0.0,650.9,0.9808,1
ARDG_AQUA bream 580gr 30 sm  281025 1254002.csv,4811,1,30.0,30.72,580.0,575.6,0.9743,1
ARDG_AQUA bream 310gr 23 sm  281025 1233002.csv,1320,1,23.0,25.2,310.0,401.1,0.9665,1
ARDG_AQUA bream556gr 30cm  281025 1500002.csv,5768,0,0.0,29.28,0.0,536.2,0.8439,1
ARDG_AQUA bream556gr 30cm  281025 1500002.csv,1546,0,0.0,30.9,0.0,559.6,0.9689,1
ARDG_AQUA bream 580gr 30 sm  281025 1254002.csv,3757,1,30.0,29.92,580.0,561.3,0.9595,1
ARDG_AQUA bream 800gr 36cm  281025 1453002.csv,4254,0,0.0,36.18,0.0,743.7,0.6018,1
ARDG_AQUA bream 800gr 36cm  281025 1453002.csv,336,0,0.0,32.41,0.0,710.2,0.9716,1
ARDG_AQUA bream 580gr 30 sm  281025 1254002.csv,8851,1,30.0,29.96,580.0,589.2,0.9805,1
ARDG_AQUA bream 580gr 30 sm  281025 1254002.csv,7966,1,30.0,29.78,580.0,609.6,0.9741,1
ARDG_AQUA bream 390gr 26cm  281025 1325005.csv,2852,1,26.0,26.71,390.0,386.5,0.9665,1
ARDG_AQUA bream630gr 32cm  281025 1500002.csv,5123,0,0.0,29.74,0.0,460.4,0.6744,1
ARDG_AQUA bream 280gr 24cm  281025 1425002.csv,1376,0,0.0,25.51,0.0,391.8,0.5875,1
ARDG_AQUA bream620 gr31cm  281025 1618003.csv,8725,1,31.0,30.7,620.0,562.9,0.9789,1
ARDG_AQUA bream 280gr 24cm  281025 1425002.csv,1306,0,0.0,25.36,0.0,311.8,0.7775,1
ARDG_AQUA bream150gr21cm  281025 1548002.csv,756,1,21.0,22.5,150.0,154.1,0.9199,1
ARDG_AQUA bream556gr 30cm  281025 1500002.csv,685,0,0.0,31.79,0.0,627.5,0.6039,1
ARDG_AQUA bream 580gr 30 sm  281025 1254003.csv,6509,0,0.0,30.52,0.0,533.1,0.9167,1
ARDG_AQUA bream 390gr 26cm  281025 1325005.csv,1246,1,26.0,26.3,390.0,391.9,0.9634,1
ARDG_AQUA bream 280gr 24cm  281025 1425002.csv,2818,1,24.0,24.05,280.0,272.6,0.9534,1
ARDG_AQUA bream 680gr 33 sm  281025 1208003.csv,10639,1,33.0,32.75,680.0,676.9,0.9794,1
ARDG_AQUA bream 800gr 36cm  281025 1453002.csv,2140,1,36.0,35.76,800.0,795.5,0.9767,1
ARDG_AQUA bream556gr 30cm  281025 1500002.csv,7848,0,0.0,29.78,0.0,523.7,0.965,1
ARDG_AQUA bream 580gr 30 sm  281025 1254002.csv,8363,1,30.0,30.05,580.0,549.2,0.9786,1
ARDG_AQUA bream150gr21cm  281025 1548002.csv,5022,1,21.0,22.93,150.0,170.6,0.9175,1
ARDG_AQUA bream 580gr 30 sm  281025 1254003.csv,3938,0,0.0,28.48,0.0,483.8,0.84,1
ARDG_AQUA bream 680gr 33 sm  281025 1208003.csv,4695,1,33.0,32.67,680.0,669.6,0.9844,1
ARDG_AQUA bream 580gr 30 sm  281025 1254003.csv,4726,0,0.0,31.9,0.0,616.8,0.8772,1
ARDG_AQUA bream620 gr31cm  281025 1618004.csv,1688,1,31.0,30.93,620.0,620.7,0.8648,1
ARDG_AQUA bream 280gr 24cm  281025 1425002.csv,972,1,24.0,24.53,280.0,297.6,0.9526,1
ARDG_AQUA bream 150gr 21 sm  281025 1132004.csv,4198,1,21.0,20.88,150.0,141.6,0.9479,1
ARDG_AQUA bream150gr21cm  281025 1548002.csv,7936,1,21.0,23.4,150.0,289.3,0.9236,1
ARDG_AQUA bream 800gr 36cm  281025 1453002.csv,1595,0,0.0,31.31,0.0,657.3,0.9831,1
ARDG_AQUA bream556gr 30cm  281025 1500002.csv,567,0,0.0,29.53,0.0,558.8,0.9701,1
ARDG_AQUA bream556gr 30cm  281025 1500002.csv,10810,0,0.0,30.66,0.0,567.9,0.9632,1
ARDG_AQUA bream556gr 30cm  281025 1500002.csv,337,0,0.0,30.92,0.0,554.3,0.9637,1
ARDG_AQUA bream 390gr 26cm  281025 1325005.csv,10144,1,26.0,25.82,390.0,368.2,0.8297,1
ARDG_AQUA bream 390gr 26cm  281025 1325003.csv,9172,1,26.0,26.1,390.0,390.3,0.9694,1
ARDG_AQUA bream 310gr 23 sm  281025 1233002.csv,2711,1,23.0,25.47,310.0,387.9,0.9574,1
ARDG_AQUA bream620 gr31cm  281025 1618003.csv,8798,1,31.0,31.92,620.0,648.1,0.973,1
ARDG_AQUA bream 580gr 30 sm  281025 1254003.csv,6428,1,30.0,30.27,580.0,591.6,0.9715,1
ARDG_AQUA bream 800gr 36cm  281025 1453002.csv,899,0,0.0,34.46,0.0,761.6,0.98,1
ARDG_AQUA bream 580gr 30 sm  281025 1254002.csv,542,1,30.0,29.32,580.0,589.6,0.9727,1
ARDG_AQUA bream 580gr 30 sm  281025 1254002.csv,11121,1,30.0,28.75,580.0,547.1,0.9846,1
ARDG_AQUA bream 580gr 30 sm  281025 1254002.csv,11418,1,30.0,30.73,580.0,590.5,0.9628,1
ARDG_AQUA bream 800gr 36cm  281025 1453002.csv,346,0,0.0,28.44,0.0,498.3,0.9222,1
ARDG_AQUA bream500gr 30cm  281025 1500002.csv,7812,1,30.0,26.91,500.0,399.2,0.9235,1
ARDG_AQUA bream 580gr 30 sm  281025 1254002.csv,4300,1,30.0,29.2,580.0,573.6,0.9779,1
ARDG_AQUA bream 680gr 33 sm  281025 1208003.csv,1441,1,33.0,32.47,680.0,675.7,0.991,1
ARDG_AQUA bream 390gr 26cm  281025 1325003.csv,8894,1,26.0,27.27,390.0,396.1,0.9485,1
ARDG_AQUA bream 680gr 33 sm  281025 1208003.csv,10785,1,33.0,33.34,680.0,669.4,0.9834,1
ARDG_AQUA bream 580gr 30 sm  281025 1254003.csv,2300,0,0.0,29.72,0.0,547.0,0.9785,1
ARDG_AQUA bream 310gr 23 sm  281025 1233002.csv,11880,1,23.0,22.8,310.0,304.3,0.9726,1
ARDG_AQUA bream630gr 32cm  281025 1500002.csv,4167,1,32.0,32.2,630.0,614.3,0.9803,1
ARDG_AQUA bream 150gr 21 sm  281025 1132004.csv,1068,1,21.0,20.8,150.0,147.3,0.8996,1
ARDG_AQUA bream 310gr 23 sm  281025 1233002.csv,11249,1,23.0,23.02,310.0,289.5,0.9609,1
ARDG_AQUA bream 390gr 26cm  281025 1325005.csv,6815,1,26.0,24.28,390.0,389.5,0.7976,1
ARDG_AQUA bream500gr 30cm  281025 1500003.csv,258,1,30.0,30.58,500.0,522.5,0.9441,1
ARDG_AQUA bream 580gr 30 sm  281025 1254003.csv,2006,0,0.0,30.76,0.0,623.8,0.9617,1
ARDG_AQUA bream630gr 32cm  281025 1500002.csv,593,1,32.0,31.47,630.0,617.8,0.9859,1
ARDG_AQUA bream 630gr 31cm  281025 1400002.csv,10751,1,31.0,31.32,630.0,602.5,0.7603,1
ARDG_AQUA bream 390gr 26cm  281025 1325003.csv,8073,1,26.0,27.59,390.0,451.3,0.9522,1
ARDG_AQUA bream350 gr27cm  281025 1548002.csv,2351,1,27.0,26.13,350.0,348.0,0.9758,1
ARDG_AQUA bream 150gr 21 sm  281025 1132004.csv,2951,0,0.0,20.48,0.0,145.6,0.8304,1
ARDG_AQUA bream500gr 30cm  281025 1500002.csv,10884,1,30.0,29.48,500.0,492.6,0.8472,1
ARDG_AQUA bream 580gr 30 sm  281025 1254002.csv,9305,0,0.0,28.4,0.0,645.2,0.9418,1
ARDG_AQUA bream150gr21cm  281025 1548002.csv,1005,0,0.0,23.47,0.0,265.0,0.5705,1
ARDG_AQUA bream 390gr 26cm  281025 1325005.csv,8300,1,26.0,26.08,390.0,393.9,0.9729,1
ARDG_AQUA bream556gr 30cm  281025 1500002.csv,2889,0,0.0,31.33,0.0,559.6,0.8362,1
ARDG_AQUA bream556gr 30cm  281025 1500002.csv,8633,0,0.0,29.94,0.0,549.2,0.9863,1
ARDG_AQUA bream 630gr 31cm  281025 1400002.csv,9044,1,31.0,30.63,630.0,609.3,0.9196,1
ARDG_AQUA bream556gr 30cm  281025 1500002.csv,10644,0,0.0,30.77,0.0,583.3,0.778,1
ARDG_AQUA bream 580gr 30 sm  281025 1254003.csv,8628,1,30.0,35.39,580.0,704.7,0.9915,1
ARDG_AQUA bream 580gr 30 sm  281025 1254003.csv,7144,0,0.0,29.2,0.0,549.9,0.6163,1
ARDG_AQUA bream 390gr 26cm  281025 1325005.csv,7279,1,26.0,25.73,390.0,395.1,0.9706,1
ARDG_AQUA bream 390gr 26cm  281025 1325005.csv,11333,1,26.0,25.52,390.0,385.5,0.9647,1
ARDG_AQUA bream556gr 30cm  281025 1500002.csv,5245,0,0.0,29.11,0.0,528.8,0.9759,1
ARDG_AQUA bream 390gr 26cm  281025 1325003.csv,10096,1,26.0,25.75,390.0,386.8,0.9454,1
ARDG_AQUA bream500gr 30cm  281025 1500003.csv,2957,1,30.0,30.83,500.0,625.5,0.8221,1
ARDG_AQUA bream 680gr 33 sm  281025 1208003.csv,2684,1,33.0,30.91,680.0,681.9,0.9909,1
ARDG_AQUA bream 680gr 33 sm  281025 1208003.csv,183,1,33.0,33.38,680.0,656.8,0.9875,1
ARDG_AQUA bream 630gr 31cm  281025 1400002.csv,4220,1,31.0,30.76,630.0,613.7,0.9777,1
ARDG_AQUA bream620 gr31cm  281025 1618003.csv,10548,1,31.0,31.71,620.0,618.4,0.9336,1
ARDG_AQUA bream 800gr 36cm  281025 1453002.csv,3880,0,0.0,34.51,0.0,739.0,0.9103,1
ARDG_AQUA bream150gr21cm  281025 1548002.csv,4034,1,21.0,21.35,150.0,151.0,0.922,1
ARDG_AQUA bream 800gr 36cm  281025 1453002.csv,994,1,36.0,35.46,800.0,791.8,0.9792,1
ARDG_AQUA bream556gr 30cm  281025 1500002.csv,10819,0,0.0,27.57,0.0,444.6,0.7085,1
ARDG_AQUA bream 390gr 26cm  281025 1325003.csv,7984,1,26.0,26.38,390.0,380.2,0.9712,1
ARDG_AQUA bream150gr21cm  281025 1548002.csv,3700,1,21.0,21.36,150.0,145.3,0.9356,1
ARDG_AQUA bream 150gr 21 sm  281025 1132004.csv,9922,1,21.0,20.8,150.0,141.2,0.9388,1
ARDG_AQUA bream 630gr 31cm  281025 1400002.csv,8072,1,31.0,28.98,630.0,479.5,0.9629,1
ARDG_AQUA bream150gr21cm  281025 1548002.csv,1817,0,0.0,22.81,0.0,250.6,0.6011,1
ARDG_AQUA bream 580gr 30 sm  281025 1254003.csv,10235,0,0.0,28.74,0.0,489.3,0.7699,1
ARDG_AQUA bream500gr 30cm  281025 1500002.csv,2349,1,30.0,30.21,500.0,533.3,0.975,1
ARDG_AQUA bream630gr 32cm  281025 1500002.csv,4539,1,32.0,32.01,630.0,627.1,0.9773,1
ARDG_AQUA bream630gr 32cm  281025 1500002.csv,5550,1,32.0,32.15,630.0,622.7,0.9642,1
ARDG_AQUA bream500gr 30cm  281025 1500002.csv,8872,1,30.0,29.96,500.0,522.5,0.9392,1
ARDG_AQUA bream 680gr 33 sm  281025 1208003.csv,2214,1,33.0,33.03,680.0,680.6,0.9852,1
ARDG_AQUA bream350 gr27cm  281025 1548002.csv,62,1,27.0,26.67,350.0,354.0,0.9554,1
ARDG_AQUA bream150gr21cm  281025 1548002.csv,2798,1,21.0,21.62,150.0,145.8,0.933,1
ARDG_AQUA bream 280gr 24cm  281025 1425002.csv,3321,1,24.0,23.72,280.0,271.6,0.9709,1
ARDG_AQUA bream 390gr 26cm  281025 1325005.csv,10741,0,0.0,24.4,0.0,434.2,0.9209,1
ARDG_AQUA bream 150gr 21 sm  281025 1132004.csv,1241,1,21.0,21.14,150.0,140.4,0.918,1
ARDG_AQUA bream 150gr 21 sm  281025 1132004.csv,9995,0,0.0,21.37,0.0,134.1,0.6992,1
ARDG_AQUA bream620 gr31cm  281025 1618003.csv,7133,1,31.0,29.37,620.0,548.0,0.8779,1
ARDG_AQUA bream 390gr 26cm  281025 1325005.csv,10406,0,0.0,20.18,0.0,183.9,0.5493,1
ARDG_AQUA bream 630gr 31cm  281025 1400002.csv,10518,1,31.0,30.99,630.0,647.4,0.9632,1
ARDG_AQUA bream 630gr 31cm  281025 1400002.csv,9153,1,31.0,31.34,630.0,620.6,0.962,1
ARDG_AQUA bream620 gr31cm  281025 1618003.csv,5400,1,31.0,31.35,620.0,606.2,0.9743,1
ARDG_AQUA bream620 gr31cm  281025 1618003.csv,9818,1,31.0,31.63,620.0,629.3,0.9666,1
ARDG_AQUA bream 390gr 26cm  281025 1325003.csv,10225,1,26.0,26.56,390.0,379.1,0.9731,1
ARDG_AQUA bream 580gr 30 sm  281025 1254002.csv,10192,1,30.0,28.13,580.0,480.6,0.9718,1
ARDG_AQUA bream 800gr 36cm  281025 1453002.csv,392,0,0.0,35.03,0.0,741.9,0.9778,1
ARDG_AQUA bream630gr 32cm  281025 1500002.csv,58,0,0.0,29.7,0.0,525.4,0.9774,1
ARDG_AQUA bream556gr 30cm  281025 1500002.csv,9919,0,0.0,28.76,0.0,516.2,0.9498,1
ARDG_AQUA bream630gr 32cm  281025 1500002.csv,5474,1,32.0,32.1,630.0,618.9,0.953,1
ARDG_AQUA bream 280gr 24cm  281025 1425002.csv,1230,0,0.0,25.21,0.0,351.7,0.94,1
ARDG_AQUA bream556gr 30cm  281025 1500002.csv,1558,0,0.0,29.04,0.0,528.5,0.8321,1
ARDG_AQUA bream 150gr 21 sm  281025 1132002.csv,2718,1,21.0,20.56,150.0,147.7,0.9319,1
ARDG_AQUA bream 390gr 26cm  281025 1325005.csv,3012,1,26.0,26.4,390.0,383.8,0.9677,1
ARDG_AQUA bream 310gr 23 sm  281025 1233002.csv,2981,1,23.0,23.54,310.0,298.6,0.8937,1
ARDG_AQUA bream556gr 30cm  281025 1500002.csv,7648,0,0.0,31.31,0.0,607.0,0.9658,1
ARDG_AQUA bream 390gr 26cm  281025 1325005.csv,3527,1,26.0,25.4,390.0,399.9,0.9795,1
ARDG_AQUA bream 580gr 30 sm  281025 1254002.csv,5650,1,30.0,30.28,580.0,586.5,0.9738,1
ARDG_AQUA bream556gr 30cm  281025 1500002.csv,10716,1,30.0,30.05,556.0,534.0,0.9659,1
ARDG_AQUA bream 680gr 33 sm  281025 1208003.csv,5738,1,33.0,32.49,680.0,672.7,0.9826,1
ARDG_AQUA bream 390gr 26cm  281025 1325005.csv,2620,1,26.0,27.03,390.0,447.7,0.9708,1
ARDG_AQUA bream620 gr31cm  281025 1618003.csv,10715,1,31.0,31.94,620.0,614.9,0.9652,1
ARDG_AQUA bream556gr 30cm  281025 1500002.csv,5864,1,30.0,30.11,556.0,565.0,0.982,1
ARDG_AQUA bream500gr 30cm  281025 1500003.csv,2595,1,30.0,28.13,500.0,488.1,0.9783,1
ARDG_AQUA bream500gr 30cm  281025 1500002.csv,4492,1,30.0,30.15,500.0,473.5,0.966,1
ARDG_AQUA bream 800gr 36cm  281025 1453002.csv,560,0,0.0,36.64,0.0,768.5,0.9208,1
ARDG_AQUA bream 680gr 33 sm  281025 1208003.csv,9631,1,33.0,32.29,680.0,664.2,0.988,1
ARDG_AQUA bream 310gr 23 sm  281025 1233002.csv,2135,0,0.0,22.84,0.0,322.4,0.802,1
ARDG_AQUA bream556gr 30cm  281025 1500002.csv,1541,0,0.0,30.86,0.0,584.1,0.9711,1
ARDG_AQUA bream556gr 30cm  281025 1500002.csv,11257,0,0.0,32.99,0.0,625.5,0.5576,1
ARDG_AQUA bream150gr21cm  281025 1548002.csv,2409,1,21.0,23.37,150.0,256.7,0.9504,1
ARDG_AQUA bream630gr 32cm  281025 1500002.csv,522,1,32.0,34.21,630.0,696.1,0.9837,1
ARDG_AQUA bream 310gr 23 sm  281025 1233002.csv,3734,1,23.0,22.98,310.0,325.4,0.9613,1
ARDG_AQUA bream556gr 30cm  281025 1500002.csv,1918,0,0.0,28.4,0.0,500.6,0.9686,1
ARDG_AQUA bream 630gr 31cm  281025 1400002.csv,7357,1,31.0,30.35,630.0,614.7,0.6933,1
ARDG_AQUA bream630gr 32cm  281025 1500002.csv,4869,1,32.0,31.84,630.0,620.6,0.9704,1
ARDG_AQUA bream350 gr27cm  281025 1548002.csv,5691,1,27.0,26.11,350.0,380.0,0.8541,1
ARDG_AQUA bream 390gr 26cm  281025 1325005.csv,8541,1,26.0,26.67,390.0,425.9,0.977,1
ARDG_AQUA bream 390gr 26cm  281025 1325005.csv,2737,1,26.0,26.53,390.0,393.8,0.9812,1
ARDG_AQUA bream 340gr 27cm  281025 1415002.csv,894,0,0.0,25.67,0.0,391.3,0.9024,1
ARDG_AQUA bream 800gr 36cm  281025 1453002.csv,90,1,36.0,35.44,800.0,794.3,0.9894,1
ARDG_AQUA bream556gr 30cm  281025 1500002.csv,541,0,0.0,28.14,0.0,506.9,0.5694,1
ARDG_AQUA bream 680gr 33 sm  281025 1208003.csv,10514,1,33.0,33.24,680.0,752.6,0.9777,1
ARDG_AQUA bream 680gr 33 sm  281025 1208003.csv,1618,1,33.0,32.02,680.0,667.6,0.9786,1
ARDG_AQUA bream556gr 30cm  281025 1500002.csv,1550,0,0.0,30.02,0.0,555.5,0.9727,1
ARDG_AQUA bream 800gr 36cm  281025 1453002.csv,496,0,0.0,32.37,0.0,727.2,0.9362,1
ARDG_AQUA bream 680gr 33 sm  281025 1208003.csv,8596,1,33.0,32.53,680.0,674.4,0.992,1
ARDG_AQUA bream 390gr 26cm  281025 1325003.csv,11082,1,26.0,26.15,390.0,382.2,0.9641,1
ARDG_AQUA bream 580gr 30 sm  281025 1254003.csv,1185,0,0.0,29.96,0.0,597.5,0.9712,1
ARDG_AQUA bream 310gr 23 sm  281025 1233002.csv,11336,1,23.0,23.75,310.0,306.6,0.9707,1
ARDG_AQUA bream 800gr 36cm  281025 1453002.csv,2034,1,36.0,34.74,800.0,795.3,0.9872,1
ARDG_AQUA bream 390gr 26cm  281025 1325005.csv,4720,1,26.0,26.08,390.0,402.1,0.9611,1
ARDG_AQUA bream 800gr 36cm  281025 1453002.csv,4358,1,36.0,35.62,800.0,772.6,0.9818,1
ARDG_AQUA bream556gr 30cm  281025 1500002.csv,2318,0,0.0,29.82,0.0,559.1,0.9635,1
ARDG_AQUA bream620 gr31cm  281025 1618003.csv,4064,1,31.0,30.61,620.0,613.4,0.9732,1
ARDG_AQUA bream 150gr 21 sm  281025 1132004.csv,6723,1,21.0,21.19,150.0,154.6,0.951,1
ARDG_AQUA bream630gr 32cm  281025 1500002.csv,2795,1,32.0,31.74,630.0,636.8,0.9701,1
ARDG_AQUA bream 390gr 26cm  281025 1325005.csv,4491,1,26.0,26.46,390.0,383.6,0.9769,1
ARDG_AQUA bream556gr 30cm  281025 1500002.csv,9334,0,0.0,28.88,0.0,555.5,0.9139,1
ARDG_AQUA bream 150gr 21 sm  281025 1132004.csv,10495,0,0.0,20.91,0.0,140.6,0.7297,1
ARDG_AQUA bream 580gr 30 sm  281025 1254003.csv,3345,1,30.0,29.48,580.0,554.3,0.9658,1
ARDG_AQUA bream 390gr 26cm  281025 1325005.csv,3328,1,26.0,26.57,390.0,413.8,0.976,1
ARDG_AQUA bream 150gr 21 sm  281025 1132002.csv,9589,1,21.0,20.6,150.0,143.2,0.9658,1
ARDG_AQUA bream 280gr 24cm  281025 1425002.csv,1114,1,24.0,23.78,280.0,271.2,0.9731,1
ARDG_AQUA bream350 gr27cm  281025 1548002.csv,3562,1,27.0,27.45,350.0,400.3,0.9493,1
ARDG_AQUA bream556gr 30cm  281025 1500002.csv,3551,0,0.0,30.19,0.0,552.4,0.7418,1
ARDG_AQUA bream 800gr 36cm  281025 1453002.csv,2484,1,36.0,35.44,800.0,790.5,0.986,1
ARDG_AQUA bream630gr 32cm  281025 1500002.csv,3814,1,32.0,31.51,630.0,617.7,0.9766,1
ARDG_AQUA bream 680gr 33 sm  281025 1208003.csv,10151,1,33.0,33.75,680.0,718.2,0.9908,1
ARDG_AQUA bream 310gr 23 sm  281025 1233002.csv,9192,1,23.0,23.11,310.0,298.8,0.9791,1
ARDG_AQUA bream 580gr 30 sm  281025 1254003.csv,4652,1,30.0,30.25,580.0,577.6,0.9569,1
ARDG_AQUA bream620 gr31cm  281025 1618004.csv,140,1,31.0,30.23,620.0,528.5,0.9547,1
ARDG_AQUA bream 150gr 21 sm  281025 1132004.csv,8812,1,21.0,20.8,150.0,140.4,0.9152,1
ARDG_AQUA bream 150gr 21 sm  281025 1132004.csv,11024,0,0.0,21.28,0.0,140.3,0.5415,1
ARDG_AQUA bream 390gr 26cm  281025 1325003.csv,7638,1,26.0,26.41,390.0,370.6,0.9664,1
ARDG_AQUA bream 580gr 30 sm  281025 1254003.csv,2569,0,0.0,30.57,0.0,612.1,0.9744,1
ARDG_AQUA bream 580gr 30 sm  281025 1254003.csv,8066,0,0.0,27.6,0.0,463.0,0.8979,1
ARDG_AQUA bream556gr 30cm  281025 1500002.csv,4626,0,0.0,31.69,0.0,591.6,0.963,1
ARDG_AQUA bream 680gr 33 sm  281025 1208003.csv,7507,1,33.0,32.5,680.0,669.2,0.9944,1
ARDG_AQUA bream500gr 30cm  281025 1500002.csv,321,1,30.0,30.14,500.0,488.7,0.9552,1
ARDG_AQUA bream 580gr 30 sm  281025 1254003.csv,9143,1,30.0,29.91,580.0,637.5,0.9785,1
ARDG_AQUA bream 150gr 21 sm  281025 1132002.csv,8730,1,21.0,20.86,150.0,150.3,0.9268,1
ARDG_AQUA bream630gr 32cm  281025 1500002.csv,1550,1,32.0,31.88,630.0,618.6,0.9819,1
ARDG_AQUA bream556gr 30cm  281025 1500002.csv,7780,0,0.0,30.18,0.0,558.1,0.7322,1
ARDG_AQUA bream 680gr 33 sm  281025 1208003.csv,10050,1,33.0,32.5,680.0,671.0,0.9803,1
ARDG_AQUA bream 390gr 26cm  281025 1325005.csv,10724,0,0.0,26.72,0.0,437.7,0.9504,1
ARDG_AQUA bream500gr 30cm  281025 1500002.csv,10704,1,30.0,28.87,500.0,501.9,0.9321,1
ARDG_AQUA bream 580gr 30 sm  281025 1254003.csv,1872,0,0.0,28.26,0.0,529.2,0.8008,1
ARDG_AQUA bream 680gr 33 sm  281025 1208003.csv,9418,1,33.0,33.27,680.0,698.7,0.9895,1
ARDG_AQUA bream620 gr31cm  281025 1618003.csv,9122,1,31.0,32.17,620.0,645.1,0.9597,1
ARDG_AQUA bream 680gr 33 sm  281025 1208003.csv,6690,1,33.0,33.07,680.0,683.2,0.9829,1
ARDG_AQUA bream556gr 30cm  281025 1500002.csv,1551,0,0.0,30.17,0.0,570.9,0.9672,1
ARDG_AQUA bream 390gr 26cm  281025 1325005.csv,1736,1,26.0,24.62,390.0,330.4,0.9663,1
ARDG_AQUA bream556gr 30cm  281025 1500002.csv,11917,0,0.0,33.0,0.0,760.7,0.946,1
ARDG_AQUA bream350 gr27cm  281025 1548002.csv,2622,1,27.0,27.05,350.0,347.8,0.9755,1
ARDG_AQUA bream 150gr 21 sm  281025 1132002.csv,5880,1,21.0,20.93,150.0,144.9,0.931,1
ARDG_AQUA bream556gr 30cm  281025 1500002.csv,3535,0,0.0,30.76,0.0,555.8,0.9328,1
ARDG_AQUA bream556gr 30cm  281025 1500002.csv,2787,1,30.0,29.53,556.0,502.0,0.9642,1
ARDG_AQUA bream620 gr31cm  281025 1618004.csv,1254,1,31.0,31.03,620.0,626.0,0.9036,1
ARDG_AQUA bream 580gr 30 sm  281025 1254002.csv,6628,0,0.0,29.21,0.0,602.4,0.8533,1
ARDG_AQUA bream 580gr 30 sm  281025 1254002.csv,6298,1,30.0,29.91,580.0,594.1,0.983,1
ARDG_AQUA bream 580gr 30 sm  281025 1254003.csv,4731,0,0.0,30.74,0.0,529.7,0.7125,1
ARDG_AQUA bream 280gr 24cm  281025 1425002.csv,4397,1,24.0,23.9,280.0,276.6,0.9645,1
ARDG_AQUA bream 580gr 30 sm  281025 1254003.csv,2438,1,30.0,29.59,580.0,568.6,0.9786,1
ARDG_AQUA bream556gr 30cm  281025 1500002.csv,7475,1,30.0,30.29,556.0,544.2,0.9749,1
ARDG_AQUA bream 310gr 23 sm  281025 1233002.csv,11083,1,23.0,22.89,310.0,304.1,0.9583,1
ARDG_AQUA bream 150gr 21 sm  281025 1132002.csv,6529,1,21.0,20.86,150.0,149.7,0.65,1
ARDG_AQUA bream556gr 30cm  281025 1500002.csv,1222,0,0.0,28.88,0.0,481.8,0.9814,1
ARDG_AQUA bream556gr 30cm  281025 1500002.csv,1100,0,0.0,28.12,0.0,442.1,0.8449,1
ARDG_AQUA bream 580gr 30 sm  281025 1254002.csv,3195,1,30.0,27.93,580.0,530.1,0.9815,1
ARDG_AQUA bream556gr 30cm  281025 1500002.csv,7922,0,0.0,30.07,0.0,537.4,0.5326,1
ARDG_AQUA bream 580gr 30 sm  281025 1254003.csv,4287,1,30.0,28.59,580.0,566.4,0.974,1
ARDG_AQUA bream620 gr31cm  281025 1618004.csv,1820,1,31.0,30.77,620.0,602.2,0.9742,1
ARDG_AQUA bream 310gr 23 sm  281025 1233002.csv,11832,1,23.0,23.1,310.0,318.6,0.9486,1
ARDG_AQUA bream150gr21cm  281025 1548002.csv,857,0,0.0,20.38,0.0,187.2,0.9063,1
ARDG_AQUA bream 150gr 21 sm  281025 1132002.csv,9427,1,21.0,20.92,150.0,148.2,0.9333,1
ARDG_AQUA bream556gr 30cm  281025 1500002.csv,1293,0,0.0,30.77,0.0,532.3,0.9327,1
ARDG_AQUA bream620 gr31cm  281025 1618004.csv,411,1,31.0,31.83,620.0,598.0,0.8719,1
ARDG_AQUA bream 150gr 21 sm  281025 1132004.csv,6827,0,0.0,21.2,0.0,166.3,0.711,1
ARDG_AQUA bream620 gr31cm  281025 1618003.csv,8000,1,31.0,31.15,620.0,620.8,0.97,1
ARDG_AQUA bream 580gr 30 sm  281025 1254003.csv,1800,0,0.0,30.06,0.0,588.0,0.9671,1
ARDG_AQUA bream630gr 32cm  281025 1500002.csv,1376,1,32.0,32.24,630.0,628.1,0.975,1
ARDG_AQUA bream500gr 30cm  281025 1500003.csv,2406,1,30.0,29.61,500.0,513.3,0.9371,1
ARDG_AQUA bream 150gr 21 sm  281025 1132004.csv,10569,1,21.0,21.35,150.0,140.8,0.8265,1
ARDG_AQUA bream500gr 30cm  281025 1500002.csv,3007,1,30.0,30.56,500.0,494.3,0.9621,1
ARDG_AQUA bream500gr 30cm  281025 1500002.csv,11816,1,30.0,30.45,500.0,499.8,0.9729,1
ARDG_AQUA bream 150gr 21 sm  281025 1132004.csv,6927,1,21.0,21.25,150.0,141.5,0.9193,1
ARDG_AQUA bream 630gr 31cm  281025 1400002.csv,1439,1,31.0,30.74,630.0,634.1,0.9765,1
ARDG_AQUA bream620 gr31cm  281025 1618003.csv,3846,1,31.0,31.67,620.0,591.6,0.9503,1
ARDG_AQUA bream 800gr 36cm  281025 1453002.csv,832,0,0.0,34.97,0.0,745.3,0.8985,1
ARDG_AQUA bream 580gr 30 sm  281025 1254002.csv,6112,1,30.0,30.34,580.0,567.8,0.9674,1
ARDG_AQUA bream 150gr 21 sm  281025 1132004.csv,9625,1,21.0,20.77,150.0,142.5,0.9598,1
ARDG_AQUA bream 280gr 24cm  281025 1425002.csv,360,1,24.0,24.22,280.0,274.0,0.9592,1
ARDG_AQUA bream556gr 30cm  281025 1500002.csv,8632,0,0.0,30.13,0.0,505.5,0.9852,1
ARDG_AQUA bream630gr 32cm  281025 1500002.csv,52,0,0.0,28.26,0.0,521.5,0.9398,1
ARDG_AQUA bream 680gr 33 sm  281025 1208003.csv,1770,1,33.0,31.95,680.0,685.7,0.9751,1
ARDG_AQUA bream 680gr 33 sm  281025 1208003.csv,9490,1,33.0,33.11,680.0,669.4,0.9804,1
ARDG_AQUA bream556gr 30cm  281025 1500002.csv,10641,0,0.0,30.18,0.0,542.0,0.5546,1
ARDG_AQUA bream 680gr 33 sm  281025 1208003.csv,6140,1,33.0,31.94,680.0,685.3,0.9803,1
ARDG_AQUA bream 630gr 31cm  281025 1400002.csv,8302,1,31.0,31.67,630.0,615.6,0.9497,1
ARDG_AQUA bream150gr21cm  281025 1548002.csv,3419,1,21.0,21.6,150.0,143.2,0.9098,1
ARDG_AQUA bream 390gr 26cm  281025 1325005.csv,2515,1,26.0,25.76,390.0,378.3,0.9592,1
ARDG_AQUA bream500gr 30cm  281025 1500002.csv,9251,1,30.0,30.12,500.0,484.8,0.9089,1
ARDG_AQUA bream620 gr31cm  281025 1618003.csv,6840,1,31.0,31.4,620.0,610.1,0.954,1
ARDG_AQUA bream 310gr 23 sm  281025 1233002.csv,806,1,23.0,22.68,310.0,309.5,0.9706,1
ARDG_AQUA bream556gr 30cm  281025 1500002.csv,8555,0,0.0,29.26,0.0,559.5,0.9819,1
ARDG_AQUA bream556gr 30cm  281025 1500002.csv,3451,0,0.0,30.36,0.0,544.8,0.8902,1
ARDG_AQUA bream 630gr 31cm  281025 1400002.csv,5259,1,31.0,30.25,630.0,591.1,0.9597,1
ARDG_AQUA bream 150gr 21 sm  281025 1132004.csv,2947,0,0.0,21.3,0.0,152.9,0.5623,1
ARDG_AQUA bream500gr 30cm  281025 1500003.csv,2116,1,30.0,30.77,500.0,520.9,0.9546,1
ARDG_AQUA bream 340gr 27cm  281025 1415002.csv,678,0,0.0,30.36,0.0,497.2,0.6448,1
ARDG_AQUA bream 390gr 26cm  281025 1325003.csv,9452,1,26.0,25.86,390.0,389.5,0.9766,1
ARDG_AQUA bream 310gr 23 sm  281025 1233002.csv,8701,1,23.0,22.56,310.0,293.4,0.9705,1
ARDG_AQUA bream 630gr 31cm  281025 1400002.csv,1692,1,31.0,30.3,630.0,622.5,0.9216,1
ARDG_AQUA bream 680gr 33 sm  281025 1208003.csv,4623,1,33.0,31.9,680.0,678.6,0.9858,1
ARDG_AQUA bream 630gr 31cm  281025 1400002.csv,9244,1,31.0,30.45,630.0,630.8,0.983,1
ARDG_AQUA bream 680gr 33 sm  281025 1208003.csv,3746,1,33.0,32.39,680.0,677.4,0.9811,1
ARDG_AQUA bream 630gr 31cm  281025 1400002.csv,3028,1,31.0,30.79,630.0,614.1,0.9765,1
ARDG_AQUA bream 580gr 30 sm  281025 1254002.csv,3013,0,0.0,31.35,0.0,612.1,0.9712,1
ARDG_AQUA bream556gr 30cm  281025 1500002.csv,4085,0,0.0,28.62,0.0,518.5,0.7363,1
ARDG_AQUA bream500gr 30cm  281025 1500003.csv,613,1,30.0,30.27,500.0,516.1,0.9687,1
ARDG_AQUA bream500gr 30cm  281025 1500002.csv,2787,1,30.0,29.59,500.0,503.5,0.9061,1
ARDG_AQUA bream 580gr 30 sm  281025 1254002.csv,4989,1,30.0,29.96,580.0,520.0,0.9843,1
ARDG_AQUA bream556gr 30cm  281025 1500002.csv,4628,0,0.0,31.18,0.0,543.2,0.9582,1
ARDG_AQUA bream 150gr 21 sm  281025 1132004.csv,10926,0,0.0,20.68,0.0,149.3,0.781,1
ARDG_AQUA bream620 gr31cm  281025 1618003.csv,10472,1,31.0,30.62,620.0,612.9,0.9815,1
ARDG_AQUA bream 580gr 30 sm  281025 1254003.csv,9063,1,30.0,32.47,580.0,663.9,0.9632,1
ARDG_AQUA bream 390gr 26cm  281025 1325003.csv,9696,1,26.0,27.25,390.0,397.6,0.9823,1
ARDG_AQUA bream556gr 30cm  281025 1500002.csv,1224,0,0.0,27.3,0.0,484.6,0.9435,1
ARDG_AQUA bream 580gr 30 sm  281025 1254003.csv,2939,1,30.0,30.25,580.0,529.6,0.978,1
ARDG_AQUA bream556gr 30cm  281025 1500002.csv,10249,1,30.0,28.7,556.0,662.4,0.9892,1
ARDG_AQUA bream500gr 30cm  281025 1500002.csv,3878,1,30.0,28.36,500.0,551.0,0.9575,1
ARDG_AQUA bream 150gr 21 sm  281025 1132002.csv,3006,1,21.0,20.77,150.0,149.2,0.92,1
ARDG_AQUA bream 800gr 36cm  281025 1453002.csv,402,0,0.0,35.13,0.0,749.9,0.6607,1
ARDG_AQUA bream 580gr 30 sm  281025 1254003.csv,6855,0,0.0,30.8,0.0,583.7,0.7591,1
ARDG_AQUA bream 390gr 26cm  281025 1325003.csv,10771,1,26.0,27.26,390.0,394.3,0.9742,1
ARDG_AQUA bream 280gr 24cm  281025 1425002.csv,3103,1,24.0,24.15,280.0,274.9,0.9243,1
ARDG_AQUA bream630gr 32cm  281025 1500002.csv,5301,1,32.0,31.98,630.0,567.2,0.975,1
ARDG_AQUA bream 680gr 33 sm  281025 1208003.csv,7911,1,33.0,33.21,680.0,675.0,0.9871,1
ARDG_AQUA bream 630gr 31cm  281025 1400002.csv,9961,1,31.0,30.14,630.0,634.5,0.9792,1
ARDG_AQUA bream556gr 30cm  281025 1500002.csv,10360,1,30.0,29.88,556.0,546.4,0.9606,1
ARDG_AQUA bream556gr 30cm  281025 1500002.csv,11933,0,0.0,33.77,0.0,673.5,0.9553,1
ARDG_AQUA bream 680gr 33 sm  281025 1208003.csv,1832,1,33.0,32.2,680.0,678.0,0.9886,1
ARDG_AQUA bream 680gr 33 sm  281025 1208003.csv,7615,1,33.0,33.08,680.0,667.4,0.9804,1
ARDG_AQUA bream556gr 30cm  281025 1500002.csv,10153,0,0.0,30.19,0.0,563.6,0.9475,1
ARDG_AQUA bream 280gr 24cm  281025 1425002.csv,1071,1,24.0,24.11,280.0,272.1,0.9569,1
ARDG_AQUA bream 580gr 30 sm  281025 1254002.csv,3493,1,30.0,30.73,580.0,627.0,0.9539,1
ARDG_AQUA bream 680gr 33 sm  281025 1208003.csv,3832,1,33.0,32.39,680.0,665.7,0.9865,1
ARDG_AQUA bream556gr 30cm  281025 1500002.csv,4985,0,0.0,30.41,0.0,567.1,0.9753,1
ARDG_AQUA bream 310gr 23 sm  281025 1233003.csv,229,1,23.0,23.19,310.0,308.0,0.8597,1
ARDG_AQUA bream556gr 30cm  281025 1500002.csv,8253,0,0.0,29.5,0.0,529.6,0.9724,1
ARDG_AQUA bream 580gr 30 sm  281025 1254002.csv,10440,1,30.0,30.48,580.0,609.4,0.9614,1
ARDG_AQUA bream 390gr 26cm  281025 1325005.csv,8948,1,26.0,25.66,390.0,384.3,0.9637,1
ARDG_AQUA bream 150gr 21 sm  281025 1132004.csv,3025,1,21.0,20.62,150.0,147.3,0.9382,1
ARDG_AQUA bream350 gr27cm  281025 1548002.csv,5853,1,27.0,27.76,350.0,340.5,0.8692,1
ARDG_AQUA bream620 gr31cm  281025 1618003.csv,7012,1,31.0,29.54,620.0,543.9,0.9839,1
ARDG_AQUA bream 630gr 31cm  281025 1400002.csv,4958,1,31.0,31.49,630.0,634.4,0.9776,1
ARDG_AQUA bream 680gr 33 sm  281025 1208003.csv,9690,1,33.0,32.23,680.0,674.6,0.9751,1
ARDG_AQUA bream 630gr 31cm  281025 1400002.csv,1898,1,31.0,30.73,630.0,619.9,0.9604,1
ARDG_AQUA bream 150gr 21 sm  281025 1132004.csv,4114,1,21.0,20.73,150.0,142.0,0.954,1
ARDG_AQUA bream556gr 30cm  281025 1500002.csv,3907,0,0.0,31.42,0.0,646.6,0.9644,1
ARDG_AQUA bream500gr 30cm  281025 1500002.csv,200,1,30.0,29.4,500.0,517.2,0.9715,1
ARDG_AQUA bream500gr 30cm  281025 1500002.csv,3748,1,30.0,29.36,500.0,497.2,0.9627,1
ARDG_AQUA bream 800gr 36cm  281025 1453002.csv,2224,1,36.0,35.6,800.0,796.1,0.987,1
ARDG_AQUA bream556gr 30cm  281025 1500002.csv,6408,0,0.0,31.29,0.0,536.4,0.8722,1
ARDG_AQUA bream 310gr 23 sm  281025 1233002.csv,2882,1,23.0,23.39,310.0,301.9,0.9676,1
ARDG_AQUA bream620 gr31cm  281025 1618003.csv,4616,1,31.0,31.78,620.0,643.8,0.9794,1
ARDG_AQUA bream 150gr 21 sm  281025 1132004.csv,1571,0,0.0,20.79,0.0,136.2,0.851,1
ARDG_AQUA bream 310gr 23 sm  281025 1233002.csv,11185,1,23.0,23.13,310.0,304.0,0.9691,1
ARDG_AQUA bream 580gr 30 sm  281025 1254002.csv,9270,0,0.0,26.96,0.0,399.6,0.5577,1
ARDG_AQUA bream 150gr 21 sm  281025 1132004.csv,10922,0,0.0,20.68,0.0,146.2,0.7196,1
ARDG_AQUA bream 310gr 23 sm  281025 1233003.csv,380,1,23.0,23.07,310.0,325.7,0.9723,1
ARDG_AQUA bream 150gr 21 sm  281025 1132004.csv,8400,1,21.0,20.65,150.0,146.7,0.9265,1
ARDG_AQUA bream630gr 32cm  281025 1500002.csv,2327,1,32.0,31.74,630.0,627.5,0.982,1
ARDG_AQUA bream 800gr 36cm  281025 1453002.csv,2320,0,0.0,34.62,0.0,701.3,0.9739,1
ARDG_AQUA bream 800gr 36cm  281025 1453002.csv,2716,0,0.0,35.64,0.0,741.9,0.9246,1
ARDG_AQUA bream 580gr 30 sm  281025 1254002.csv,10635,1,30.0,30.73,580.0,611.0,0.9799,1
ARDG_AQUA bream 390gr 26cm  281025 1325003.csv,10416,1,26.0,27.03,390.0,369.6,0.9734,1
ARDG_AQUA bream 580gr 30 sm  281025 1254003.csv,3267,1,30.0,31.21,580.0,583.2,0.9814,1
ARDG_AQUA bream556gr 30cm  281025 1500002.csv,8168,0,0.0,28.92,0.0,537.1,0.9506,1
ARDG_AQUA bream 580gr 30 sm  281025 1254002.csv,7910,1,30.0,30.08,580.0,559.2,0.968,1
ARDG_AQUA bream630gr 32cm  281025 1500002.csv,2006,1,32.0,30.46,630.0,594.0,0.9772,1
ARDG_AQUA bream 680gr 33 sm  281025 1208003.csv,8905,1,33.0,30.22,680.0,618.2,0.9889,1
ARDG_AQUA bream 390gr 26cm  281025 1325003.csv,9272,1,26.0,26.62,390.0,370.5,0.9458,1
ARDG_AQUA bream556gr 30cm  281025 1500002.csv,10160,0,0.0,30.74,0.0,552.0,0.9731,1
ARDG_AQUA bream 800gr 36cm  281025 1453002.csv,4268,0,0.0,34.65,0.0,761.7,0.9545,1
ARDG_AQUA bream 150gr 21 sm  281025 1132002.csv,6808,1,21.0,20.89,150.0,144.9,0.8532,1
ARDG_AQUA bream 150gr 21 sm  281025 1132002.csv,5149,1,21.0,20.74,150.0,146.6,0.9113,1
ARDG_AQUA bream 310gr 23 sm  281025 1233002.csv,1084,1,23.0,22.95,310.0,302.6,0.9698,1
ARDG_AQUA bream 680gr 33 sm  281025 1208003.csv,8670,1,33.0,31.92,680.0,670.0,0.9839,1
ARDG_AQUA bream 390gr 26cm  281025 1325005.csv,7511,1,26.0,26.13,390.0,382.9,0.9752,1
ARDG_AQUA bream556gr 30cm  281025 1500002.csv,10469,1,30.0,29.91,556.0,570.2,0.9766,1
ARDG_AQUA bream500gr 30cm  281025 1500003.csv,3069,1,30.0,29.88,500.0,485.2,0.9762,1
ARDG_AQUA bream 150gr 21 sm  281025 1132004.csv,11126,1,21.0,20.99,150.0,145.5,0.7927,1
ARDG_AQUA bream556gr 30cm  281025 1500002.csv,8635,0,0.0,30.3,0.0,542.7,0.9837,1
ARDG_AQUA bream500gr 30cm  281025 1500002.csv,8094,1,30.0,29.8,500.0,515.5,0.7412,1
ARDG_AQUA bream 580gr 30 sm  281025 1254002.csv,6537,1,30.0,29.98,580.0,581.1,0.9714,1
ARDG_AQUA bream620 gr31cm  281025 1618003.csv,7349,1,31.0,30.12,620.0,550.7,0.5843,1
ARDG_AQUA bream 580gr 30 sm  281025 1254003.csv,1419,0,0.0,30.07,0.0,519.6,0.9415,1
ARDG_AQUA bream 680gr 33 sm  281025 1208003.csv,4192,1,33.0,32.32,680.0,663.1,0.9891,1
ARDG_AQUA bream 800gr 36cm  281025 1453002.csv,2973,1,36.0,35.72,800.0,787.7,0.9796,1
ARDG_AQUA bream556gr 30cm  281025 1500002.csv,11725,0,0.0,29.72,0.0,499.0,0.5999,1
ARDG_AQUA bream 580gr 30 sm  281025 1254002.csv,9804,1,30.0,29.08,580.0,561.8,0.969,1
ARDG_AQUA bream 580gr 30 sm  281025 1254003.csv,6335,1,30.0,30.34,580.0,581.9,0.9665,1
ARDG_AQUA bream500gr 30cm  281025 1500002.csv,9068,1,30.0,29.6,500.0,510.2,0.9613,1
ARDG_AQUA bream 580gr 30 sm  281025 1254003.csv,3412,1,30.0,29.98,580.0,581.7,0.9797,1
ARDG_AQUA bream 680gr 33 sm  281025 1208003.csv,5238,1,33.0,32.27,680.0,642.1,0.99,1
ARDG_AQUA bream620 gr31cm  281025 1618004.csv,583,1,31.0,31.5,620.0,603.7,0.9765,1
ARDG_AQUA bream556gr 30cm  281025 1500002.csv,5961,0,0.0,31.3,0.0,594.5,0.9512,1
ARDG_AQUA bream 390gr 26cm  281025 1325005.csv,4618,1,26.0,25.58,390.0,386.6,0.9747,1
ARDG_AQUA bream 580gr 30 sm  281025 1254003.csv,8416,0,0.0,31.34,0.0,566.2,0.9623,1
ARDG_AQUA bream 580gr 30 sm  281025 1254003.csv,2579,0,0.0,33.34,0.0,601.3,0.7891,1
ARDG_AQUA bream 580gr 30 sm  281025 1254003.csv,3543,1,30.0,29.22,580.0,527.1,0.9722,1
ARDG_AQUA bream500gr 30cm  281025 1500002.csv,56,1,30.0,30.74,500.0,505.6,0.5226,1
ARDG_AQUA bream 800gr 36cm  281025 1453002.csv,916,0,0.0,34.4,0.0,717.2,0.5751,1
ARDG_AQUA bream556gr 30cm  281025 1500002.csv,8173,0,0.0,29.9,0.0,539.9,0.9664,1
ARDG_AQUA bream 580gr 30 sm  281025 1254003.csv,5762,0,0.0,29.95,0.0,542.8,0.9499,1
ARDG_AQUA bream 150gr 21 sm  281025 1132002.csv,6200,1,21.0,20.94,150.0,144.8,0.9713,1
ARDG_AQUA bream 310gr 23 sm  281025 1233002.csv,7316,1,23.0,22.66,310.0,299.1,0.9658,1
ARDG_AQUA bream556gr 30cm  281025 1500002.csv,1545,0,0.0,31.12,0.0,578.1,0.9726,1
ARDG_AQUA bream 310gr 23 sm  281025 1233002.csv,7141,1,23.0,25.46,310.0,424.6,0.9699,1
ARDG_AQUA bream630gr 32cm  281025 1500002.csv,710,1,32.0,31.34,630.0,617.3,0.9626,1
ARDG_AQUA bream 150gr 21 sm  281025 1132004.csv,10395,0,0.0,21.45,0.0,154.7,0.8141,1
ARDG_AQUA bream556gr 30cm  281025 1500002.csv,11075,0,0.0,30.65,0.0,551.6,0.9344,1
ARDG_AQUA bream620 gr31cm  281025 1618003.csv,8257,1,31.0,32.55,620.0,638.1,0.9788,1
ARDG_AQUA bream 310gr 23 sm  281025 1233002.csv,3263,1,23.0,23.0,310.0,298.9,0.9691,1
ARDG_AQUA bream 680gr 33 sm  281025 1208003.csv,5900,1,33.0,32.4,680.0,674.1,0.9845,1
ARDG_AQUA bream 150gr 21 sm  281025 1132004.csv,3152,1,21.0,20.75,150.0,145.5,0.9513,1
ARDG_AQUA bream500gr 30cm  281025 1500003.csv,127,1,30.0,29.79,500.0,442.7,0.9663,1
ARDG_AQUA bream 630gr 31cm  281025 1400002.csv,1240,1,31.0,30.45,630.0,589.9,0.9729,1
ARDG_AQUA bream 280gr 24cm  281025 1425002.csv,159,1,24.0,25.55,280.0,345.1,0.9548,1
ARDG_AQUA bream 280gr 24cm  281025 1425002.csv,4565,1,24.0,24.13,280.0,270.4,0.9605,1
ARDG_AQUA bream 580gr 30 sm  281025 1254003.csv,6096,1,30.0,28.65,580.0,588.2,0.9733,1
ARDG_AQUA bream150gr21cm  281025 1548002.csv,8094,1,21.0,22.93,150.0,145.8,0.9435,1
ARDG_AQUA bream 580gr 30 sm  281025 1254002.csv,5503,1,30.0,30.77,580.0,623.2,0.9745,1
ARDG_AQUA bream 800gr 36cm  281025 1453002.csv,1230,1,36.0,33.97,800.0,736.2,0.9885,1
ARDG_AQUA bream 580gr 30 sm  281025 1254003.csv,6516,0,0.0,29.87,0.0,572.7,0.9643,1
ARDG_AQUA bream350 gr27cm  281025 1548002.csv,3247,1,27.0,26.79,350.0,345.3,0.9774,1
ARDG_AQUA bream620 gr31cm  281025 1618004.csv,322,1,31.0,33.0,620.0,606.7,0.9786,1
ARDG_AQUA bream150gr21cm  281025 1548002.csv,3514,1,21.0,21.68,150.0,165.5,0.96,1
ARDG_AQUA bream620 gr31cm  281025 1618003.csv,7232,1,31.0,29.81,620.0,545.5,0.9412,1
ARDG_AQUA bream 580gr 30 sm  281025 1254003.csv,8079,0,0.0,30.89,0.0,562.7,0.9543,1
ARDG_AQUA bream 630gr 31cm  281025 1400002.csv,10077,1,31.0,31.13,630.0,626.7,0.9593,1
ARDG_AQUA bream 580gr 30 sm  281025 1254003.csv,5759,0,0.0,28.98,0.0,549.7,0.9681,1
ARDG_AQUA bream620 gr31cm  281025 1618003.csv,5103,1,31.0,31.47,620.0,607.5,0.9441,1
ARDG_AQUA bream 390gr 26cm  281025 1325005.csv,10716,0,0.0,27.15,0.0,499.0,0.8879,1
ARDG_AQUA bream630gr 32cm  281025 1500002.csv,3939,1,32.0,32.44,630.0,631.1,0.9622,1
ARDG_AQUA bream 310gr 23 sm  281025 1233002.csv,11954,1,23.0,21.66,310.0,291.6,0.9281,1
ARDG_AQUA bream 630gr 31cm  281025 1400002.csv,1342,1,31.0,30.41,630.0,621.2,0.9758,1
ARDG_AQUA bream500gr 30cm  281025 1500002.csv,2541,1,30.0,30.44,500.0,503.5,0.96,1
ARDG_AQUA bream150gr21cm  281025 1548002.csv,2007,1,21.0,21.47,150.0,259.1,0.7443,1
ARDG_AQUA bream 150gr 21 sm  281025 1132004.csv,7363,1,21.0,20.48,150.0,125.8,0.9594,1
ARDG_AQUA bream150gr21cm  281025 1548002.csv,860,0,0.0,20.35,0.0,149.6,0.8466,1
ARDG_AQUA bream556gr 30cm  281025 1500002.csv,7396,0,0.0,29.96,0.0,542.6,0.6383,1
ARDG_AQUA bream 310gr 23 sm  281025 1233002.csv,10997,1,23.0,22.47,310.0,324.7,0.974,1
ARDG_AQUA bream500gr 30cm  281025 1500003.csv,3253,1,30.0,29.42,500.0,487.2,0.9562,1
ARDG_AQUA bream 800gr 36cm  281025 1453002.csv,3196,0,0.0,33.17,0.0,729.9,0.9702,1
ARDG_AQUA bream556gr 30cm  281025 1500002.csv,6398,0,0.0,30.7,0.0,553.7,0.9724,1
ARDG_AQUA bream 150gr 21 sm  281025 1132004.csv,7090,0,0.0,20.92,0.0,153.6,0.5062,1
ARDG_AQUA bream630gr 32cm  281025 1500002.csv,1948,1,32.0,31.49,630.0,625.8,0.9744,1
ARDG_AQUA bream 580gr 30 sm  281025 1254003.csv,5368,0,0.0,30.02,0.0,621.5,0.9413,1
ARDG_AQUA bream 310gr 23 sm  281025 1233002.csv,3327,1,23.0,22.92,310.0,298.4,0.945,1
ARDG_AQUA bream 630gr 31cm  281025 1400002.csv,9721,1,31.0,30.88,630.0,629.5,0.9576,1
ARDG_AQUA bream 680gr 33 sm  281025 1208003.csv,2490,1,33.0,32.51,680.0,667.6,0.9889,1
ARDG_AQUA bream 580gr 30 sm  281025 1254002.csv,2738,1,30.0,30.19,580.0,561.3,0.9639,1
ARDG_AQUA bream556gr 30cm  281025 1500002.csv,801,1,30.0,28.02,556.0,528.6,0.977,1
ARDG_AQUA bream 800gr 36cm  281025 1453002.csv,3209,0,0.0,35.97,0.0,775.1,0.6906,1
ARDG_AQUA bream 630gr 31cm  281025 1400002.csv,3722,1,31.0,29.61,630.0,622.8,0.9155,1
ARDG_AQUA bream556gr 30cm  281025 1500002.csv,8545,0,0.0,27.16,0.0,500.3,0.9523,1
ARDG_AQUA bream500gr 30cm  281025 1500002.csv,8405,1,30.0,29.56,500.0,471.1,0.9779,1
ARDG_AQUA bream 680gr 33 sm  281025 1208003.csv,2998,1,33.0,32.93,680.0,668.1,0.9899,1
ARDG_AQUA bream 150gr 21 sm  281025 1132002.csv,9215,1,21.0,20.92,150.0,137.7,0.9611,1
ARDG_AQUA bream556gr 30cm  281025 1500002.csv,3911,0,0.0,32.03,0.0,645.8,0.9448,1
ARDG_AQUA bream556gr 30cm  281025 1500002.csv,5958,0,0.0,31.11,0.0,570.6,0.9632,1
ARDG_AQUA bream 390gr 26cm  281025 1325003.csv,6810,1,26.0,25.27,390.0,382.6,0.9531,1
ARDG_AQUA bream 630gr 31cm  281025 1400002.csv,6592,1,31.0,32.61,630.0,639.7,0.9756,1
ARDG_AQUA bream 390gr 26cm  281025 1325005.csv,9482,1,26.0,26.26,390.0,392.6,0.9603,1
ARDG_AQUA bream 680gr 33 sm  281025 1208003.csv,268,1,33.0,31.49,680.0,648.6,0.9898,1
ARDG_AQUA bream556gr 30cm  281025 1500002.csv,7999,1,30.0,31.14,556.0,601.1,0.9752,1
ARDG_AQUA bream620 gr31cm  281025 1618003.csv,5023,1,31.0,30.4,620.0,618.8,0.9682,1
ARDG_AQUA bream556gr 30cm  281025 1500002.csv,7208,0,0.0,30.61,0.0,572.7,0.9424,1
ARDG_AQUA bream350 gr27cm  281025 1548002.csv,339,1,27.0,27.1,350.0,390.6,0.9657,1
ARDG_AQUA bream 580gr 30 sm  281025 1254002.csv,6883,1,30.0,30.71,580.0,527.1,0.978,1
ARDG_AQUA bream 800gr 36cm  281025 1453002.csv,3946,0,0.0,35.89,0.0,792.3,0.9517,1
ARDG_AQUA bream 680gr 33 sm  281025 1208003.csv,2133,1,33.0,31.89,680.0,675.9,0.9857,1
ARDG_AQUA bream 580gr 30 sm  281025 1254003.csv,5886,1,30.0,31.85,580.0,603.6,0.9641,1
ARDG_AQUA bream 390gr 26cm  281025 1325005.csv,8880,1,26.0,26.19,390.0,388.6,0.9568,1
ARDG_AQUA bream 280gr 24cm  281025 1425002.csv,1428,0,0.0,28.55,0.0,592.2,0.9619,1
ARDG_AQUA bream 630gr 31cm  281025 1400002.csv,6285,1,31.0,30.58,630.0,602.4,0.9746,1
ARDG_AQUA bream556gr 30cm  281025 1500002.csv,11741,0,0.0,30.27,0.0,510.3,0.9478,1
ARDG_AQUA bream 150gr 21 sm  281025 1132004.csv,8925,1,21.0,20.59,150.0,141.7,0.9542,1
ARDG_AQUA bream556gr 30cm  281025 1500002.csv,7651,0,0.0,31.4,0.0,609.3,0.9628,1
ARDG_AQUA bream 310gr 23 sm  281025 1233002.csv,2282,1,23.0,22.32,310.0,294.5,0.9807,1
ARDG_AQUA bream 150gr 21 sm  281025 1132004.csv,2950,0,0.0,20.71,0.0,160.2,0.6919,1
ARDG_AQUA bream 150gr 21 sm  281025 1132004.csv,7196,1,21.0,21.02,150.0,143.7,0.9633,1
ARDG_AQUA bream 800gr 36cm  281025 1453002.csv,752,1,36.0,35.47,800.0,793.2,0.9854,1
ARDG_AQUA bream500gr 30cm  281025 1500002.csv,11937,1,30.0,30.43,500.0,521.7,0.9708,1
ARDG_AQUA bream620 gr31cm  281025 1618004.csv,1498,1,31.0,31.47,620.0,606.3,0.98,1
ARDG_AQUA bream 340gr 27cm  281025 1415002.csv,371,1,27.0,26.8,340.0,331.9,0.9749,1
ARDG_AQUA bream 580gr 30 sm  281025 1254003.csv,5434,0,0.0,29.03,0.0,514.8,0.9519,1
ARDG_AQUA bream556gr 30cm  281025 1500003.csv,695,1,30.0,29.59,556.0,544.8,0.9706,1
ARDG_AQUA bream 580gr 30 sm  281025 1254002.csv,8958,1,30.0,30.37,580.0,580.0,0.9608,1
ARDG_AQUA bream 340gr 27cm  281025 1415002.csv,268,1,27.0,26.81,340.0,332.6,0.966,1
ARDG_AQUA bream150gr21cm  281025 1548002.csv,7712,1,21.0,23.14,150.0,215.8,0.8632,1
ARDG_AQUA bream 150gr 21 sm  281025 1132004.csv,8672,0,0.0,21.89,0.0,219.0,0.8923,1
ARDG_AQUA bream556gr 30cm  281025 1500002.csv,2002,1,30.0,29.33,556.0,523.2,0.9711,1
ARDG_AQUA bream556gr 30cm  281025 1500002.csv,8727,0,0.0,28.44,0.0,540.7,0.9454,1
ARDG_AQUA bream630gr 32cm  281025 1500002.csv,1674,1,32.0,31.4,630.0,623.5,0.9762,1
ARDG_AQUA bream 280gr 24cm  281025 1425002.csv,2738,1,24.0,23.98,280.0,276.8,0.9674,1
ARDG_AQUA bream 390gr 26cm  281025 1325005.csv,1331,1,26.0,27.9,390.0,405.8,0.9486,1
ARDG_AQUA bream 390gr 26cm  281025 1325005.csv,10889,1,26.0,26.29,390.0,384.4,0.9754,1
ARDG_AQUA bream620 gr31cm  281025 1618004.csv,500,1,31.0,30.18,620.0,614.5,0.9656,1
ARDG_AQUA bream556gr 30cm  281025 1500002.csv,2888,0,0.0,31.39,0.0,579.7,0.9087,1
ARDG_AQUA bream 580gr 30 sm  281025 1254003.csv,2887,1,30.0,28.45,580.0,502.9,0.9585,1
ARDG_AQUA bream 580gr 30 sm  281025 1254002.csv,4887,1,30.0,30.09,580.0,577.0,0.9802,1
ARDG_AQUA bream 310gr 23 sm  281025 1233002.csv,9519,1,23.0,22.62,310.0,362.8,0.9549,1
ARDG_AQUA bream 310gr 23 sm  281025 1233002.csv,6190,1,23.0,23.53,310.0,324.8,0.9211,1
ARDG_AQUA bream630gr 32cm  281025 1500002.csv,285,1,32.0,31.21,630.0,622.5,0.9757,1
ARDG_AQUA bream620 gr31cm  281025 1618003.csv,11451,1,31.0,31.24,620.0,595.7,0.9351,1
ARDG_AQUA bream350 gr27cm  281025 1548002.csv,2021,1,27.0,27.18,350.0,333.7,0.967,1
ARDG_AQUA bream 310gr 23 sm  281025 1233002.csv,1657,1,23.0,22.86,310.0,301.9,0.9282,1
ARDG_AQUA bream620 gr31cm  281025 1618003.csv,9352,1,31.0,30.72,620.0,604.4,0.9783,1
ARDG_AQUA bream 630gr 31cm  281025 1400002.csv,3454,1,31.0,31.47,630.0,632.5,0.9761,1
ARDG_AQUA bream150gr21cm  281025 1548002.csv,4825,1,21.0,21.16,150.0,147.8,0.9407,1
ARDG_AQUA bream 340gr 27cm  281025 1415002.csv,638,0,0.0,25.29,0.0,391.9,0.7348,1
ARDG_AQUA bream 580gr 30 sm  281025 1254002.csv,10320,1,30.0,29.98,580.0,592.4,0.9857,1
ARDG_AQUA bream350 gr27cm  281025 1548002.csv,1187,1,27.0,26.92,350.0,343.1,0.9758,1
ARDG_AQUA bream 800gr 36cm  281025 1453002.csv,4168,1,36.0,35.9,800.0,796.9,0.9785,1
ARDG_AQUA bream630gr 32cm  281025 1500002.csv,1225,1,32.0,32.1,630.0,627.5,0.9809,1
ARDG_AQUA bream 800gr 36cm  281025 1453002.csv,1071,1,36.0,35.27,800.0,816.4,0.9847,1
ARDG_AQUA bream 310gr 23 sm  281025 1233002.csv,5034,1,23.0,22.7,310.0,306.4,0.9517,1
ARDG_AQUA bream630gr 32cm  281025 1500002.csv,2106,1,32.0,32.25,630.0,622.3,0.9627,1
ARDG_AQUA bream 310gr 23 sm  281025 1233003.csv,87,1,23.0,23.38,310.0,289.3,0.9252,1
ARDG_AQUA bream 580gr 30 sm  281025 1254002.csv,4532,1,30.0,28.13,580.0,589.2,0.9228,1
ARDG_AQUA bream 580gr 30 sm  281025 1254003.csv,3922,0,0.0,28.81,0.0,540.9,0.953,1
ARDG_AQUA bream 280gr 24cm  281025 1425002.csv,1222,0,0.0,25.04,0.0,365.0,0.8101,1
ARDG_AQUA bream 310gr 23 sm  281025 1233002.csv,7815,1,23.0,22.66,310.0,303.4,0.9691,1
ARDG_AQUA bream 390gr 26cm  281025 1325003.csv,10874,1,26.0,26.85,390.0,428.8,0.9407,1
ARDG_AQUA bream 800gr 36cm  281025 1453002.csv,170,0,0.0,34.33,0.0,778.1,0.9806,1
ARDG_AQUA bream 800gr 36cm  281025 1453002.csv,1736,0,0.0,33.85,0.0,714.7,0.8463,1
ARDG_AQUA bream 150gr 21 sm  281025 1132004.csv,7842,0,0.0,20.95,0.0,137.5,0.8396,1
ARDG_AQUA bream630gr 32cm  281025 1500002.csv,2994,1,32.0,31.62,630.0,622.1,0.9712,1
ARDG_AQUA bream 310gr 23 sm  281025 1233002.csv,10195,1,23.0,22.77,310.0,297.7,0.964,1
ARDG_AQUA bream 390gr 26cm  281025 1325005.csv,9044,1,26.0,26.7,390.0,374.5,0.9165,1
ARDG_AQUA bream 580gr 30 sm  281025 1254002.csv,5076,1,30.0,30.47,580.0,612.6,0.9702,1
ARDG_AQUA bream 580gr 30 sm  281025 1254003.csv,8073,0,0.0,29.91,0.0,530.0,0.9754,1
ARDG_AQUA bream 390gr 26cm  281025 1325005.csv,10729,0,0.0,25.72,0.0,439.5,0.9625,1
ARDG_AQUA bream 390gr 26cm  281025 1325005.csv,9155,1,26.0,25.64,390.0,388.4,0.9673,1
ARDG_AQUA bream 150gr 21 sm  281025 1132002.csv,3125,1,21.0,20.83,150.0,143.3,0.8778,1
ARDG_AQUA bream 390gr 26cm  281025 1325005.csv,8638,1,26.0,26.92,390.0,367.1,0.9672,1
ARDG_AQUA bream 630gr 31cm  281025 1400002.csv,7190,1,31.0,30.46,630.0,564.4,0.9841,1
ARDG_AQUA bream 150gr 21 sm  281025 1132004.csv,1480,1,21.0,20.66,150.0,148.3,0.9561,1
ARDG_AQUA bream 580gr 30 sm  281025 1254003.csv,2004,0,0.0,30.56,0.0,594.6,0.9747,1
ARDG_AQUA bream 280gr 24cm  281025 1425002.csv,639,1,24.0,24.76,280.0,311.7,0.9609,1
ARDG_AQUA bream620 gr31cm  281025 1618003.csv,10901,1,31.0,30.99,620.0,626.5,0.9634,1
ARDG_AQUA bream556gr 30cm  281025 1500002.csv,8645,0,0.0,30.41,0.0,567.1,0.952,1
ARDG_AQUA bream 630gr 31cm  281025 1400002.csv,5356,1,31.0,32.22,630.0,662.8,0.9815,1
ARDG_AQUA bream 580gr 30 sm  281025 1254003.csv,3921,0,0.0,28.53,0.0,559.4,0.9632,1
ARDG_AQUA bream 310gr 23 sm  281025 1233002.csv,6637,1,23.0,22.71,310.0,312.4,0.9715,1
ARDG_AQUA bream 310gr 23 sm  281025 1233002.csv,8312,1,23.0,24.21,310.0,304.2,0.9719,1
ARDG_AQUA bream 390gr 26cm  281025 1325005.csv,3702,1,26.0,26.51,390.0,392.1,0.9726,1
ARDG_AQUA bream 310gr 23 sm  281025 1233002.csv,11480,1,23.0,22.68,310.0,298.4,0.9569,1
ARDG_AQUA bream 310gr 23 sm  281025 1233002.csv,991,1,23.0,22.6,310.0,300.4,0.9799,1
ARDG_AQUA bream 310gr 23 sm  281025 1233002.csv,5284,1,23.0,22.72,310.0,300.2,0.9586,1
ARDG_AQUA bream 580gr 30 sm  281025 1254003.csv,1348,0,0.0,31.77,0.0,573.9,0.9731,1
ARDG_AQUA bream556gr 30cm  281025 1500002.csv,5706,0,0.0,29.89,0.0,472.0,0.8588,1
ARDG_AQUA bream 390gr 26cm  281025 1325003.csv,7888,1,26.0,26.11,390.0,375.6,0.8281,1
ARDG_AQUA bream 800gr 36cm  281025 1453002.csv,908,0,0.0,35.11,0.0,742.7,0.9682,1
ARDG_AQUA bream 390gr 26cm  281025 1325005.csv,10738,0,0.0,24.11,0.0,445.9,0.9275,1
ARDG_AQUA bream620 gr31cm  281025 1618003.csv,9616,1,31.0,31.07,620.0,562.5,0.9766,1
ARDG_AQUA bream 150gr 21 sm  281025 1132004.csv,8677,0,0.0,20.99,0.0,213.4,0.937,1
ARDG_AQUA bream556gr 30cm  281025 1500002.csv,2513,0,0.0,31.53,0.0,610.2,0.9527,1
ARDG_AQUA bream500gr 30cm  281025 1500002.csv,4825,1,30.0,28.6,500.0,476.5,0.9765,1
ARDG_AQUA bream556gr 30cm  281025 1500002.csv,4366,0,0.0,29.7,0.0,516.6,0.9645,1
ARDG_AQUA bream 630gr 31cm  281025 1400002.csv,10311,1,31.0,32.76,630.0,669.3,0.9925,1
ARDG_AQUA bream500gr 30cm  281025 1500002.csv,11659,1,30.0,29.88,500.0,497.4,0.9436,1
ARDG_AQUA bream 390gr 26cm  281025 1325003.csv,10305,1,26.0,25.49,390.0,378.6,0.9676,1
