recording_file,sample_mid,is_positive
ARDG_AQUA bream350 gr27cm  281025 1548002.csv,6386,0
ARDG_AQUA bream 150gr 21 sm  281025 1132002.csv,4056,0
ARDG_AQUA bream 580gr 30 sm  281025 1254003.csv,7132,0
ARDG_AQUA bream 580gr 30 sm  281025 1254002.csv,2629,1
ARDG_AQUA bream 390gr 26cm  281025 1325003.csv,1339,0
ARDG_AQUA bream620 gr31cm  281025 1618003.csv,4512,0
ARDG_AQUA bream620 gr31cm  281025 1618003.csv,2898,0
ARDG_AQUA bream500gr 30cm  281025 1500002.csv,1464,0
ARDG_AQUA bream 150gr 21 sm  281025 1132004.csv,8138,0
ARDG_AQUA bream 150gr 21 sm  281025 1132004.csv,4338,0
ARDG_AQUA bream150gr21cm  281025 1548002.csv,2590,0
ARDG_AQUA bream 390gr 26cm  281025 1325005.csv,463,0
ARDG_AQUA bream 390gr 26cm  281025 1325005.csv,10392,0
ARDG_AQUA bream 150gr 21 sm  281025 1132004.csv,8114,0
ARDG_AQUA bream 150gr 21 sm  281025 1132004.csv,9007,1
ARDG_AQUA bream 310gr 23 sm  281025 1233003.csv,947,0
ARDG_AQUA bream 390gr 26cm  281025 1325005.csv,9764,0
ARDG_AQUA bream 580gr 30 sm  281025 1254002.csv,7164,0
ARDG_AQUA bream 150gr 21 sm  281025 1132004.csv,3850,0
ARDG_AQUA bream 580gr 30 sm  281025 1254003.csv,6865,0
ARDG_AQUA bream150gr21cm  281025 1548002.csv,322,0
ARDG_AQUA bream 150gr 21 sm  281025 1132004.csv,6215,0
ARDG_AQUA bream556gr 30cm  281025 1500002.csv,4482,0
ARDG_AQUA bream 630gr 31cm  281025 1400002.csv,11714,0
ARDG_AQUA bream150gr21cm  281025 1548002.csv,3327,0
ARDG_AQUA bream 580gr 30 sm  281025 1254002.csv,7050,0
ARDG_AQUA bream 630gr 31cm  281025 1400002.csv,8636,0
ARDG_AQUA bream556gr 30cm  281025 1500002.csv,7603,0
ARDG_AQUA bream 150gr 21 sm  281025 1132004.csv,2289,0
ARDG_AQUA bream620 gr31cm  281025 1618003.csv,9180,1
ARDG_AQUA bream 150gr 21 sm  281025 1132002.csv,9757,0
ARDG_AQUA bream 150gr 21 sm  281025 1132004.csv,4324,0
ARDG_AQUA bream 310gr 23 sm  281025 1233002.csv,3640,1
ARDG_AQUA bream500gr 30cm  281025 1500003.csv,1105,0
ARDG_AQUA bream150gr21cm  281025 1548002.csv,6993,0
ARDG_AQUA bream556gr 30cm  281025 1500002.csv,8510,0
ARDG_AQUA bream 280gr 24cm  281025 1425002.csv,3959,0
ARDG_AQUA bream 680gr 33 sm  281025 1208003.csv,11261,0
ARDG_AQUA bream556gr 30cm  281025 1500002.csv,9874,0
ARDG_AQUA bream 280gr 24cm  281025 1425002.csv,2063,0
ARDG_AQUA bream 580gr 30 sm  281025 1254003.csv,5373,0
ARDG_AQUA bream620 gr31cm  281025 1618003.csv,5815,0
ARDG_AQUA bream 390gr 26cm  281025 1325005.csv,10975,0
ARDG_AQUA bream 150gr 21 sm  281025 1132002.csv,7919,0
ARDG_AQUA bream 680gr 33 sm  281025 1208003.csv,1052,0
ARDG_AQUA bream 150gr 21 sm  281025 1132002.csv,10102,0
ARDG_AQUA bream500gr 30cm  281025 1500002.csv,7915,0
ARDG_AQUA bream 580gr 30 sm  281025 1254003.csv,8476,0
ARDG_AQUA bream150gr21cm  281025 1548002.csv,4345,0
ARDG_AQUA bream 390gr 26cm  281025 1325003.csv,4870,0
ARDG_AQUA bream150gr21cm  281025 1548002.csv,1837,0
ARDG_AQUA bream556gr 30cm  281025 1500002.csv,7906,0
ARDG_AQUA bream500gr 30cm  281025 1500002.csv,4047,0
ARDG_AQUA bream 630gr 31cm  281025 1400002.csv,2154,1
ARDG_AQUA bream 580gr 30 sm  281025 1254002.csv,11703,0
ARDG_AQUA bream 150gr 21 sm  281025 1132004.csv,2506,1
ARDG_AQUA bream 150gr 21 sm  281025 1132004.csv,7845,0
ARDG_AQUA bream 800gr 36cm  281025 1453002.csv,4253,0
ARDG_AQUA bream350 gr27cm  281025 1548002.csv,4388,0
ARDG_AQUA bream 800gr 36cm  281025 1453002.csv,2757,0
ARDG_AQUA bream 580gr 30 sm  281025 1254002.csv,7178,0
ARDG_AQUA bream 150gr 21 sm  281025 1132004.csv,2071,0
ARDG_AQUA bream500gr 30cm  281025 1500003.csv,2731,1
ARDG_AQUA bream 630gr 31cm  281025 1400002.csv,7501,1
ARDG_AQUA bream556gr 30cm  281025 1500002.csv,5946,0
ARDG_AQUA bream 580gr 30 sm  281025 1254003.csv,6969,1
ARDG_AQUA bream556gr 30cm  281025 1500002.csv,238,1
ARDG_AQUA bream150gr21cm  281025 1548002.csv,24,0
ARDG_AQUA bream 150gr 21 sm  281025 1132002.csv,2047,0
ARDG_AQUA bream556gr 30cm  281025 1500002.csv,5638,0
ARDG_AQUA bream 630gr 31cm  281025 1400002.csv,11729,0
ARDG_AQUA bream150gr21cm  281025 1548002.csv,7617,0
ARDG_AQUA bream 800gr 36cm  281025 1453002.csv,3888,0
ARDG_AQUA bream 390gr 26cm  281025 1325005.csv,9789,0
ARDG_AQUA bream 310gr 23 sm  281025 1233002.csv,10607,0
ARDG_AQUA bream500gr 30cm  281025 1500002.csv,10079,0
ARDG_AQUA bream 580gr 30 sm  281025 1254003.csv,6580,0
ARDG_AQUA bream 800gr 36cm  281025 1453002.csv,4057,0
ARDG_AQUA bream556gr 30cm  281025 1500002.csv,6834,0
ARDG_AQUA bream 390gr 26cm  281025 1325003.csv,11730,0
ARDG_AQUA bream 800gr 36cm  281025 1453002.csv,492,0
ARDG_AQUA bream 680gr 33 sm  281025 1208003.csv,4051,1
ARDG_AQUA bream 150gr 21 sm  281025 1132002.csv,12048,0
ARDG_AQUA bream 390gr 26cm  281025 1325005.csv,829,1
ARDG_AQUA bream 580gr 30 sm  281025 1254003.csv,9587,0
ARDG_AQUA bream620 gr31cm  281025 1618003.csv,8090,1
ARDG_AQUA bream 680gr 33 sm  281025 1208003.csv,7325,1
ARDG_AQUA bream 150gr 21 sm  281025 1132004.csv,5921,0
ARDG_AQUA bream 390gr 26cm  281025 1325005.csv,11243,0
ARDG_AQUA bream 580gr 30 sm  281025 1254003.csv,9845,1
ARDG_AQUA bream620 gr31cm  281025 1618004.csv,1041,1
ARDG_AQUA bream500gr 30cm  281025 1500003.csv,390,0
ARDG_AQUA bream500gr 30cm  281025 1500002.csv,878,0
ARDG_AQUA bream 280gr 24cm  281025 1425002.csv,3992,0
ARDG_AQUA bream350 gr27cm  281025 1548002.csv,4415,0
ARDG_AQUA bream150gr21cm  281025 1548002.csv,8541,0
ARDG_AQUA bream 630gr 31cm  281025 1400002.csv,7069,1
ARDG_AQUA bream 580gr 30 sm  281025 1254003.csv,3904,0
ARDG_AQUA bream 390gr 26cm  281025 1325003.csv,3583,0
ARDG_AQUA bream 680gr 33 sm  281025 1208003.csv,9190,0
ARDG_AQUA bream500gr 30cm  281025 1500002.csv,3200,0
ARDG_AQUA bream 580gr 30 sm  281025 1254003.csv,1807,0
ARDG_AQUA bream150gr21cm  281025 1548002.csv,3930,0
ARDG_AQUA bream150gr21cm  281025 1548002.csv,564,0
ARDG_AQUA bream 580gr 30 sm  281025 1254003.csv,6578,0
ARDG_AQUA bream 150gr 21 sm  281025 1132004.csv,8644,0
ARDG_AQUA bream556gr 30cm  281025 1500002.csv,5009,0
ARDG_AQUA bream 390gr 26cm  281025 1325005.csv,6082,0
ARDG_AQUA bream 580gr 30 sm  281025 1254003.csv,3152,0
ARDG_AQUA bream 150gr 21 sm  281025 1132002.csv,6725,0
ARDG_AQUA bream 580gr 30 sm  281025 1254003.csv,7026,1
ARDG_AQUA bream500gr 30cm  281025 1500002.csv,999,0
ARDG_AQUA bream 580gr 30 sm  281025 1254003.csv,6579,0
ARDG_AQUA bream 680gr 33 sm  281025 1208003.csv,2075,1
ARDG_AQUA bream620 gr31cm  281025 1618003.csv,3198,0
ARDG_AQUA bream 310gr 23 sm  281025 1233003.csv,1091,0
ARDG_AQUA bream 150gr 21 sm  281025 1132004.csv,10359,0
ARDG_AQUA bream620 gr31cm  281025 1618003.csv,4504,0
ARDG_AQUA bream 150gr 21 sm  281025 1132004.csv,10101,1
ARDG_AQUA bream556gr 30cm  281025 1500002.csv,1023,1
ARDG_AQUA bream500gr 30cm  281025 1500002.csv,6013,0
ARDG_AQUA bream 630gr 31cm  281025 1400002.csv,24,0
ARDG_AQUA bream 150gr 21 sm  281025 1132004.csv,3532,0
ARDG_AQUA bream 280gr 24cm  281025 1425002.csv,1362,0
ARDG_AQUA bream 800gr 36cm  281025 1453002.csv,3878,0
ARDG_AQUA bream 390gr 26cm  281025 1325005.csv,1602,1
ARDG_AQUA bream620 gr31cm  281025 1618003.csv,11689,1
ARDG_AQUA bream 630gr 31cm  281025 1400002.csv,8136,1
ARDG_AQUA bream 150gr 21 sm  281025 1132004.csv,6805,0
ARDG_AQUA bream 150gr 21 sm  281025 1132004.csv,1339,0
ARDG_AQUA bream 280gr 24cm  281025 1425002.csv,1771,1
ARDG_AQUA bream 150gr 21 sm  281025 1132004.csv,8249,0
ARDG_AQUA bream 580gr 30 sm  281025 1254003.csv,6529,0
ARDG_AQUA bream150gr21cm  281025 1548002.csv,4394,0
ARDG_AQUA bream 390gr 26cm  281025 1325005.csv,10703,0
ARDG_AQUA bream 310gr 23 sm  281025 1233002.csv,7408,1
ARDG_AQUA bream 580gr 30 sm  281025 1254003.csv,5448,0
ARDG_AQUA bream630gr 32cm  281025 1500002.csv,5722,1
ARDG_AQUA bream 630gr 31cm  281025 1400002.csv,6842,0
ARDG_AQUA bream500gr 30cm  281025 1500002.csv,6023,0
ARDG_AQUA bream 630gr 31cm  281025 1400002.csv,4819,1
ARDG_AQUA bream630gr 32cm  281025 1500002.csv,384,1
ARDG_AQUA bream630gr 32cm  281025 1500002.csv,2459,1
ARDG_AQUA bream 150gr 21 sm  281025 1132004.csv,475,0
ARDG_AQUA bream500gr 30cm  281025 1500003.csv,1125,0
ARDG_AQUA bream 280gr 24cm  281025 1425002.csv,5562,0
ARDG_AQUA bream 150gr 21 sm  281025 1132002.csv,9999,0
ARDG_AQUA bream 390gr 26cm  281025 1325003.csv,11865,0
ARDG_AQUA bream 630gr 31cm  281025 1400002.csv,2065,0
ARDG_AQUA bream 150gr 21 sm  281025 1132004.csv,2883,0
ARDG_AQUA bream556gr 30cm  281025 1500002.csv,3000,1
ARDG_AQUA bream 150gr 21 sm  281025 1132002.csv,7917,0
ARDG_AQUA bream150gr21cm  281025 1548002.csv,1832,0
ARDG_AQUA bream 390gr 26cm  281025 1325005.csv,5887,0
ARDG_AQUA bream 150gr 21 sm  281025 1132002.csv,487,0
ARDG_AQUA bream500gr 30cm  281025 1500002.csv,8774,0
ARDG_AQUA bream150gr21cm  281025 1548002.csv,925,0
ARDG_AQUA bream 390gr 26cm  281025 1325005.csv,3787,1
ARDG_AQUA bream 680gr 33 sm  281025 1208003.csv,5969,0
ARDG_AQUA bream 280gr 24cm  281025 1425002.csv,4102,0
ARDG_AQUA bream 150gr 21 sm  281025 1132002.csv,7396,0
ARDG_AQUA bream 150gr 21 sm  281025 1132002.csv,6613,0
ARDG_AQUA bream 800gr 36cm  281025 1453002.csv,388,0
ARDG_AQUA bream 150gr 21 sm  281025 1132004.csv,10987,0
ARDG_AQUA bream500gr 30cm  281025 1500002.csv,5991,0
ARDG_AQUA bream 390gr 26cm  281025 1325005.csv,1058,1
ARDG_AQUA bream150gr21cm  281025 1548002.csv,8685,0
ARDG_AQUA bream 310gr 23 sm  281025 1233002.csv,2583,1
ARDG_AQUA bream150gr21cm  281025 1548002.csv,227,0
ARDG_AQUA bream 310gr 23 sm  281025 1233002.csv,9284,1
ARDG_AQUA bream 800gr 36cm  281025 1453002.csv,870,0
ARDG_AQUA bream 150gr 21 sm  281025 1132004.csv,6305,0
ARDG_AQUA bream 150gr 21 sm  281025 1132004.csv,10230,0
ARDG_AQUA bream 150gr 21 sm  281025 1132002.csv,7616,0
ARDG_AQUA bream 680gr 33 sm  281025 1208003.csv,9334,1
ARDG_AQUA bream 800gr 36cm  281025 1453002.csv,3959,0
ARDG_AQUA bream 630gr 31cm  281025 1400002.csv,9439,1
ARDG_AQUA bream 390gr 26cm  281025 1325005.csv,10967,0
ARDG_AQUA bream 800gr 36cm  281025 1453002.csv,280,0
ARDG_AQUA bream 580gr 30 sm  281025 1254002.csv,381,1
ARDG_AQUA bream 150gr 21 sm  281025 1132004.csv,2187,0
ARDG_AQUA bream500gr 30cm  281025 1500002.csv,9145,0
ARDG_AQUA bream 680gr 33 sm  281025 1208003.csv,717,0
ARDG_AQUA bream500gr 30cm  281025 1500002.csv,5788,0
ARDG_AQUA bream556gr 30cm  281025 1500002.csv,8335,0
ARDG_AQUA bream500gr 30cm  281025 1500003.csv,1258,0
ARDG_AQUA bream 310gr 23 sm  281025 1233002.csv,7960,1
ARDG_AQUA bream500gr 30cm  281025 1500002.csv,2461,0
ARDG_AQUA bream556gr 30cm  281025 1500002.csv,5645,0
ARDG_AQUA bream 680gr 33 sm  281025 1208003.csv,6904,1
ARDG_AQUA bream 150gr 21 sm  281025 1132002.csv,11007,0
ARDG_AQUA bream556gr 30cm  281025 1500002.csv,5355,0
ARDG_AQUA bream 580gr 30 sm  281025 1254003.csv,2151,0
ARDG_AQUA bream500gr 30cm  281025 1500002.csv,10103,0
ARDG_AQUA bream620 gr31cm  281025 1618003.csv,5803,0
ARDG_AQUA bream500gr 30cm  281025 1500002.csv,5886,0
ARDG_AQUA bream150gr21cm  281025 1548002.csv,320,0
ARDG_AQUA bream 580gr 30 sm  281025 1254002.csv,5435,1
ARDG_AQUA bream556gr 30cm  281025 1500002.csv,11086,0
ARDG_AQUA bream620 gr31cm  281025 1618003.csv,11516,0
ARDG_AQUA bream150gr21cm  281025 1548002.csv,6959,0
ARDG_AQUA bream630gr 32cm  281025 1500002.csv,213,1
ARDG_AQUA bream150gr21cm  281025 1548002.csv,3597,0
ARDG_AQUA bream500gr 30cm  281025 1500002.csv,7930,0
ARDG_AQUA bream 680gr 33 sm  281025 1208003.csv,5814,1
ARDG_AQUA bream500gr 30cm  281025 1500003.csv,5773,0
ARDG_AQUA bream 150gr 21 sm  281025 1132004.csv,1830,0
ARDG_AQUA bream556gr 30cm  281025 1500002.csv,6908,0
ARDG_AQUA bream 580gr 30 sm  281025 1254003.csv,11144,0
ARDG_AQUA bream 340gr 27cm  281025 1415002.csv,828,0
ARDG_AQUA bream 680gr 33 sm  281025 1208003.csv,5507,0
ARDG_AQUA bream620 gr31cm  281025 1618004.csv,249,0
ARDG_AQUA bream500gr 30cm  281025 1500002.csv,979,0
ARDG_AQUA bream 390gr 26cm  281025 1325003.csv,11657,0
ARDG_AQUA bream556gr 30cm  281025 1500002.csv,3691,0
ARDG_AQUA bream556gr 30cm  281025 1500002.csv,5025,0
ARDG_AQUA bream500gr 30cm  281025 1500003.csv,25,0
ARDG_AQUA bream556gr 30cm  281025 1500002.csv,439,0
ARDG_AQUA bream500gr 30cm  281025 1500002.csv,5928,0
ARDG_AQUA bream556gr 30cm  281025 1500002.csv,6620,0
ARDG_AQUA bream 280gr 24cm  281025 1425002.csv,4004,0
ARDG_AQUA bream500gr 30cm  281025 1500002.csv,8287,0
ARDG_AQUA bream 680gr 33 sm  281025 1208003.csv,10427,0
ARDG_AQUA bream150gr21cm  281025 1548002.csv,4910,0
ARDG_AQUA bream 150gr 21 sm  281025 1132004.csv,8133,0
ARDG_AQUA bream500gr 30cm  281025 1500002.csv,4027,0
ARDG_AQUA bream 580gr 30 sm  281025 1254003.csv,1935,0
ARDG_AQUA bream 150gr 21 sm  281025 1132004.csv,9432,0
ARDG_AQUA bream 580gr 30 sm  281025 1254002.csv,8299,1
ARDG_AQUA bream 310gr 23 sm  281025 1233002.csv,4266,1
ARDG_AQUA bream 150gr 21 sm  281025 1132004.csv,7501,0
ARDG_AQUA bream500gr 30cm  281025 1500002.csv,6020,0
ARDG_AQUA bream 580gr 30 sm  281025 1254002.csv,3980,1
ARDG_AQUA bream500gr 30cm  281025 1500002.csv,7951,0
ARDG_AQUA bream 800gr 36cm  281025 1453002.csv,3945,0
ARDG_AQUA bream 630gr 31cm  281025 1400002.csv,10413,1
ARDG_AQUA bream 280gr 24cm  281025 1425002.csv,30,0
ARDG_AQUA bream 310gr 23 sm  281025 1233002.csv,8036,0
ARDG_AQUA bream 680gr 33 sm  281025 1208003.csv,8758,1
ARDG_AQUA bream 150gr 21 sm  281025 1132002.csv,10143,0
ARDG_AQUA bream150gr21cm  281025 1548002.csv,2616,0
ARDG_AQUA bream556gr 30cm  281025 1500002.csv,5657,0
ARDG_AQUA bream150gr21cm  281025 1548002.csv,5182,0
ARDG_AQUA bream556gr 30cm  281025 1500002.csv,8206,0
ARDG_AQUA bream620 gr31cm  281025 1618003.csv,11232,1
ARDG_AQUA bream630gr 32cm  281025 1500002.csv,5793,0
ARDG_AQUA bream 280gr 24cm  281025 1425002.csv,2641,1
ARDG_AQUA bream 390gr 26cm  281025 1325003.csv,8801,1
ARDG_AQUA bream630gr 32cm  281025 1500002.csv,2175,1
ARDG_AQUA bream556gr 30cm  281025 1500002.csv,6980,0
ARDG_AQUA bream 580gr 30 sm  281025 1254003.csv,4179,1
ARDG_AQUA bream556gr 30cm  281025 1500002.csv,11721,0
ARDG_AQUA bream 150gr 21 sm  281025 1132004.csv,10247,0
ARDG_AQUA bream556gr 30cm  281025 1500002.csv,3159,0
ARDG_AQUA bream556gr 30cm  281025 1500003.csv,31,0
ARDG_AQUA bream556gr 30cm  281025 1500002.csv,10786,0
ARDG_AQUA bream 150gr 21 sm  281025 1132004.csv,9450,0
ARDG_AQUA bream620 gr31cm  281025 1618003.csv,987,0
ARDG_AQUA bream500gr 30cm  281025 1500002.csv,2431,0
ARDG_AQUA bream 150gr 21 sm  281025 1132002.csv,11541,0
ARDG_AQUA bream 800gr 36cm  281025 1453002.csv,3882,0
ARDG_AQUA bream556gr 30cm  281025 1500002.csv,5279,0
ARDG_AQUA bream556gr 30cm  281025 1500002.csv,6242,0
ARDG_AQUA bream 800gr 36cm  281025 1453002.csv,3224,0
ARDG_AQUA bream 580gr 30 sm  281025 1254002.csv,6450,0
ARDG_AQUA bream 150gr 21 sm  281025 1132002.csv,7908,0
ARDG_AQUA bream 800gr 36cm  281025 1453002.csv,4882,0
ARDG_AQUA bream 800gr 36cm  281025 1453002.csv,5010,0
ARDG_AQUA bream 390gr 26cm  281025 1325005.csv,10768,0
ARDG_AQUA bream 800gr 36cm  281025 1453002.csv,3907,0
ARDG_AQUA bream 390gr 26cm  281025 1325005.csv,9784,0
ARDG_AQUA bream 150gr 21 sm  281025 1132002.csv,11863,0
ARDG_AQUA bream556gr 30cm  281025 1500002.csv,8159,0
ARDG_AQUA bream 150gr 21 sm  281025 1132002.csv,11586,0
ARDG_AQUA bream 580gr 30 sm  281025 1254002.csv,9190,1
ARDG_AQUA bream 310gr 23 sm  281025 1233002.csv,9079,1
ARDG_AQUA bream 580gr 30 sm  281025 1254002.csv,8548,1
ARDG_AQUA bream 280gr 24cm  281025 1425002.csv,4237,0
ARDG_AQUA bream500gr 30cm  281025 1500002.csv,5980,0
ARDG_AQUA bream500gr 30cm  281025 1500002.csv,11491,0
ARDG_AQUA bream 150gr 21 sm  281025 1132002.csv,3687,0
ARDG_AQUA bream 280gr 24cm  281025 1425002.csv,21,0
ARDG_AQUA bream 580gr 30 sm  281025 1254003.csv,6650,0
ARDG_AQUA bream556gr 30cm  281025 1500002.csv,8273,0
ARDG_AQUA bream 150gr 21 sm  281025 1132004.csv,10938,0
ARDG_AQUA bream500gr 30cm  281025 1500002.csv,4121,0
ARDG_AQUA bream 580gr 30 sm  281025 1254002.csv,666,1
ARDG_AQUA bream 680gr 33 sm  281025 1208003.csv,8065,1
ARDG_AQUA bream 800gr 36cm  281025 1453002.csv,915,0
ARDG_AQUA bream 150gr 21 sm  281025 1132004.csv,10785,1
ARDG_AQUA bream 390gr 26cm  281025 1325003.csv,11684,0
ARDG_AQUA bream 390gr 26cm  281025 1325005.csv,493,0
ARDG_AQUA bream 150gr 21 sm  281025 1132004.csv,2337,0
ARDG_AQUA bream500gr 30cm  281025 1500002.csv,5196,0
ARDG_AQUA bream620 gr31cm  281025 1618003.csv,11131,0
ARDG_AQUA bream 150gr 21 sm  281025 1132002.csv,10823,0
ARDG_AQUA bream630gr 32cm  281025 1500002.csv,2715,1
ARDG_AQUA bream150gr21cm  281025 1548002.csv,2493,0
ARDG_AQUA bream500gr 30cm  281025 1500002.csv,5072,1
ARDG_AQUA bream 630gr 31cm  281025 1400002.csv,3961,1
ARDG_AQUA bream 150gr 21 sm  281025 1132004.csv,3910,0
ARDG_AQUA bream556gr 30cm  281025 1500002.csv,8102,0
ARDG_AQUA bream556gr 30cm  281025 1500002.csv,11097,0
ARDG_AQUA bream 800gr 36cm  281025 1453002.csv,1362,0
ARDG_AQUA bream 580gr 30 sm  281025 1254003.csv,10659,0
ARDG_AQUA bream 580gr 30 sm  281025 1254002.csv,11002,0
ARDG_AQUA bream 150gr 21 sm  281025 1132004.csv,7471,0
ARDG_AQUA bream 580gr 30 sm  281025 1254003.csv,5597,0
ARDG_AQUA bream556gr 30cm  281025 1500002.csv,549,0
ARDG_AQUA bream500gr 30cm  281025 1500002.csv,2634,0
ARDG_AQUA bream 150gr 21 sm  281025 1132004.csv,3536,0
ARDG_AQUA bream 800gr 36cm  281025 1453002.csv,3616,0
ARDG_AQUA bream500gr 30cm  281025 1500003.csv,1472,0
ARDG_AQUA bream 310gr 23 sm  281025 1233002.csv,6559,1
ARDG_AQUA bream556gr 30cm  281025 1500002.csv,6027,0
ARDG_AQUA bream 580gr 30 sm  281025 1254002.csv,10500,1
ARDG_AQUA bream556gr 30cm  281025 1500002.csv,8118,0
ARDG_AQUA bream 390gr 26cm  281025 1325005.csv,4864,1
ARDG_AQUA bream556gr 30cm  281025 1500003.csv,1171,0
ARDG_AQUA bream 630gr 31cm  281025 1400002.csv,4340,0
ARDG_AQUA bream556gr 30cm  281025 1500002.csv,11289,0
ARDG_AQUA bream 150gr 21 sm  281025 1132004.csv,9354,0
ARDG_AQUA bream150gr21cm  281025 1548002.csv,6256,0
ARDG_AQUA bream556gr 30cm  281025 1500002.csv,4538,0
ARDG_AQUA bream350 gr27cm  281025 1548002.csv,4939,0
ARDG_AQUA bream500gr 30cm  281025 1500002.csv,6969,0
ARDG_AQUA bream350 gr27cm  281025 1548002.csv,4286,0
ARDG_AQUA bream500gr 30cm  281025 1500002.csv,11468,0
ARDG_AQUA bream500gr 30cm  281025 1500002.csv,8548,0
ARDG_AQUA bream 580gr 30 sm  281025 1254003.csv,2542,0
ARDG_AQUA bream 310gr 23 sm  281025 1233002.csv,3858,1
ARDG_AQUA bream556gr 30cm  281025 1500002.csv,8627,0
ARDG_AQUA bream350 gr27cm  281025 1548002.csv,5435,1
ARDG_AQUA bream 150gr 21 sm  281025 1132004.csv,4980,0
ARDG_AQUA bream350 gr27cm  281025 1548002.csv,5070,0
ARDG_AQUA bream500gr 30cm  281025 1500002.csv,4924,0
ARDG_AQUA bream 800gr 36cm  281025 1453002.csv,3898,0
ARDG_AQUA bream 150gr 21 sm  281025 1132004.csv,3282,0
ARDG_AQUA bream 280gr 24cm  281025 1425002.csv,4503,1
ARDG_AQUA bream150gr21cm  281025 1548002.csv,3768,0
ARDG_AQUA bream 150gr 21 sm  281025 1132004.csv,2286,0
ARDG_AQUA bream 310gr 23 sm  281025 1233002.csv,1523,1
ARDG_AQUA bream 150gr 21 sm  281025 1132004.csv,10346,0
ARDG_AQUA bream 580gr 30 sm  281025 1254003.csv,7313,0
ARDG_AQUA bream 800gr 36cm  281025 1453002.csv,4934,0
ARDG_AQUA bream500gr 30cm  281025 1500002.csv,9159,0
ARDG_AQUA bream 390gr 26cm  281025 1325003.csv,11643,0
ARDG_AQUA bream630gr 32cm  281025 1500002.csv,6025,0
ARDG_AQUA bream500gr 30cm  281025 1500003.csv,1182,0
ARDG_AQUA bream 150gr 21 sm  281025 1132002.csv,11781,0
ARDG_AQUA bream 310gr 23 sm  281025 1233002.csv,97,0
ARDG_AQUA bream 280gr 24cm  281025 1425002.csv,3628,1
ARDG_AQUA bream 580gr 30 sm  281025 1254003.csv,1857,0
ARDG_AQUA bream556gr 30cm  281025 1500002.csv,8199,0
ARDG_AQUA bream 150gr 21 sm  281025 1132004.csv,11581,0
ARDG_AQUA bream 630gr 31cm  281025 1400002.csv,6682,0
ARDG_AQUA bream556gr 30cm  281025 1500002.csv,8122,0
ARDG_AQUA bream 580gr 30 sm  281025 1254003.csv,4032,0
ARDG_AQUA bream 150gr 21 sm  281025 1132002.csv,9501,0
ARDG_AQUA bream150gr21cm  281025 1548002.csv,594,0
ARDG_AQUA bream500gr 30cm  281025 1500002.csv,9824,1
ARDG_AQUA bream 680gr 33 sm  281025 1208003.csv,1914,1
ARDG_AQUA bream 150gr 21 sm  281025 1132002.csv,7145,0
ARDG_AQUA bream 580gr 30 sm  281025 1254003.csv,1119,0
ARDG_AQUA bream 340gr 27cm  281025 1415002.csv,644,0
ARDG_AQUA bream 630gr 31cm  281025 1400002.csv,3616,1
ARDG_AQUA bream 630gr 31cm  281025 1400002.csv,11534,0
ARDG_AQUA bream620 gr31cm  281025 1618003.csv,10219,1
ARDG_AQUA bream500gr 30cm  281025 1500002.csv,2660,0
ARDG_AQUA bream 280gr 24cm  281025 1425002.csv,4669,0
ARDG_AQUA bream 390gr 26cm  281025 1325005.csv,11998,0
ARDG_AQUA bream 630gr 31cm  281025 1400002.csv,2707,0
ARDG_AQUA bream 310gr 23 sm  281025 1233002.csv,10547,0
ARDG_AQUA bream 150gr 21 sm  281025 1132004.csv,2110,0
ARDG_AQUA bream 680gr 33 sm  281025 1208003.csv,402,0
ARDG_AQUA bream 150gr 21 sm  281025 1132002.csv,9966,0
ARDG_AQUA bream 310gr 23 sm  281025 1233003.csv,863,0
ARDG_AQUA bream 310gr 23 sm  281025 1233002.csv,5694,1
ARDG_AQUA bream 150gr 21 sm  281025 1132004.csv,1744,0
ARDG_AQUA bream 310gr 23 sm  281025 1233003.csv,450,1
ARDG_AQUA bream 580gr 30 sm  281025 1254002.csv,3916,1
ARDG_AQUA bream 150gr 21 sm  281025 1132004.csv,6071,0
ARDG_AQUA bream 150gr 21 sm  281025 1132004.csv,10669,1
ARDG_AQUA bream 150gr 21 sm  281025 1132004.csv,2051,0
ARDG_AQUA bream620 gr31cm  281025 1618003.csv,514,0
ARDG_AQUA bream556gr 30cm  281025 1500002.csv,7374,0
ARDG_AQUA bream 680gr 33 sm  281025 1208003.csv,9001,1
ARDG_AQUA bream556gr 30cm  281025 1500002.csv,651,0
ARDG_AQUA bream620 gr31cm  281025 1618003.csv,96,0
ARDG_AQUA bream556gr 30cm  281025 1500002.csv,7553,0
ARDG_AQUA bream 150gr 21 sm  281025 1132004.csv,2312,0
ARDG_AQUA bream500gr 30cm  281025 1500002.csv,4347,0
ARDG_AQUA bream 630gr 31cm  281025 1400002.csv,199,0
ARDG_AQUA bream500gr 30cm  281025 1500002.csv,4943,0
ARDG_AQUA bream150gr21cm  281025 1548002.csv,5972,1
ARDG_AQUA bream 150gr 21 sm  281025 1132004.csv,952,0
ARDG_AQUA bream556gr 30cm  281025 1500002.csv,901,0
ARDG_AQUA bream620 gr31cm  281025 1618003.csv,10627,1
ARDG_AQUA bream556gr 30cm  281025 1500002.csv,4470,0
ARDG_AQUA bream 150gr 21 sm  281025 1132004.csv,7700,0
ARDG_AQUA bream 580gr 30 sm  281025 1254003.csv,5071,0
ARDG_AQUA bream 800gr 36cm  281025 1453002.csv,2631,1
ARDG_AQUA bream500gr 30cm  281025 1500002.csv,8535,0
ARDG_AQUA bream150gr21cm  281025 1548002.csv,5337,0
ARDG_AQUA bream 800gr 36cm  281025 1453002.csv,3993,0
ARDG_AQUA bream556gr 30cm  281025 1500002.csv,559,0
ARDG_AQUA bream500gr 30cm  281025 1500002.csv,5688,0
ARDG_AQUA bream 150gr 21 sm  281025 1132004.csv,151,0
ARDG_AQUA bream 150gr 21 sm  281025 1132004.csv,4757,0
ARDG_AQUA bream 390gr 26cm  281025 1325005.csv,315,0
ARDG_AQUA bream 390gr 26cm  281025 1325005.csv,9589,1
ARDG_AQUA bream150gr21cm  281025 1548002.csv,6204,0
ARDG_AQUA bream150gr21cm  281025 1548002.csv,7628,0
ARDG_AQUA bream350 gr27cm  281025 1548002.csv,6988,0
ARDG_AQUA bream500gr 30cm  281025 1500002.csv,11565,0
ARDG_AQUA bream 390gr 26cm  281025 1325005.csv,10704,0
ARDG_AQUA bream 630gr 31cm  281025 1400002.csv,11513,0
ARDG_AQUA bream 630gr 31cm  281025 1400002.csv,6795,0
ARDG_AQUA bream150gr21cm  281025 1548002.csv,1808,0
ARDG_AQUA bream 150gr 21 sm  281025 1132002.csv,9309,0
ARDG_AQUA bream 800gr 36cm  281025 1453002.csv,1309,0
ARDG_AQUA bream 680gr 33 sm  281025 1208003.csv,11409,0
ARDG_AQUA bream 150gr 21 sm  281025 1132004.csv,7840,0
ARDG_AQUA bream 580gr 30 sm  281025 1254003.csv,8778,0
ARDG_AQUA bream 630gr 31cm  281025 1400002.csv,6950,1
ARDG_AQUA bream 150gr 21 sm  281025 1132004.csv,376,0
ARDG_AQUA bream 150gr 21 sm  281025 1132004.csv,10927,0
ARDG_AQUA bream556gr 30cm  281025 1500002.csv,2267,0
ARDG_AQUA bream500gr 30cm  281025 1500002.csv,5427,0
ARDG_AQUA bream 800gr 36cm  281025 1453002.csv,1607,0
ARDG_AQUA bream620 gr31cm  281025 1618003.csv,9285,1
ARDG_AQUA bream620 gr31cm  281025 1618003.csv,9939,1
ARDG_AQUA bream 150gr 21 sm  281025 1132002.csv,2294,0
ARDG_AQUA bream 390gr 26cm  281025 1325005.csv,6112,0
ARDG_AQUA bream556gr 30cm  281025 1500002.csv,1484,0
ARDG_AQUA bream 580gr 30 sm  281025 1254002.csv,486,1
ARDG_AQUA bream 390gr 26cm  281025 1325005.csv,121,0
ARDG_AQUA bream500gr 30cm  281025 1500002.csv,5820,0
ARDG_AQUA bream620 gr31cm  281025 1618003.csv,118,0
ARDG_AQUA bream 150gr 21 sm  281025 1132004.csv,11019,0
ARDG_AQUA bream150gr21cm  281025 1548002.csv,163,0
ARDG_AQUA bream556gr 30cm  281025 1500002.csv,8531,0
ARDG_AQUA bream630gr 32cm  281025 1500002.csv,4771,0
ARDG_AQUA bream556gr 30cm  281025 1500003.csv,51,0
ARDG_AQUA bream 580gr 30 sm  281025 1254002.csv,4633,1
ARDG_AQUA bream556gr 30cm  281025 1500002.csv,4478,0
ARDG_AQUA bream556gr 30cm  281025 1500002.csv,4652,0
ARDG_AQUA bream 630gr 31cm  281025 1400002.csv,1800,0
ARDG_AQUA bream 150gr 21 sm  281025 1132004.csv,4993,0
ARDG_AQUA bream 630gr 31cm  281025 1400002.csv,4311,0
ARDG_AQUA bream620 gr31cm  281025 1618003.csv,11051,1
ARDG_AQUA bream556gr 30cm  281025 1500002.csv,7168,0
ARDG_AQUA bream500gr 30cm  281025 1500002.csv,5315,1
ARDG_AQUA bream620 gr31cm  281025 1618003.csv,470,0
ARDG_AQUA bream 390gr 26cm  281025 1325003.csv,11635,0
ARDG_AQUA bream556gr 30cm  281025 1500002.csv,10974,1
ARDG_AQUA bream630gr 32cm  281025 1500002.csv,6055,0
ARDG_AQUA bream500gr 30cm  281025 1500002.csv,4366,0
ARDG_AQUA bream 580gr 30 sm  281025 1254002.csv,999,0
ARDG_AQUA bream150gr21cm  281025 1548002.csv,7201,0
ARDG_AQUA bream 630gr 31cm  281025 1400002.csv,11555,0
ARDG_AQUA bream630gr 32cm  281025 1500002.csv,3700,0
ARDG_AQUA bream 580gr 30 sm  281025 1254002.csv,166,1
ARDG_AQUA bream 580gr 30 sm  281025 1254002.csv,3283,1
ARDG_AQUA bream 310gr 23 sm  281025 1233002.csv,2487,1
ARDG_AQUA bream 150gr 21 sm  281025 1132004.csv,838,1
ARDG_AQUA bream 580gr 30 sm  281025 1254003.csv,11409,0
ARDG_AQUA bream 630gr 31cm  281025 1400002.csv,8415,1
ARDG_AQUA bream500gr 30cm  281025 1500003.csv,4933,0
ARDG_AQUA bream500gr 30cm  281025 1500003.csv,3671,1
ARDG_AQUA bream500gr 30cm  281025 1500002.csv,413,0
ARDG_AQUA bream 630gr 31cm  281025 1400002.csv,7935,1
ARDG_AQUA bream500gr 30cm  281025 1500002.csv,4100,0
ARDG_AQUA bream 580gr 30 sm  281025 1254003.csv,1900,0
ARDG_AQUA bream150gr21cm  281025 1548002.csv,1446,0
ARDG_AQUA bream 580gr 30 sm  281025 1254002.csv,9660,1
ARDG_AQUA bream 390gr 26cm  281025 1325005.csv,4404,0
ARDG_AQUA bream 310gr 23 sm  281025 1233002.csv,7228,1
ARDG_AQUA bream 580gr 30 sm  281025 1254003.csv,6585,0
ARDG_AQUA bream 310gr 23 sm  281025 1233002.csv,7090,1
ARDG_AQUA bream 150gr 21 sm  281025 1132004.csv,6632,1
ARDG_AQUA bream 310gr 23 sm  281025 1233002.csv,10499,0
ARDG_AQUA bream 150gr 21 sm  281025 1132004.csv,5657,0
ARDG_AQUA bream 390gr 26cm  281025 1325005.csv,7030,1
ARDG_AQUA bream 580gr 30 sm  281025 1254002.csv,3352,0
ARDG_AQUA bream 580gr 30 sm  281025 1254002.csv,11939,0
ARDG_AQUA bream 150gr 21 sm  281025 1132004.csv,11036,0
ARDG_AQUA bream 580gr 30 sm  281025 1254002.csv,11561,0
ARDG_AQUA bream 630gr 31cm  281025 1400002.csv,5565,1
ARDG_AQUA bream630gr 32cm  281025 1500002.csv,6710,0
ARDG_AQUA bream150gr21cm  281025 1548002.csv,8202,0
ARDG_AQUA bream150gr21cm  281025 1548002.csv,1827,0
ARDG_AQUA bream 150gr 21 sm  281025 1132004.csv,1852,0
ARDG_AQUA bream 580gr 30 sm  281025 1254003.csv,727,0
ARDG_AQUA bream556gr 30cm  281025 1500002.csv,7924,0
ARDG_AQUA bream630gr 32cm  281025 1500002.csv,2885,0
ARDG_AQUA bream 310gr 23 sm  281025 1233002.csv,7884,0
ARDG_AQUA bream150gr21cm  281025 1548002.csv,8523,0
ARDG_AQUA bream 580gr 30 sm  281025 1254003.csv,167,0
ARDG_AQUA bream500gr 30cm  281025 1500002.csv,5914,0
ARDG_AQUA bream556gr 30cm  281025 1500002.csv,2621,0
ARDG_AQUA bream500gr 30cm  281025 1500002.csv,7675,0
ARDG_AQUA bream 310gr 23 sm  281025 1233002.csv,8151,0
ARDG_AQUA bream 800gr 36cm  281025 1453002.csv,2760,0
ARDG_AQUA bream350 gr27cm  281025 1548002.csv,5176,0
ARDG_AQUA bream 680gr 33 sm  281025 1208003.csv,11185,0
ARDG_AQUA bream 280gr 24cm  281025 1425002.csv,4746,0
ARDG_AQUA bream500gr 30cm  281025 1500003.csv,4189,0
ARDG_AQUA bream 150gr 21 sm  281025 1132004.csv,2839,0
ARDG_AQUA bream620 gr31cm  281025 1618003.csv,4437,0
ARDG_AQUA bream 630gr 31cm  281025 1400002.csv,10884,1
ARDG_AQUA bream 580gr 30 sm  281025 1254003.csv,7323,0
ARDG_AQUA bream500gr 30cm  281025 1500002.csv,10295,0
ARDG_AQUA bream 580gr 30 sm  281025 1254002.csv,11707,0
ARDG_AQUA bream 390gr 26cm  281025 1325005.csv,273,0
ARDG_AQUA bream 580gr 30 sm  281025 1254002.csv,8222,0
ARDG_AQUA bream620 gr31cm  281025 1618003.csv,646,0
ARDG_AQUA bream 280gr 24cm  281025 1425002.csv,1212,0
ARDG_AQUA bream 580gr 30 sm  281025 1254003.csv,7391,0
ARDG_AQUA bream 580gr 30 sm  281025 1254003.csv,2333,0
ARDG_AQUA bream350 gr27cm  281025 1548002.csv,4963,0
ARDG_AQUA bream556gr 30cm  281025 1500002.csv,9844,0
ARDG_AQUA bream 630gr 31cm  281025 1400002.csv,9868,1
ARDG_AQUA bream556gr 30cm  281025 1500003.csv,949,1
ARDG_AQUA bream 630gr 31cm  281025 1400002.csv,11238,0
ARDG_AQUA bream 310gr 23 sm  281025 1233002.csv,3171,1
ARDG_AQUA bream350 gr27cm  281025 1548002.csv,5563,1
ARDG_AQUA bream 390gr 26cm  281025 1325005.csv,5412,1
ARDG_AQUA bream150gr21cm  281025 1548002.csv,4707,0
ARDG_AQUA bream150gr21cm  281025 1548002.csv,2578,0
ARDG_AQUA bream 150gr 21 sm  281025 1132004.csv,6377,0
ARDG_AQUA bream 150gr 21 sm  281025 1132004.csv,10378,0
ARDG_AQUA bream 150gr 21 sm  281025 1132002.csv,11606,0
ARDG_AQUA bream 680gr 33 sm  281025 1208003.csv,5331,1
ARDG_AQUA bream 800gr 36cm  281025 1453002.csv,4628,0
ARDG_AQUA bream150gr21cm  281025 1548002.csv,523,0
ARDG_AQUA bream 150gr 21 sm  281025 1132004.csv,960,0
ARDG_AQUA bream556gr 30cm  281025 1500003.csv,1443,0
ARDG_AQUA bream 580gr 30 sm  281025 1254003.csv,35,0
ARDG_AQUA bream500gr 30cm  281025 1500002.csv,2642,0
ARDG_AQUA bream556gr 30cm  281025 1500002.csv,6860,0
ARDG_AQUA bream 580gr 30 sm  281025 1254003.csv,7387,0
ARDG_AQUA bream556gr 30cm  281025 1500002.csv,5253,0
ARDG_AQUA bream556gr 30cm  281025 1500002.csv,8597,0
ARDG_AQUA bream556gr 30cm  281025 1500002.csv,9659,0
ARDG_AQUA bream 580gr 30 sm  281025 1254002.csv,4375,0
ARDG_AQUA bream 580gr 30 sm  281025 1254003.csv,7232,1
ARDG_AQUA bream500gr 30cm  281025 1500002.csv,640,0
ARDG_AQUA bream 580gr 30 sm  281025 1254002.csv,10908,0
ARDG_AQUA bream500gr 30cm  281025 1500002.csv,8765,0
ARDG_AQUA bream 390gr 26cm  281025 1325005.csv,11186,0
ARDG_AQUA bream500gr 30cm  281025 1500002.csv,2218,0
ARDG_AQUA bream 580gr 30 sm  281025 1254002.csv,8053,1
ARDG_AQUA bream620 gr31cm  281025 1618003.csv,10796,1
ARDG_AQUA bream 680gr 33 sm  281025 1208003.csv,9226,0
ARDG_AQUA bream350 gr27cm  281025 1548002.csv,4366,0
ARDG_AQUA bream 150gr 21 sm  281025 1132004.csv,5399,0
ARDG_AQUA bream 310gr 23 sm  281025 1233002.csv,6338,0
ARDG_AQUA bream 390gr 26cm  281025 1325005.csv,6212,0
ARDG_AQUA bream 310gr 23 sm  281025 1233002.csv,5604,1
ARDG_AQUA bream556gr 30cm  281025 1500002.csv,1561,0
ARDG_AQUA bream 310gr 23 sm  281025 1233003.csv,1267,0
ARDG_AQUA bream 580gr 30 sm  281025 1254002.csv,8631,0
ARDG_AQUA bream556gr 30cm  281025 1500002.csv,5305,0
ARDG_AQUA bream500gr 30cm  281025 1500002.csv,1284,0
ARDG_AQUA bream 310gr 23 sm  281025 1233002.csv,3969,0
ARDG_AQUA bream 800gr 36cm  281025 1453002.csv,3264,0
ARDG_AQUA bream 390gr 26cm  281025 1325005.csv,6222,0
ARDG_AQUA bream 150gr 21 sm  281025 1132002.csv,10152,0
ARDG_AQUA bream150gr21cm  281025 1548002.csv,2091,0
ARDG_AQUA bream620 gr31cm  281025 1618004.csv,2660,0
ARDG_AQUA bream500gr 30cm  281025 1500002.csv,9330,0
ARDG_AQUA bream 150gr 21 sm  281025 1132002.csv,8870,1
ARDG_AQUA bream500gr 30cm  281025 1500002.csv,9402,0
ARDG_AQUA bream556gr 30cm  281025 1500002.csv,11863,0
ARDG_AQUA bream500gr 30cm  281025 1500002.csv,1026,0
ARDG_AQUA bream 340gr 27cm  281025 1415002.csv,1966,0
ARDG_AQUA bream620 gr31cm  281025 1618003.csv,4341,0
ARDG_AQUA bream150gr21cm  281025 1548002.csv,318,0
ARDG_AQUA bream556gr 30cm  281025 1500003.csv,843,1
ARDG_AQUA bream 580gr 30 sm  281025 1254002.csv,8627,0
ARDG_AQUA bream 800gr 36cm  281025 1453002.csv,406,0
ARDG_AQUA bream 310gr 23 sm  281025 1233002.csv,10715,0
ARDG_AQUA bream556gr 30cm  281025 1500002.csv,5939,0
ARDG_AQUA bream 580gr 30 sm  281025 1254002.csv,11260,1
ARDG_AQUA bream 580gr 30 sm  281025 1254002.csv,9422,1
ARDG_AQUA bream 150gr 21 sm  281025 1132004.csv,10931,0
ARDG_AQUA bream 580gr 30 sm  281025 1254003.csv,2727,1
ARDG_AQUA bream556gr 30cm  281025 1500002.csv,7897,0
ARDG_AQUA bream500gr 30cm  281025 1500002.csv,1057,0
ARDG_AQUA bream500gr 30cm  281025 1500002.csv,3647,0
ARDG_AQUA bream 390gr 26cm  281025 1325005.csv,7106,1
ARDG_AQUA bream150gr21cm  281025 1548002.csv,7415,1
ARDG_AQUA bream 310gr 23 sm  281025 1233002.csv,10406,0
ARDG_AQUA bream556gr 30cm  281025 1500002.csv,8290,0
ARDG_AQUA bream 310gr 23 sm  281025 1233002.csv,4973,1
ARDG_AQUA bream 680gr 33 sm  281025 1208003.csv,11717,0
ARDG_AQUA bream 390gr 26cm  281025 1325003.csv,11748,0
ARDG_AQUA bream630gr 32cm  281025 1500002.csv,2613,1
ARDG_AQUA bream 580gr 30 sm  281025 1254003.csv,1403,0
ARDG_AQUA bream 280gr 24cm  281025 1425002.csv,563,0
ARDG_AQUA bream 390gr 26cm  281025 1325005.csv,6217,0
ARDG_AQUA bream 580gr 30 sm  281025 1254002.csv,10897,0
ARDG_AQUA bream 390gr 26cm  281025 1325005.csv,11557,0
ARDG_AQUA bream 580gr 30 sm  281025 1254002.csv,7259,0
ARDG_AQUA bream620 gr31cm  281025 1618003.csv,6204,1
ARDG_AQUA bream 580gr 30 sm  281025 1254003.csv,283,0
ARDG_AQUA bream 390gr 26cm  281025 1325005.csv,27,0
ARDG_AQUA bream 150gr 21 sm  281025 1132004.csv,1737,0
ARDG_AQUA bream 580gr 30 sm  281025 1254003.csv,4031,0
ARDG_AQUA bream 280gr 24cm  281025 1425002.csv,1240,0
ARDG_AQUA bream 580gr 30 sm  281025 1254003.csv,7602,0
ARDG_AQUA bream 580gr 30 sm  281025 1254003.csv,8466,0
ARDG_AQUA bream620 gr31cm  281025 1618003.csv,547,0
ARDG_AQUA bream620 gr31cm  281025 1618003.csv,1438,0
ARDG_AQUA bream 630gr 31cm  281025 1400002.csv,8663,0
ARDG_AQUA bream150gr21cm  281025 1548002.csv,5212,0
ARDG_AQUA bream 580gr 30 sm  281025 1254003.csv,2209,0
ARDG_AQUA bream630gr 32cm  281025 1500002.csv,5990,0
ARDG_AQUA bream 150gr 21 sm  281025 1132002.csv,11540,0
ARDG_AQUA bream556gr 30cm  281025 1500002.csv,5129,0
ARDG_AQUA bream620 gr31cm  281025 1618003.csv,877,0
ARDG_AQUA bream 150gr 21 sm  281025 1132002.csv,7169,0
ARDG_AQUA bream 680gr 33 sm  281025 1208003.csv,6049,1
ARDG_AQUA bream 340gr 27cm  281025 1415002.csv,546,0
ARDG_AQUA bream 150gr 21 sm  281025 1132002.csv,6653,0
ARDG_AQUA bream 580gr 30 sm  281025 1254002.csv,8717,1
ARDG_AQUA bream 390gr 26cm  281025 1325005.csv,6032,0
ARDG_AQUA bream 580gr 30 sm  281025 1254002.csv,3363,0
ARDG_AQUA bream620 gr31cm  281025 1618004.csv,2464,0
ARDG_AQUA bream620 gr31cm  281025 1618003.csv,10315,0
ARDG_AQUA bream150gr21cm  281025 1548002.csv,1660,1
ARDG_AQUA bream556gr 30cm  281025 1500002.csv,5953,0
ARDG_AQUA bream556gr 30cm  281025 1500003.csv,402,1
ARDG_AQUA bream 580gr 30 sm  281025 1254002.csv,7093,0
ARDG_AQUA bream 580gr 30 sm  281025 1254003.csv,7547,0
ARDG_AQUA bream 390gr 26cm  281025 1325005.csv,243,0
ARDG_AQUA bream 580gr 30 sm  281025 1254003.csv,2241,0
ARDG_AQUA bream556gr 30cm  281025 1500002.csv,11733,0
ARDG_AQUA bream 580gr 30 sm  281025 1254003.csv,8509,0
ARDG_AQUA bream 150gr 21 sm  281025 1132004.csv,2791,0
ARDG_AQUA bream 390gr 26cm  281025 1325005.csv,11593,0
ARDG_AQUA bream 310gr 23 sm  281025 1233002.csv,10271,0
ARDG_AQUA bream 390gr 26cm  281025 1325003.csv,4276,0
ARDG_AQUA bream 150gr 21 sm  281025 1132004.csv,4291,0
ARDG_AQUA bream 150gr 21 sm  281025 1132002.csv,11759,0
ARDG_AQUA bream 580gr 30 sm  281025 1254002.csv,10832,0
ARDG_AQUA bream 150gr 21 sm  281025 1132004.csv,2268,0
ARDG_AQUA bream 150gr 21 sm  281025 1132002.csv,5428,1
ARDG_AQUA bream556gr 30cm  281025 1500002.csv,4905,1
ARDG_AQUA bream 150gr 21 sm  281025 1132002.csv,4992,0
ARDG_AQUA bream556gr 30cm  281025 1500002.csv,8208,0
ARDG_AQUA bream620 gr31cm  281025 1618003.csv,3162,0
ARDG_AQUA bream556gr 30cm  281025 1500002.csv,4642,0
ARDG_AQUA bream 280gr 24cm  281025 1425002.csv,5331,0
ARDG_AQUA bream150gr21cm  281025 1548002.csv,1926,1
ARDG_AQUA bream 390gr 26cm  281025 1325005.csv,2917,1
ARDG_AQUA bream 280gr 24cm  281025 1425002.csv,4146,0
ARDG_AQUA bream620 gr31cm  281025 1618003.csv,4382,0
ARDG_AQUA bream 800gr 36cm  281025 1453002.csv,839,0
ARDG_AQUA bream556gr 30cm  281025 1500003.csv,208,0
ARDG_AQUA bream 390gr 26cm  281025 1325003.csv,9381,1
ARDG_AQUA bream 580gr 30 sm  281025 1254002.csv,8467,1
ARDG_AQUA bream 580gr 30 sm  281025 1254002.csv,5296,1
ARDG_AQUA bream350 gr27cm  281025 1548002.csv,4945,0
ARDG_AQUA bream150gr21cm  281025 1548002.csv,41,0
ARDG_AQUA bream556gr 30cm  281025 1500002.csv,3459,0
ARDG_AQUA bream 280gr 24cm  281025 1425002.csv,1507,0
ARDG_AQUA bream 680gr 33 sm  281025 1208003.csv,4481,1
ARDG_AQUA bream 580gr 30 sm  281025 1254002.csv,4392,0
ARDG_AQUA bream 630gr 31cm  281025 1400002.csv,3132,0
ARDG_AQUA bream500gr 30cm  281025 1500002.csv,7712,0
ARDG_AQUA bream620 gr31cm  281025 1618003.csv,261,0
ARDG_AQUA bream 150gr 21 sm  281025 1132004.csv,6815,0
ARDG_AQUA bream556gr 30cm  281025 1500002.csv,485,0
ARDG_AQUA bream556gr 30cm  281025 1500002.csv,11535,0
ARDG_AQUA bream 580gr 30 sm  281025 1254002.csv,5707,1
ARDG_AQUA bream500gr 30cm  281025 1500002.csv,2896,0
ARDG_AQUA bream 150gr 21 sm  281025 1132004.csv,2183,0
ARDG_AQUA bream630gr 32cm  281025 1500002.csv,4667,0
ARDG_AQUA bream 150gr 21 sm  281025 1132004.csv,9750,1
ARDG_AQUA bream 310gr 23 sm  281025 1233002.csv,2150,0
ARDG_AQUA bream500gr 30cm  281025 1500002.csv,7913,0
ARDG_AQUA bream 280gr 24cm  281025 1425002.csv,4711,0
ARDG_AQUA bream556gr 30cm  281025 1500002.csv,11256,0
ARDG_AQUA bream 280gr 24cm  281025 1425002.csv,1476,0
ARDG_AQUA bream 800gr 36cm  281025 1453002.csv,3929,0
ARDG_AQUA bream350 gr27cm  281025 1548002.csv,6015,0
ARDG_AQUA bream500gr 30cm  281025 1500002.csv,2266,0
ARDG_AQUA bream 280gr 24cm  281025 1425002.csv,1239,0
ARDG_AQUA bream 680gr 33 sm  281025 1208003.csv,5483,0
ARDG_AQUA bream 630gr 31cm  281025 1400002.csv,754,0
ARDG_AQUA bream 150gr 21 sm  281025 1132004.csv,8650,0
ARDG_AQUA bream556gr 30cm  281025 1500002.csv,6633,0
ARDG_AQUA bream 580gr 30 sm  281025 1254003.csv,1415,0
ARDG_AQUA bream 390gr 26cm  281025 1325003.csv,7380,1
ARDG_AQUA bream 580gr 30 sm  281025 1254003.csv,3832,1
ARDG_AQUA bream 390gr 26cm  281025 1325005.csv,10666,0
ARDG_AQUA bream 390gr 26cm  281025 1325005.csv,1831,1
ARDG_AQUA bream 580gr 30 sm  281025 1254002.csv,1503,0
ARDG_AQUA bream 800gr 36cm  281025 1453002.csv,3928,0
ARDG_AQUA bream 310gr 23 sm  281025 1233002.csv,10808,0
ARDG_AQUA bream 580gr 30 sm  281025 1254002.csv,9306,0
ARDG_AQUA bream556gr 30cm  281025 1500002.csv,5427,0
ARDG_AQUA bream 390gr 26cm  281025 1325005.csv,6487,0
ARDG_AQUA bream 680gr 33 sm  281025 1208003.csv,10914,1
ARDG_AQUA bream 390gr 26cm  281025 1325005.csv,5294,1
ARDG_AQUA bream620 gr31cm  281025 1618004.csv,49,1
ARDG_AQUA bream556gr 30cm  281025 1500002.csv,925,0
ARDG_AQUA bream620 gr31cm  281025 1618003.csv,11306,1
ARDG_AQUA bream 580gr 30 sm  281025 1254002.csv,3585,1
ARDG_AQUA bream150gr21cm  281025 1548002.csv,5117,0
ARDG_AQUA bream 580gr 30 sm  281025 1254003.csv,2304,0
ARDG_AQUA bream150gr21cm  281025 1548002.csv,1795,0
ARDG_AQUA bream 150gr 21 sm  281025 1132002.csv,11796,0
ARDG_AQUA bream150gr21cm  281025 1548002.csv,4396,0
ARDG_AQUA bream 580gr 30 sm  281025 1254002.csv,10972,0
ARDG_AQUA bream150gr21cm  281025 1548002.csv,2726,0
ARDG_AQUA bream 580gr 30 sm  281025 1254002.csv,3829,1
ARDG_AQUA bream620 gr31cm  281025 1618003.csv,635,0
ARDG_AQUA bream556gr 30cm  281025 1500002.csv,3299,0
ARDG_AQUA bream556gr 30cm  281025 1500002.csv,5721,0
ARDG_AQUA bream 800gr 36cm  281025 1453002.csv,3045,1
ARDG_AQUA bream556gr 30cm  281025 1500002.csv,2366,0
ARDG_AQUA bream 580gr 30 sm  281025 1254003.csv,5763,0
ARDG_AQUA bream 580gr 30 sm  281025 1254003.csv,7149,0
ARDG_AQUA bream 150gr 21 sm  281025 1132002.csv,7408,0
ARDG_AQUA bream 580gr 30 sm  281025 1254003.csv,4477,0
ARDG_AQUA bream150gr21cm  281025 1548002.csv,623,0
ARDG_AQUA bream 580gr 30 sm  281025 1254003.csv,4054,0
ARDG_AQUA bream556gr 30cm  281025 1500002.csv,11199,0
ARDG_AQUA bream500gr 30cm  281025 1500002.csv,5761,0
ARDG_AQUA bream 280gr 24cm  281025 1425002.csv,4201,0
ARDG_AQUA bream 680gr 33 sm  281025 1208003.csv,8404,0
ARDG_AQUA bream 150gr 21 sm  281025 1132004.csv,8649,0
ARDG_AQUA bream 800gr 36cm  281025 1453002.csv,4626,0
ARDG_AQUA bream 680gr 33 sm  281025 1208003.csv,837,0
ARDG_AQUA bream 150gr 21 sm  281025 1132004.csv,5232,1
ARDG_AQUA bream 580gr 30 sm  281025 1254002.csv,1055,0
ARDG_AQUA bream556gr 30cm  281025 1500002.csv,10620,0
ARDG_AQUA bream 630gr 31cm  281025 1400002.csv,2776,0
ARDG_AQUA bream630gr 32cm  281025 1500002.csv,5397,1
ARDG_AQUA bream500gr 30cm  281025 1500002.csv,8583,0
ARDG_AQUA bream 580gr 30 sm  281025 1254003.csv,7382,0
ARDG_AQUA bream500gr 30cm  281025 1500002.csv,8586,0
ARDG_AQUA bream 390gr 26cm  281025 1325005.csv,1909,1
ARDG_AQUA bream556gr 30cm  281025 1500002.csv,10876,0
ARDG_AQUA bream 150gr 21 sm  281025 1132004.csv,3934,0
ARDG_AQUA bream 580gr 30 sm  281025 1254003.csv,2174,0
ARDG_AQUA bream 580gr 30 sm  281025 1254003.csv,691,0
ARDG_AQUA bream620 gr31cm  281025 1618004.csv,2300,0
ARDG_AQUA bream 150gr 21 sm  281025 1132004.csv,7967,1
ARDG_AQUA bream556gr 30cm  281025 1500002.csv,8344,0
ARDG_AQUA bream 680gr 33 sm  281025 1208003.csv,4132,1
ARDG_AQUA bream 150gr 21 sm  281025 1132004.csv,1588,0
ARDG_AQUA bream350 gr27cm  281025 1548002.csv,1621,1
ARDG_AQUA bream 580gr 30 sm  281025 1254003.csv,1132,0
ARDG_AQUA bream556gr 30cm  281025 1500002.csv,5993,0
ARDG_AQUA bream500gr 30cm  281025 1500003.csv,1313,0
ARDG_AQUA bream500gr 30cm  281025 1500002.csv,8206,0
ARDG_AQUA bream 150gr 21 sm  281025 1132004.csv,11313,0
ARDG_AQUA bream620 gr31cm  281025 1618003.csv,4329,0
ARDG_AQUA bream556gr 30cm  281025 1500003.csv,1452,0
ARDG_AQUA bream556gr 30cm  281025 1500002.csv,905,0
ARDG_AQUA bream150gr21cm  281025 1548002.csv,27,0
ARDG_AQUA bream 390gr 26cm  281025 1325003.csv,11474,1
ARDG_AQUA bream 150gr 21 sm  281025 1132004.csv,9843,0
ARDG_AQUA bream 280gr 24cm  281025 1425002.csv,4959,0
ARDG_AQUA bream 630gr 31cm  281025 1400002.csv,6835,0
ARDG_AQUA bream 280gr 24cm  281025 1425002.csv,56,0
ARDG_AQUA bream350 gr27cm  281025 1548002.csv,2175,1
ARDG_AQUA bream 280gr 24cm  281025 1425002.csv,2390,0
ARDG_AQUA bream150gr21cm  281025 1548002.csv,7601,0
ARDG_AQUA bream620 gr31cm  281025 1618003.csv,1724,0
ARDG_AQUA bream500gr 30cm  281025 1500002.csv,1563,1
ARDG_AQUA bream 150gr 21 sm  281025 1132004.csv,8680,0
ARDG_AQUA bream 150gr 21 sm  281025 1132004.csv,1331,0
ARDG_AQUA bream 630gr 31cm  281025 1400002.csv,11307,1
ARDG_AQUA bream556gr 30cm  281025 1500002.csv,7748,0
ARDG_AQUA bream 630gr 31cm  281025 1400002.csv,11654,0
ARDG_AQUA bream630gr 32cm  281025 1500002.csv,1616,1
ARDG_AQUA bream 580gr 30 sm  281025 1254003.csv,5103,0
ARDG_AQUA bream 150gr 21 sm  281025 1132004.csv,4334,0
ARDG_AQUA bream 630gr 31cm  281025 1400002.csv,8217,0
ARDG_AQUA bream500gr 30cm  281025 1500002.csv,1232,0
ARDG_AQUA bream500gr 30cm  281025 1500003.csv,2497,0
ARDG_AQUA bream150gr21cm  281025 1548002.csv,1449,0
ARDG_AQUA bream 310gr 23 sm  281025 1233002.csv,10286,0
ARDG_AQUA bream 680gr 33 sm  281025 1208003.csv,6285,1
ARDG_AQUA bream556gr 30cm  281025 1500002.csv,5393,0
ARDG_AQUA bream 150gr 21 sm  281025 1132004.csv,10243,0
ARDG_AQUA bream 390gr 26cm  281025 1325005.csv,83,0
ARDG_AQUA bream556gr 30cm  281025 1500002.csv,7608,0
ARDG_AQUA bream 580gr 30 sm  281025 1254002.csv,11015,0
ARDG_AQUA bream 340gr 27cm  281025 1415002.csv,179,1
ARDG_AQUA bream 150gr 21 sm  281025 1132004.csv,2116,0
ARDG_AQUA bream 390gr 26cm  281025 1325005.csv,1475,1
ARDG_AQUA bream 630gr 31cm  281025 1400002.csv,11813,0
ARDG_AQUA bream 580gr 30 sm  281025 1254003.csv,111,0
ARDG_AQUA bream350 gr27cm  281025 1548002.csv,6708,0
ARDG_AQUA bream500gr 30cm  281025 1500003.csv,5589,0
ARDG_AQUA bream 630gr 31cm  281025 1400002.csv,224,0
ARDG_AQUA bream150gr21cm  281025 1548002.csv,1047,0
ARDG_AQUA bream 580gr 30 sm  281025 1254002.csv,4383,0
ARDG_AQUA bream 150gr 21 sm  281025 1132004.csv,9294,0
ARDG_AQUA bream 680gr 33 sm  281025 1208003.csv,657,0
ARDG_AQUA bream 150gr 21 sm  281025 1132004.csv,3592,0
ARDG_AQUA bream 680gr 33 sm  281025 1208003.csv,6832,1
ARDG_AQUA bream556gr 30cm  281025 1500002.csv,8209,0
ARDG_AQUA bream500gr 30cm  281025 1500002.csv,1388,1
ARDG_AQUA bream350 gr27cm  281025 1548002.csv,2257,0
ARDG_AQUA bream 310gr 23 sm  281025 1233002.csv,457,0
ARDG_AQUA bream500gr 30cm  281025 1500002.csv,7067,0
ARDG_AQUA bream 150gr 21 sm  281025 1132004.csv,7720,0
ARDG_AQUA bream556gr 30cm  281025 1500002.csv,8147,0
ARDG_AQUA bream500gr 30cm  281025 1500002.csv,11525,0
ARDG_AQUA bream 680gr 33 sm  281025 1208003.csv,5519,0
ARDG_AQUA bream500gr 30cm  281025 1500002.csv,1268,0
ARDG_AQUA bream 150gr 21 sm  281025 1132004.csv,11017,0
ARDG_AQUA bream 680gr 33 sm  281025 1208003.csv,6608,0
ARDG_AQUA bream 310gr 23 sm  281025 1233002.csv,11625,1
ARDG_AQUA bream 580gr 30 sm  281025 1254003.csv,1147,0
ARDG_AQUA bream 800gr 36cm  281025 1453002.csv,1605,0
ARDG_AQUA bream556gr 30cm  281025 1500002.csv,4298,0
ARDG_AQUA bream500gr 30cm  281025 1500003.csv,504,1
ARDG_AQUA bream350 gr27cm  281025 1548002.csv,5098,0
ARDG_AQUA bream 150gr 21 sm  281025 1132004.csv,1860,0
ARDG_AQUA bream 150gr 21 sm  281025 1132004.csv,2143,0
ARDG_AQUA bream630gr 32cm  281025 1500002.csv,1055,1
ARDG_AQUA bream 390gr 26cm  281025 1325003.csv,6588,0
ARDG_AQUA bream500gr 30cm  281025 1500002.csv,3312,1
ARDG_AQUA bream 680gr 33 sm  281025 1208003.csv,7033,1
ARDG_AQUA bream500gr 30cm  281025 1500002.csv,4114,0
ARDG_AQUA bream 150gr 21 sm  281025 1132002.csv,1397,0
ARDG_AQUA bream 680gr 33 sm  281025 1208003.csv,11057,0
ARDG_AQUA bream 150gr 21 sm  281025 1132004.csv,5537,0
ARDG_AQUA bream 630gr 31cm  281025 1400002.csv,964,0
ARDG_AQUA bream 390gr 26cm  281025 1325005.csv,8364,1
ARDG_AQUA bream 280gr 24cm  281025 1425002.csv,1310,0
ARDG_AQUA bream500gr 30cm  281025 1500002.csv,7072,0
ARDG_AQUA bream 280gr 24cm  281025 1425002.csv,1388,0
ARDG_AQUA bream150gr21cm  281025 1548002.csv,611,0
ARDG_AQUA bream620 gr31cm  281025 1618003.csv,4508,0
ARDG_AQUA bream 580gr 30 sm  281025 1254002.csv,10005,0
ARDG_AQUA bream 150gr 21 sm  281025 1132004.csv,9160,1
ARDG_AQUA bream150gr21cm  281025 1548002.csv,2222,1
ARDG_AQUA bream 150gr 21 sm  281025 1132004.csv,10192,0
ARDG_AQUA bream 580gr 30 sm  281025 1254003.csv,7385,0
ARDG_AQUA bream 310gr 23 sm  281025 1233002.csv,6139,1
ARDG_AQUA bream500gr 30cm  281025 1500002.csv,7650,0
ARDG_AQUA bream350 gr27cm  281025 1548002.csv,658,0
ARDG_AQUA bream 580gr 30 sm  281025 1254003.csv,8430,0
ARDG_AQUA bream 800gr 36cm  281025 1453002.csv,3593,0
ARDG_AQUA bream500gr 30cm  281025 1500002.csv,3954,0
ARDG_AQUA bream556gr 30cm  281025 1500002.csv,1113,0
ARDG_AQUA bream 680gr 33 sm  281025 1208003.csv,482,0
ARDG_AQUA bream 310gr 23 sm  281025 1233002.csv,214,0
ARDG_AQUA bream 580gr 30 sm  281025 1254003.csv,203,0
ARDG_AQUA bream350 gr27cm  281025 1548002.csv,5175,0
ARDG_AQUA bream 580gr 30 sm  281025 1254003.csv,9288,0
ARDG_AQUA bream 630gr 31cm  281025 1400002.csv,9552,0
ARDG_AQUA bream556gr 30cm  281025 1500002.csv,7831,0
ARDG_AQUA bream 800gr 36cm  281025 1453002.csv,4087,0
ARDG_AQUA bream 680gr 33 sm  281025 1208003.csv,8140,1
ARDG_AQUA bream 150gr 21 sm  281025 1132004.csv,97,0
ARDG_AQUA bream 630gr 31cm  281025 1400002.csv,8206,0
ARDG_AQUA bream150gr21cm  281025 1548002.csv,2505,0
ARDG_AQUA bream500gr 30cm  281025 1500002.csv,5156,0
ARDG_AQUA bream 150gr 21 sm  281025 1132004.csv,5645,0
ARDG_AQUA bream 580gr 30 sm  281025 1254002.csv,9942,0
ARDG_AQUA bream500gr 30cm  281025 1500002.csv,5504,0
ARDG_AQUA bream 150gr 21 sm  281025 1132002.csv,10018,0
ARDG_AQUA bream556gr 30cm  281025 1500002.csv,9124,0
ARDG_AQUA bream 580gr 30 sm  281025 1254003.csv,3943,0
ARDG_AQUA bream 150gr 21 sm  281025 1132004.csv,8134,0
ARDG_AQUA bream500gr 30cm  281025 1500002.csv,2620,0
ARDG_AQUA bream556gr 30cm  281025 1500002.csv,5789,0
ARDG_AQUA bream620 gr31cm  281025 1618003.csv,10360,0
ARDG_AQUA bream 150gr 21 sm  281025 1132004.csv,2121,0
ARDG_AQUA bream556gr 30cm  281025 1500002.csv,6290,0
ARDG_AQUA bream 680gr 33 sm  281025 1208003.csv,11821,0
ARDG_AQUA bream 280gr 24cm  281025 1425002.csv,4100,0
ARDG_AQUA bream 580gr 30 sm  281025 1254003.csv,4082,0
ARDG_AQUA bream556gr 30cm  281025 1500002.csv,1564,0
ARDG_AQUA bream556gr 30cm  281025 1500002.csv,1565,0
ARDG_AQUA bream500gr 30cm  281025 1500002.csv,3105,0
ARDG_AQUA bream 280gr 24cm  281025 1425002.csv,3705,1
ARDG_AQUA bream620 gr31cm  281025 1618003.csv,3745,1
ARDG_AQUA bream500gr 30cm  281025 1500002.csv,2046,0
ARDG_AQUA bream556gr 30cm  281025 1500002.csv,6267,0
ARDG_AQUA bream 150gr 21 sm  281025 1132004.csv,9393,0
ARDG_AQUA bream556gr 30cm  281025 1500002.csv,6858,0
ARDG_AQUA bream500gr 30cm  281025 1500002.csv,8007,0
ARDG_AQUA bream500gr 30cm  281025 1500002.csv,4117,0
ARDG_AQUA bream 150gr 21 sm  281025 1132004.csv,3272,0
ARDG_AQUA bream 580gr 30 sm  281025 1254003.csv,4018,0
ARDG_AQUA bream150gr21cm  281025 1548002.csv,1442,0
ARDG_AQUA bream500gr 30cm  281025 1500002.csv,882,0
ARDG_AQUA bream 630gr 31cm  281025 1400002.csv,11681,0
ARDG_AQUA bream 310gr 23 sm  281025 1233002.csv,6708,0
ARDG_AQUA bream500gr 30cm  281025 1500003.csv,1325,0
ARDG_AQUA bream 310gr 23 sm  281025 1233002.csv,5432,0
ARDG_AQUA bream556gr 30cm  281025 1500002.csv,1508,0
ARDG_AQUA bream 630gr 31cm  281025 1400002.csv,8225,0
ARDG_AQUA bream556gr 30cm  281025 1500002.csv,10885,0
ARDG_AQUA bream 150gr 21 sm  281025 1132002.csv,1046,0
ARDG_AQUA bream 150gr 21 sm  281025 1132004.csv,10991,0
ARDG_AQUA bream150gr21cm  281025 1548002.csv,567,0
ARDG_AQUA bream 390gr 26cm  281025 1325003.csv,1570,0
ARDG_AQUA bream 310gr 23 sm  281025 1233002.csv,8203,0
ARDG_AQUA bream556gr 30cm  281025 1500002.csv,8939,0
ARDG_AQUA bream 150gr 21 sm  281025 1132004.csv,7754,0
ARDG_AQUA bream 390gr 26cm  281025 1325005.csv,7886,0
ARDG_AQUA bream 310gr 23 sm  281025 1233002.csv,6482,0
ARDG_AQUA bream350 gr27cm  281025 1548002.csv,4964,0
ARDG_AQUA bream 630gr 31cm  281025 1400002.csv,6395,1
ARDG_AQUA bream500gr 30cm  281025 1500002.csv,6508,1
ARDG_AQUA bream 390gr 26cm  281025 1325003.csv,9540,0
ARDG_AQUA bream 340gr 27cm  281025 1415002.csv,2116,0
ARDG_AQUA bream 680gr 33 sm  281025 1208003.csv,5587,0
ARDG_AQUA bream630gr 32cm  281025 1500002.csv,4720,0
ARDG_AQUA bream500gr 30cm  281025 1500002.csv,8659,0
ARDG_AQUA bream 150gr 21 sm  281025 1132002.csv,8537,1
ARDG_AQUA bream350 gr27cm  281025 1548002.csv,2843,0
ARDG_AQUA bream 630gr 31cm  281025 1400002.csv,6863,0
ARDG_AQUA bream 280gr 24cm  281025 1425002.csv,4143,0
ARDG_AQUA bream 310gr 23 sm  281025 1233002.csv,2057,1
ARDG_AQUA bream 150gr 21 sm  281025 1132004.csv,8187,0
ARDG_AQUA bream 390gr 26cm  281025 1325005.csv,3967,1
ARDG_AQUA bream 580gr 30 sm  281025 1254002.csv,2522,1
ARDG_AQUA bream150gr21cm  281025 1548002.csv,5434,1
ARDG_AQUA bream 150gr 21 sm  281025 1132002.csv,6681,0
ARDG_AQUA bream 150gr 21 sm  281025 1132002.csv,11787,0
ARDG_AQUA bream350 gr27cm  281025 1548002.csv,3415,1
ARDG_AQUA bream 150gr 21 sm  281025 1132004.csv,10332,0
ARDG_AQUA bream 680gr 33 sm  281025 1208003.csv,9761,1
ARDG_AQUA bream 280gr 24cm  281025 1425002.csv,537,0
ARDG_AQUA bream620 gr31cm  281025 1618004.csv,2340,0
ARDG_AQUA bream150gr21cm  281025 1548002.csv,4331,0
ARDG_AQUA bream 310gr 23 sm  281025 1233002.csv,7665,1
ARDG_AQUA bream 630gr 31cm  281025 1400002.csv,2733,0
ARDG_AQUA bream 390gr 26cm  281025 1325005.csv,6397,0
ARDG_AQUA bream 280gr 24cm  281025 1425002.csv,4140,0
ARDG_AQUA bream 800gr 36cm  281025 1453002.csv,2880,1
ARDG_AQUA bream 310gr 23 sm  281025 1233002.csv,1814,1
ARDG_AQUA bream500gr 30cm  281025 1500002.csv,4411,0
ARDG_AQUA bream556gr 30cm  281025 1500002.csv,11131,0
ARDG_AQUA bream 630gr 31cm  281025 1400002.csv,3186,0
ARDG_AQUA bream 630gr 31cm  281025 1400002.csv,2697,0
ARDG_AQUA bream 150gr 21 sm  281025 1132002.csv,7367,0
ARDG_AQUA bream 680gr 33 sm  281025 1208003.csv,5620,0
ARDG_AQUA bream 150gr 21 sm  281025 1132004.csv,3820,0
ARDG_AQUA bream 680gr 33 sm  281025 1208003.csv,2387,1
ARDG_AQUA bream 390gr 26cm  281025 1325003.csv,349,0
ARDG_AQUA bream500gr 30cm  281025 1500002.csv,5452,0
ARDG_AQUA bream556gr 30cm  281025 1500002.csv,5199,0
ARDG_AQUA bream 150gr 21 sm  281025 1132004.csv,2111,0
ARDG_AQUA bream556gr 30cm  281025 1500002.csv,1197,0
ARDG_AQUA bream 150gr 21 sm  281025 1132002.csv,10695,0
ARDG_AQUA bream 680gr 33 sm  281025 1208003.csv,5577,0
ARDG_AQUA bream556gr 30cm  281025 1500002.csv,573,0
ARDG_AQUA bream 310gr 23 sm  281025 1233002.csv,4361,1
ARDG_AQUA bream 630gr 31cm  281025 1400002.csv,4530,1
ARDG_AQUA bream 680gr 33 sm  281025 1208003.csv,6485,1
ARDG_AQUA bream 580gr 30 sm  281025 1254002.csv,2936,1
ARDG_AQUA bream 150gr 21 sm  281025 1132004.csv,268,0
ARDG_AQUA bream556gr 30cm  281025 1500003.csv,759,1
ARDG_AQUA bream 580gr 30 sm  281025 1254003.csv,4475,0
ARDG_AQUA bream556gr 30cm  281025 1500003.csv,1240,0
ARDG_AQUA bream 310gr 23 sm  281025 1233002.csv,3973,0
ARDG_AQUA bream500gr 30cm  281025 1500002.csv,9697,1
ARDG_AQUA bream500gr 30cm  281025 1500002.csv,7556,1
ARDG_AQUA bream620 gr31cm  281025 1618003.csv,4259,0
ARDG_AQUA bream 800gr 36cm  281025 1453002.csv,1753,0
ARDG_AQUA bream 680gr 33 sm  281025 1208003.csv,862,0
ARDG_AQUA bream 390gr 26cm  281025 1325003.csv,11564,1
ARDG_AQUA bream 580gr 30 sm  281025 1254003.csv,8075,0
ARDG_AQUA bream556gr 30cm  281025 1500002.csv,1313,0
ARDG_AQUA bream 580gr 30 sm  281025 1254002.csv,10922,0
ARDG_AQUA bream 280gr 24cm  281025 1425002.csv,1213,0
ARDG_AQUA bream 680gr 33 sm  281025 1208003.csv,9157,0
ARDG_AQUA bream620 gr31cm  281025 1618003.csv,10349,0
ARDG_AQUA bream 150gr 21 sm  281025 1132004.csv,4427,1
ARDG_AQUA bream 580gr 30 sm  281025 1254002.csv,4081,1
ARDG_AQUA bream500gr 30cm  281025 1500003.csv,5749,0
ARDG_AQUA bream 150gr 21 sm  281025 1132004.csv,922,0
ARDG_AQUA bream620 gr31cm  281025 1618003.csv,10313,0
ARDG_AQUA bream500gr 30cm  281025 1500002.csv,2238,0
ARDG_AQUA bream556gr 30cm  281025 1500002.csv,11052,0
ARDG_AQUA bream350 gr27cm  281025 1548002.csv,6379,0
ARDG_AQUA bream150gr21cm  281025 1548002.csv,3279,0
ARDG_AQUA bream 150gr 21 sm  281025 1132004.csv,2943,0
ARDG_AQUA bream 280gr 24cm  281025 1425002.csv,1370,0
ARDG_AQUA bream 800gr 36cm  281025 1453002.csv,1766,0
ARDG_AQUA bream 680gr 33 sm  281025 1208003.csv,4767,1
ARDG_AQUA bream 680gr 33 sm  281025 1208003.csv,10357,0
ARDG_AQUA bream 150gr 21 sm  281025 1132004.csv,6828,0
ARDG_AQUA bream 630gr 31cm  281025 1400002.csv,2393,0
ARDG_AQUA bream350 gr27cm  281025 1548002.csv,5014,0
ARDG_AQUA bream 580gr 30 sm  281025 1254003.csv,1578,1
ARDG_AQUA bream500gr 30cm  281025 1500002.csv,5226,0
ARDG_AQUA bream556gr 30cm  281025 1500002.csv,433,0
ARDG_AQUA bream556gr 30cm  281025 1500002.csv,10846,0
ARDG_AQUA bream 150gr 21 sm  281025 1132002.csv,10285,1
ARDG_AQUA bream500gr 30cm  281025 1500003.csv,1235,0
ARDG_AQUA bream500gr 30cm  281025 1500002.csv,10126,0
ARDG_AQUA bream500gr 30cm  281025 1500002.csv,4081,0
ARDG_AQUA bream150gr21cm  281025 1548002.csv,4351,0
ARDG_AQUA bream 150gr 21 sm  281025 1132002.csv,5609,0
ARDG_AQUA bream500gr 30cm  281025 1500002.csv,871,0
ARDG_AQUA bream 680gr 33 sm  281025 1208003.csv,3606,1
ARDG_AQUA bream556gr 30cm  281025 1500003.csv,1264,0
ARDG_AQUA bream 150gr 21 sm  281025 1132004.csv,1856,0
ARDG_AQUA bream 280gr 24cm  281025 1425002.csv,2528,0
ARDG_AQUA bream 150gr 21 sm  281025 1132002.csv,8967,0
ARDG_AQUA bream620 gr31cm  281025 1618003.csv,6459,1
ARDG_AQUA bream 580gr 30 sm  281025 1254003.csv,5982,0
ARDG_AQUA bream 580gr 30 sm  281025 1254002.csv,7095,0
ARDG_AQUA bream 580gr 30 sm  281025 1254003.csv,4067,0
ARDG_AQUA bream 680gr 33 sm  281025 1208003.csv,5165,1
ARDG_AQUA bream 630gr 31cm  281025 1400002.csv,3858,1
ARDG_AQUA bream 390gr 26cm  281025 1325003.csv,11147,1
ARDG_AQUA bream500gr 30cm  281025 1500002.csv,8517,0
ARDG_AQUA bream 390gr 26cm  281025 1325003.csv,11848,0
ARDG_AQUA bream500gr 30cm  281025 1500003.csv,1410,0
ARDG_AQUA bream 150gr 21 sm  281025 1132004.csv,4027,1
ARDG_AQUA bream 390gr 26cm  281025 1325003.csv,11899,0
ARDG_AQUA bream150gr21cm  281025 1548002.csv,5518,0
ARDG_AQUA bream 390gr 26cm  281025 1325005.csv,159,0
ARDG_AQUA bream556gr 30cm  281025 1500003.csv,1181,0
ARDG_AQUA bream556gr 30cm  281025 1500002.csv,8527,0
ARDG_AQUA bream 150gr 21 sm  281025 1132004.csv,2927,0
ARDG_AQUA bream 150gr 21 sm  281025 1132002.csv,10811,0
ARDG_AQUA bream350 gr27cm  281025 1548002.csv,3108,1
ARDG_AQUA bream150gr21cm  281025 1548002.csv,494,0
ARDG_AQUA bream500gr 30cm  281025 1500002.csv,7922,0
ARDG_AQUA bream630gr 32cm  281025 1500002.csv,3532,1
ARDG_AQUA bream150gr21cm  281025 1548002.csv,224,0
ARDG_AQUA bream 800gr 36cm  281025 1453002.csv,4250,0
ARDG_AQUA bream556gr 30cm  281025 1500002.csv,6440,0
ARDG_AQUA bream 580gr 30 sm  281025 1254003.csv,10759,0
ARDG_AQUA bream630gr 32cm  281025 1500002.csv,26,0
ARDG_AQUA bream 580gr 30 sm  281025 1254002.csv,9599,1
ARDG_AQUA bream620 gr31cm  281025 1618003.csv,10356,0
ARDG_AQUA bream556gr 30cm  281025 1500002.csv,1183,0
ARDG_AQUA bream 150gr 21 sm  281025 1132004.csv,5765,0
ARDG_AQUA bream 310gr 23 sm  281025 1233002.csv,727,0
ARDG_AQUA bream556gr 30cm  281025 1500003.csv,1271,0
ARDG_AQUA bream556gr 30cm  281025 1500002.csv,8320,0
ARDG_AQUA bream 580gr 30 sm  281025 1254002.csv,5868,1
ARDG_AQUA bream150gr21cm  281025 1548002.csv,6100,0
ARDG_AQUA bream350 gr27cm  281025 1548002.csv,5143,0
ARDG_AQUA bream630gr 32cm  281025 1500002.csv,3379,1
ARDG_AQUA bream 390gr 26cm  281025 1325005.csv,11201,0
ARDG_AQUA bream500gr 30cm  281025 1500002.csv,4734,0
ARDG_AQUA bream556gr 30cm  281025 1500002.csv,1492,0
ARDG_AQUA bream 580gr 30 sm  281025 1254002.csv,10249,1
ARDG_AQUA bream350 gr27cm  281025 1548002.csv,5198,0
ARDG_AQUA bream556gr 30cm  281025 1500002.csv,8427,1
ARDG_AQUA bream 800gr 36cm  281025 1453002.csv,5018,0
ARDG_AQUA bream 150gr 21 sm  281025 1132002.csv,3399,0
ARDG_AQUA bream620 gr31cm  281025 1618004.csv,1608,1
ARDG_AQUA bream630gr 32cm  281025 1500002.csv,5651,1
ARDG_AQUA bream556gr 30cm  281025 1500002.csv,6259,0
ARDG_AQUA bream150gr21cm  281025 1548002.csv,1520,1
ARDG_AQUA bream 630gr 31cm  281025 1400002.csv,11190,0
ARDG_AQUA bream620 gr31cm  281025 1618003.csv,1999,0
ARDG_AQUA bream 680gr 33 sm  281025 1208003.csv,10706,1
ARDG_AQUA bream 310gr 23 sm  281025 1233002.csv,5193,0
ARDG_AQUA bream 340gr 27cm  281025 1415002.csv,986,1
ARDG_AQUA bream 630gr 31cm  281025 1400002.csv,2760,0
ARDG_AQUA bream500gr 30cm  281025 1500002.csv,5809,0
ARDG_AQUA bream 390gr 26cm  281025 1325005.csv,7758,1
ARDG_AQUA bream500gr 30cm  281025 1500002.csv,5832,0
ARDG_AQUA bream500gr 30cm  281025 1500002.csv,5694,0
ARDG_AQUA bream 150gr 21 sm  281025 1132004.csv,10365,0
ARDG_AQUA bream 310gr 23 sm  281025 1233002.csv,8045,0
ARDG_AQUA bream500gr 30cm  281025 1500002.csv,4927,0
ARDG_AQUA bream 310gr 23 sm  281025 1233002.csv,4879,0
ARDG_AQUA bream500gr 30cm  281025 1500002.csv,8654,0
ARDG_AQUA bream150gr21cm  281025 1548002.csv,544,0
ARDG_AQUA bream 150gr 21 sm  281025 1132004.csv,11525,0
ARDG_AQUA bream 310gr 23 sm  281025 1233002.csv,10295,0
ARDG_AQUA bream 800gr 36cm  281025 1453002.csv,2550,1
ARDG_AQUA bream 580gr 30 sm  281025 1254003.csv,1854,0
ARDG_AQUA bream 680gr 33 sm  281025 1208003.csv,6562,0
ARDG_AQUA bream150gr21cm  281025 1548002.csv,257,0
ARDG_AQUA bream 150gr 21 sm  281025 1132004.csv,4660,1
ARDG_AQUA bream150gr21cm  281025 1548002.csv,582,0
ARDG_AQUA bream556gr 30cm  281025 1500002.csv,10573,0
ARDG_AQUA bream 580gr 30 sm  281025 1254003.csv,2563,0
ARDG_AQUA bream150gr21cm  281025 1548002.csv,7170,0
ARDG_AQUA bream 280gr 24cm  281025 1425002.csv,2941,1
ARDG_AQUA bream 150gr 21 sm  281025 1132004.csv,1158,1
ARDG_AQUA bream150gr21cm  281025 1548002.csv,4254,0
ARDG_AQUA bream 150gr 21 sm  281025 1132002.csv,6005,1
ARDG_AQUA bream620 gr31cm  281025 1618004.csv,2044,0
ARDG_AQUA bream 390gr 26cm  281025 1325005.csv,575,0
ARDG_AQUA bream 580gr 30 sm  281025 1254003.csv,11429,0
ARDG_AQUA bream 150gr 21 sm  281025 1132004.csv,5483,0
ARDG_AQUA bream 150gr 21 sm  281025 1132002.csv,9130,1
ARDG_AQUA bream556gr 30cm  281025 1500002.csv,7299,1
ARDG_AQUA bream 580gr 30 sm  281025 1254003.csv,1887,0
ARDG_AQUA bream 280gr 24cm  281025 1425002.csv,1897,1
ARDG_AQUA bream150gr21cm  281025 1548002.csv,4182,0
ARDG_AQUA bream 150gr 21 sm  281025 1132004.csv,10268,0
ARDG_AQUA bream 310gr 23 sm  281025 1233002.csv,8924,1
ARDG_AQUA bream 280gr 24cm  281025 1425002.csv,5241,0
ARDG_AQUA bream 310gr 23 sm  281025 1233002.csv,2773,1
ARDG_AQUA bream556gr 30cm  281025 1500002.csv,9969,0
ARDG_AQUA bream556gr 30cm  281025 1500002.csv,8238,0
ARDG_AQUA bream 630gr 31cm  281025 1400002.csv,6747,0
ARDG_AQUA bream 150gr 21 sm  281025 1132002.csv,10017,0
ARDG_AQUA bream500gr 30cm  281025 1500002.csv,1067,0
ARDG_AQUA bream 310gr 23 sm  281025 1233002.csv,8177,0
ARDG_AQUA bream500gr 30cm  281025 1500002.csv,6311,1
ARDG_AQUA bream 630gr 31cm  281025 1400002.csv,2069,0
ARDG_AQUA bream 630gr 31cm  281025 1400002.csv,10171,1
ARDG_AQUA bream 580gr 30 sm  281025 1254003.csv,11544,0
ARDG_AQUA bream150gr21cm  281025 1548002.csv,7629,0
ARDG_AQUA bream 150gr 21 sm  281025 1132004.csv,8691,0
ARDG_AQUA bream 680gr 33 sm  281025 1208003.csv,3233,1
ARDG_AQUA bream 580gr 30 sm  281025 1254003.csv,355,0
ARDG_AQUA bream500gr 30cm  281025 1500003.csv,3438,1
ARDG_AQUA bream150gr21cm  281025 1548002.csv,4337,0
ARDG_AQUA bream 390gr 26cm  281025 1325005.csv,2088,1
ARDG_AQUA bream 580gr 30 sm  281025 1254003.csv,615,0
ARDG_AQUA bream150gr21cm  281025 1548002.csv,1364,0
ARDG_AQUA bream620 gr31cm  281025 1618003.csv,5877,0
ARDG_AQUA bream 150gr 21 sm  281025 1132004.csv,11016,0
ARDG_AQUA bream150gr21cm  281025 1548002.csv,4639,0
ARDG_AQUA bream 150gr 21 sm  281025 1132004.csv,1746,0
ARDG_AQUA bream 580gr 30 sm  281025 1254003.csv,5090,0
ARDG_AQUA bream 280gr 24cm  281025 1425002.csv,1246,0
ARDG_AQUA bream 630gr 31cm  281025 1400002.csv,11897,0
ARDG_AQUA bream350 gr27cm  281025 1548002.csv,6134,0
ARDG_AQUA bream 800gr 36cm  281025 1453002.csv,2318,0
ARDG_AQUA bream 580gr 30 sm  281025 1254002.csv,11869,0
ARDG_AQUA bream 340gr 27cm  281025 1415002.csv,1451,0
ARDG_AQUA bream 280gr 24cm  281025 1425002.csv,5418,0
ARDG_AQUA bream500gr 30cm  281025 1500002.csv,8312,0
ARDG_AQUA bream 390gr 26cm  281025 1325003.csv,11889,0
ARDG_AQUA bream 390gr 26cm  281025 1325003.csv,6591,0
ARDG_AQUA bream 150gr 21 sm  281025 1132002.csv,4002,0
ARDG_AQUA bream 340gr 27cm  281025 1415002.csv,568,0
ARDG_AQUA bream556gr 30cm  281025 1500002.csv,6924,0
ARDG_AQUA bream 310gr 23 sm  281025 1233002.csv,8184,0
ARDG_AQUA bream150gr21cm  281025 1548002.csv,5176,0
ARDG_AQUA bream 580gr 30 sm  281025 1254003.csv,5414,0
ARDG_AQUA bream 680gr 33 sm  281025 1208003.csv,8414,0
ARDG_AQUA bream620 gr31cm  281025 1618003.csv,4349,0
ARDG_AQUA bream556gr 30cm  281025 1500003.csv,1414,0
ARDG_AQUA bream500gr 30cm  281025 1500002.csv,8197,0
ARDG_AQUA bream500gr 30cm  281025 1500002.csv,3391,0
ARDG_AQUA bream 580gr 30 sm  281025 1254003.csv,4512,0
ARDG_AQUA bream150gr21cm  281025 1548002.csv,940,0
ARDG_AQUA bream150gr21cm  281025 1548002.csv,5883,0
ARDG_AQUA bream 680gr 33 sm  281025 1208003.csv,3487,0
ARDG_AQUA bream 310gr 23 sm  281025 1233002.csv,406,0
ARDG_AQUA bream 280gr 24cm  281025 1425002.csv,1334,0
ARDG_AQUA bream 150gr 21 sm  281025 1132002.csv,8955,0
ARDG_AQUA bream500gr 30cm  281025 1500002.csv,3651,0
ARDG_AQUA bream 800gr 36cm  281025 1453002.csv,4028,0
ARDG_AQUA bream 580gr 30 sm  281025 1254002.csv,11605,0
ARDG_AQUA bream 580gr 30 sm  281025 1254002.csv,9894,0
ARDG_AQUA bream556gr 30cm  281025 1500002.csv,11053,0
ARDG_AQUA bream 580gr 30 sm  281025 1254002.csv,11493,0
ARDG_AQUA bream 580gr 30 sm  281025 1254003.csv,4431,0
ARDG_AQUA bream556gr 30cm  281025 1500002.csv,6253,0
ARDG_AQUA bream 390gr 26cm  281025 1325005.csv,11725,0
ARDG_AQUA bream 680gr 33 sm  281025 1208003.csv,3312,1
ARDG_AQUA bream500gr 30cm  281025 1500002.csv,10100,0
ARDG_AQUA bream 150gr 21 sm  281025 1132004.csv,9382,0
ARDG_AQUA bream150gr21cm  281025 1548002.csv,4674,0
ARDG_AQUA bream150gr21cm  281025 1548002.csv,2723,0
ARDG_AQUA bream556gr 30cm  281025 1500003.csv,128,1
ARDG_AQUA bream 580gr 30 sm  281025 1254002.csv,7086,0
ARDG_AQUA bream 580gr 30 sm  281025 1254002.csv,7225,0
ARDG_AQUA bream500gr 30cm  281025 1500002.csv,5590,1
ARDG_AQUA bream 630gr 31cm  281025 1400002.csv,4606,0
ARDG_AQUA bream 800gr 36cm  281025 1453002.csv,1720,0
ARDG_AQUA bream 580gr 30 sm  281025 1254003.csv,1506,1
ARDG_AQUA bream 310gr 23 sm  281025 1233002.csv,8474,1
ARDG_AQUA bream350 gr27cm  281025 1548002.csv,856,1
ARDG_AQUA bream 150gr 21 sm  281025 1132004.csv,2813,0
ARDG_AQUA bream 630gr 31cm  281025 1400002.csv,3362,0
ARDG_AQUA bream500gr 30cm  281025 1500002.csv,10089,0
ARDG_AQUA bream556gr 30cm  281025 1500003.csv,1482,0
ARDG_AQUA bream 280gr 24cm  281025 1425002.csv,1369,0
ARDG_AQUA bream 150gr 21 sm  281025 1132004.csv,11917,0
ARDG_AQUA bream150gr21cm  281025 1548002.csv,920,0
ARDG_AQUA bream 310gr 23 sm  281025 1233002.csv,8091,0
ARDG_AQUA bream 580gr 30 sm  281025 1254003.csv,5808,0
ARDG_AQUA bream 390gr 26cm  281025 1325003.csv,11407,1
ARDG_AQUA bream 680gr 33 sm  281025 1208003.csv,2304,0
ARDG_AQUA bream 150gr 21 sm  281025 1132004.csv,7687,0
ARDG_AQUA bream 150gr 21 sm  281025 1132002.csv,9694,0
ARDG_AQUA bream 580gr 30 sm  281025 1254002.csv,1244,0
ARDG_AQUA bream 680gr 33 sm  281025 1208003.csv,787,0
ARDG_AQUA bream 280gr 24cm  281025 1425002.csv,4213,0
ARDG_AQUA bream556gr 30cm  281025 1500002.csv,11543,0
ARDG_AQUA bream 580gr 30 sm  281025 1254003.csv,9949,1
ARDG_AQUA bream 580gr 30 sm  281025 1254003.csv,7775,1
ARDG_AQUA bream 580gr 30 sm  281025 1254003.csv,1143,0
ARDG_AQUA bream150gr21cm  281025 1548002.csv,5574,0
ARDG_AQUA bream 150gr 21 sm  281025 1132004.csv,11293,0
ARDG_AQUA bream 150gr 21 sm  281025 1132004.csv,1795,0
ARDG_AQUA bream500gr 30cm  281025 1500003.csv,1330,0
ARDG_AQUA bream 390gr 26cm  281025 1325005.csv,11551,0
ARDG_AQUA bream 580gr 30 sm  281025 1254003.csv,4757,0
ARDG_AQUA bream 580gr 30 sm  281025 1254003.csv,5416,0
ARDG_AQUA bream620 gr31cm  281025 1618003.csv,9525,1
ARDG_AQUA bream 390gr 26cm  281025 1325005.csv,9752,0
ARDG_AQUA bream 390gr 26cm  281025 1325005.csv,11192,0
ARDG_AQUA bream 150gr 21 sm  281025 1132004.csv,8223,0
ARDG_AQUA bream 580gr 30 sm  281025 1254003.csv,255,0
ARDG_AQUA bream 680gr 33 sm  281025 1208003.csv,11405,0
ARDG_AQUA bream 580gr 30 sm  281025 1254003.csv,11089,0
ARDG_AQUA bream500gr 30cm  281025 1500002.csv,2886,0
ARDG_AQUA bream 310gr 23 sm  281025 1233002.csv,4899,0
ARDG_AQUA bream 310gr 23 sm  281025 1233002.csv,9914,1
ARDG_AQUA bream 310gr 23 sm  281025 1233002.csv,8081,0
ARDG_AQUA bream500gr 30cm  281025 1500002.csv,10411,1
ARDG_AQUA bream 310gr 23 sm  281025 1233002.csv,7594,1
ARDG_AQUA bream620 gr31cm  281025 1618004.csv,2612,0
ARDG_AQUA bream 280gr 24cm  281025 1425002.csv,1639,1
ARDG_AQUA bream556gr 30cm  281025 1500002.csv,11893,0
ARDG_AQUA bream150gr21cm  281025 1548002.csv,5229,0
ARDG_AQUA bream 390gr 26cm  281025 1325005.csv,5587,0
ARDG_AQUA bream 310gr 23 sm  281025 1233002.csv,4901,0
ARDG_AQUA bream620 gr31cm  281025 1618003.csv,2365,1
ARDG_AQUA bream 280gr 24cm  281025 1425002.csv,33,0
ARDG_AQUA bream 800gr 36cm  281025 1453002.csv,3921,0
ARDG_AQUA bream 580gr 30 sm  281025 1254002.csv,6367,1
ARDG_AQUA bream 310gr 23 sm  281025 1233002.csv,3084,1
ARDG_AQUA bream 630gr 31cm  281025 1400002.csv,8814,1
ARDG_AQUA bream556gr 30cm  281025 1500002.csv,7930,0
ARDG_AQUA bream 150gr 21 sm  281025 1132004.csv,3924,0
ARDG_AQUA bream 310gr 23 sm  281025 1233002.csv,3551,1
ARDG_AQUA bream 150gr 21 sm  281025 1132004.csv,10487,0
ARDG_AQUA bream350 gr27cm  281025 1548002.csv,4498,1
ARDG_AQUA bream 390gr 26cm  281025 1325005.csv,7599,1
ARDG_AQUA bream 800gr 36cm  281025 1453002.csv,3229,0
ARDG_AQUA bream 630gr 31cm  281025 1400002.csv,6689,0
ARDG_AQUA bream 680gr 33 sm  281025 1208003.csv,10970,1
ARDG_AQUA bream 580gr 30 sm  281025 1254002.csv,6718,1
ARDG_AQUA bream500gr 30cm  281025 1500002.csv,2462,0
ARDG_AQUA bream 310gr 23 sm  281025 1233002.csv,11539,1
ARDG_AQUA bream 680gr 33 sm  281025 1208003.csv,4269,1
ARDG_AQUA bream150gr21cm  281025 1548002.csv,4116,0
ARDG_AQUA bream 280gr 24cm  281025 1425002.csv,3017,1
ARDG_AQUA bream620 gr31cm  281025 1618003.csv,6674,1
ARDG_AQUA bream 340gr 27cm  281025 1415002.csv,590,0
ARDG_AQUA bream 390gr 26cm  281025 1325003.csv,9066,1
ARDG_AQUA bream556gr 30cm  281025 1500002.csv,5933,0
ARDG_AQUA bream 150gr 21 sm  281025 1132004.csv,8177,0
ARDG_AQUA bream 150gr 21 sm  281025 1132004.csv,930,0
ARDG_AQUA bream556gr 30cm  281025 1500002.csv,1241,0
ARDG_AQUA bream 390gr 26cm  281025 1325005.csv,3424,0
ARDG_AQUA bream 340gr 27cm  281025 1415002.csv,1075,1
ARDG_AQUA bream 150gr 21 sm  281025 1132004.csv,8234,0
ARDG_AQUA bream556gr 30cm  281025 1500002.csv,10627,0
ARDG_AQUA bream 390gr 26cm  281025 1325003.csv,7145,1
ARDG_AQUA bream 390gr 26cm  281025 1325005.csv,4073,1
ARDG_AQUA bream500gr 30cm  281025 1500002.csv,11084,1
ARDG_AQUA bream 580gr 30 sm  281025 1254003.csv,259,0
ARDG_AQUA bream 580gr 30 sm  281025 1254003.csv,5795,0
ARDG_AQUA bream 150gr 21 sm  281025 1132004.csv,2805,0
ARDG_AQUA bream500gr 30cm  281025 1500003.csv,1368,0
ARDG_AQUA bream 800gr 36cm  281025 1453002.csv,3214,0
ARDG_AQUA bream 390gr 26cm  281025 1325005.csv,11638,0
ARDG_AQUA bream 150gr 21 sm  281025 1132004.csv,2220,0
ARDG_AQUA bream350 gr27cm  281025 1548002.csv,3008,0
ARDG_AQUA bream150gr21cm  281025 1548002.csv,5219,0
ARDG_AQUA bream500gr 30cm  281025 1500003.csv,1397,0
ARDG_AQUA bream 630gr 31cm  281025 1400002.csv,4640,0
ARDG_AQUA bream 630gr 31cm  281025 1400002.csv,2284,1
ARDG_AQUA bream 150gr 21 sm  281025 1132002.csv,10659,0
ARDG_AQUA bream500gr 30cm  281025 1500002.csv,6204,0
ARDG_AQUA bream500gr 30cm  281025 1500002.csv,6181,0
ARDG_AQUA bream500gr 30cm  281025 1500002.csv,2629,0
ARDG_AQUA bream500gr 30cm  281025 1500002.csv,4344,0
ARDG_AQUA bream500gr 30cm  281025 1500002.csv,5418,0
ARDG_AQUA bream 280gr 24cm  281025 1425002.csv,4032,0
ARDG_AQUA bream 390gr 26cm  281025 1325005.csv,4288,1
ARDG_AQUA bream 680gr 33 sm  281025 1208003.csv,10376,0
ARDG_AQUA bream556gr 30cm  281025 1500003.csv,1189,0
ARDG_AQUA bream 280gr 24cm  281025 1425002.csv,1478,0
ARDG_AQUA bream 390gr 26cm  281025 1325005.csv,559,0
ARDG_AQUA bream 680gr 33 sm  281025 1208003.csv,2301,0
ARDG_AQUA bream150gr21cm  281025 1548002.csv,891,0
ARDG_AQUA bream556gr 30cm  281025 1500002.csv,2114,0
ARDG_AQUA bream500gr 30cm  281025 1500002.csv,5179,0
ARDG_AQUA bream500gr 30cm  281025 1500003.csv,769,1
ARDG_AQUA bream 310gr 23 sm  281025 1233002.csv,887,1
ARDG_AQUA bream 310gr 23 sm  281025 1233002.csv,10080,1
ARDG_AQUA bream150gr21cm  281025 1548002.csv,6330,0
ARDG_AQUA bream 580gr 30 sm  281025 1254002.csv,5943,1
ARDG_AQUA bream 150gr 21 sm  281025 1132002.csv,7175,0
ARDG_AQUA bream 390gr 26cm  281025 1325005.csv,10283,1
ARDG_AQUA bream 150gr 21 sm  281025 1132002.csv,10124,0
ARDG_AQUA bream 280gr 24cm  281025 1425002.csv,5013,0
ARDG_AQUA bream150gr21cm  281025 1548002.csv,2654,0
ARDG_AQUA bream500gr 30cm  281025 1500002.csv,3178,0
ARDG_AQUA bream150gr21cm  281025 1548002.csv,7550,0
ARDG_AQUA bream 310gr 23 sm  281025 1233002.csv,4624,1
ARDG_AQUA bream 150gr 21 sm  281025 1132004.csv,10482,0
ARDG_AQUA bream 680gr 33 sm  281025 1208003.csv,7225,1
ARDG_AQUA bream 630gr 31cm  281025 1400002.csv,6469,0
ARDG_AQUA bream 580gr 30 sm  281025 1254002.csv,4140,1
ARDG_AQUA bream 150gr 21 sm  281025 1132004.csv,7711,0
ARDG_AQUA bream 580gr 30 sm  281025 1254003.csv,1428,0
ARDG_AQUA bream 150gr 21 sm  281025 1132002.csv,6697,0
ARDG_AQUA bream 150gr 21 sm  281025 1132004.csv,9317,0
ARDG_AQUA bream500gr 30cm  281025 1500002.csv,629,0
ARDG_AQUA bream150gr21cm  281025 1548002.csv,960,0
ARDG_AQUA bream 390gr 26cm  281025 1325005.csv,10476,1
ARDG_AQUA bream500gr 30cm  281025 1500002.csv,10982,0
ARDG_AQUA bream350 gr27cm  281025 1548002.csv,1101,0
ARDG_AQUA bream 580gr 30 sm  281025 1254003.csv,4421,0
ARDG_AQUA bream500gr 30cm  281025 1500002.csv,8299,0
ARDG_AQUA bream 150gr 21 sm  281025 1132004.csv,2216,0
ARDG_AQUA bream620 gr31cm  281025 1618003.csv,9892,1
ARDG_AQUA bream 680gr 33 sm  281025 1208003.csv,6428,1
ARDG_AQUA bream150gr21cm  281025 1548002.csv,4121,0
ARDG_AQUA bream 150gr 21 sm  281025 1132004.csv,4544,1
ARDG_AQUA bream 800gr 36cm  281025 1453002.csv,3608,0
ARDG_AQUA bream 310gr 23 sm  281025 1233002.csv,2128,0
ARDG_AQUA bream 150gr 21 sm  281025 1132002.csv,9679,0
ARDG_AQUA bream 580gr 30 sm  281025 1254003.csv,11139,0
ARDG_AQUA bream 580gr 30 sm  281025 1254003.csv,6871,0
ARDG_AQUA bream556gr 30cm  281025 1500002.csv,7392,0
ARDG_AQUA bream 150gr 21 sm  281025 1132004.csv,8653,0
ARDG_AQUA bream 310gr 23 sm  281025 1233002.csv,6968,1
ARDG_AQUA bream 630gr 31cm  281025 1400002.csv,8639,0
ARDG_AQUA bream500gr 30cm  281025 1500002.csv,10303,0
ARDG_AQUA bream 310gr 23 sm  281025 1233002.csv,427,0
ARDG_AQUA bream556gr 30cm  281025 1500002.csv,11489,0
ARDG_AQUA bream 310gr 23 sm  281025 1233002.csv,2219,1
ARDG_AQUA bream 630gr 31cm  281025 1400002.csv,8695,0
ARDG_AQUA bream 150gr 21 sm  281025 1132002.csv,7628,0
ARDG_AQUA bream 580gr 30 sm  281025 1254003.csv,1844,0
ARDG_AQUA bream150gr21cm  281025 1548002.csv,4409,0
ARDG_AQUA bream 150gr 21 sm  281025 1132004.csv,6557,0
ARDG_AQUA bream350 gr27cm  281025 1548002.csv,2462,1
ARDG_AQUA bream 310gr 23 sm  281025 1233003.csv,795,0
ARDG_AQUA bream556gr 30cm  281025 1500002.csv,11114,0
ARDG_AQUA bream500gr 30cm  281025 1500002.csv,8271,0
ARDG_AQUA bream 580gr 30 sm  281025 1254002.csv,4478,1
ARDG_AQUA bream500gr 30cm  281025 1500002.csv,3098,0
ARDG_AQUA bream556gr 30cm  281025 1500002.csv,2171,0
ARDG_AQUA bream 150gr 21 sm  281025 1132004.csv,4726,0
ARDG_AQUA bream 150gr 21 sm  281025 1132004.csv,2329,0
ARDG_AQUA bream 630gr 31cm  281025 1400002.csv,9343,1
ARDG_AQUA bream150gr21cm  281025 1548002.csv,3769,0
ARDG_AQUA bream 310gr 23 sm  281025 1233002.csv,10625,0
ARDG_AQUA bream 280gr 24cm  281025 1425002.csv,1514,0
ARDG_AQUA bream556gr 30cm  281025 1500002.csv,1308,0
ARDG_AQUA bream500gr 30cm  281025 1500003.csv,685,0
ARDG_AQUA bream 150gr 21 sm  281025 1132002.csv,8950,0
ARDG_AQUA bream 630gr 31cm  281025 1400002.csv,9507,0
ARDG_AQUA bream 150gr 21 sm  281025 1132004.csv,6113,0
ARDG_AQUA bream 280gr 24cm  281025 1425002.csv,3543,1
ARDG_AQUA bream 390gr 26cm  281025 1325005.csv,10593,1
ARDG_AQUA bream 580gr 30 sm  281025 1254003.csv,8458,0
ARDG_AQUA bream 580gr 30 sm  281025 1254003.csv,7476,1
ARDG_AQUA bream 150gr 21 sm  281025 1132004.csv,2796,0
ARDG_AQUA bream 390gr 26cm  281025 1325003.csv,8677,1
ARDG_AQUA bream150gr21cm  281025 1548002.csv,2903,1
ARDG_AQUA bream 580gr 30 sm  281025 1254003.csv,6592,0
ARDG_AQUA bream 150gr 21 sm  281025 1132002.csv,5544,0
ARDG_AQUA bream 580gr 30 sm  281025 1254003.csv,6242,0
ARDG_AQUA bream556gr 30cm  281025 1500002.csv,11847,0
ARDG_AQUA bream556gr 30cm  281025 1500002.csv,7837,0
ARDG_AQUA bream 800gr 36cm  281025 1453002.csv,4255,0
ARDG_AQUA bream 630gr 31cm  281025 1400002.csv,2379,0
ARDG_AQUA bream500gr 30cm  281025 1500002.csv,2441,0
ARDG_AQUA bream620 gr31cm  281025 1618003.csv,9693,1
ARDG_AQUA bream 150gr 21 sm  281025 1132002.csv,2554,0
ARDG_AQUA bream500gr 30cm  281025 1500002.csv,11401,0
ARDG_AQUA bream 800gr 36cm  281025 1453002.csv,2403,1
ARDG_AQUA bream 580gr 30 sm  281025 1254003.csv,7963,1
ARDG_AQUA bream150gr21cm  281025 1548002.csv,8862,0
ARDG_AQUA bream556gr 30cm  281025 1500002.csv,6526,1
ARDG_AQUA bream350 gr27cm  281025 1548002.csv,4988,0
ARDG_AQUA bream500gr 30cm  281025 1500002.csv,2257,0
ARDG_AQUA bream556gr 30cm  281025 1500002.csv,1703,0
ARDG_AQUA bream500gr 30cm  281025 1500003.csv,1160,0
ARDG_AQUA bream 310gr 23 sm  281025 1233002.csv,10535,0
ARDG_AQUA bream150gr21cm  281025 1548002.csv,6224,0
ARDG_AQUA bream500gr 30cm  281025 1500002.csv,1681,1
ARDG_AQUA bream 580gr 30 sm  281025 1254002.csv,6977,0
ARDG_AQUA bream 580gr 30 sm  281025 1254003.csv,5680,1
ARDG_AQUA bream 280gr 24cm  281025 1425002.csv,4198,0
ARDG_AQUA bream620 gr31cm  281025 1618003.csv,11120,0
ARDG_AQUA bream556gr 30cm  281025 1500002.csv,11163,0
ARDG_AQUA bream 150gr 21 sm  281025 1132004.csv,265,0
ARDG_AQUA bream 150gr 21 sm  281025 1132004.csv,10993,0
ARDG_AQUA bream 280gr 24cm  281025 1425002.csv,2228,0
ARDG_AQUA bream556gr 30cm  281025 1500002.csv,5159,0
ARDG_AQUA bream 390gr 26cm  281025 1325005.csv,9859,1
ARDG_AQUA bream 340gr 27cm  281025 1415002.csv,442,0
ARDG_AQUA bream 630gr 31cm  281025 1400002.csv,3282,1
ARDG_AQUA bream 580gr 30 sm  281025 1254003.csv,5342,0
ARDG_AQUA bream 390gr 26cm  281025 1325005.csv,10678,0
ARDG_AQUA bream556gr 30cm  281025 1500003.csv,1431,0
ARDG_AQUA bream 150gr 21 sm  281025 1132004.csv,10357,0
ARDG_AQUA bream 390gr 26cm  281025 1325005.csv,9345,1
ARDG_AQUA bream500gr 30cm  281025 1500003.csv,3897,1
ARDG_AQUA bream500gr 30cm  281025 1500002.csv,7162,1
ARDG_AQUA bream 150gr 21 sm  281025 1132002.csv,10487,0
ARDG_AQUA bream500gr 30cm  281025 1500002.csv,3103,0
ARDG_AQUA bream620 gr31cm  281025 1618003.csv,316,0
ARDG_AQUA bream556gr 30cm  281025 1500003.csv,1448,0
ARDG_AQUA bream 800gr 36cm  281025 1453002.csv,1347,0
ARDG_AQUA bream 390gr 26cm  281025 1325005.csv,10368,0
ARDG_AQUA bream556gr 30cm  281025 1500002.csv,1930,0
ARDG_AQUA bream150gr21cm  281025 1548002.csv,498,0
ARDG_AQUA bream500gr 30cm  281025 1500002.csv,6098,1
ARDG_AQUA bream 680gr 33 sm  281025 1208003.csv,1518,1
ARDG_AQUA bream556gr 30cm  281025 1500002.csv,1464,0
ARDG_AQUA bream 280gr 24cm  281025 1425002.csv,3170,1
ARDG_AQUA bream350 gr27cm  281025 1548002.csv,141,0
ARDG_AQUA bream 150gr 21 sm  281025 1132004.csv,3886,0
ARDG_AQUA bream 150gr 21 sm  281025 1132004.csv,3736,0
ARDG_AQUA bream 150gr 21 sm  281025 1132002.csv,9034,0
ARDG_AQUA bream500gr 30cm  281025 1500003.csv,5429,0
ARDG_AQUA bream556gr 30cm  281025 1500002.csv,5121,0
ARDG_AQUA bream556gr 30cm  281025 1500002.csv,6041,0
ARDG_AQUA bream 580gr 30 sm  281025 1254002.csv,6008,1
ARDG_AQUA bream556gr 30cm  281025 1500003.csv,472,1
ARDG_AQUA bream 680gr 33 sm  281025 1208003.csv,8302,1
ARDG_AQUA bream500gr 30cm  281025 1500002.csv,977,0
ARDG_AQUA bream 800gr 36cm  281025 1453002.csv,2699,0
ARDG_AQUA bream620 gr31cm  281025 1618003.csv,2858,0
ARDG_AQUA bream 680gr 33 sm  281025 1208003.csv,11137,0
ARDG_AQUA bream 800gr 36cm  281025 1453002.csv,3803,1
ARDG_AQUA bream 390gr 26cm  281025 1325003.csv,10005,1
ARDG_AQUA bream150gr21cm  281025 1548002.csv,1151,1
ARDG_AQUA bream 310gr 23 sm  281025 1233002.csv,10901,0
ARDG_AQUA bream 310gr 23 sm  281025 1233002.csv,10292,0
ARDG_AQUA bream 390gr 26cm  281025 1325005.csv,6322,0
ARDG_AQUA bream150gr21cm  281025 1548002.csv,7115,0
ARDG_AQUA bream500gr 30cm  281025 1500002.csv,5415,0
ARDG_AQUA bream500gr 30cm  281025 1500002.csv,6784,0
ARDG_AQUA bream350 gr27cm  281025 1548002.csv,4229,0
ARDG_AQUA bream630gr 32cm  281025 1500002.csv,6195,0
ARDG_AQUA bream556gr 30cm  281025 1500002.csv,5666,0
ARDG_AQUA bream 340gr 27cm  281025 1415002.csv,604,0
ARDG_AQUA bream 630gr 31cm  281025 1400002.csv,6709,0
ARDG_AQUA bream 150gr 21 sm  281025 1132002.csv,12031,0
ARDG_AQUA bream 150gr 21 sm  281025 1132004.csv,2887,0
ARDG_AQUA bream620 gr31cm  281025 1618003.csv,4391,0
ARDG_AQUA bream 580gr 30 sm  281025 1254003.csv,4756,0
ARDG_AQUA bream500gr 30cm  281025 1500002.csv,8759,0
ARDG_AQUA bream 150gr 21 sm  281025 1132002.csv,4974,0
ARDG_AQUA bream 150gr 21 sm  281025 1132004.csv,3240,0
ARDG_AQUA bream556gr 30cm  281025 1500002.csv,1129,0
ARDG_AQUA bream556gr 30cm  281025 1500002.csv,7660,0
ARDG_AQUA bream 580gr 30 sm  281025 1254003.csv,1923,0
ARDG_AQUA bream630gr 32cm  281025 1500002.csv,4636,0
ARDG_AQUA bream 150gr 21 sm  281025 1132002.csv,9854,1
ARDG_AQUA bream630gr 32cm  281025 1500002.csv,6265,0
ARDG_AQUA bream 150gr 21 sm  281025 1132004.csv,3872,0
ARDG_AQUA bream556gr 30cm  281025 1500002.csv,1216,0
ARDG_AQUA bream 310gr 23 sm  281025 1233002.csv,4875,0
ARDG_AQUA bream 150gr 21 sm  281025 1132004.csv,7457,0
ARDG_AQUA bream 580gr 30 sm  281025 1254003.csv,8498,0
ARDG_AQUA bream500gr 30cm  281025 1500002.csv,5188,0
ARDG_AQUA bream500gr 30cm  281025 1500002.csv,7328,1
ARDG_AQUA bream500gr 30cm  281025 1500002.csv,3215,0
ARDG_AQUA bream 580gr 30 sm  281025 1254003.csv,6603,0
ARDG_AQUA bream 580gr 30 sm  281025 1254002.csv,9477,1
ARDG_AQUA bream 150gr 21 sm  281025 1132002.csv,10042,0
ARDG_AQUA bream 280gr 24cm  281025 1425002.csv,2492,0
ARDG_AQUA bream 390gr 26cm  281025 1325005.csv,11866,0
ARDG_AQUA bream556gr 30cm  281025 1500002.csv,7734,0
ARDG_AQUA bream556gr 30cm  281025 1500002.csv,3811,0
ARDG_AQUA bream 580gr 30 sm  281025 1254003.csv,3081,1
ARDG_AQUA bream 580gr 30 sm  281025 1254002.csv,9961,0
ARDG_AQUA bream556gr 30cm  281025 1500002.csv,9939,0
ARDG_AQUA bream500gr 30cm  281025 1500002.csv,8255,0
ARDG_AQUA bream150gr21cm  281025 1548002.csv,6334,0
ARDG_AQUA bream350 gr27cm  281025 1548002.csv,4382,0
ARDG_AQUA bream556gr 30cm  281025 1500002.csv,7104,0
ARDG_AQUA bream500gr 30cm  281025 1500002.csv,4244,1
ARDG_AQUA bream 390gr 26cm  281025 1325003.csv,8370,1
ARDG_AQUA bream500gr 30cm  281025 1500003.csv,5693,0
ARDG_AQUA bream500gr 30cm  281025 1500003.csv,1369,0
ARDG_AQUA bream 150gr 21 sm  281025 1132002.csv,4623,0
ARDG_AQUA bream500gr 30cm  281025 1500002.csv,3428,0
ARDG_AQUA bream150gr21cm  281025 1548002.csv,499,0
ARDG_AQUA bream 150gr 21 sm  281025 1132002.csv,7390,0
ARDG_AQUA bream500gr 30cm  281025 1500003.csv,4069,0
ARDG_AQUA bream150gr21cm  281025 1548002.csv,8433,0
ARDG_AQUA bream620 gr31cm  281025 1618004.csv,1413,1
ARDG_AQUA bream 630gr 31cm  281025 1400002.csv,1097,1
ARDG_AQUA bream 310gr 23 sm  281025 1233002.csv,10346,0
ARDG_AQUA bream500gr 30cm  281025 1500002.csv,887,0
ARDG_AQUA bream 150gr 21 sm  281025 1132004.csv,3247,0
ARDG_AQUA bream 150gr 21 sm  281025 1132004.csv,11429,0
ARDG_AQUA bream556gr 30cm  281025 1500002.csv,11473,0
ARDG_AQUA bream 150gr 21 sm  281025 1132004.csv,8674,0
ARDG_AQUA bream 310gr 23 sm  281025 1233002.csv,5782,1
ARDG_AQUA bream 580gr 30 sm  281025 1254003.csv,8486,0
ARDG_AQUA bream 150gr 21 sm  281025 1132002.csv,9689,0
ARDG_AQUA bream 150gr 21 sm  281025 1132004.csv,10362,0
ARDG_AQUA bream 580gr 30 sm  281025 1254002.csv,10088,1
ARDG_AQUA bream150gr21cm  281025 1548002.csv,3851,1
ARDG_AQUA bream 580gr 30 sm  281025 1254003.csv,1153,0
ARDG_AQUA bream 580gr 30 sm  281025 1254003.csv,8463,0
ARDG_AQUA bream556gr 30cm  281025 1500003.csv,290,1
ARDG_AQUA bream 280gr 24cm  281025 1425002.csv,465,1
ARDG_AQUA bream 280gr 24cm  281025 1425002.csv,5289,0
ARDG_AQUA bream 150gr 21 sm  281025 1132004.csv,5004,0
ARDG_AQUA bream 580gr 30 sm  281025 1254002.csv,9127,1
ARDG_AQUA bream556gr 30cm  281025 1500002.csv,3803,0
ARDG_AQUA bream 340gr 27cm  281025 1415002.csv,854,0
ARDG_AQUA bream500gr 30cm  281025 1500002.csv,4989,0
ARDG_AQUA bream 310gr 23 sm  281025 1233003.csv,1059,0
ARDG_AQUA bream 150gr 21 sm  281025 1132004.csv,2209,0
ARDG_AQUA bream 280gr 24cm  281025 1425002.csv,5163,0
ARDG_AQUA bream556gr 30cm  281025 1500003.csv,1377,0
ARDG_AQUA bream 390gr 26cm  281025 1325005.csv,11944,0
ARDG_AQUA bream 630gr 31cm  281025 1400002.csv,11180,0
ARDG_AQUA bream 630gr 31cm  281025 1400002.csv,11768,0
ARDG_AQUA bream556gr 30cm  281025 1500002.csv,8799,1
ARDG_AQUA bream 150gr 21 sm  281025 1132002.csv,11881,0
ARDG_AQUA bream556gr 30cm  281025 1500002.csv,5625,0
ARDG_AQUA bream 630gr 31cm  281025 1400002.csv,8219,0
ARDG_AQUA bream630gr 32cm  281025 1500002.csv,3715,0
ARDG_AQUA bream 580gr 30 sm  281025 1254003.csv,6647,0
ARDG_AQUA bream 150gr 21 sm  281025 1132004.csv,8295,0
ARDG_AQUA bream 580gr 30 sm  281025 1254002.csv,10761,0
ARDG_AQUA bream 580gr 30 sm  281025 1254002.csv,11671,0
ARDG_AQUA bream 580gr 30 sm  281025 1254003.csv,2314,0
ARDG_AQUA bream 580gr 30 sm  281025 1254003.csv,8750,0
ARDG_AQUA bream 390gr 26cm  281025 1325005.csv,10728,0
ARDG_AQUA bream500gr 30cm  281025 1500003.csv,1953,1
ARDG_AQUA bream 800gr 36cm  281025 1453002.csv,4562,0
ARDG_AQUA bream630gr 32cm  281025 1500002.csv,5138,0
ARDG_AQUA bream 150gr 21 sm  281025 1132002.csv,7905,0
ARDG_AQUA bream 580gr 30 sm  281025 1254003.csv,11279,0
ARDG_AQUA bream350 gr27cm  281025 1548002.csv,4376,0
ARDG_AQUA bream 280gr 24cm  281025 1425002.csv,5496,0
ARDG_AQUA bream 150gr 21 sm  281025 1132004.csv,11301,0
ARDG_AQUA bream 150gr 21 sm  281025 1132002.csv,11536,0
ARDG_AQUA bream 310gr 23 sm  281025 1233002.csv,5540,1
ARDG_AQUA bream 680gr 33 sm  281025 1208003.csv,1974,1
ARDG_AQUA bream 390gr 26cm  281025 1325003.csv,7500,1
ARDG_AQUA bream150gr21cm  281025 1548002.csv,5570,0
ARDG_AQUA bream 280gr 24cm  281025 1425002.csv,858,1
ARDG_AQUA bream 280gr 24cm  281025 1425002.csv,4719,0
ARDG_AQUA bream500gr 30cm  281025 1500002.csv,3517,1
ARDG_AQUA bream556gr 30cm  281025 1500002.csv,5387,0
ARDG_AQUA bream 150gr 21 sm  281025 1132004.csv,10264,0
ARDG_AQUA bream 310gr 23 sm  281025 1233002.csv,8159,0
ARDG_AQUA bream150gr21cm  281025 1548002.csv,5268,0
ARDG_AQUA bream 280gr 24cm  281025 1425002.csv,4156,0
ARDG_AQUA bream500gr 30cm  281025 1500002.csv,450,0
ARDG_AQUA bream556gr 30cm  281025 1500002.csv,3391,0
ARDG_AQUA bream 580gr 30 sm  281025 1254002.csv,7163,0
ARDG_AQUA bream 150gr 21 sm  281025 1132004.csv,11849,0
ARDG_AQUA bream 310gr 23 sm  281025 1233002.csv,358,0
ARDG_AQUA bream 580gr 30 sm  281025 1254003.csv,8331,1
ARDG_AQUA bream 150gr 21 sm  281025 1132004.csv,9303,0
ARDG_AQUA bream150gr21cm  281025 1548002.csv,7522,0
ARDG_AQUA bream 580gr 30 sm  281025 1254002.csv,9984,0
ARDG_AQUA bream556gr 30cm  281025 1500002.csv,11297,0
ARDG_AQUA bream620 gr31cm  281025 1618003.csv,5516,1
ARDG_AQUA bream556gr 30cm  281025 1500002.csv,5367,0
ARDG_AQUA bream350 gr27cm  281025 1548002.csv,5191,0
ARDG_AQUA bream150gr21cm  281025 1548002.csv,4613,0
ARDG_AQUA bream150gr21cm  281025 1548002.csv,649,0
ARDG_AQUA bream 580gr 30 sm  281025 1254003.csv,5291,0
ARDG_AQUA bream 280gr 24cm  281025 1425002.csv,5448,0
ARDG_AQUA bream500gr 30cm  281025 1500002.csv,3230,0
ARDG_AQUA bream350 gr27cm  281025 1548002.csv,1884,0
ARDG_AQUA bream500gr 30cm  281025 1500002.csv,7436,0
ARDG_AQUA bream350 gr27cm  281025 1548002.csv,4005,0
ARDG_AQUA bream 150gr 21 sm  281025 1132004.csv,2193,0
ARDG_AQUA bream 630gr 31cm  281025 1400002.csv,5665,1
ARDG_AQUA bream 580gr 30 sm  281025 1254003.csv,399,0
ARDG_AQUA bream 580gr 30 sm  281025 1254003.csv,2593,0
ARDG_AQUA bream 630gr 31cm  281025 1400002.csv,6736,0
ARDG_AQUA bream 630gr 31cm  281025 1400002.csv,11621,0
ARDG_AQUA bream 630gr 31cm  281025 1400002.csv,4332,0
ARDG_AQUA bream 280gr 24cm  281025 1425002.csv,1271,0
ARDG_AQUA bream 150gr 21 sm  281025 1132004.csv,4346,0
ARDG_AQUA bream556gr 30cm  281025 1500002.csv,577,0
ARDG_AQUA bream 310gr 23 sm  281025 1233002.csv,8389,1
ARDG_AQUA bream556gr 30cm  281025 1500002.csv,8336,0
ARDG_AQUA bream620 gr31cm  281025 1618003.csv,4488,0
ARDG_AQUA bream 150gr 21 sm  281025 1132004.csv,3664,0
ARDG_AQUA bream 390gr 26cm  281025 1325003.csv,9539,0
ARDG_AQUA bream 680gr 33 sm  281025 1208003.csv,8418,0
ARDG_AQUA bream 310gr 23 sm  281025 1233003.csv,281,1
ARDG_AQUA bream 150gr 21 sm  281025 1132004.csv,10437,0
ARDG_AQUA bream620 gr31cm  281025 1618003.csv,10980,1
ARDG_AQUA bream 680gr 33 sm  281025 1208003.csv,10367,0
ARDG_AQUA bream 800gr 36cm  281025 1453002.csv,872,0
ARDG_AQUA bream 310gr 23 sm  281025 1233002.csv,5213,0
ARDG_AQUA bream 800gr 36cm  281025 1453002.csv,4916,0
ARDG_AQUA bream 680gr 33 sm  281025 1208003.csv,9828,1
ARDG_AQUA bream 680gr 33 sm  281025 1208003.csv,7805,1
ARDG_AQUA bream 390gr 26cm  281025 1325005.csv,8771,1
ARDG_AQUA bream150gr21cm  281025 1548002.csv,283,0
ARDG_AQUA bream 150gr 21 sm  281025 1132004.csv,4879,1
ARDG_AQUA bream 390gr 26cm  281025 1325005.csv,229,0
ARDG_AQUA bream 390gr 26cm  281025 1325005.csv,6577,0
ARDG_AQUA bream630gr 32cm  281025 1500002.csv,3467,1
ARDG_AQUA bream 390gr 26cm  281025 1325003.csv,11893,0
ARDG_AQUA bream 150gr 21 sm  281025 1132002.csv,11279,0
ARDG_AQUA bream556gr 30cm  281025 1500003.csv,1362,0
ARDG_AQUA bream500gr 30cm  281025 1500002.csv,5838,0
ARDG_AQUA bream 800gr 36cm  281025 1453002.csv,322,0
ARDG_AQUA bream556gr 30cm  281025 1500002.csv,2905,0
ARDG_AQUA bream 150gr 21 sm  281025 1132002.csv,10072,0
ARDG_AQUA bream 580gr 30 sm  281025 1254003.csv,2179,0
ARDG_AQUA bream 150gr 21 sm  281025 1132004.csv,2907,0
ARDG_AQUA bream 630gr 31cm  281025 1400002.csv,6790,0
ARDG_AQUA bream 150gr 21 sm  281025 1132004.csv,11010,0
ARDG_AQUA bream 340gr 27cm  281025 1415002.csv,614,0
ARDG_AQUA bream500gr 30cm  281025 1500002.csv,4633,0
ARDG_AQUA bream556gr 30cm  281025 1500002.csv,4118,0
ARDG_AQUA bream 630gr 31cm  281025 1400002.csv,1812,0
ARDG_AQUA bream 580gr 30 sm  281025 1254002.csv,608,1
ARDG_AQUA bream630gr 32cm  281025 1500002.csv,4341,1
ARDG_AQUA bream500gr 30cm  281025 1500002.csv,4108,0
ARDG_AQUA bream500gr 30cm  281025 1500003.csv,3532,1
ARDG_AQUA bream 150gr 21 sm  281025 1132004.csv,367,0
ARDG_AQUA bream150gr21cm  281025 1548002.csv,509,0
ARDG_AQUA bream620 gr31cm  281025 1618003.csv,4917,1
ARDG_AQUA bream 150gr 21 sm  281025 1132002.csv,10139,0
ARDG_AQUA bream 390gr 26cm  281025 1325005.csv,10039,1
ARDG_AQUA bream 800gr 36cm  281025 1453002.csv,1682,0
ARDG_AQUA bream620 gr31cm  281025 1618003.csv,2486,0
ARDG_AQUA bream630gr 32cm  281025 1500002.csv,62,0
ARDG_AQUA bream 150gr 21 sm  281025 1132004.csv,2295,0
ARDG_AQUA bream 310gr 23 sm  281025 1233002.csv,5194,0
ARDG_AQUA bream556gr 30cm  281025 1500002.csv,7793,0
ARDG_AQUA bream350 gr27cm  281025 1548002.csv,6036,0
ARDG_AQUA bream 580gr 30 sm  281025 1254002.csv,11763,0
ARDG_AQUA bream 390gr 26cm  281025 1325005.csv,213,0
ARDG_AQUA bream556gr 30cm  281025 1500002.csv,7889,0
ARDG_AQUA bream500gr 30cm  281025 1500002.csv,4617,0
ARDG_AQUA bream 150gr 21 sm  281025 1132004.csv,3700,0
ARDG_AQUA bream 580gr 30 sm  281025 1254003.csv,6597,0
ARDG_AQUA bream 580gr 30 sm  281025 1254002.csv,835,1
ARDG_AQUA bream 680gr 33 sm  281025 1208003.csv,9914,1
ARDG_AQUA bream150gr21cm  281025 1548002.csv,5646,1
ARDG_AQUA bream 150gr 21 sm  281025 1132002.csv,5711,1
ARDG_AQUA bream630gr 32cm  281025 1500002.csv,1808,1
ARDG_AQUA bream 390gr 26cm  281025 1325003.csv,10946,1
ARDG_AQUA bream630gr 32cm  281025 1500002.csv,6255,0
ARDG_AQUA bream 580gr 30 sm  281025 1254003.csv,4025,0
ARDG_AQUA bream 310gr 23 sm  281025 1233002.csv,11396,1
ARDG_AQUA bream 580gr 30 sm  281025 1254003.csv,10333,1
ARDG_AQUA bream 580gr 30 sm  281025 1254002.csv,2133,0
ARDG_AQUA bream150gr21cm  281025 1548002.csv,5556,0
ARDG_AQUA bream500gr 30cm  281025 1500002.csv,5399,0
ARDG_AQUA bream 800gr 36cm  281025 1453002.csv,3944,0
ARDG_AQUA bream500gr 30cm  281025 1500002.csv,7016,0
ARDG_AQUA bream556gr 30cm  281025 1500002.csv,3171,0
ARDG_AQUA bream 150gr 21 sm  281025 1132004.csv,2341,0
ARDG_AQUA bream150gr21cm  281025 1548002.csv,4539,1
ARDG_AQUA bream556gr 30cm  281025 1500002.csv,10841,0
ARDG_AQUA bream 150gr 21 sm  281025 1132004.csv,5435,0
ARDG_AQUA bream 800gr 36cm  281025 1453002.csv,1402,0
ARDG_AQUA bream620 gr31cm  281025 1618003.csv,9768,1
ARDG_AQUA bream620 gr31cm  281025 1618003.csv,7837,1
ARDG_AQUA bream 150gr 21 sm  281025 1132004.csv,10338,0
ARDG_AQUA bream556gr 30cm  281025 1500003.csv,1056,1
ARDG_AQUA bream500gr 30cm  281025 1500002.csv,10302,0
ARDG_AQUA bream 150gr 21 sm  281025 1132004.csv,9453,0
ARDG_AQUA bream556gr 30cm  281025 1500002.csv,6002,0
ARDG_AQUA bream150gr21cm  281025 1548002.csv,3963,0
ARDG_AQUA bream 150gr 21 sm  281025 1132004.csv,2368,0
ARDG_AQUA bream 280gr 24cm  281025 1425002.csv,4968,0
ARDG_AQUA bream 630gr 31cm  281025 1400002.csv,3157,0
ARDG_AQUA bream150gr21cm  281025 1548002.csv,141,0
ARDG_AQUA bream500gr 30cm  281025 1500002.csv,8524,0
ARDG_AQUA bream556gr 30cm  281025 1500002.csv,2648,0
ARDG_AQUA bream 390gr 26cm  281025 1325005.csv,4399,0
ARDG_AQUA bream500gr 30cm  281025 1500002.csv,10139,0
ARDG_AQUA bream 150gr 21 sm  281025 1132004.csv,2070,0
ARDG_AQUA bream 310gr 23 sm  281025 1233002.csv,4095,1
ARDG_AQUA bream 580gr 30 sm  281025 1254003.csv,5208,1
ARDG_AQUA bream 280gr 24cm  281025 1425002.csv,239,1
ARDG_AQUA bream 390gr 26cm  281025 1325005.csv,6933,1
ARDG_AQUA bream556gr 30cm  281025 1500002.csv,3639,0
ARDG_AQUA bream 580gr 30 sm  281025 1254003.csv,6738,1
ARDG_AQUA bream150gr21cm  281025 1548002.csv,2581,0
ARDG_AQUA bream500gr 30cm  281025 1500003.csv,1438,0
ARDG_AQUA bream 580gr 30 sm  281025 1254003.csv,4093,0
ARDG_AQUA bream620 gr31cm  281025 1618003.csv,9054,1
ARDG_AQUA bream 390gr 26cm  281025 1325005.csv,7207,1
ARDG_AQUA bream500gr 30cm  281025 1500002.csv,8545,0
ARDG_AQUA bream 310gr 23 sm  281025 1233002.csv,5467,0
ARDG_AQUA bream 150gr 21 sm  281025 1132002.csv,12036,0
ARDG_AQUA bream500gr 30cm  281025 1500002.csv,10086,0
ARDG_AQUA bream 580gr 30 sm  281025 1254003.csv,2331,0
ARDG_AQUA bream 310gr 23 sm  281025 1233003.csv,1375,0
ARDG_AQUA bream556gr 30cm  281025 1500002.csv,6226,0
ARDG_AQUA bream620 gr31cm  281025 1618004.csv,912,1
ARDG_AQUA bream630gr 32cm  281025 1500002.csv,2923,0
ARDG_AQUA bream630gr 32cm  281025 1500002.csv,6460,0
ARDG_AQUA bream 310gr 23 sm  281025 1233002.csv,9835,1
ARDG_AQUA bream 580gr 30 sm  281025 1254002.csv,7351,1
ARDG_AQUA bream 150gr 21 sm  281025 1132002.csv,565,0
ARDG_AQUA bream150gr21cm  281025 1548002.csv,5896,0
ARDG_AQUA bream556gr 30cm  281025 1500002.csv,1112,0
ARDG_AQUA bream 340gr 27cm  281025 1415002.csv,1561,0
ARDG_AQUA bream 150gr 21 sm  281025 1132004.csv,7815,0
ARDG_AQUA bream620 gr31cm  281025 1618003.csv,2518,0
ARDG_AQUA bream150gr21cm  281025 1548002.csv,1258,1
ARDG_AQUA bream 310gr 23 sm  281025 1233002.csv,1202,1
ARDG_AQUA bream 390gr 26cm  281025 1325005.csv,9944,1
ARDG_AQUA bream500gr 30cm  281025 1500002.csv,1065,0
ARDG_AQUA bream 150gr 21 sm  281025 1132004.csv,5023,0
ARDG_AQUA bream 150gr 21 sm  281025 1132004.csv,2171,0
ARDG_AQUA bream556gr 30cm  281025 1500002.csv,5229,0
ARDG_AQUA bream 150gr 21 sm  281025 1132002.csv,8414,1
ARDG_AQUA bream 150gr 21 sm  281025 1132004.csv,7846,0
ARDG_AQUA bream 150gr 21 sm  281025 1132002.csv,11095,0
ARDG_AQUA bream 580gr 30 sm  281025 1254003.csv,5068,0
ARDG_AQUA bream150gr21cm  281025 1548002.csv,1369,0
ARDG_AQUA bream556gr 30cm  281025 1500002.csv,1185,0
ARDG_AQUA bream 340gr 27cm  281025 1415002.csv,1181,0
ARDG_AQUA bream 580gr 30 sm  281025 1254003.csv,7307,0
ARDG_AQUA bream 150gr 21 sm  281025 1132004.csv,6119,0
ARDG_AQUA bream 150gr 21 sm  281025 1132002.csv,7151,0
ARDG_AQUA bream 280gr 24cm  281025 1425002.csv,1417,0
ARDG_AQUA bream 280gr 24cm  281025 1425002.csv,3411,1
ARDG_AQUA bream 630gr 31cm  281025 1400002.csv,6005,1
ARDG_AQUA bream 800gr 36cm  281025 1453002.csv,3251,0
ARDG_AQUA bream150gr21cm  281025 1548002.csv,8874,0
ARDG_AQUA bream350 gr27cm  281025 1548002.csv,6876,0
ARDG_AQUA bream 580gr 30 sm  281025 1254002.csv,7738,1
ARDG_AQUA bream 800gr 36cm  281025 1453002.csv,1947,1
ARDG_AQUA bream 310gr 23 sm  281025 1233003.csv,623,0
ARDG_AQUA bream 150gr 21 sm  281025 1132004.csv,8673,0
ARDG_AQUA bream 580gr 30 sm  281025 1254002.csv,10937,0
ARDG_AQUA bream556gr 30cm  281025 1500002.csv,2177,0
ARDG_AQUA bream 580gr 30 sm  281025 1254003.csv,8473,0
ARDG_AQUA bream 800gr 36cm  281025 1453002.csv,4047,0
ARDG_AQUA bream 310gr 23 sm  281025 1233002.csv,8155,0
ARDG_AQUA bream556gr 30cm  281025 1500002.csv,8321,0
ARDG_AQUA bream 580gr 30 sm  281025 1254002.csv,3107,1
ARDG_AQUA bream 150gr 21 sm  281025 1132004.csv,9536,1
ARDG_AQUA bream 630gr 31cm  281025 1400002.csv,2375,0
ARDG_AQUA bream 680gr 33 sm  281025 1208003.csv,6754,1
ARDG_AQUA bream 280gr 24cm  281025 1425002.csv,4164,0
ARDG_AQUA bream 150gr 21 sm  281025 1132004.csv,754,0
ARDG_AQUA bream150gr21cm  281025 1548002.csv,654,0
ARDG_AQUA bream 390gr 26cm  281025 1325003.csv,4144,0
ARDG_AQUA bream556gr 30cm  281025 1500002.csv,10787,0
ARDG_AQUA bream 280gr 24cm  281025 1425002.csv,1322,0
ARDG_AQUA bream150gr21cm  281025 1548002.csv,4893,0
ARDG_AQUA bream 150gr 21 sm  281025 1132002.csv,9047,0
ARDG_AQUA bream 630gr 31cm  281025 1400002.csv,9532,0
ARDG_AQUA bream556gr 30cm  281025 1500002.csv,1193,0
ARDG_AQUA bream 150gr 21 sm  281025 1132002.csv,3804,0
ARDG_AQUA bream 800gr 36cm  281025 1453002.csv,3276,0
ARDG_AQUA bream620 gr31cm  281025 1618004.csv,2444,0
ARDG_AQUA bream 280gr 24cm  281025 1425002.csv,733,1
ARDG_AQUA bream350 gr27cm  281025 1548002.csv,6540,0
ARDG_AQUA bream150gr21cm  281025 1548002.csv,5161,0
ARDG_AQUA bream 280gr 24cm  281025 1425002.csv,4307,1
ARDG_AQUA bream 150gr 21 sm  281025 1132004.csv,2091,0
ARDG_AQUA bream 150gr 21 sm  281025 1132004.csv,5999,0
ARDG_AQUA bream556gr 30cm  281025 1500002.csv,1255,0
ARDG_AQUA bream620 gr31cm  281025 1618004.csv,2472,0
ARDG_AQUA bream 680gr 33 sm  281025 1208003.csv,4886,1
ARDG_AQUA bream150gr21cm  281025 1548002.csv,5517,0
ARDG_AQUA bream 280gr 24cm  281025 1425002.csv,4124,0
ARDG_AQUA bream 580gr 30 sm  281025 1254003.csv,1909,0
ARDG_AQUA bream 580gr 30 sm  281025 1254003.csv,1374,0
ARDG_AQUA bream556gr 30cm  281025 1500002.csv,8084,0
ARDG_AQUA bream556gr 30cm  281025 1500002.csv,8192,0
ARDG_AQUA bream 390gr 26cm  281025 1325005.csv,6232,0
ARDG_AQUA bream556gr 30cm  281025 1500002.csv,5517,1
ARDG_AQUA bream350 gr27cm  281025 1548002.csv,4262,0
ARDG_AQUA bream 150gr 21 sm  281025 1132004.csv,2859,0
ARDG_AQUA bream350 gr27cm  281025 1548002.csv,5114,0
ARDG_AQUA bream 680gr 33 sm  281025 1208003.csv,1262,0
ARDG_AQUA bream 630gr 31cm  281025 1400002.csv,2066,0
ARDG_AQUA bream 150gr 21 sm  281025 1132004.csv,7812,0
ARDG_AQUA bream556gr 30cm  281025 1500002.csv,1109,0
ARDG_AQUA bream 580gr 30 sm  281025 1254002.csv,1125,0
ARDG_AQUA bream 150gr 21 sm  281025 1132004.csv,2309,0
ARDG_AQUA bream350 gr27cm  281025 1548002.csv,4663,1
ARDG_AQUA bream500gr 30cm  281025 1500002.csv,7062,0
ARDG_AQUA bream 150gr 21 sm  281025 1132004.csv,8740,0
ARDG_AQUA bream556gr 30cm  281025 1500002.csv,8221,0
ARDG_AQUA bream 580gr 30 sm  281025 1254003.csv,5398,0
ARDG_AQUA bream 390gr 26cm  281025 1325003.csv,5266,0
ARDG_AQUA bream 150gr 21 sm  281025 1132004.csv,9308,0
ARDG_AQUA bream 340gr 27cm  281025 1415002.csv,1841,0
ARDG_AQUA bream 150gr 21 sm  281025 1132004.csv,11042,0
ARDG_AQUA bream 680gr 33 sm  281025 1208003.csv,9223,0
ARDG_AQUA bream620 gr31cm  281025 1618003.csv,4459,0
ARDG_AQUA bream 580gr 30 sm  281025 1254003.csv,10514,0
ARDG_AQUA bream 580gr 30 sm  281025 1254003.csv,11099,0
ARDG_AQUA bream 310gr 23 sm  281025 1233002.csv,10322,0
ARDG_AQUA bream 280gr 24cm  281025 1425002.csv,4778,0
ARDG_AQUA bream620 gr31cm  281025 1618003.csv,2646,0
ARDG_AQUA bream556gr 30cm  281025 1500002.csv,585,0
ARDG_AQUA bream556gr 30cm  281025 1500002.csv,607,0
ARDG_AQUA bream 310gr 23 sm  281025 1233002.csv,10436,0
ARDG_AQUA bream556gr 30cm  281025 1500003.csv,1150,0
ARDG_AQUA bream 630gr 31cm  281025 1400002.csv,11169,0
ARDG_AQUA bream350 gr27cm  281025 1548002.csv,5069,0
ARDG_AQUA bream 580gr 30 sm  281025 1254003.csv,6507,0
ARDG_AQUA bream500gr 30cm  281025 1500002.csv,1834,0
ARDG_AQUA bream 150gr 21 sm  281025 1132002.csv,6986,1
ARDG_AQUA bream 310gr 23 sm  281025 1233002.csv,5396,0
ARDG_AQUA bream 580gr 30 sm  281025 1254003.csv,8411,0
ARDG_AQUA bream556gr 30cm  281025 1500002.csv,6643,0
ARDG_AQUA bream 580gr 30 sm  281025 1254002.csv,7011,0
ARDG_AQUA bream 150gr 21 sm  281025 1132004.csv,8728,0
ARDG_AQUA bream 680gr 33 sm  281025 1208003.csv,8228,0
ARDG_AQUA bream556gr 30cm  281025 1500002.csv,9824,0
ARDG_AQUA bream 310gr 23 sm  281025 1233002.csv,4453,1
ARDG_AQUA bream556gr 30cm  281025 1500002.csv,7384,0
ARDG_AQUA bream 800gr 36cm  281025 1453002.csv,1838,1
ARDG_AQUA bream630gr 32cm  281025 1500002.csv,4705,0
ARDG_AQUA bream556gr 30cm  281025 1500002.csv,5784,0
ARDG_AQUA bream556gr 30cm  281025 1500002.csv,8210,0
ARDG_AQUA bream 390gr 26cm  281025 1325005.csv,6227,0
ARDG_AQUA bream 800gr 36cm  281025 1453002.csv,857,0
ARDG_AQUA bream556gr 30cm  281025 1500002.csv,19,0
ARDG_AQUA bream 390gr 26cm  281025 1325005.csv,6467,0
ARDG_AQUA bream 390gr 26cm  281025 1325005.csv,10708,0
ARDG_AQUA bream556gr 30cm  281025 1500002.csv,2597,0
ARDG_AQUA bream620 gr31cm  281025 1618003.csv,2630,0
ARDG_AQUA bream 150gr 21 sm  281025 1132002.csv,9288,0
ARDG_AQUA bream 580gr 30 sm  281025 1254003.csv,4534,0
ARDG_AQUA bream 310gr 23 sm  281025 1233003.csv,1387,0
ARDG_AQUA bream 390gr 26cm  281025 1325003.csv,7000,1
ARDG_AQUA bream150gr21cm  281025 1548002.csv,207,0
ARDG_AQUA bream 150gr 21 sm  281025 1132002.csv,7951,0
ARDG_AQUA bream 800gr 36cm  281025 1453002.csv,668,1
ARDG_AQUA bream500gr 30cm  281025 1500002.csv,5722,0
ARDG_AQUA bream 580gr 30 sm  281025 1254003.csv,7386,0
ARDG_AQUA bream150gr21cm  281025 1548002.csv,222,0
ARDG_AQUA bream500gr 30cm  281025 1500002.csv,10217,1
ARDG_AQUA bream 390gr 26cm  281025 1325003.csv,9885,1
ARDG_AQUA bream 390gr 26cm  281025 1325003.csv,11886,0
ARDG_AQUA bream 150gr 21 sm  281025 1132004.csv,11357,0
ARDG_AQUA bream500gr 30cm  281025 1500002.csv,1147,1
ARDG_AQUA bream 280gr 24cm  281025 1425002.csv,2348,0
ARDG_AQUA bream 680gr 33 sm  281025 1208003.csv,5478,0
ARDG_AQUA bream 630gr 31cm  281025 1400002.csv,64,0
ARDG_AQUA bream 150gr 21 sm  281025 1132004.csv,9401,0
ARDG_AQUA bream 390gr 26cm  281025 1325003.csv,6884,1
ARDG_AQUA bream620 gr31cm  281025 1618003.csv,4482,0
ARDG_AQUA bream556gr 30cm  281025 1500002.csv,11795,0
ARDG_AQUA bream500gr 30cm  281025 1500003.csv,1317,0
ARDG_AQUA bream150gr21cm  281025 1548002.csv,3283,0
ARDG_AQUA bream 150gr 21 sm  281025 1132004.csv,8313,0
ARDG_AQUA bream 150gr 21 sm  281025 1132002.csv,10875,0
ARDG_AQUA bream 800gr 36cm  281025 1453002.csv,314,0
ARDG_AQUA bream 800gr 36cm  281025 1453002.csv,4770,0
ARDG_AQUA bream630gr 32cm  281025 1500002.csv,2867,0
ARDG_AQUA bream150gr21cm  281025 1548002.csv,6088,0
ARDG_AQUA bream 580gr 30 sm  281025 1254003.csv,8770,0
ARDG_AQUA bream 680gr 33 sm  281025 1208003.csv,5470,0
ARDG_AQUA bream150gr21cm  281025 1548002.csv,8538,0
ARDG_AQUA bream500gr 30cm  281025 1500002.csv,5185,0
ARDG_AQUA bream 280gr 24cm  281025 1425002.csv,2414,0
ARDG_AQUA bream 580gr 30 sm  281025 1254002.csv,8216,0
ARDG_AQUA bream 680gr 33 sm  281025 1208003.csv,5392,1
ARDG_AQUA bream556gr 30cm  281025 1500002.csv,2883,0
ARDG_AQUA bream150gr21cm  281025 1548002.csv,7844,1
ARDG_AQUA bream 310gr 23 sm  281025 1233002.csv,11693,1
ARDG_AQUA bream556gr 30cm  281025 1500002.csv,5975,0
ARDG_AQUA bream 150gr 21 sm  281025 1132004.csv,8645,0
ARDG_AQUA bream500gr 30cm  281025 1500003.csv,4373,0
ARDG_AQUA bream 150gr 21 sm  281025 1132004.csv,8200,0
ARDG_AQUA bream 390gr 26cm  281025 1325003.csv,9803,1
ARDG_AQUA bream 280gr 24cm  281025 1425002.csv,4211,0
ARDG_AQUA bream 150gr 21 sm  281025 1132004.csv,2936,0
ARDG_AQUA bream 580gr 30 sm  281025 1254003.csv,4884,1
ARDG_AQUA bream500gr 30cm  281025 1500002.csv,3203,0
ARDG_AQUA bream350 gr27cm  281025 1548002.csv,236,1
ARDG_AQUA bream 630gr 31cm  281025 1400002.csv,11145,0
ARDG_AQUA bream630gr 32cm  281025 1500002.csv,3320,1
ARDG_AQUA bream 150gr 21 sm  281025 1132004.csv,2860,0
ARDG_AQUA bream 800gr 36cm  281025 1453002.csv,222,0
ARDG_AQUA bream 390gr 26cm  281025 1325003.csv,2560,0
ARDG_AQUA bream500gr 30cm  281025 1500002.csv,7954,0
ARDG_AQUA bream350 gr27cm  281025 1548002.csv,3991,0
ARDG_AQUA bream 580gr 30 sm  281025 1254003.csv,1789,0
ARDG_AQUA bream 680gr 33 sm  281025 1208003.csv,4543,1
ARDG_AQUA bream 310gr 23 sm  281025 1233003.csv,146,1
ARDG_AQUA bream 630gr 31cm  281025 1400002.csv,4338,0
ARDG_AQUA bream620 gr31cm  281025 1618003.csv,6558,1
ARDG_AQUA bream 580gr 30 sm  281025 1254002.csv,3360,0
ARDG_AQUA bream500gr 30cm  281025 1500002.csv,4129,0
ARDG_AQUA bream630gr 32cm  281025 1500002.csv,5207,1
ARDG_AQUA bream350 gr27cm  281025 1548002.csv,4823,1
ARDG_AQUA bream620 gr31cm  281025 1618003.csv,6909,1
ARDG_AQUA bream 150gr 21 sm  281025 1132004.csv,8148,0
ARDG_AQUA bream 630gr 31cm  281025 1400002.csv,429,0
ARDG_AQUA bream630gr 32cm  281025 1500002.csv,6660,0
ARDG_AQUA bream630gr 32cm  281025 1500002.csv,5133,0
ARDG_AQUA bream 150gr 21 sm  281025 1132002.csv,6665,0
ARDG_AQUA bream 800gr 36cm  281025 1453002.csv,3127,1
ARDG_AQUA bream 280gr 24cm  281025 1425002.csv,1541,0
ARDG_AQUA bream 680gr 33 sm  281025 1208003.csv,8427,0
ARDG_AQUA bream500gr 30cm  281025 1500002.csv,444,0
ARDG_AQUA bream500gr 30cm  281025 1500002.csv,8294,0
ARDG_AQUA bream 310gr 23 sm  281025 1233002.csv,8182,0
ARDG_AQUA bream 630gr 31cm  281025 1400002.csv,9540,0
ARDG_AQUA bream500gr 30cm  281025 1500002.csv,5497,0
ARDG_AQUA bream500gr 30cm  281025 1500002.csv,7981,0
ARDG_AQUA bream 630gr 31cm  281025 1400002.csv,1551,1
ARDG_AQUA bream 630gr 31cm  281025 1400002.csv,4424,1
ARDG_AQUA bream 310gr 23 sm  281025 1233002.csv,6780,1
ARDG_AQUA bream 150gr 21 sm  281025 1132004.csv,10452,0
ARDG_AQUA bream 150gr 21 sm  281025 1132004.csv,8611,0
ARDG_AQUA bream 280gr 24cm  281025 1425002.csv,4121,0
ARDG_AQUA bream 150gr 21 sm  281025 1132004.csv,11577,0
ARDG_AQUA bream500gr 30cm  281025 1500002.csv,3406,0
ARDG_AQUA bream 580gr 30 sm  281025 1254002.csv,11933,0
ARDG_AQUA bream 800gr 36cm  281025 1453002.csv,1600,0
ARDG_AQUA bream556gr 30cm  281025 1500002.csv,10623,0
ARDG_AQUA bream150gr21cm  281025 1548002.csv,579,0
ARDG_AQUA bream 150gr 21 sm  281025 1132002.csv,9517,0
ARDG_AQUA bream 310gr 23 sm  281025 1233002.csv,5925,1
ARDG_AQUA bream 390gr 26cm  281025 1325005.csv,5947,0
ARDG_AQUA bream 150gr 21 sm  281025 1132004.csv,2272,0
ARDG_AQUA bream556gr 30cm  281025 1500002.csv,11657,0
ARDG_AQUA bream556gr 30cm  281025 1500003.csv,1299,0
ARDG_AQUA bream 150gr 21 sm  281025 1132004.csv,9231,0
ARDG_AQUA bream 150gr 21 sm  281025 1132002.csv,10355,1
ARDG_AQUA bream150gr21cm  281025 1548002.csv,7502,0
ARDG_AQUA bream500gr 30cm  281025 1500002.csv,3228,0
ARDG_AQUA bream 150gr 21 sm  281025 1132002.csv,10184,0
ARDG_AQUA bream500gr 30cm  281025 1500002.csv,10072,0
ARDG_AQUA bream 150gr 21 sm  281025 1132004.csv,10244,0
ARDG_AQUA bream 150gr 21 sm  281025 1132004.csv,7676,0
ARDG_AQUA bream620 gr31cm  281025 1618003.csv,3570,1
ARDG_AQUA bream556gr 30cm  281025 1500002.csv,1390,1
ARDG_AQUA bream150gr21cm  281025 1548002.csv,5784,1
ARDG_AQUA bream 580gr 30 sm  281025 1254003.csv,8521,0
ARDG_AQUA bream 150gr 21 sm  281025 1132002.csv,10104,0
ARDG_AQUA bream500gr 30cm  281025 1500003.csv,1568,1
ARDG_AQUA bream150gr21cm  281025 1548002.csv,5528,0
ARDG_AQUA bream 310gr 23 sm  281025 1233002.csv,4523,1
ARDG_AQUA bream620 gr31cm  281025 1618003.csv,4469,0
ARDG_AQUA bream 390gr 26cm  281025 1325005.csv,10702,0
ARDG_AQUA bream150gr21cm  281025 1548002.csv,3237,0
ARDG_AQUA bream 340gr 27cm  281025 1415002.csv,1531,0
ARDG_AQUA bream 310gr 23 sm  281025 1233002.csv,5410,0
ARDG_AQUA bream 310gr 23 sm  281025 1233002.csv,9450,1
ARDG_AQUA bream500gr 30cm  281025 1500002.csv,5757,0
ARDG_AQUA bream 580gr 30 sm  281025 1254002.csv,8110,1
ARDG_AQUA bream 800gr 36cm  281025 1453002.csv,3973,0
ARDG_AQUA bream 680gr 33 sm  281025 1208003.csv,9971,1
ARDG_AQUA bream556gr 30cm  281025 1500002.csv,2300,0
ARDG_AQUA bream 630gr 31cm  281025 1400002.csv,11236,0
ARDG_AQUA bream500gr 30cm  281025 1500002.csv,4001,0
ARDG_AQUA bream150gr21cm  281025 1548002.csv,5170,0
ARDG_AQUA bream 150gr 21 sm  281025 1132004.csv,8191,0
ARDG_AQUA bream 580gr 30 sm  281025 1254002.csv,3420,0
ARDG_AQUA bream 580gr 30 sm  281025 1254002.csv,8204,0
ARDG_AQUA bream 580gr 30 sm  281025 1254003.csv,8762,0
ARDG_AQUA bream 580gr 30 sm  281025 1254003.csv,7110,0
ARDG_AQUA bream630gr 32cm  281025 1500002.csv,3127,1
ARDG_AQUA bream 630gr 31cm  281025 1400002.csv,3110,0
ARDG_AQUA bream500gr 30cm  281025 1500002.csv,1816,0
ARDG_AQUA bream620 gr31cm  281025 1618004.csv,836,0
ARDG_AQUA bream556gr 30cm  281025 1500003.csv,1206,0
ARDG_AQUA bream556gr 30cm  281025 1500002.csv,2588,0
ARDG_AQUA bream150gr21cm  281025 1548002.csv,4423,0
ARDG_AQUA bream150gr21cm  281025 1548002.csv,7630,0
ARDG_AQUA bream 580gr 30 sm  281025 1254003.csv,1801,0
ARDG_AQUA bream500gr 30cm  281025 1500003.csv,2503,0
ARDG_AQUA bream150gr21cm  281025 1548002.csv,7614,0
ARDG_AQUA bream 800gr 36cm  281025 1453002.csv,4451,1
ARDG_AQUA bream556gr 30cm  281025 1500002.csv,1511,0
ARDG_AQUA bream 340gr 27cm  281025 1415002.csv,1251,0
ARDG_AQUA bream 580gr 30 sm  281025 1254003.csv,7365,0
ARDG_AQUA bream 150gr 21 sm  281025 1132004.csv,5699,0
ARDG_AQUA bream 580gr 30 sm  281025 1254003.csv,8169,1
ARDG_AQUA bream350 gr27cm  281025 1548002.csv,4979,0
ARDG_AQUA bream 580gr 30 sm  281025 1254003.csv,11384,0
ARDG_AQUA bream500gr 30cm  281025 1500002.csv,7933,0
ARDG_AQUA bream 150gr 21 sm  281025 1132002.csv,10058,0
ARDG_AQUA bream620 gr31cm  281025 1618003.csv,5966,1
ARDG_AQUA bream 680gr 33 sm  281025 1208003.csv,6570,0
ARDG_AQUA bream 310gr 23 sm  281025 1233002.csv,307,0
ARDG_AQUA bream 630gr 31cm  281025 1400002.csv,7723,1
ARDG_AQUA bream 800gr 36cm  281025 1453002.csv,1156,0
ARDG_AQUA bream 800gr 36cm  281025 1453002.csv,4062,0
ARDG_AQUA bream 630gr 31cm  281025 1400002.csv,2704,0
ARDG_AQUA bream 630gr 31cm  281025 1400002.csv,8717,0
ARDG_AQUA bream 390gr 26cm  281025 1325005.csv,10747,0
ARDG_AQUA bream150gr21cm  281025 1548002.csv,874,0
ARDG_AQUA bream500gr 30cm  281025 1500003.csv,1831,1
ARDG_AQUA bream 280gr 24cm  281025 1425002.csv,4745,0
ARDG_AQUA bream 150gr 21 sm  281025 1132002.csv,8186,0
ARDG_AQUA bream 150gr 21 sm  281025 1132002.csv,7083,0
ARDG_AQUA bream 580gr 30 sm  281025 1254002.csv,11709,0
ARDG_AQUA bream620 gr31cm  281025 1618003.csv,10347,0
ARDG_AQUA bream150gr21cm  281025 1548002.csv,6666,0
ARDG_AQUA bream500gr 30cm  281025 1500002.csv,6231,0
ARDG_AQUA bream556gr 30cm  281025 1500002.csv,5735,0
ARDG_AQUA bream 150gr 21 sm  281025 1132004.csv,9440,0
ARDG_AQUA bream 150gr 21 sm  281025 1132004.csv,11365,0
ARDG_AQUA bream 580gr 30 sm  281025 1254003.csv,1884,0
ARDG_AQUA bream 630gr 31cm  281025 1400002.csv,6781,0
ARDG_AQUA bream 150gr 21 sm  281025 1132002.csv,7922,0
ARDG_AQUA bream500gr 30cm  281025 1500002.csv,651,0
ARDG_AQUA bream500gr 30cm  281025 1500002.csv,3389,0
ARDG_AQUA bream 800gr 36cm  281025 1453002.csv,881,0
ARDG_AQUA bream150gr21cm  281025 1548002.csv,1588,0
ARDG_AQUA bream 800gr 36cm  281025 1453002.csv,3269,0
ARDG_AQUA bream 310gr 23 sm  281025 1233002.csv,6270,1
ARDG_AQUA bream630gr 32cm  281025 1500002.csv,4015,1
ARDG_AQUA bream556gr 30cm  281025 1500002.csv,7568,0
ARDG_AQUA bream 150gr 21 sm  281025 1132004.csv,8667,0
ARDG_AQUA bream 800gr 36cm  281025 1453002.csv,548,0
ARDG_AQUA bream 390gr 26cm  281025 1325005.csv,11560,0
ARDG_AQUA bream150gr21cm  281025 1548002.csv,4735,0
ARDG_AQUA bream 390gr 26cm  281025 1325005.csv,11067,1
ARDG_AQUA bream 310gr 23 sm  281025 1233002.csv,10418,0
ARDG_AQUA bream500gr 30cm  281025 1500003.csv,1188,0
ARDG_AQUA bream 150gr 21 sm  281025 1132004.csv,8224,0
ARDG_AQUA bream 280gr 24cm  281025 1425002.csv,3961,0
ARDG_AQUA bream 580gr 30 sm  281025 1254003.csv,3165,0
ARDG_AQUA bream 580gr 30 sm  281025 1254003.csv,9212,1
ARDG_AQUA bream620 gr31cm  281025 1618003.csv,8992,1
ARDG_AQUA bream 680gr 33 sm  281025 1208003.csv,7109,1
ARDG_AQUA bream 580gr 30 sm  281025 1254002.csv,2818,1
ARDG_AQUA bream 800gr 36cm  281025 1453002.csv,890,0
ARDG_AQUA bream150gr21cm  281025 1548002.csv,65,0
ARDG_AQUA bream 580gr 30 sm  281025 1254003.csv,9470,1
ARDG_AQUA bream 150gr 21 sm  281025 1132004.csv,10353,0
ARDG_AQUA bream556gr 30cm  281025 1500002.csv,1914,0
ARDG_AQUA bream620 gr31cm  281025 1618004.csv,2116,0
ARDG_AQUA bream500gr 30cm  281025 1500002.csv,8744,0
ARDG_AQUA bream 630gr 31cm  281025 1400002.csv,7619,1
ARDG_AQUA bream500gr 30cm  281025 1500002.csv,5951,0
ARDG_AQUA bream 390gr 26cm  281025 1325003.csv,2362,0
ARDG_AQUA bream630gr 32cm  281025 1500002.csv,4946,1
ARDG_AQUA bream 150gr 21 sm  281025 1132004.csv,2826,0
ARDG_AQUA bream 310gr 23 sm  281025 1233002.csv,5391,0
ARDG_AQUA bream 150gr 21 sm  281025 1132004.csv,5525,0
ARDG_AQUA bream 150gr 21 sm  281025 1132002.csv,7395,0
ARDG_AQUA bream500gr 30cm  281025 1500002.csv,7646,0
ARDG_AQUA bream500gr 30cm  281025 1500002.csv,404,0
ARDG_AQUA bream150gr21cm  281025 1548002.csv,4242,0
ARDG_AQUA bream 580gr 30 sm  281025 1254002.csv,9945,0
ARDG_AQUA bream 390gr 26cm  281025 1325005.csv,5161,1
ARDG_AQUA bream 280gr 24cm  281025 1425002.csv,1207,0
ARDG_AQUA bream 580gr 30 sm  281025 1254002.csv,4386,0
ARDG_AQUA bream 580gr 30 sm  281025 1254002.csv,9738,1
ARDG_AQUA bream630gr 32cm  281025 1500002.csv,2897,0
ARDG_AQUA bream 580gr 30 sm  281025 1254002.csv,7013,0
ARDG_AQUA bream150gr21cm  281025 1548002.csv,4428,0
ARDG_AQUA bream620 gr31cm  281025 1618004.csv,1932,0
ARDG_AQUA bream 580gr 30 sm  281025 1254003.csv,10674,0
ARDG_AQUA bream350 gr27cm  281025 1548002.csv,4993,0
ARDG_AQUA bream556gr 30cm  281025 1500002.csv,7126,0
ARDG_AQUA bream 150gr 21 sm  281025 1132004.csv,6209,0
ARDG_AQUA bream 800gr 36cm  281025 1453002.csv,1418,0
ARDG_AQUA bream620 gr31cm  281025 1618003.csv,3436,1
ARDG_AQUA bream 580gr 30 sm  281025 1254002.csv,9281,0
ARDG_AQUA bream 680gr 33 sm  281025 1208003.csv,1686,1
ARDG_AQUA bream 150gr 21 sm  281025 1132004.csv,2192,0
ARDG_AQUA bream150gr21cm  281025 1548002.csv,5561,0
ARDG_AQUA bream 150gr 21 sm  281025 1132004.csv,10193,0
ARDG_AQUA bream 390gr 26cm  281025 1325005.csv,10775,0
ARDG_AQUA bream 580gr 30 sm  281025 1254002.csv,7059,0
ARDG_AQUA bream556gr 30cm  281025 1500002.csv,8537,0
ARDG_AQUA bream 310gr 23 sm  281025 1233003.csv,1371,0
ARDG_AQUA bream 150gr 21 sm  281025 1132002.csv,11960,1
ARDG_AQUA bream 150gr 21 sm  281025 1132004.csv,2059,0
ARDG_AQUA bream 150gr 21 sm  281025 1132004.csv,10426,0
ARDG_AQUA bream 580gr 30 sm  281025 1254003.csv,9286,0
ARDG_AQUA bream620 gr31cm  281025 1618003.csv,2766,0
ARDG_AQUA bream500gr 30cm  281025 1500002.csv,2017,0
ARDG_AQUA bream 680gr 33 sm  281025 1208003.csv,7987,0
ARDG_AQUA bream 800gr 36cm  281025 1453002.csv,2711,0
ARDG_AQUA bream 150gr 21 sm  281025 1132002.csv,11802,0
ARDG_AQUA bream556gr 30cm  281025 1500002.csv,6942,0
ARDG_AQUA bream 150gr 21 sm  281025 1132004.csv,1378,0
ARDG_AQUA bream350 gr27cm  281025 1548002.csv,748,1
ARDG_AQUA bream500gr 30cm  281025 1500003.csv,898,1
ARDG_AQUA bream620 gr31cm  281025 1618003.csv,5883,0
ARDG_AQUA bream 800gr 36cm  281025 1453002.csv,4988,0
ARDG_AQUA bream630gr 32cm  281025 1500002.csv,3059,1
ARDG_AQUA bream630gr 32cm  281025 1500002.csv,6905,0
ARDG_AQUA bream556gr 30cm  281025 1500002.csv,8700,0
ARDG_AQUA bream 680gr 33 sm  281025 1208003.csv,10421,0
ARDG_AQUA bream 800gr 36cm  281025 1453002.csv,1692,0
ARDG_AQUA bream 580gr 30 sm  281025 1254003.csv,7372,0
ARDG_AQUA bream620 gr31cm  281025 1618003.csv,2730,0
ARDG_AQUA bream556gr 30cm  281025 1500002.csv,9059,0
ARDG_AQUA bream 150gr 21 sm  281025 1132004.csv,11040,0
ARDG_AQUA bream556gr 30cm  281025 1500002.csv,1560,0
ARDG_AQUA bream556gr 30cm  281025 1500002.csv,6283,0
ARDG_AQUA bream 150gr 21 sm  281025 1132004.csv,8203,0
ARDG_AQUA bream556gr 30cm  281025 1500003.csv,1218,0
ARDG_AQUA bream 150gr 21 sm  281025 1132004.csv,6089,0
ARDG_AQUA bream556gr 30cm  281025 1500002.csv,515,0
ARDG_AQUA bream 630gr 31cm  281025 1400002.csv,8926,1
ARDG_AQUA bream350 gr27cm  281025 1548002.csv,7002,0
ARDG_AQUA bream 150gr 21 sm  281025 1132004.csv,2872,0
ARDG_AQUA bream 150gr 21 sm  281025 1132004.csv,2688,1
ARDG_AQUA bream620 gr31cm  281025 1618003.csv,3302,0
ARDG_AQUA bream500gr 30cm  281025 1500002.csv,2138,1
ARDG_AQUA bream 680gr 33 sm  281025 1208003.csv,1022,0
ARDG_AQUA bream 390gr 26cm  281025 1325005.csv,664,1
ARDG_AQUA bream556gr 30cm  281025 1500002.csv,4112,0
ARDG_AQUA bream 150gr 21 sm  281025 1132004.csv,9297,0
ARDG_AQUA bream150gr21cm  281025 1548002.csv,5218,0
ARDG_AQUA bream 150gr 21 sm  281025 1132004.csv,3894,0
ARDG_AQUA bream 580gr 30 sm  281025 1254003.csv,7874,1
ARDG_AQUA bream556gr 30cm  281025 1500002.csv,11268,0
ARDG_AQUA bream 580gr 30 sm  281025 1254002.csv,11629,0
ARDG_AQUA bream 390gr 26cm  281025 1325005.csv,7377,1
ARDG_AQUA bream150gr21cm  281025 1548002.csv,5877,0
ARDG_AQUA bream 150gr 21 sm  281025 1132004.csv,11893,0
ARDG_AQUA bream500gr 30cm  281025 1500002.csv,5989,0
ARDG_AQUA bream620 gr31cm  281025 1618003.csv,6760,1
ARDG_AQUA bream 390gr 26cm  281025 1325005.csv,225,0
ARDG_AQUA bream 150gr 21 sm  281025 1132004.csv,3842,0
ARDG_AQUA bream 580gr 30 sm  281025 1254002.csv,7041,0
ARDG_AQUA bream 680gr 33 sm  281025 1208003.csv,3900,1
ARDG_AQUA bream 630gr 31cm  281025 1400002.csv,1988,1
ARDG_AQUA bream 580gr 30 sm  281025 1254003.csv,1176,0
ARDG_AQUA bream 150gr 21 sm  281025 1132002.csv,1345,0
ARDG_AQUA bream500gr 30cm  281025 1500002.csv,9345,0
ARDG_AQUA bream500gr 30cm  281025 1500002.csv,8773,0
ARDG_AQUA bream556gr 30cm  281025 1500002.csv,2666,0
ARDG_AQUA bream 580gr 30 sm  281025 1254002.csv,1377,0
ARDG_AQUA bream500gr 30cm  281025 1500002.csv,3231,0
ARDG_AQUA bream620 gr31cm  281025 1618003.csv,3661,0
ARDG_AQUA bream620 gr31cm  281025 1618003.csv,6081,1
ARDG_AQUA bream 630gr 31cm  281025 1400002.csv,6713,0
ARDG_AQUA bream500gr 30cm  281025 1500002.csv,3417,0
ARDG_AQUA bream 390gr 26cm  281025 1325003.csv,11668,0
ARDG_AQUA bream 390gr 26cm  281025 1325005.csv,11599,0
ARDG_AQUA bream 680gr 33 sm  281025 1208003.csv,8502,1
ARDG_AQUA bream500gr 30cm  281025 1500003.csv,5653,0
ARDG_AQUA bream 150gr 21 sm  281025 1132004.csv,2103,0
ARDG_AQUA bream 580gr 30 sm  281025 1254003.csv,5372,0
ARDG_AQUA bream 800gr 36cm  281025 1453002.csv,1322,0
ARDG_AQUA bream620 gr31cm  281025 1618003.csv,10102,1
ARDG_AQUA bream 680gr 33 sm  281025 1208003.csv,5654,0
ARDG_AQUA bream 580gr 30 sm  281025 1254003.csv,6189,0
ARDG_AQUA bream500gr 30cm  281025 1500002.csv,6224,0
ARDG_AQUA bream150gr21cm  281025 1548002.csv,637,0
ARDG_AQUA bream500gr 30cm  281025 1500002.csv,10307,0
ARDG_AQUA bream 150gr 21 sm  281025 1132004.csv,3864,0
ARDG_AQUA bream 580gr 30 sm  281025 1254002.csv,11909,0
ARDG_AQUA bream500gr 30cm  281025 1500002.csv,2617,0
ARDG_AQUA bream 580gr 30 sm  281025 1254002.csv,11839,0
ARDG_AQUA bream 310gr 23 sm  281025 1233002.csv,4806,0
ARDG_AQUA bream 630gr 31cm  281025 1400002.csv,11603,0
ARDG_AQUA bream150gr21cm  281025 1548002.csv,6280,0
ARDG_AQUA bream 150gr 21 sm  281025 1132004.csv,6233,0
ARDG_AQUA bream 150gr 21 sm  281025 1132002.csv,6675,0
ARDG_AQUA bream500gr 30cm  281025 1500002.csv,9993,1
ARDG_AQUA bream500gr 30cm  281025 1500002.csv,4386,0
ARDG_AQUA bream556gr 30cm  281025 1500002.csv,2438,0
ARDG_AQUA bream 280gr 24cm  281025 1425002.csv,4794,0
ARDG_AQUA bream 580gr 30 sm  281025 1254003.csv,2293,0
ARDG_AQUA bream 310gr 23 sm  281025 1233002.csv,8154,0
ARDG_AQUA bream556gr 30cm  281025 1500002.csv,11977,0
ARDG_AQUA bream 280gr 24cm  281025 1425002.csv,1274,0
ARDG_AQUA bream500gr 30cm  281025 1500002.csv,909,0
ARDG_AQUA bream150gr21cm  281025 1548002.csv,7637,0
ARDG_AQUA bream 150gr 21 sm  281025 1132004.csv,9289,0
ARDG_AQUA bream 580gr 30 sm  281025 1254002.csv,1944,0
ARDG_AQUA bream 580gr 30 sm  281025 1254003.csv,3911,0
ARDG_AQUA bream500gr 30cm  281025 1500002.csv,6189,0
ARDG_AQUA bream556gr 30cm  281025 1500002.csv,7092,0
ARDG_AQUA bream 390gr 26cm  281025 1325003.csv,6510,1
ARDG_AQUA bream556gr 30cm  281025 1500002.csv,5643,0
ARDG_AQUA bream 150gr 21 sm  281025 1132002.csv,10186,0
ARDG_AQUA bream500gr 30cm  281025 1500002.csv,1821,0
ARDG_AQUA bream150gr21cm  281025 1548002.csv,3047,1
ARDG_AQUA bream620 gr31cm  281025 1618003.csv,4298,0
ARDG_AQUA bream556gr 30cm  281025 1500002.csv,5955,0
ARDG_AQUA bream 150gr 21 sm  281025 1132002.csv,8108,1
ARDG_AQUA bream 390gr 26cm  281025 1325005.csv,9753,0
ARDG_AQUA bream350 gr27cm  281025 1548002.csv,7079,0
ARDG_AQUA bream 150gr 21 sm  281025 1132004.csv,8512,1
ARDG_AQUA bream 580gr 30 sm  281025 1254003.csv,4498,0
ARDG_AQUA bream 340gr 27cm  281025 1415002.csv,826,0
ARDG_AQUA bream556gr 30cm  281025 1500002.csv,5654,0
ARDG_AQUA bream500gr 30cm  281025 1500002.csv,5767,0
ARDG_AQUA bream350 gr27cm  281025 1548002.csv,2094,0
ARDG_AQUA bream620 gr31cm  281025 1618003.csv,7463,1
ARDG_AQUA bream620 gr31cm  281025 1618003.csv,4337,0
ARDG_AQUA bream 340gr 27cm  281025 1415002.csv,476,0
ARDG_AQUA bream 150gr 21 sm  281025 1132004.csv,6798,0
ARDG_AQUA bream 580gr 30 sm  281025 1254003.csv,3489,1
ARDG_AQUA bream556gr 30cm  281025 1500002.csv,9044,0
ARDG_AQUA bream 150gr 21 sm  281025 1132002.csv,11539,0
ARDG_AQUA bream620 gr31cm  281025 1618003.csv,4185,1
ARDG_AQUA bream 310gr 23 sm  281025 1233003.csv,615,0
ARDG_AQUA bream556gr 30cm  281025 1500002.csv,5709,0
ARDG_AQUA bream 150gr 21 sm  281025 1132002.csv,11871,0
ARDG_AQUA bream 580gr 30 sm  281025 1254002.csv,7072,0
ARDG_AQUA bream620 gr31cm  281025 1618003.csv,11146,0
ARDG_AQUA bream 580gr 30 sm  281025 1254003.csv,5363,0
ARDG_AQUA bream500gr 30cm  281025 1500002.csv,2892,0
ARDG_AQUA bream150gr21cm  281025 1548002.csv,234,0
ARDG_AQUA bream 390gr 26cm  281025 1325005.csv,5036,1
ARDG_AQUA bream620 gr31cm  281025 1618003.csv,5243,1
ARDG_AQUA bream 390gr 26cm  281025 1325003.csv,11930,0
ARDG_AQUA bream 580gr 30 sm  281025 1254002.csv,7221,0
ARDG_AQUA bream500gr 30cm  281025 1500003.csv,1291,0
ARDG_AQUA bream556gr 30cm  281025 1500002.csv,8227,0
ARDG_AQUA bream 150gr 21 sm  281025 1132002.csv,6300,0
ARDG_AQUA bream 150gr 21 sm  281025 1132004.csv,2371,0
ARDG_AQUA bream 580gr 30 sm  281025 1254003.csv,1368,0
ARDG_AQUA bream500gr 30cm  281025 1500002.csv,746,1
ARDG_AQUA bream150gr21cm  281025 1548002.csv,6998,0
ARDG_AQUA bream 150gr 21 sm  281025 1132004.csv,10872,0
ARDG_AQUA bream350 gr27cm  281025 1548002.csv,4394,0
ARDG_AQUA bream 580gr 30 sm  281025 1254003.csv,4729,0
ARDG_AQUA bream 150gr 21 sm  281025 1132004.csv,7822,0
ARDG_AQUA bream 800gr 36cm  281025 1453002.csv,2774,0
ARDG_AQUA bream 630gr 31cm  281025 1400002.csv,8638,0
ARDG_AQUA bream 630gr 31cm  281025 1400002.csv,4108,1
ARDG_AQUA bream556gr 30cm  281025 1500002.csv,5689,0
ARDG_AQUA bream 150gr 21 sm  281025 1132004.csv,8736,0
ARDG_AQUA bream 150gr 21 sm  281025 1132004.csv,2911,0
ARDG_AQUA bream150gr21cm  281025 1548002.csv,7064,0
ARDG_AQUA bream 390gr 26cm  281025 1325005.csv,11752,0
ARDG_AQUA bream 150gr 21 sm  281025 1132004.csv,7487,0
ARDG_AQUA bream 150gr 21 sm  281025 1132004.csv,2919,0
ARDG_AQUA bream 390gr 26cm  281025 1325003.csv,6603,0
ARDG_AQUA bream 580gr 30 sm  281025 1254003.csv,5359,0
ARDG_AQUA bream500gr 30cm  281025 1500003.csv,402,0
ARDG_AQUA bream620 gr31cm  281025 1618003.csv,8648,1
ARDG_AQUA bream 580gr 30 sm  281025 1254003.csv,635,0
ARDG_AQUA bream556gr 30cm  281025 1500002.csv,5985,0
ARDG_AQUA bream 150gr 21 sm  281025 1132002.csv,7160,0
ARDG_AQUA bream150gr21cm  281025 1548002.csv,4899,0
ARDG_AQUA bream500gr 30cm  281025 1500002.csv,11421,0
ARDG_AQUA bream150gr21cm  281025 1548002.csv,6430,0
ARDG_AQUA bream620 gr31cm  281025 1618003.csv,3214,0
ARDG_AQUA bream620 gr31cm  281025 1618004.csv,2532,0
ARDG_AQUA bream 580gr 30 sm  281025 1254003.csv,6631,0
ARDG_AQUA bream 580gr 30 sm  281025 1254002.csv,9325,0
ARDG_AQUA bream 310gr 23 sm  281025 1233002.csv,3028,1
ARDG_AQUA bream150gr21cm  281025 1548002.csv,5323,0
ARDG_AQUA bream556gr 30cm  281025 1500002.csv,6846,0
ARDG_AQUA bream 680gr 33 sm  281025 1208003.csv,9210,0
ARDG_AQUA bream 580gr 30 sm  281025 1254003.csv,5530,1
ARDG_AQUA bream 150gr 21 sm  281025 1132004.csv,5981,0
ARDG_AQUA bream 150gr 21 sm  281025 1132002.csv,7171,0
ARDG_AQUA bream556gr 30cm  281025 1500002.csv,7696,0
ARDG_AQUA bream 580gr 30 sm  281025 1254003.csv,7685,1
ARDG_AQUA bream500gr 30cm  281025 1500002.csv,7947,0
ARDG_AQUA bream 310gr 23 sm  281025 1233002.csv,1600,1
ARDG_AQUA bream 580gr 30 sm  281025 1254003.csv,5431,0
ARDG_AQUA bream 280gr 24cm  281025 1425002.csv,4638,0
ARDG_AQUA bream150gr21cm  281025 1548002.csv,4922,0
ARDG_AQUA bream 580gr 30 sm  281025 1254003.csv,2322,0
ARDG_AQUA bream620 gr31cm  281025 1618003.csv,8495,1
ARDG_AQUA bream 630gr 31cm  281025 1400002.csv,3161,0
ARDG_AQUA bream350 gr27cm  281025 1548002.csv,4042,0
ARDG_AQUA bream500gr 30cm  281025 1500002.csv,4379,0
ARDG_AQUA bream620 gr31cm  281025 1618003.csv,2142,0
ARDG_AQUA bream500gr 30cm  281025 1500002.csv,2663,0
ARDG_AQUA bream500gr 30cm  281025 1500002.csv,8692,0
ARDG_AQUA bream556gr 30cm  281025 1500002.csv,8509,0
ARDG_AQUA bream 800gr 36cm  281025 1453002.csv,3233,0
ARDG_AQUA bream 150gr 21 sm  281025 1132004.csv,3890,0
ARDG_AQUA bream 150gr 21 sm  281025 1132004.csv,8097,0
ARDG_AQUA bream556gr 30cm  281025 1500002.csv,11719,0
ARDG_AQUA bream556gr 30cm  281025 1500002.csv,8630,0
ARDG_AQUA bream350 gr27cm  281025 1548002.csv,1008,1
ARDG_AQUA bream 390gr 26cm  281025 1325005.csv,3401,0
ARDG_AQUA bream500gr 30cm  281025 1500002.csv,5440,0
ARDG_AQUA bream 150gr 21 sm  281025 1132004.csv,4998,0
ARDG_AQUA bream630gr 32cm  281025 1500002.csv,4655,0
ARDG_AQUA bream 580gr 30 sm  281025 1254003.csv,5119,0
ARDG_AQUA bream 630gr 31cm  281025 1400002.csv,2698,0
ARDG_AQUA bream500gr 30cm  281025 1500002.csv,4159,0
ARDG_AQUA bream556gr 30cm  281025 1500002.csv,10874,0
ARDG_AQUA bream 680gr 33 sm  281025 1208003.csv,7703,1
ARDG_AQUA bream 280gr 24cm  281025 1425002.csv,4739,0
ARDG_AQUA bream 150gr 21 sm  281025 1132002.csv,708,0
ARDG_AQUA bream 630gr 31cm  281025 1400002.csv,2934,0
ARDG_AQUA bream 150gr 21 sm  281025 1132004.csv,8738,0
ARDG_AQUA bream556gr 30cm  281025 1500002.csv,6280,0
ARDG_AQUA bream556gr 30cm  281025 1500002.csv,9014,0
ARDG_AQUA bream150gr21cm  281025 1548002.csv,5204,0
ARDG_AQUA bream 280gr 24cm  281025 1425002.csv,4225,0
ARDG_AQUA bream556gr 30cm  281025 1500002.csv,7736,0
ARDG_AQUA bream350 gr27cm  281025 1548002.csv,4934,0
ARDG_AQUA bream150gr21cm  281025 1548002.csv,2621,0
ARDG_AQUA bream 310gr 23 sm  281025 1233002.csv,8579,1
ARDG_AQUA bream150gr21cm  281025 1548002.csv,157,0
ARDG_AQUA bream150gr21cm  281025 1548002.csv,4395,0
ARDG_AQUA bream556gr 30cm  281025 1500003.csv,1391,0
ARDG_AQUA bream 310gr 23 sm  281025 1233002.csv,9993,0
ARDG_AQUA bream 390gr 26cm  281025 1325003.csv,9624,1
ARDG_AQUA bream 150gr 21 sm  281025 1132004.csv,3594,0
ARDG_AQUA bream 800gr 36cm  281025 1453002.csv,4688,0
ARDG_AQUA bream 150gr 21 sm  281025 1132004.csv,8729,0
ARDG_AQUA bream620 gr31cm  281025 1618003.csv,11372,1
ARDG_AQUA bream620 gr31cm  281025 1618003.csv,6338,1
ARDG_AQUA bream630gr 32cm  281025 1500002.csv,3714,0
ARDG_AQUA bream556gr 30cm  281025 1500002.csv,8158,0
ARDG_AQUA bream 390gr 26cm  281025 1325005.csv,3219,1
ARDG_AQUA bream 580gr 30 sm  281025 1254003.csv,10804,0
ARDG_AQUA bream 340gr 27cm  281025 1415002.csv,606,0
ARDG_AQUA bream 280gr 24cm  281025 1425002.csv,3967,0
ARDG_AQUA bream 150gr 21 sm  281025 1132004.csv,7083,0
ARDG_AQUA bream 150gr 21 sm  281025 1132002.csv,11805,0
ARDG_AQUA bream 390gr 26cm  281025 1325005.csv,5872,0
ARDG_AQUA bream 150gr 21 sm  281025 1132004.csv,8287,0
ARDG_AQUA bream 390gr 26cm  281025 1325003.csv,11924,0
ARDG_AQUA bream556gr 30cm  281025 1500002.csv,10082,1
ARDG_AQUA bream 150gr 21 sm  281025 1132004.csv,5717,0
ARDG_AQUA bream 580gr 30 sm  281025 1254002.csv,7220,0
ARDG_AQUA bream556gr 30cm  281025 1500002.csv,5733,0
ARDG_AQUA bream556gr 30cm  281025 1500002.csv,8296,0
ARDG_AQUA bream620 gr31cm  281025 1618003.csv,4393,0
ARDG_AQUA bream 390gr 26cm  281025 1325005.csv,8016,1
ARDG_AQUA bream350 gr27cm  281025 1548002.csv,4913,0
ARDG_AQUA bream 580gr 30 sm  281025 1254002.csv,4389,0
ARDG_AQUA bream500gr 30cm  281025 1500002.csv,6989,0
ARDG_AQUA bream150gr21cm  281025 1548002.csv,7134,0
ARDG_AQUA bream 310gr 23 sm  281025 1233002.csv,9009,1
ARDG_AQUA bream 580gr 30 sm  281025 1254003.csv,4078,0
ARDG_AQUA bream 680gr 33 sm  281025 1208003.csv,5664,0
ARDG_AQUA bream 150gr 21 sm  281025 1132004.csv,11685,0
ARDG_AQUA bream620 gr31cm  281025 1618003.csv,3194,0
ARDG_AQUA bream556gr 30cm  281025 1500002.csv,7866,0
ARDG_AQUA bream 280gr 24cm  281025 1425002.csv,1985,0
ARDG_AQUA bream 390gr 26cm  281025 1325003.csv,11750,0
ARDG_AQUA bream 390gr 26cm  281025 1325005.csv,3633,1
ARDG_AQUA bream620 gr31cm  281025 1618003.csv,9438,1
ARDG_AQUA bream500gr 30cm  281025 1500002.csv,6405,0
ARDG_AQUA bream 390gr 26cm  281025 1325003.csv,8993,1
ARDG_AQUA bream556gr 30cm  281025 1500003.csv,1222,0
ARDG_AQUA bream350 gr27cm  281025 1548002.csv,5089,0
ARDG_AQUA bream 390gr 26cm  281025 1325005.csv,2281,1
ARDG_AQUA bream 630gr 31cm  281025 1400002.csv,3164,0
ARDG_AQUA bream 390gr 26cm  281025 1325003.csv,2692,0
ARDG_AQUA bream500gr 30cm  281025 1500002.csv,5439,0
ARDG_AQUA bream 340gr 27cm  281025 1415002.csv,62,1
ARDG_AQUA bream556gr 30cm  281025 1500002.csv,7078,0
ARDG_AQUA bream 310gr 23 sm  281025 1233002.csv,1732,0
ARDG_AQUA bream 580gr 30 sm  281025 1254002.csv,5792,1
ARDG_AQUA bream500gr 30cm  281025 1500003.csv,1208,0
ARDG_AQUA bream556gr 30cm  281025 1500002.csv,7919,0
ARDG_AQUA bream 280gr 24cm  281025 1425002.csv,48,0
ARDG_AQUA bream 150gr 21 sm  281025 1132004.csv,2900,0
ARDG_AQUA bream 150gr 21 sm  281025 1132002.csv,10210,0
ARDG_AQUA bream 390gr 26cm  281025 1325005.csv,5847,0
ARDG_AQUA bream 150gr 21 sm  281025 1132002.csv,11436,1
ARDG_AQUA bream 390gr 26cm  281025 1325005.csv,10811,0
ARDG_AQUA bream 150gr 21 sm  281025 1132002.csv,2177,0
ARDG_AQUA bream 340gr 27cm  281025 1415002.csv,2066,0
ARDG_AQUA bream500gr 30cm  281025 1500003.csv,3772,1
ARDG_AQUA bream620 gr31cm  281025 1618004.csv,1187,1
ARDG_AQUA bream556gr 30cm  281025 1500002.csv,10849,0
ARDG_AQUA bream 150gr 21 sm  281025 1132002.csv,1488,0
ARDG_AQUA bream 680gr 33 sm  281025 1208003.csv,5594,0
ARDG_AQUA bream 580gr 30 sm  281025 1254002.csv,11557,0
ARDG_AQUA bream 310gr 23 sm  281025 1233002.csv,1735,0
ARDG_AQUA bream350 gr27cm  281025 1548002.csv,5145,0
ARDG_AQUA bream 310gr 23 sm  281025 1233002.csv,9624,1
ARDG_AQUA bream 310gr 23 sm  281025 1233002.csv,4727,1
ARDG_AQUA bream 580gr 30 sm  281025 1254002.csv,9953,0
ARDG_AQUA bream 580gr 30 sm  281025 1254002.csv,1181,0
ARDG_AQUA bream 150gr 21 sm  281025 1132004.csv,7699,0
ARDG_AQUA bream 680gr 33 sm  281025 1208003.csv,7426,1
ARDG_AQUA bream556gr 30cm  281025 1500002.csv,10867,0
ARDG_AQUA bream150gr21cm  281025 1548002.csv,1422,0
ARDG_AQUA bream 390gr 26cm  281025 1325005.csv,762,1
ARDG_AQUA bream 150gr 21 sm  281025 1132002.csv,7368,0
ARDG_AQUA bream350 gr27cm  281025 1548002.csv,2937,1
ARDG_AQUA bream500gr 30cm  281025 1500002.csv,11223,0
ARDG_AQUA bream 800gr 36cm  281025 1453002.csv,3357,1
ARDG_AQUA bream620 gr31cm  281025 1618003.csv,10287,0
ARDG_AQUA bream 310gr 23 sm  281025 1233002.csv,6002,1
ARDG_AQUA bream500gr 30cm  281025 1500002.csv,6196,0
ARDG_AQUA bream 280gr 24cm  281025 1425002.csv,1268,0
ARDG_AQUA bream556gr 30cm  281025 1500002.csv,11055,0
ARDG_AQUA bream500gr 30cm  281025 1500002.csv,5956,0
ARDG_AQUA bream 150gr 21 sm  281025 1132004.csv,9833,0
ARDG_AQUA bream150gr21cm  281025 1548002.csv,6176,0
ARDG_AQUA bream 280gr 24cm  281025 1425002.csv,1366,0
ARDG_AQUA bream 390gr 26cm  281025 1325005.csv,10709,0
ARDG_AQUA bream 580gr 30 sm  281025 1254002.csv,10812,0
ARDG_AQUA bream 580gr 30 sm  281025 1254003.csv,7605,0
ARDG_AQUA bream 390gr 26cm  281025 1325003.csv,8452,1
ARDG_AQUA bream150gr21cm  281025 1548002.csv,5287,0
ARDG_AQUA bream150gr21cm  281025 1548002.csv,168,0
ARDG_AQUA bream556gr 30cm  281025 1500002.csv,1927,0
ARDG_AQUA bream 310gr 23 sm  281025 1233002.csv,6058,1
ARDG_AQUA bream 800gr 36cm  281025 1453002.csv,2309,0
ARDG_AQUA bream620 gr31cm  281025 1618003.csv,4772,1
ARDG_AQUA bream 150gr 21 sm  281025 1132004.csv,11022,0
ARDG_AQUA bream150gr21cm  281025 1548002.csv,4426,0
ARDG_AQUA bream 310gr 23 sm  281025 1233002.csv,2818,1
ARDG_AQUA bream 150gr 21 sm  281025 1132002.csv,1384,0
ARDG_AQUA bream350 gr27cm  281025 1548002.csv,3996,0
ARDG_AQUA bream150gr21cm  281025 1548002.csv,4109,0
ARDG_AQUA bream150gr21cm  281025 1548002.csv,1842,0
ARDG_AQUA bream 630gr 31cm  281025 1400002.csv,2390,0
ARDG_AQUA bream150gr21cm  281025 1548002.csv,547,0
ARDG_AQUA bream150gr21cm  281025 1548002.csv,8712,0
ARDG_AQUA bream150gr21cm  281025 1548002.csv,931,0
ARDG_AQUA bream 800gr 36cm  281025 1453002.csv,4872,0
ARDG_AQUA bream150gr21cm  281025 1548002.csv,7282,1
ARDG_AQUA bream150gr21cm  281025 1548002.csv,4663,0
ARDG_AQUA bream 630gr 31cm  281025 1400002.csv,2946,0
ARDG_AQUA bream 390gr 26cm  281025 1325005.csv,10788,0
ARDG_AQUA bream620 gr31cm  281025 1618004.csv,1094,1
ARDG_AQUA bream 310gr 23 sm  281025 1233002.csv,10922,0
ARDG_AQUA bream150gr21cm  281025 1548002.csv,4359,0
ARDG_AQUA bream 150gr 21 sm  281025 1132004.csv,7713,0
ARDG_AQUA bream630gr 32cm  281025 1500002.csv,4638,0
ARDG_AQUA bream556gr 30cm  281025 1500002.csv,6043,0
ARDG_AQUA bream 280gr 24cm  281025 1425002.csv,1359,0
ARDG_AQUA bream 580gr 30 sm  281025 1254003.csv,4981,1
ARDG_AQUA bream620 gr31cm  281025 1618004.csv,230,0
ARDG_AQUA bream 630gr 31cm  281025 1400002.csv,1822,0
ARDG_AQUA bream556gr 30cm  281025 1500002.csv,9329,0
ARDG_AQUA bream 150gr 21 sm  281025 1132004.csv,4316,0
ARDG_AQUA bream 280gr 24cm  281025 1425002.csv,5505,0
ARDG_AQUA bream 150gr 21 sm  281025 1132004.csv,2399,0
ARDG_AQUA bream 390gr 26cm  281025 1325003.csv,8184,1
ARDG_AQUA bream 580gr 30 sm  281025 1254003.csv,4053,0
ARDG_AQUA bream556gr 30cm  281025 1500002.csv,7921,0
ARDG_AQUA bream 580gr 30 sm  281025 1254003.csv,6006,0
ARDG_AQUA bream 630gr 31cm  281025 1400002.csv,6137,1
ARDG_AQUA bream500gr 30cm  281025 1500002.csv,4396,0
ARDG_AQUA bream 150gr 21 sm  281025 1132004.csv,2205,0
ARDG_AQUA bream500gr 30cm  281025 1500003.csv,1697,1
ARDG_AQUA bream 580gr 30 sm  281025 1254003.csv,1951,0
ARDG_AQUA bream150gr21cm  281025 1548002.csv,394,1
ARDG_AQUA bream500gr 30cm  281025 1500002.csv,8702,0
ARDG_AQUA bream 680gr 33 sm  281025 1208003.csv,89,1
ARDG_AQUA bream556gr 30cm  281025 1500002.csv,11825,0
ARDG_AQUA bream 680gr 33 sm  281025 1208003.csv,10382,0
ARDG_AQUA bream 800gr 36cm  281025 1453002.csv,897,0
ARDG_AQUA bream620 gr31cm  281025 1618004.csv,2724,0
ARDG_AQUA bream 150gr 21 sm  281025 1132004.csv,619,0
ARDG_AQUA bream 680gr 33 sm  281025 1208003.csv,5089,1
ARDG_AQUA bream500gr 30cm  281025 1500002.csv,1230,0
ARDG_AQUA bream556gr 30cm  281025 1500002.csv,4360,0
ARDG_AQUA bream 150gr 21 sm  281025 1132004.csv,10183,0
ARDG_AQUA bream 680gr 33 sm  281025 1208003.csv,2312,0
ARDG_AQUA bream 390gr 26cm  281025 1325005.csv,10373,0
ARDG_AQUA bream500gr 30cm  281025 1500002.csv,3385,0
ARDG_AQUA bream500gr 30cm  281025 1500002.csv,5755,0
ARDG_AQUA bream620 gr31cm  281025 1618003.csv,4361,0
ARDG_AQUA bream 280gr 24cm  281025 1425002.csv,1321,0
ARDG_AQUA bream 150gr 21 sm  281025 1132004.csv,7445,0
ARDG_AQUA bream556gr 30cm  281025 1500002.csv,2168,0
ARDG_AQUA bream556gr 30cm  281025 1500002.csv,11193,0
ARDG_AQUA bream556gr 30cm  281025 1500002.csv,9304,0
ARDG_AQUA bream500gr 30cm  281025 1500002.csv,4387,0
ARDG_AQUA bream350 gr27cm  281025 1548002.csv,5133,0
ARDG_AQUA bream 630gr 31cm  281025 1400002.csv,1782,0
ARDG_AQUA bream 150gr 21 sm  281025 1132004.csv,2347,0
ARDG_AQUA bream 580gr 30 sm  281025 1254003.csv,4483,0
ARDG_AQUA bream 150gr 21 sm  281025 1132004.csv,1704,0
ARDG_AQUA bream 150gr 21 sm  281025 1132004.csv,2858,0
ARDG_AQUA bream150gr21cm  281025 1548002.csv,918,0
ARDG_AQUA bream 580gr 30 sm  281025 1254003.csv,10934,0
ARDG_AQUA bream 310gr 23 sm  281025 1233002.csv,4169,1
ARDG_AQUA bream 800gr 36cm  281025 1453002.csv,2743,0
ARDG_AQUA bream 150gr 21 sm  281025 1132002.csv,11553,0
ARDG_AQUA bream500gr 30cm  281025 1500002.csv,536,1
ARDG_AQUA bream150gr21cm  281025 1548002.csv,4468,0
ARDG_AQUA bream 630gr 31cm  281025 1400002.csv,11795,0
ARDG_AQUA bream 580gr 30 sm  281025 1254002.csv,2376,1
ARDG_AQUA bream556gr 30cm  281025 1500002.csv,6627,0
ARDG_AQUA bream 310gr 23 sm  281025 1233003.csv,819,0
ARDG_AQUA bream 580gr 30 sm  281025 1254003.csv,2537,0
ARDG_AQUA bream500gr 30cm  281025 1500002.csv,4667,0
ARDG_AQUA bream150gr21cm  281025 1548002.csv,5169,0
ARDG_AQUA bream150gr21cm  281025 1548002.csv,4205,0
ARDG_AQUA bream500gr 30cm  281025 1500002.csv,2616,0
ARDG_AQUA bream630gr 32cm  281025 1500002.csv,4438,1
ARDG_AQUA bream556gr 30cm  281025 1500002.csv,10830,0
ARDG_AQUA bream620 gr31cm  281025 1618003.csv,7716,1
ARDG_AQUA bream 580gr 30 sm  281025 1254003.csv,731,0
ARDG_AQUA bream 580gr 30 sm  281025 1254003.csv,7600,0
ARDG_AQUA bream556gr 30cm  281025 1500002.csv,8098,0
ARDG_AQUA bream 150gr 21 sm  281025 1132002.csv,3615,0
ARDG_AQUA bream 800gr 36cm  281025 1453002.csv,4992,0
ARDG_AQUA bream 580gr 30 sm  281025 1254003.csv,5087,0
ARDG_AQUA bream556gr 30cm  281025 1500002.csv,5259,0
ARDG_AQUA bream 800gr 36cm  281025 1453002.csv,4690,0
ARDG_AQUA bream556gr 30cm  281025 1500002.csv,8595,0
ARDG_AQUA bream 280gr 24cm  281025 1425002.csv,1267,0
ARDG_AQUA bream500gr 30cm  281025 1500003.csv,2246,1
ARDG_AQUA bream 280gr 24cm  281025 1425002.csv,43,0
ARDG_AQUA bream 390gr 26cm  281025 1325005.csv,941,1
ARDG_AQUA bream556gr 30cm  281025 1500002.csv,1633,1
ARDG_AQUA bream500gr 30cm  281025 1500002.csv,6790,0
ARDG_AQUA bream150gr21cm  281025 1548002.csv,316,0
ARDG_AQUA bream556gr 30cm  281025 1500002.csv,10560,0
ARDG_AQUA bream 310gr 23 sm  281025 1233002.csv,5398,0
ARDG_AQUA bream 800gr 36cm  281025 1453002.csv,226,0
ARDG_AQUA bream556gr 30cm  281025 1500002.csv,7028,0
ARDG_AQUA bream 580gr 30 sm  281025 1254003.csv,8439,0
ARDG_AQUA bream150gr21cm  281025 1548002.csv,3303,0
ARDG_AQUA bream500gr 30cm  281025 1500003.csv,3341,0
ARDG_AQUA bream 580gr 30 sm  281025 1254002.csv,11693,0
ARDG_AQUA bream 390gr 26cm  281025 1325005.csv,6677,1
ARDG_AQUA bream500gr 30cm  281025 1500002.csv,11478,0
ARDG_AQUA bream620 gr31cm  281025 1618003.csv,1614,0
ARDG_AQUA bream 150gr 21 sm  281025 1132004.csv,10892,0
ARDG_AQUA bream556gr 30cm  281025 1500002.csv,6625,0
ARDG_AQUA bream556gr 30cm  281025 1500002.csv,1470,0
ARDG_AQUA bream350 gr27cm  281025 1548002.csv,4055,0
ARDG_AQUA bream350 gr27cm  281025 1548002.csv,1903,0
ARDG_AQUA bream 150gr 21 sm  281025 1132004.csv,2203,0
ARDG_AQUA bream 580gr 30 sm  281025 1254002.csv,9329,0
ARDG_AQUA bream 310gr 23 sm  281025 1233002.csv,8188,0
ARDG_AQUA bream 150gr 21 sm  281025 1132002.csv,6395,1
ARDG_AQUA bream 150gr 21 sm  281025 1132004.csv,730,0
ARDG_AQUA bream350 gr27cm  281025 1548002.csv,4360,0
ARDG_AQUA bream 580gr 30 sm  281025 1254003.csv,4400,0
ARDG_AQUA bream 150gr 21 sm  281025 1132004.csv,724,0
ARDG_AQUA bream 680gr 33 sm  281025 1208003.csv,3165,1
ARDG_AQUA bream150gr21cm  281025 1548002.csv,271,0
ARDG_AQUA bream150gr21cm  281025 1548002.csv,4737,0
ARDG_AQUA bream 580gr 30 sm  281025 1254002.csv,7010,0
ARDG_AQUA bream556gr 30cm  281025 1500002.csv,7605,0
ARDG_AQUA bream 150gr 21 sm  281025 1132004.csv,409,0
ARDG_AQUA bream 580gr 30 sm  281025 1254002.csv,45,1
ARDG_AQUA bream500gr 30cm  281025 1500002.csv,4689,0
ARDG_AQUA bream 580gr 30 sm  281025 1254002.csv,11713,0
ARDG_AQUA bream350 gr27cm  281025 1548002.csv,4351,0
ARDG_AQUA bream620 gr31cm  281025 1618003.csv,10151,1
ARDG_AQUA bream500gr 30cm  281025 1500003.csv,3150,0
ARDG_AQUA bream 390gr 26cm  281025 1325003.csv,6598,0
ARDG_AQUA bream 150gr 21 sm  281025 1132004.csv,6816,0
ARDG_AQUA bream 580gr 30 sm  281025 1254003.csv,7601,0
ARDG_AQUA bream500gr 30cm  281025 1500002.csv,7464,0
ARDG_AQUA bream 310gr 23 sm  281025 1233002.csv,1956,1
ARDG_AQUA bream 800gr 36cm  281025 1453002.csv,3201,0
ARDG_AQUA bream150gr21cm  281025 1548002.csv,905,0
ARDG_AQUA bream500gr 30cm  281025 1500002.csv,3184,0
ARDG_AQUA bream556gr 30cm  281025 1500002.csv,11168,0
ARDG_AQUA bream 150gr 21 sm  281025 1132004.csv,10901,0
ARDG_AQUA bream 150gr 21 sm  281025 1132002.csv,11530,0
ARDG_AQUA bream620 gr31cm  281025 1618003.csv,5682,1
ARDG_AQUA bream556gr 30cm  281025 1500002.csv,11673,0
ARDG_AQUA bream 800gr 36cm  281025 1453002.csv,2729,0
ARDG_AQUA bream500gr 30cm  281025 1500002.csv,8533,0
ARDG_AQUA bream 580gr 30 sm  281025 1254003.csv,5435,0
ARDG_AQUA bream556gr 30cm  281025 1500002.csv,98,1
ARDG_AQUA bream 800gr 36cm  281025 1453002.csv,3890,0
ARDG_AQUA bream500gr 30cm  281025 1500002.csv,4075,0
ARDG_AQUA bream 150gr 21 sm  281025 1132004.csv,8108,0
ARDG_AQUA bream 150gr 21 sm  281025 1132002.csv,9703,0
ARDG_AQUA bream500gr 30cm  281025 1500002.csv,11558,0
ARDG_AQUA bream 150gr 21 sm  281025 1132004.csv,9457,0
ARDG_AQUA bream 150gr 21 sm  281025 1132004.csv,1833,0
ARDG_AQUA bream556gr 30cm  281025 1500002.csv,5301,0
ARDG_AQUA bream 390gr 26cm  281025 1325005.csv,587,0
ARDG_AQUA bream 680gr 33 sm  281025 1208003.csv,652,0
ARDG_AQUA bream 390gr 26cm  281025 1325005.csv,10748,0
ARDG_AQUA bream 800gr 36cm  281025 1453002.csv,3737,1
ARDG_AQUA bream 390gr 26cm  281025 1325005.csv,6187,0
ARDG_AQUA bream 580gr 30 sm  281025 1254003.csv,1802,0
ARDG_AQUA bream 310gr 23 sm  281025 1233002.csv,6709,0
ARDG_AQUA bream 630gr 31cm  281025 1400002.csv,7860,1
ARDG_AQUA bream620 gr31cm  281025 1618003.csv,5863,0
ARDG_AQUA bream 630gr 31cm  281025 1400002.csv,11192,0
ARDG_AQUA bream 580gr 30 sm  281025 1254002.csv,7103,0
ARDG_AQUA bream 390gr 26cm  281025 1325005.csv,543,0
ARDG_AQUA bream556gr 30cm  281025 1500002.csv,445,0
ARDG_AQUA bream500gr 30cm  281025 1500003.csv,1405,0
ARDG_AQUA bream 580gr 30 sm  281025 1254002.csv,1489,0
ARDG_AQUA bream630gr 32cm  281025 1500002.csv,970,0
ARDG_AQUA bream 310gr 23 sm  281025 1233002.csv,118,0
ARDG_AQUA bream 150gr 21 sm  281025 1132002.csv,6893,0
ARDG_AQUA bream 310gr 23 sm  281025 1233002.csv,5113,1
ARDG_AQUA bream150gr21cm  281025 1548002.csv,487,0
ARDG_AQUA bream620 gr31cm  281025 1618004.csv,1956,0
ARDG_AQUA bream 580gr 30 sm  281025 1254003.csv,1918,0
ARDG_AQUA bream350 gr27cm  281025 1548002.csv,659,0
ARDG_AQUA bream 630gr 31cm  281025 1400002.csv,11069,1
ARDG_AQUA bream150gr21cm  281025 1548002.csv,1451,0
ARDG_AQUA bream 150gr 21 sm  281025 1132004.csv,10292,0
ARDG_AQUA bream150gr21cm  281025 1548002.csv,7009,0
ARDG_AQUA bream556gr 30cm  281025 1500002.csv,11275,0
ARDG_AQUA bream 580gr 30 sm  281025 1254003.csv,7606,0
ARDG_AQUA bream 580gr 30 sm  281025 1254003.csv,5129,0
ARDG_AQUA bream 390gr 26cm  281025 1325003.csv,11934,0
ARDG_AQUA bream500gr 30cm  281025 1500002.csv,7442,0
ARDG_AQUA bream 390gr 26cm  281025 1325003.csv,11306,1
ARDG_AQUA bream 390gr 26cm  281025 1325005.csv,11740,0
ARDG_AQUA bream620 gr31cm  281025 1618004.csv,649,1
ARDG_AQUA bream500gr 30cm  281025 1500003.csv,399,0
ARDG_AQUA bream500gr 30cm  281025 1500002.csv,868,0
ARDG_AQUA bream 390gr 26cm  281025 1325003.csv,2197,0
ARDG_AQUA bream 580gr 30 sm  281025 1254002.csv,765,1
ARDG_AQUA bream 150gr 21 sm  281025 1132004.csv,9416,0
ARDG_AQUA bream 630gr 31cm  281025 1400002.csv,2738,0
ARDG_AQUA bream 580gr 30 sm  281025 1254003.csv,2528,0
ARDG_AQUA bream 580gr 30 sm  281025 1254003.csv,571,0
ARDG_AQUA bream 390gr 26cm  281025 1325005.csv,9670,1
ARDG_AQUA bream556gr 30cm  281025 1500002.csv,601,0
ARDG_AQUA bream 580gr 30 sm  281025 1254003.csv,1711,1
ARDG_AQUA bream150gr21cm  281025 1548002.csv,2664,0
ARDG_AQUA bream 390gr 26cm  281025 1325003.csv,11724,0
ARDG_AQUA bream500gr 30cm  281025 1500002.csv,10567,1
ARDG_AQUA bream500gr 30cm  281025 1500002.csv,5406,0
ARDG_AQUA bream630gr 32cm  281025 1500002.csv,3191,1
ARDG_AQUA bream500gr 30cm  281025 1500002.csv,5881,0
ARDG_AQUA bream 580gr 30 sm  281025 1254003.csv,2337,0
ARDG_AQUA bream 630gr 31cm  281025 1400002.csv,4726,1
ARDG_AQUA bream 280gr 24cm  281025 1425002.csv,3984,0
ARDG_AQUA bream500gr 30cm  281025 1500002.csv,8536,0
ARDG_AQUA bream 310gr 23 sm  281025 1233002.csv,8234,0
ARDG_AQUA bream620 gr31cm  281025 1618003.csv,2702,0
ARDG_AQUA bream556gr 30cm  281025 1500002.csv,3163,0
ARDG_AQUA bream 580gr 30 sm  281025 1254003.csv,6604,0
ARDG_AQUA bream620 gr31cm  281025 1618003.csv,2219,0
ARDG_AQUA bream556gr 30cm  281025 1500002.csv,1707,0
ARDG_AQUA bream150gr21cm  281025 1548002.csv,1835,0
ARDG_AQUA bream 390gr 26cm  281025 1325003.csv,10604,0
ARDG_AQUA bream556gr 30cm  281025 1500002.csv,7821,0
ARDG_AQUA bream 390gr 26cm  281025 1325005.csv,10404,0
ARDG_AQUA bream 390gr 26cm  281025 1325005.csv,11806,0
ARDG_AQUA bream150gr21cm  281025 1548002.csv,6812,1
ARDG_AQUA bream 390gr 26cm  281025 1325005.csv,11252,0
ARDG_AQUA bream150gr21cm  281025 1548002.csv,190,0
ARDG_AQUA bream 580gr 30 sm  281025 1254002.csv,8634,0
ARDG_AQUA bream500gr 30cm  281025 1500002.csv,1462,0
ARDG_AQUA bream 680gr 33 sm  281025 1208003.csv,9086,1
ARDG_AQUA bream 800gr 36cm  281025 1453002.csv,3216,0
ARDG_AQUA bream 150gr 21 sm  281025 1132002.csv,7143,0
ARDG_AQUA bream 150gr 21 sm  281025 1132004.csv,4991,0
ARDG_AQUA bream 310gr 23 sm  281025 1233002.csv,1885,0
ARDG_AQUA bream500gr 30cm  281025 1500002.csv,6400,0
ARDG_AQUA bream500gr 30cm  281025 1500003.csv,4437,0
ARDG_AQUA bream 310gr 23 sm  281025 1233002.csv,5389,0
ARDG_AQUA bream150gr21cm  281025 1548002.csv,609,0
ARDG_AQUA bream 310gr 23 sm  281025 1233002.csv,3930,0
ARDG_AQUA bream 580gr 30 sm  281025 1254003.csv,2223,0
ARDG_AQUA bream 150gr 21 sm  281025 1132004.csv,1968,1
ARDG_AQUA bream150gr21cm  281025 1548002.csv,7037,0
ARDG_AQUA bream 680gr 33 sm  281025 1208003.csv,10386,0
ARDG_AQUA bream150gr21cm  281025 1548002.csv,585,0
ARDG_AQUA bream150gr21cm  281025 1548002.csv,5544,0
ARDG_AQUA bream556gr 30cm  281025 1500002.csv,11907,0
ARDG_AQUA bream556gr 30cm  281025 1500002.csv,8670,0
ARDG_AQUA bream 150gr 21 sm  281025 1132004.csv,652,0
ARDG_AQUA bream 680gr 33 sm  281025 1208003.csv,5566,0
ARDG_AQUA bream 150gr 21 sm  281025 1132002.csv,7186,0
ARDG_AQUA bream620 gr31cm  281025 1618003.csv,5790,0
ARDG_AQUA bream620 gr31cm  281025 1618003.csv,844,0
ARDG_AQUA bream 630gr 31cm  281025 1400002.csv,3125,0
ARDG_AQUA bream 800gr 36cm  281025 1453002.csv,4708,0
ARDG_AQUA bream 150gr 21 sm  281025 1132002.csv,7706,1
ARDG_AQUA bream350 gr27cm  281025 1548002.csv,2758,1
ARDG_AQUA bream 580gr 30 sm  281025 1254002.csv,4718,1
ARDG_AQUA bream630gr 32cm  281025 1500002.csv,4668,0
ARDG_AQUA bream 150gr 21 sm  281025 1132004.csv,1620,0
ARDG_AQUA bream500gr 30cm  281025 1500002.csv,6873,1
ARDG_AQUA bream556gr 30cm  281025 1500003.csv,1214,0
ARDG_AQUA bream620 gr31cm  281025 1618004.csv,1738,1
ARDG_AQUA bream 150gr 21 sm  281025 1132004.csv,7099,0
ARDG_AQUA bream620 gr31cm  281025 1618003.csv,8193,1
ARDG_AQUA bream 580gr 30 sm  281025 1254002.csv,7246,0
ARDG_AQUA bream556gr 30cm  281025 1500002.csv,8164,0
ARDG_AQUA bream 390gr 26cm  281025 1325003.csv,7775,1
ARDG_AQUA bream620 gr31cm  281025 1618003.csv,239,0
ARDG_AQUA bream620 gr31cm  281025 1618003.csv,734,0
ARDG_AQUA bream 580gr 30 sm  281025 1254002.csv,7051,0
ARDG_AQUA bream 390gr 26cm  281025 1325003.csv,10691,1
ARDG_AQUA bream556gr 30cm  281025 1500002.csv,5327,0
ARDG_AQUA bream 390gr 26cm  281025 1325005.csv,415,0
ARDG_AQUA bream620 gr31cm  281025 1618003.csv,7545,1
ARDG_AQUA bream 390gr 26cm  281025 1325005.csv,11683,0
ARDG_AQUA bream150gr21cm  281025 1548002.csv,1009,0
ARDG_AQUA bream 800gr 36cm  281025 1453002.csv,1504,1
ARDG_AQUA bream 310gr 23 sm  281025 1233002.csv,9743,1
ARDG_AQUA bream620 gr31cm  281025 1618003.csv,7911,1
ARDG_AQUA bream 580gr 30 sm  281025 1254003.csv,7343,0
ARDG_AQUA bream 580gr 30 sm  281025 1254002.csv,11543,0
ARDG_AQUA bream630gr 32cm  281025 1500002.csv,4672,0
ARDG_AQUA bream 680gr 33 sm  281025 1208003.csv,3502,0
ARDG_AQUA bream 580gr 30 sm  281025 1254002.csv,7271,0
ARDG_AQUA bream350 gr27cm  281025 1548002.csv,4148,1
ARDG_AQUA bream556gr 30cm  281025 1500002.csv,1481,0
ARDG_AQUA bream 150gr 21 sm  281025 1132002.csv,2528,0
ARDG_AQUA bream 580gr 30 sm  281025 1254003.csv,4506,0
ARDG_AQUA bream150gr21cm  281025 1548002.csv,2491,0
ARDG_AQUA bream 800gr 36cm  281025 1453002.csv,1313,0
ARDG_AQUA bream556gr 30cm  281025 1500002.csv,1172,0
ARDG_AQUA bream556gr 30cm  281025 1500002.csv,8269,0
ARDG_AQUA bream 580gr 30 sm  281025 1254002.csv,3394,0
ARDG_AQUA bream 150gr 21 sm  281025 1132004.csv,9315,0
ARDG_AQUA bream556gr 30cm  281025 1500002.csv,4805,1
ARDG_AQUA bream 150gr 21 sm  281025 1132002.csv,7962,0
ARDG_AQUA bream 580gr 30 sm  281025 1254003.csv,8231,1
ARDG_AQUA bream 580gr 30 sm  281025 1254003.csv,1379,0
ARDG_AQUA bream 630gr 31cm  281025 1400002.csv,6726,0
ARDG_AQUA bream500gr 30cm  281025 1500002.csv,11548,0
ARDG_AQUA bream 580gr 30 sm  281025 1254003.csv,3936,0
ARDG_AQUA bream 630gr 31cm  281025 1400002.csv,6482,0
ARDG_AQUA bream556gr 30cm  281025 1500002.csv,7811,0
ARDG_AQUA bream 150gr 21 sm  281025 1132004.csv,5339,0
ARDG_AQUA bream 630gr 31cm  281025 1400002.csv,11163,0
ARDG_AQUA bream 150gr 21 sm  281025 1132002.csv,7165,0
ARDG_AQUA bream556gr 30cm  281025 1500002.csv,4192,1
ARDG_AQUA bream 630gr 31cm  281025 1400002.csv,6681,0
ARDG_AQUA bream 150gr 21 sm  281025 1132004.csv,10864,0
ARDG_AQUA bream556gr 30cm  281025 1500002.csv,3107,0
ARDG_AQUA bream500gr 30cm  281025 1500002.csv,8731,0
ARDG_AQUA bream 800gr 36cm  281025 1453002.csv,846,0
ARDG_AQUA bream 580gr 30 sm  281025 1254003.csv,8855,1
ARDG_AQUA bream 680gr 33 sm  281025 1208003.csv,10282,1
ARDG_AQUA bream 150gr 21 sm  281025 1132004.csv,3858,0
ARDG_AQUA bream 580gr 30 sm  281025 1254002.csv,3351,0
ARDG_AQUA bream 580gr 30 sm  281025 1254003.csv,7589,0
ARDG_AQUA bream 580gr 30 sm  281025 1254003.csv,419,0
ARDG_AQUA bream500gr 30cm  281025 1500002.csv,5396,0
ARDG_AQUA bream556gr 30cm  281025 1500003.csv,1469,0
ARDG_AQUA bream 310gr 23 sm  281025 1233002.csv,1453,1
ARDG_AQUA bream500gr 30cm  281025 1500003.csv,1131,0
ARDG_AQUA bream500gr 30cm  281025 1500003.csv,5501,0
ARDG_AQUA bream 630gr 31cm  281025 1400002.csv,4320,0
ARDG_AQUA bream556gr 30cm  281025 1500002.csv,6373,0
ARDG_AQUA bream500gr 30cm  281025 1500002.csv,8280,0
ARDG_AQUA bream 580gr 30 sm  281025 1254003.csv,1262,1
ARDG_AQUA bream 580gr 30 sm  281025 1254003.csv,1953,0
ARDG_AQUA bream350 gr27cm  281025 1548002.csv,4336,0
ARDG_AQUA bream556gr 30cm  281025 1500002.csv,1823,1
ARDG_AQUA bream 150gr 21 sm  281025 1132004.csv,5453,0
ARDG_AQUA bream500gr 30cm  281025 1500002.csv,1314,0
ARDG_AQUA bream 310gr 23 sm  281025 1233003.csv,639,0
ARDG_AQUA bream500gr 30cm  281025 1500002.csv,9540,1
ARDG_AQUA bream 390gr 26cm  281025 1325005.csv,2012,1
ARDG_AQUA bream556gr 30cm  281025 1500003.csv,1318,0
ARDG_AQUA bream150gr21cm  281025 1548002.csv,8544,0
ARDG_AQUA bream 680gr 33 sm  281025 1208003.csv,9551,1
ARDG_AQUA bream 390gr 26cm  281025 1325005.csv,6412,0
ARDG_AQUA bream 580gr 30 sm  281025 1254002.csv,9875,0
ARDG_AQUA bream 680gr 33 sm  281025 1208003.csv,2303,0
ARDG_AQUA bream 580gr 30 sm  281025 1254003.csv,4478,0
ARDG_AQUA bream 150gr 21 sm  281025 1132004.csv,1649,0
ARDG_AQUA bream 630gr 31cm  281025 1400002.csv,6509,0
ARDG_AQUA bream 150gr 21 sm  281025 1132004.csv,1404,0
ARDG_AQUA bream 150gr 21 sm  281025 1132004.csv,247,0
ARDG_AQUA bream500gr 30cm  281025 1500002.csv,1253,0
ARDG_AQUA bream 310gr 23 sm  281025 1233002.csv,7516,1
ARDG_AQUA bream 150gr 21 sm  281025 1132002.csv,240,0
ARDG_AQUA bream150gr21cm  281025 1548002.csv,6242,0
ARDG_AQUA bream 150gr 21 sm  281025 1132004.csv,7594,1
ARDG_AQUA bream150gr21cm  281025 1548002.csv,972,0
ARDG_AQUA bream 800gr 36cm  281025 1453002.csv,394,0
ARDG_AQUA bream 580gr 30 sm  281025 1254003.csv,2562,0
ARDG_AQUA bream 680gr 33 sm  281025 1208003.csv,752,0
ARDG_AQUA bream 150gr 21 sm  281025 1132004.csv,4979,0
ARDG_AQUA bream350 gr27cm  281025 1548002.csv,4569,0
ARDG_AQUA bream 580gr 30 sm  281025 1254003.csv,10409,0
ARDG_AQUA bream 390gr 26cm  281025 1325005.csv,10732,0
ARDG_AQUA bream 150gr 21 sm  281025 1132004.csv,5429,0
ARDG_AQUA bream 630gr 31cm  281025 1400002.csv,11223,0
ARDG_AQUA bream 580gr 30 sm  281025 1254003.csv,3919,0
ARDG_AQUA bream620 gr31cm  281025 1618004.csv,2716,0
ARDG_AQUA bream 150gr 21 sm  281025 1132004.csv,10893,0
ARDG_AQUA bream500gr 30cm  281025 1500002.csv,2667,0
ARDG_AQUA bream150gr21cm  281025 1548002.csv,4410,0
ARDG_AQUA bream 580gr 30 sm  281025 1254002.csv,10957,0
ARDG_AQUA bream 390gr 26cm  281025 1325005.csv,1399,0
ARDG_AQUA bream150gr21cm  281025 1548002.csv,6254,0
ARDG_AQUA bream 150gr 21 sm  281025 1132004.csv,4786,0
ARDG_AQUA bream 680gr 33 sm  281025 1208003.csv,1047,0
ARDG_AQUA bream150gr21cm  281025 1548002.csv,928,0
ARDG_AQUA bream 150gr 21 sm  281025 1132002.csv,5591,0
ARDG_AQUA bream556gr 30cm  281025 1500002.csv,3835,0
ARDG_AQUA bream 580gr 30 sm  281025 1254002.csv,8217,0
ARDG_AQUA bream 150gr 21 sm  281025 1132004.csv,10424,0
ARDG_AQUA bream 630gr 31cm  281025 1400002.csv,844,0
ARDG_AQUA bream630gr 32cm  281025 1500002.csv,4650,0
ARDG_AQUA bream500gr 30cm  281025 1500002.csv,8623,0
ARDG_AQUA bream350 gr27cm  281025 1548002.csv,1789,1
ARDG_AQUA bream350 gr27cm  281025 1548002.csv,5147,0
ARDG_AQUA bream556gr 30cm  281025 1500002.csv,7803,0
ARDG_AQUA bream 580gr 30 sm  281025 1254003.csv,5133,0
ARDG_AQUA bream 680gr 33 sm  281025 1208003.csv,9219,0
ARDG_AQUA bream 800gr 36cm  281025 1453002.csv,2787,0
ARDG_AQUA bream 150gr 21 sm  281025 1132002.csv,7159,0
ARDG_AQUA bream500gr 30cm  281025 1500003.csv,5405,0
ARDG_AQUA bream150gr21cm  281025 1548002.csv,1444,0
ARDG_AQUA bream 630gr 31cm  281025 1400002.csv,6756,0
ARDG_AQUA bream 580gr 30 sm  281025 1254003.csv,8484,0
ARDG_AQUA bream150gr21cm  281025 1548002.csv,964,0
ARDG_AQUA bream 310gr 23 sm  281025 1233002.csv,6909,1
ARDG_AQUA bream 580gr 30 sm  281025 1254003.csv,8098,0
ARDG_AQUA bream500gr 30cm  281025 1500002.csv,11184,0
ARDG_AQUA bream 680gr 33 sm  281025 1208003.csv,10838,1
ARDG_AQUA bream 630gr 31cm  281025 1400002.csv,5860,1
ARDG_AQUA bream500gr 30cm  281025 1500002.csv,9155,0
ARDG_AQUA bream 680gr 33 sm  281025 1208003.csv,5635,0
ARDG_AQUA bream 800gr 36cm  281025 1453002.csv,3635,0
ARDG_AQUA bream 150gr 21 sm  281025 1132002.csv,10903,0
ARDG_AQUA bream 280gr 24cm  281025 1425002.csv,2153,0
ARDG_AQUA bream350 gr27cm  281025 1548002.csv,4225,0
ARDG_AQUA bream 580gr 30 sm  281025 1254002.csv,2182,0
ARDG_AQUA bream556gr 30cm  281025 1500003.csv,1142,0
ARDG_AQUA bream 580gr 30 sm  281025 1254003.csv,5305,0
ARDG_AQUA bream 150gr 21 sm  281025 1132002.csv,7898,0
ARDG_AQUA bream 150gr 21 sm  281025 1132002.csv,7904,0
ARDG_AQUA bream 580gr 30 sm  281025 1254003.csv,2085,1
ARDG_AQUA bream 800gr 36cm  281025 1453002.csv,3647,0
ARDG_AQUA bream150gr21cm  281025 1548002.csv,2586,0
ARDG_AQUA bream 390gr 26cm  281025 1325005.csv,3881,0
ARDG_AQUA bream 310gr 23 sm  281025 1233002.csv,8807,1
ARDG_AQUA bream150gr21cm  281025 1548002.csv,2585,0
ARDG_AQUA bream 630gr 31cm  281025 1400002.csv,2851,1
ARDG_AQUA bream 150gr 21 sm  281025 1132004.csv,5867,0
ARDG_AQUA bream 280gr 24cm  281025 1425002.csv,5052,0
ARDG_AQUA bream 150gr 21 sm  281025 1132002.csv,9774,0
ARDG_AQUA bream150gr21cm  281025 1548002.csv,4648,0
ARDG_AQUA bream 580gr 30 sm  281025 1254002.csv,7620,1
ARDG_AQUA bream 580gr 30 sm  281025 1254003.csv,1031,1
ARDG_AQUA bream 310gr 23 sm  281025 1233002.csv,2144,0
ARDG_AQUA bream 580gr 30 sm  281025 1254003.csv,1163,0
ARDG_AQUA bream620 gr31cm  281025 1618003.csv,1526,0
ARDG_AQUA bream620 gr31cm  281025 1618004.csv,763,1
ARDG_AQUA bream 390gr 26cm  281025 1325003.csv,11884,0
ARDG_AQUA bream 680gr 33 sm  281025 1208003.csv,552,0
ARDG_AQUA bream 150gr 21 sm  281025 1132002.csv,5285,1
ARDG_AQUA bream 680gr 33 sm  281025 1208003.csv,3415,1
ARDG_AQUA bream 150gr 21 sm  281025 1132002.csv,7264,1
ARDG_AQUA bream 630gr 31cm  281025 1400002.csv,9585,0
ARDG_AQUA bream620 gr31cm  281025 1618004.csv,1342,1
ARDG_AQUA bream 580gr 30 sm  281025 1254003.csv,6559,0
ARDG_AQUA bream 150gr 21 sm  281025 1132004.csv,3688,0
ARDG_AQUA bream556gr 30cm  281025 1500002.csv,1525,0
ARDG_AQUA bream 580gr 30 sm  281025 1254003.csv,6260,0
ARDG_AQUA bream500gr 30cm  281025 1500002.csv,8686,0
ARDG_AQUA bream630gr 32cm  281025 1500002.csv,4104,1
ARDG_AQUA bream556gr 30cm  281025 1500002.csv,1462,0
ARDG_AQUA bream150gr21cm  281025 1548002.csv,4434,0
ARDG_AQUA bream 390gr 26cm  281025 1325005.csv,569,0
ARDG_AQUA bream 680gr 33 sm  281025 1208003.csv,447,0
ARDG_AQUA bream500gr 30cm  281025 1500002.csv,3658,0
ARDG_AQUA bream 580gr 30 sm  281025 1254002.csv,7189,0
ARDG_AQUA bream620 gr31cm  281025 1618003.csv,3974,1
ARDG_AQUA bream556gr 30cm  281025 1500002.csv,11087,0
ARDG_AQUA bream 390gr 26cm  281025 1325005.csv,3131,0
ARDG_AQUA bream 800gr 36cm  281025 1453002.csv,2777,0
ARDG_AQUA bream630gr 32cm  281025 1500002.csv,3627,1
ARDG_AQUA bream 580gr 30 sm  281025 1254003.csv,11469,0
ARDG_AQUA bream630gr 32cm  281025 1500002.csv,137,1
ARDG_AQUA bream630gr 32cm  281025 1500002.csv,6400,0
ARDG_AQUA bream150gr21cm  281025 1548002.csv,944,0
ARDG_AQUA bream 310gr 23 sm  281025 1233002.csv,2152,0
ARDG_AQUA bream556gr 30cm  281025 1500002.csv,1115,0
ARDG_AQUA bream 150gr 21 sm  281025 1132004.csv,2154,0
ARDG_AQUA bream556gr 30cm  281025 1500002.csv,5640,0
ARDG_AQUA bream 800gr 36cm  281025 1453002.csv,1741,0
ARDG_AQUA bream556gr 30cm  281025 1500002.csv,2354,0
ARDG_AQUA bream 630gr 31cm  281025 1400002.csv,1760,0
ARDG_AQUA bream 310gr 23 sm  281025 1233002.csv,8102,0
ARDG_AQUA bream 390gr 26cm  281025 1325003.csv,8278,1
ARDG_AQUA bream 150gr 21 sm  281025 1132002.csv,11339,0
ARDG_AQUA bream 280gr 24cm  281025 1425002.csv,2351,0
ARDG_AQUA bream 580gr 30 sm  281025 1254003.csv,519,0
ARDG_AQUA bream 580gr 30 sm  281025 1254003.csv,10130,1
ARDG_AQUA bream 630gr 31cm  281025 1400002.csv,6491,0
ARDG_AQUA bream 280gr 24cm  281025 1425002.csv,3964,0
ARDG_AQUA bream500gr 30cm  281025 1500003.csv,39,0
ARDG_AQUA bream 630gr 31cm  281025 1400002.csv,5119,1
ARDG_AQUA bream500gr 30cm  281025 1500002.csv,2661,0
ARDG_AQUA bream 580gr 30 sm  281025 1254003.csv,8084,0
ARDG_AQUA bream 280gr 24cm  281025 1425002.csv,49,0
ARDG_AQUA bream 630gr 31cm  281025 1400002.csv,259,0
ARDG_AQUA bream 390gr 26cm  281025 1325005.csv,4935,0
ARDG_AQUA bream620 gr31cm  281025 1618003.csv,8414,1
ARDG_AQUA bream 580gr 30 sm  281025 1254003.csv,3155,0
ARDG_AQUA bream 280gr 24cm  281025 1425002.csv,1531,0
ARDG_AQUA bream500gr 30cm  281025 1500003.csv,3158,0
ARDG_AQUA bream 580gr 30 sm  281025 1254002.csv,11627,0
ARDG_AQUA bream556gr 30cm  281025 1500002.csv,11923,0
ARDG_AQUA bream350 gr27cm  281025 1548002.csv,3692,1
ARDG_AQUA bream 150gr 21 sm  281025 1132002.csv,4272,0
ARDG_AQUA bream 150gr 21 sm  281025 1132004.csv,10020,0
ARDG_AQUA bream 580gr 30 sm  281025 1254003.csv,9554,0
ARDG_AQUA bream 580gr 30 sm  281025 1254002.csv,9316,0
ARDG_AQUA bream 150gr 21 sm  281025 1132002.csv,7080,0
ARDG_AQUA bream500gr 30cm  281025 1500002.csv,2229,0
ARDG_AQUA bream630gr 32cm  281025 1500002.csv,5021,1
ARDG_AQUA bream 580gr 30 sm  281025 1254002.csv,10988,0
ARDG_AQUA bream 150gr 21 sm  281025 1132004.csv,10171,0
ARDG_AQUA bream 150gr 21 sm  281025 1132004.csv,10227,0
ARDG_AQUA bream 580gr 30 sm  281025 1254002.csv,6195,1
ARDG_AQUA bream620 gr31cm  281025 1618003.csv,3114,0
ARDG_AQUA bream 150gr 21 sm  281025 1132002.csv,6267,0
ARDG_AQUA bream 150gr 21 sm  281025 1132004.csv,1812,0
ARDG_AQUA bream500gr 30cm  281025 1500002.csv,2635,0
ARDG_AQUA bream 280gr 24cm  281025 1425002.csv,1401,0
ARDG_AQUA bream500gr 30cm  281025 1500002.csv,11406,0
ARDG_AQUA bream 280gr 24cm  281025 1425002.csv,4781,0
ARDG_AQUA bream 580gr 30 sm  281025 1254002.csv,298,1
ARDG_AQUA bream 630gr 31cm  281025 1400002.csv,2475,1
ARDG_AQUA bream 150gr 21 sm  281025 1132002.csv,2812,1
ARDG_AQUA bream 150gr 21 sm  281025 1132004.csv,11389,0
ARDG_AQUA bream 150gr 21 sm  281025 1132004.csv,4313,0
ARDG_AQUA bream 390gr 26cm  281025 1325005.csv,1159,1
ARDG_AQUA bream 390gr 26cm  281025 1325003.csv,11842,0
ARDG_AQUA bream 630gr 31cm  281025 1400002.csv,1633,1
ARDG_AQUA bream 390gr 26cm  281025 1325003.csv,7254,1
ARDG_AQUA bream500gr 30cm  281025 1500002.csv,10784,0
ARDG_AQUA bream 580gr 30 sm  281025 1254003.csv,2367,0
ARDG_AQUA bream500gr 30cm  281025 1500002.csv,908,0
ARDG_AQUA bream 150gr 21 sm  281025 1132002.csv,10455,0
ARDG_AQUA bream556gr 30cm  281025 1500002.csv,8889,0
ARDG_AQUA bream 390gr 26cm  281025 1325005.csv,12040,0
ARDG_AQUA bream620 gr31cm  281025 1618003.csv,11520,0
ARDG_AQUA bream 150gr 21 sm  281025 1132002.csv,11845,0
ARDG_AQUA bream350 gr27cm  281025 1548002.csv,3827,1
ARDG_AQUA bream500gr 30cm  281025 1500002.csv,9439,0
ARDG_AQUA bream 580gr 30 sm  281025 1254003.csv,10824,0
ARDG_AQUA bream 580gr 30 sm  281025 1254003.csv,8984,1
ARDG_AQUA bream 580gr 30 sm  281025 1254003.csv,4452,0
ARDG_AQUA bream 390gr 26cm  281025 1325003.csv,6680,1
ARDG_AQUA bream 580gr 30 sm  281025 1254002.csv,9271,0
ARDG_AQUA bream500gr 30cm  281025 1500003.csv,381,0
ARDG_AQUA bream 580gr 30 sm  281025 1254003.csv,4825,1
ARDG_AQUA bream630gr 32cm  281025 1500002.csv,1467,1
ARDG_AQUA bream 390gr 26cm  281025 1325005.csv,10686,0
ARDG_AQUA bream556gr 30cm  281025 1500002.csv,8310,0
ARDG_AQUA bream500gr 30cm  281025 1500003.csv,4001,1
ARDG_AQUA bream350 gr27cm  281025 1548002.csv,4984,0
ARDG_AQUA bream620 gr31cm  281025 1618003.csv,7649,1
ARDG_AQUA bream556gr 30cm  281025 1500002.csv,4692,0
ARDG_AQUA bream500gr 30cm  281025 1500003.csv,5269,0
ARDG_AQUA bream630gr 32cm  281025 1500002.csv,797,0
ARDG_AQUA bream500gr 30cm  281025 1500002.csv,1813,0
ARDG_AQUA bream556gr 30cm  281025 1500002.csv,2207,0
ARDG_AQUA bream630gr 32cm  281025 1500002.csv,1139,0
ARDG_AQUA bream 150gr 21 sm  281025 1132004.csv,5128,1
ARDG_AQUA bream 390gr 26cm  281025 1325005.csv,7957,1
ARDG_AQUA bream556gr 30cm  281025 1500002.csv,11781,0
ARDG_AQUA bream 800gr 36cm  281025 1453002.csv,1384,0
ARDG_AQUA bream 150gr 21 sm  281025 1132002.csv,2896,0
ARDG_AQUA bream 630gr 31cm  281025 1400002.csv,364,0
ARDG_AQUA bream620 gr31cm  281025 1618003.csv,3254,0
ARDG_AQUA bream630gr 32cm  281025 1500002.csv,5871,1
ARDG_AQUA bream 630gr 31cm  281025 1400002.csv,9617,0
ARDG_AQUA bream 630gr 31cm  281025 1400002.csv,11942,0
ARDG_AQUA bream 630gr 31cm  281025 1400002.csv,5746,1
ARDG_AQUA bream500gr 30cm  281025 1500002.csv,11483,0
ARDG_AQUA bream 390gr 26cm  281025 1325003.csv,11691,0
ARDG_AQUA bream 630gr 31cm  281025 1400002.csv,149,0
ARDG_AQUA bream556gr 30cm  281025 1500002.csv,5669,0
ARDG_AQUA bream350 gr27cm  281025 1548002.csv,4291,0
ARDG_AQUA bream500gr 30cm  281025 1500002.csv,2242,0
ARDG_AQUA bream 580gr 30 sm  281025 1254002.csv,6969,0
ARDG_AQUA bream150gr21cm  281025 1548002.csv,3234,0
ARDG_AQUA bream620 gr31cm  281025 1618003.csv,8336,1
ARDG_AQUA bream556gr 30cm  281025 1500002.csv,6862,0
ARDG_AQUA bream 630gr 31cm  281025 1400002.csv,2618,1
ARDG_AQUA bream 580gr 30 sm  281025 1254003.csv,1417,0
ARDG_AQUA bream556gr 30cm  281025 1500002.csv,8276,0
ARDG_AQUA bream 390gr 26cm  281025 1325005.csv,8202,1
ARDG_AQUA bream 580gr 30 sm  281025 1254003.csv,11404,0
ARDG_AQUA bream 150gr 21 sm  281025 1132004.csv,11417,0
ARDG_AQUA bream556gr 30cm  281025 1500002.csv,11270,0
ARDG_AQUA bream 310gr 23 sm  281025 1233002.csv,556,0
ARDG_AQUA bream 630gr 31cm  281025 1400002.csv,8552,1
ARDG_AQUA bream620 gr31cm  281025 1618003.csv,10377,0
ARDG_AQUA bream500gr 30cm  281025 1500003.csv,431,0
ARDG_AQUA bream620 gr31cm  281025 1618003.csv,11119,0
ARDG_AQUA bream150gr21cm  281025 1548002.csv,259,0
ARDG_AQUA bream 580gr 30 sm  281025 1254002.csv,7435,1
ARDG_AQUA bream 580gr 30 sm  281025 1254003.csv,5766,0
ARDG_AQUA bream 150gr 21 sm  281025 1132002.csv,10607,0
ARDG_AQUA bream150gr21cm  281025 1548002.csv,1744,0
ARDG_AQUA bream 150gr 21 sm  281025 1132002.csv,7121,0
ARDG_AQUA bream500gr 30cm  281025 1500003.csv,358,0
ARDG_AQUA bream 310gr 23 sm  281025 1233003.csv,1223,0
ARDG_AQUA bream 680gr 33 sm  281025 1208003.csv,2751,1
ARDG_AQUA bream 390gr 26cm  281025 1325005.csv,10719,0
ARDG_AQUA bream 680gr 33 sm  281025 1208003.csv,10399,0
ARDG_AQUA bream500gr 30cm  281025 1500002.csv,4017,0
ARDG_AQUA bream 150gr 21 sm  281025 1132002.csv,10611,0
ARDG_AQUA bream350 gr27cm  281025 1548002.csv,3907,1
ARDG_AQUA bream 150gr 21 sm  281025 1132004.csv,3431,1
ARDG_AQUA bream 580gr 30 sm  281025 1254003.csv,4549,0
ARDG_AQUA bream 680gr 33 sm  281025 1208003.csv,2299,0
ARDG_AQUA bream500gr 30cm  281025 1500002.csv,5698,0
ARDG_AQUA bream 580gr 30 sm  281025 1254003.csv,7340,0
ARDG_AQUA bream 150gr 21 sm  281025 1132004.csv,11701,0
ARDG_AQUA bream556gr 30cm  281025 1500002.csv,11469,0
ARDG_AQUA bream 680gr 33 sm  281025 1208003.csv,8417,0
ARDG_AQUA bream630gr 32cm  281025 1500002.csv,1303,1
ARDG_AQUA bream620 gr31cm  281025 1618003.csv,2534,0
ARDG_AQUA bream620 gr31cm  281025 1618003.csv,2054,0
ARDG_AQUA bream630gr 32cm  281025 1500002.csv,884,1
ARDG_AQUA bream500gr 30cm  281025 1500003.csv,1246,0
ARDG_AQUA bream500gr 30cm  281025 1500002.csv,10786,0
ARDG_AQUA bream 340gr 27cm  281025 1415002.csv,1471,0
ARDG_AQUA bream 150gr 21 sm  281025 1132002.csv,8020,0
ARDG_AQUA bream500gr 30cm  281025 1500002.csv,7965,0
ARDG_AQUA bream 390gr 26cm  281025 1325005.csv,11836,0
ARDG_AQUA bream556gr 30cm  281025 1500002.csv,4496,0
ARDG_AQUA bream150gr21cm  281025 1548002.csv,5142,0
ARDG_AQUA bream556gr 30cm  281025 1500002.csv,11181,0
ARDG_AQUA bream 150gr 21 sm  281025 1132004.csv,2819,0
ARDG_AQUA bream500gr 30cm  281025 1500002.csv,4611,0
ARDG_AQUA bream 390gr 26cm  281025 1325005.csv,2375,1
ARDG_AQUA bream 280gr 24cm  281025 1425002.csv,1356,0
ARDG_AQUA bream 580gr 30 sm  281025 1254003.csv,4011,0
ARDG_AQUA bream500gr 30cm  281025 1500002.csv,10298,0
ARDG_AQUA bream556gr 30cm  281025 1500002.csv,4009,1
ARDG_AQUA bream 150gr 21 sm  281025 1132004.csv,9390,0
ARDG_AQUA bream350 gr27cm  281025 1548002.csv,5120,0
ARDG_AQUA bream 280gr 24cm  281025 1425002.csv,4222,0
ARDG_AQUA bream 580gr 30 sm  281025 1254003.csv,1131,0
ARDG_AQUA bream620 gr31cm  281025 1618003.csv,4536,0
ARDG_AQUA bream150gr21cm  281025 1548002.csv,1035,0
ARDG_AQUA bream 390gr 26cm  281025 1325003.csv,8574,1
ARDG_AQUA bream 150gr 21 sm  281025 1132002.csv,6634,0
ARDG_AQUA bream 630gr 31cm  281025 1400002.csv,5480,1
ARDG_AQUA bream 150gr 21 sm  281025 1132004.csv,2060,0
ARDG_AQUA bream500gr 30cm  281025 1500002.csv,3388,0
ARDG_AQUA bream 150gr 21 sm  281025 1132002.csv,9994,0
ARDG_AQUA bream 150gr 21 sm  281025 1132002.csv,6636,0
ARDG_AQUA bream500gr 30cm  281025 1500002.csv,11416,0
ARDG_AQUA bream 310gr 23 sm  281025 1233002.csv,2421,1
ARDG_AQUA bream620 gr31cm  281025 1618003.csv,11610,1
ARDG_AQUA bream 580gr 30 sm  281025 1254003.csv,8086,0
ARDG_AQUA bream 580gr 30 sm  281025 1254003.csv,4392,0
ARDG_AQUA bream350 gr27cm  281025 1548002.csv,152,0
ARDG_AQUA bream 630gr 31cm  281025 1400002.csv,379,0
ARDG_AQUA bream556gr 30cm  281025 1500002.csv,6741,1
ARDG_AQUA bream 150gr 21 sm  281025 1132004.csv,1765,0
ARDG_AQUA bream500gr 30cm  281025 1500002.csv,9443,0
ARDG_AQUA bream 390gr 26cm  281025 1325005.csv,3142,0
ARDG_AQUA bream350 gr27cm  281025 1548002.csv,1326,1
ARDG_AQUA bream620 gr31cm  281025 1618003.csv,2498,0
ARDG_AQUA bream 630gr 31cm  281025 1400002.csv,8659,0
ARDG_AQUA bream 390gr 26cm  281025 1325005.csv,10736,0
ARDG_AQUA bream150gr21cm  281025 1548002.csv,6086,0
ARDG_AQUA bream150gr21cm  281025 1548002.csv,7108,0
ARDG_AQUA bream 340gr 27cm  281025 1415002.csv,744,0
ARDG_AQUA bream150gr21cm  281025 1548002.csv,3145,1
ARDG_AQUA bream 280gr 24cm  281025 1425002.csv,4086,0
ARDG_AQUA bream 680gr 33 sm  281025 1208003.csv,5641,0
ARDG_AQUA bream 580gr 30 sm  281025 1254002.csv,7815,1
ARDG_AQUA bream 630gr 31cm  281025 1400002.csv,9568,0
ARDG_AQUA bream350 gr27cm  281025 1548002.csv,6372,0
ARDG_AQUA bream 390gr 26cm  281025 1325005.csv,4387,0
ARDG_AQUA bream 280gr 24cm  281025 1425002.csv,4001,0
ARDG_AQUA bream 150gr 21 sm  281025 1132004.csv,6353,0
ARDG_AQUA bream556gr 30cm  281025 1500002.csv,8502,0
ARDG_AQUA bream 580gr 30 sm  281025 1254003.csv,3694,1
ARDG_AQUA bream500gr 30cm  281025 1500003.csv,4357,0
ARDG_AQUA bream556gr 30cm  281025 1500002.csv,10889,0
ARDG_AQUA bream500gr 30cm  281025 1500002.csv,2657,0
ARDG_AQUA bream 280gr 24cm  281025 1425002.csv,4179,0
ARDG_AQUA bream 150gr 21 sm  281025 1132002.csv,5608,0
ARDG_AQUA bream 800gr 36cm  281025 1453002.csv,4288,0
ARDG_AQUA bream500gr 30cm  281025 1500003.csv,1175,0
ARDG_AQUA bream 310gr 23 sm  281025 1233002.csv,6413,1
ARDG_AQUA bream556gr 30cm  281025 1500002.csv,11247,0
ARDG_AQUA bream500gr 30cm  281025 1500002.csv,3961,0
ARDG_AQUA bream 390gr 26cm  281025 1325005.csv,8116,1
ARDG_AQUA bream556gr 30cm  281025 1500002.csv,2869,0
ARDG_AQUA bream150gr21cm  281025 1548002.csv,4274,0
ARDG_AQUA bream500gr 30cm  281025 1500002.csv,1927,1
ARDG_AQUA bream 580gr 30 sm  281025 1254003.csv,10029,1
ARDG_AQUA bream 390gr 26cm  281025 1325005.csv,11854,0
ARDG_AQUA bream 580gr 30 sm  281025 1254002.csv,10588,1
ARDG_AQUA bream 310gr 23 sm  281025 1233003.csv,755,0
ARDG_AQUA bream150gr21cm  281025 1548002.csv,8568,0
ARDG_AQUA bream 390gr 26cm  281025 1325003.csv,11229,1
ARDG_AQUA bream556gr 30cm  281025 1500002.csv,7732,0
ARDG_AQUA bream 580gr 30 sm  281025 1254003.csv,2599,0
ARDG_AQUA bream350 gr27cm  281025 1548002.csv,655,0
ARDG_AQUA bream 150gr 21 sm  281025 1132004.csv,2862,0
ARDG_AQUA bream 390gr 26cm  281025 1325003.csv,9528,0
ARDG_AQUA bream 150gr 21 sm  281025 1132002.csv,11155,0
ARDG_AQUA bream150gr21cm  281025 1548002.csv,1074,0
ARDG_AQUA bream 390gr 26cm  281025 1325005.csv,4181,1
ARDG_AQUA bream500gr 30cm  281025 1500002.csv,6210,0
ARDG_AQUA bream 390gr 26cm  281025 1325005.csv,5572,0
ARDG_AQUA bream 580gr 30 sm  281025 1254003.csv,5974,0
ARDG_AQUA bream500gr 30cm  281025 1500002.csv,11322,1
ARDG_AQUA bream 150gr 21 sm  281025 1132004.csv,8183,0
ARDG_AQUA bream 390gr 26cm  281025 1325005.csv,509,0
ARDG_AQUA bream 580gr 30 sm  281025 1254003.csv,4563,0
ARDG_AQUA bream 390gr 26cm  281025 1325003.csv,11923,0
ARDG_AQUA bream 150gr 21 sm  281025 1132002.csv,10034,0
ARDG_AQUA bream 580gr 30 sm  281025 1254003.csv,4417,0
ARDG_AQUA bream 580gr 30 sm  281025 1254003.csv,5809,0
ARDG_AQUA bream556gr 30cm  281025 1500002.csv,11777,0
ARDG_AQUA bream500gr 30cm  281025 1500003.csv,420,0
ARDG_AQUA bream500gr 30cm  281025 1500002.csv,1827,0
ARDG_AQUA bream 310gr 23 sm  281025 1233002.csv,7017,1
ARDG_AQUA bream 580gr 30 sm  281025 1254002.csv,9037,0
ARDG_AQUA bream 580gr 30 sm  281025 1254003.csv,3176,0
ARDG_AQUA bream 580gr 30 sm  281025 1254003.csv,8408,0
ARDG_AQUA bream 580gr 30 sm  281025 1254003.csv,6873,0
ARDG_AQUA bream 390gr 26cm  281025 1325003.csv,11925,0
ARDG_AQUA bream 150gr 21 sm  281025 1132004.csv,3285,0
ARDG_AQUA bream556gr 30cm  281025 1500002.csv,7373,0
ARDG_AQUA bream620 gr31cm  281025 1618004.csv,1948,0
ARDG_AQUA bream 580gr 30 sm  281025 1254002.csv,3669,1
ARDG_AQUA bream500gr 30cm  281025 1500002.csv,5983,0
ARDG_AQUA bream620 gr31cm  281025 1618003.csv,4509,0
ARDG_AQUA bream 680gr 33 sm  281025 1208003.csv,5014,1
ARDG_AQUA bream500gr 30cm  281025 1500002.csv,8660,0
ARDG_AQUA bream556gr 30cm  281025 1500002.csv,11629,0
ARDG_AQUA bream350 gr27cm  281025 1548002.csv,4048,0
ARDG_AQUA bream 150gr 21 sm  281025 1132002.csv,9353,0
ARDG_AQUA bream500gr 30cm  281025 1500002.csv,1818,0
ARDG_AQUA bream 280gr 24cm  281025 1425002.csv,1528,0
ARDG_AQUA bream 390gr 26cm  281025 1325005.csv,2200,1
ARDG_AQUA bream 150gr 21 sm  281025 1132004.csv,7278,0
ARDG_AQUA bream150gr21cm  281025 1548002.csv,3312,0
ARDG_AQUA bream 390gr 26cm  281025 1325005.csv,11413,0
ARDG_AQUA bream 390gr 26cm  281025 1325005.csv,7811,1
ARDG_AQUA bream150gr21cm  281025 1548002.csv,2540,0
ARDG_AQUA bream 580gr 30 sm  281025 1254003.csv,1337,0
ARDG_AQUA bream 150gr 21 sm  281025 1132002.csv,8629,0
ARDG_AQUA bream150gr21cm  281025 1548002.csv,2619,0
ARDG_AQUA bream 390gr 26cm  281025 1325003.csv,1174,0
ARDG_AQUA bream 390gr 26cm  281025 1325003.csv,11632,0
ARDG_AQUA bream 150gr 21 sm  281025 1132002.csv,9771,0
ARDG_AQUA bream150gr21cm  281025 1548002.csv,266,0
ARDG_AQUA bream350 gr27cm  281025 1548002.csv,567,1
ARDG_AQUA bream 390gr 26cm  281025 1325005.csv,4956,0
ARDG_AQUA bream 390gr 26cm  281025 1325005.csv,8481,1
ARDG_AQUA bream 310gr 23 sm  281025 1233002.csv,67,0
ARDG_AQUA bream630gr 32cm  281025 1500002.csv,1146,0
ARDG_AQUA bream 310gr 23 sm  281025 1233002.csv,6859,1
ARDG_AQUA bream500gr 30cm  281025 1500002.csv,1291,0
ARDG_AQUA bream 150gr 21 sm  281025 1132002.csv,5435,1
ARDG_AQUA bream 150gr 21 sm  281025 1132002.csv,7183,0
ARDG_AQUA bream 390gr 26cm  281025 1325003.csv,10521,1
ARDG_AQUA bream 800gr 36cm  281025 1453002.csv,3503,1
ARDG_AQUA bream 580gr 30 sm  281025 1254003.csv,9374,1
ARDG_AQUA bream556gr 30cm  281025 1500002.csv,11377,1
ARDG_AQUA bream500gr 30cm  281025 1500002.csv,4981,0
ARDG_AQUA bream 680gr 33 sm  281025 1208003.csv,392,0
ARDG_AQUA bream 390gr 26cm  281025 1325003.csv,2131,0
ARDG_AQUA bream 580gr 30 sm  281025 1254003.csv,1796,0
ARDG_AQUA bream 150gr 21 sm  281025 1132002.csv,3660,0
ARDG_AQUA bream 150gr 21 sm  281025 1132004.csv,3906,0
ARDG_AQUA bream350 gr27cm  281025 1548002.csv,1466,1
ARDG_AQUA bream 310gr 23 sm  281025 1233002.csv,4890,0
ARDG_AQUA bream556gr 30cm  281025 1500003.csv,1355,0
ARDG_AQUA bream500gr 30cm  281025 1500002.csv,11213,0
ARDG_AQUA bream 800gr 36cm  281025 1453002.csv,1688,0
ARDG_AQUA bream 630gr 31cm  281025 1400002.csv,249,0
ARDG_AQUA bream 630gr 31cm  281025 1400002.csv,324,0
ARDG_AQUA bream 150gr 21 sm  281025 1132004.csv,8283,0
ARDG_AQUA bream 580gr 30 sm  281025 1254003.csv,7141,0
ARDG_AQUA bream 630gr 31cm  281025 1400002.csv,6787,0
ARDG_AQUA bream 150gr 21 sm  281025 1132002.csv,6891,0
ARDG_AQUA bream 680gr 33 sm  281025 1208003.csv,3985,1
ARDG_AQUA bream556gr 30cm  281025 1500002.csv,11465,0
ARDG_AQUA bream 150gr 21 sm  281025 1132004.csv,11621,0
ARDG_AQUA bream 580gr 30 sm  281025 1254002.csv,10811,0
ARDG_AQUA bream 310gr 23 sm  281025 1233002.csv,3438,1
ARDG_AQUA bream 150gr 21 sm  281025 1132004.csv,10337,0
ARDG_AQUA bream 390gr 26cm  281025 1325005.csv,10798,0
ARDG_AQUA bream 150gr 21 sm  281025 1132002.csv,7811,1
ARDG_AQUA bream 580gr 30 sm  281025 1254002.csv,7250,0
ARDG_AQUA bream350 gr27cm  281025 1548002.csv,5296,1
ARDG_AQUA bream 580gr 30 sm  281025 1254003.csv,6003,0
ARDG_AQUA bream556gr 30cm  281025 1500003.csv,1335,0
ARDG_AQUA bream500gr 30cm  281025 1500002.csv,1833,0
ARDG_AQUA bream 390gr 26cm  281025 1325005.csv,7670,1
ARDG_AQUA bream350 gr27cm  281025 1548002.csv,5178,0
ARDG_AQUA bream150gr21cm  281025 1548002.csv,2302,1
ARDG_AQUA bream 580gr 30 sm  281025 1254003.csv,1811,0
ARDG_AQUA bream 580gr 30 sm  281025 1254002.csv,11356,1
ARDG_AQUA bream 630gr 31cm  281025 1400002.csv,9603,0
ARDG_AQUA bream 680gr 33 sm  281025 1208003.csv,6343,1
ARDG_AQUA bream556gr 30cm  281025 1500002.csv,5776,0
ARDG_AQUA bream150gr21cm  281025 1548002.csv,2544,0
ARDG_AQUA bream 580gr 30 sm  281025 1254002.csv,5191,1
ARDG_AQUA bream556gr 30cm  281025 1500002.csv,10152,0
ARDG_AQUA bream556gr 30cm  281025 1500002.csv,5629,0
ARDG_AQUA bream 580gr 30 sm  281025 1254003.csv,2238,0
ARDG_AQUA bream150gr21cm  281025 1548002.csv,1749,0
ARDG_AQUA bream500gr 30cm  281025 1500002.csv,8678,0
ARDG_AQUA bream630gr 32cm  281025 1500002.csv,4777,0
ARDG_AQUA bream 580gr 30 sm  281025 1254003.csv,4491,0
ARDG_AQUA bream 150gr 21 sm  281025 1132002.csv,8620,0
ARDG_AQUA bream 800gr 36cm  281025 1453002.csv,2764,0
ARDG_AQUA bream500gr 30cm  281025 1500002.csv,8187,0
ARDG_AQUA bream500gr 30cm  281025 1500003.csv,1024,1
ARDG_AQUA bream500gr 30cm  281025 1500002.csv,1842,0
ARDG_AQUA bream350 gr27cm  281025 1548002.csv,1890,0
ARDG_AQUA bream150gr21cm  281025 1548002.csv,6727,0
ARDG_AQUA bream150gr21cm  281025 1548002.csv,7082,0
ARDG_AQUA bream 630gr 31cm  281025 1400002.csv,10628,1
ARDG_AQUA bream500gr 30cm  281025 1500002.csv,6406,0
ARDG_AQUA bream 680gr 33 sm  281025 1208003.csv,4383,1
ARDG_AQUA bream 150gr 21 sm  281025 1132004.csv,1758,0
ARDG_AQUA bream 580gr 30 sm  281025 1254002.csv,8203,0
ARDG_AQUA bream630gr 32cm  281025 1500002.csv,6940,0
ARDG_AQUA bream556gr 30cm  281025 1500002.csv,359,0
ARDG_AQUA bream 390gr 26cm  281025 1325005.csv,10960,0
ARDG_AQUA bream500gr 30cm  281025 1500002.csv,3953,0
ARDG_AQUA bream350 gr27cm  281025 1548002.csv,3330,0
ARDG_AQUA bream 800gr 36cm  281025 1453002.csv,2302,0
ARDG_AQUA bream556gr 30cm  281025 1500002.csv,11757,0
ARDG_AQUA bream620 gr31cm  281025 1618003.csv,11857,0
ARDG_AQUA bream 630gr 31cm  281025 1400002.csv,3139,0
ARDG_AQUA bream 150gr 21 sm  281025 1132004.csv,2294,0
ARDG_AQUA bream 390gr 26cm  281025 1325005.csv,11536,0
ARDG_AQUA bream 630gr 31cm  281025 1400002.csv,7254,1
ARDG_AQUA bream556gr 30cm  281025 1500002.csv,2255,0
ARDG_AQUA bream 390gr 26cm  281025 1325005.csv,177,0
ARDG_AQUA bream150gr21cm  281025 1548002.csv,3625,0
ARDG_AQUA bream 310gr 23 sm  281025 1233002.csv,2132,0
ARDG_AQUA bream556gr 30cm  281025 1500002.csv,6117,1
ARDG_AQUA bream500gr 30cm  281025 1500002.csv,11428,0
ARDG_AQUA bream150gr21cm  281025 1548002.csv,6588,1
ARDG_AQUA bream 580gr 30 sm  281025 1254003.csv,5604,0
ARDG_AQUA bream556gr 30cm  281025 1500002.csv,8146,0
ARDG_AQUA bream620 gr31cm  281025 1618003.csv,8567,1
ARDG_AQUA bream350 gr27cm  281025 1548002.csv,5959,0
ARDG_AQUA bream 280gr 24cm  281025 1425002.csv,1232,0
ARDG_AQUA bream500gr 30cm  281025 1500002.csv,11460,0
ARDG_AQUA bream 150gr 21 sm  281025 1132004.csv,2364,0
ARDG_AQUA bream 150gr 21 sm  281025 1132004.csv,1350,0
ARDG_AQUA bream620 gr31cm  281025 1618003.csv,11932,1
ARDG_AQUA bream556gr 30cm  281025 1500003.csv,1454,0
ARDG_AQUA bream 150gr 21 sm  281025 1132002.csv,8326,0
ARDG_AQUA bream 580gr 30 sm  281025 1254003.csv,8091,0
ARDG_AQUA bream630gr 32cm  281025 1500002.csv,4255,1
ARDG_AQUA bream620 gr31cm  281025 1618003.csv,10288,0
ARDG_AQUA bream 680gr 33 sm  281025 1208003.csv,2896,1
ARDG_AQUA bream 150gr 21 sm  281025 1132004.csv,9436,0
ARDG_AQUA bream 680gr 33 sm  281025 1208003.csv,6206,1
ARDG_AQUA bream 280gr 24cm  281025 1425002.csv,5427,0
ARDG_AQUA bream 280gr 24cm  281025 1425002.csv,1442,0
ARDG_AQUA bream 630gr 31cm  281025 1400002.csv,11840,0
ARDG_AQUA bream350 gr27cm  281025 1548002.csv,5010,0
ARDG_AQUA bream556gr 30cm  281025 1500002.csv,8266,0
ARDG_AQUA bream 680gr 33 sm  281025 1208003.csv,2827,1
ARDG_AQUA bream 580gr 30 sm  281025 1254003.csv,743,0
ARDG_AQUA bream 580gr 30 sm  281025 1254002.csv,4233,1
ARDG_AQUA bream500gr 30cm  281025 1500002.csv,4696,0
ARDG_AQUA bream150gr21cm  281025 1548002.csv,4647,0
ARDG_AQUA bream 150gr 21 sm  281025 1132002.csv,7187,0
ARDG_AQUA bream556gr 30cm  281025 1500002.csv,8149,0
ARDG_AQUA bream350 gr27cm  281025 1548002.csv,4228,0
ARDG_AQUA bream620 gr31cm  281025 1618003.csv,8918,1
ARDG_AQUA bream 680gr 33 sm  281025 1208003.csv,3067,1
ARDG_AQUA bream 150gr 21 sm  281025 1132004.csv,7007,0
ARDG_AQUA bream556gr 30cm  281025 1500002.csv,3699,0
ARDG_AQUA bream350 gr27cm  281025 1548002.csv,457,1
ARDG_AQUA bream500gr 30cm  281025 1500003.csv,1124,0
ARDG_AQUA bream 580gr 30 sm  281025 1254003.csv,7120,0
ARDG_AQUA bream 580gr 30 sm  281025 1254003.csv,1938,0
ARDG_AQUA bream 150gr 21 sm  281025 1132004.csv,7666,0
ARDG_AQUA bream500gr 30cm  281025 1500002.csv,1795,0
ARDG_AQUA bream500gr 30cm  281025 1500003.csv,2854,1
ARDG_AQUA bream556gr 30cm  281025 1500002.csv,593,0
ARDG_AQUA bream556gr 30cm  281025 1500002.csv,11737,0
ARDG_AQUA bream 150gr 21 sm  281025 1132004.csv,10317,0
ARDG_AQUA bream350 gr27cm  281025 1548002.csv,4968,0
ARDG_AQUA bream 580gr 30 sm  281025 1254003.csv,4569,0
ARDG_AQUA bream 150gr 21 sm  281025 1132002.csv,6134,1
ARDG_AQUA bream 150gr 21 sm  281025 1132004.csv,3712,0
ARDG_AQUA bream 390gr 26cm  281025 1325005.csv,533,0
ARDG_AQUA bream 390gr 26cm  281025 1325005.csv,10805,0
ARDG_AQUA bream 390gr 26cm  281025 1325005.csv,11139,0
ARDG_AQUA bream 150gr 21 sm  281025 1132004.csv,1685,0
ARDG_AQUA bream620 gr31cm  281025 1618003.csv,2506,0
ARDG_AQUA bream 800gr 36cm  281025 1453002.csv,1635,0
ARDG_AQUA bream 150gr 21 sm  281025 1132004.csv,262,0
ARDG_AQUA bream620 gr31cm  281025 1618003.csv,11136,0
ARDG_AQUA bream 390gr 26cm  281025 1325005.csv,303,0
ARDG_AQUA bream556gr 30cm  281025 1500002.csv,8094,0
ARDG_AQUA bream556gr 30cm  281025 1500002.csv,7923,0
ARDG_AQUA bream 680gr 33 sm  281025 1208003.csv,2552,1
ARDG_AQUA bream 280gr 24cm  281025 1425002.csv,4877,1
ARDG_AQUA bream620 gr31cm  281025 1618003.csv,10383,0
ARDG_AQUA bream620 gr31cm  281025 1618003.csv,4387,0
ARDG_AQUA bream350 gr27cm  281025 1548002.csv,5183,0
ARDG_AQUA bream 150gr 21 sm  281025 1132002.csv,9939,0
ARDG_AQUA bream 390gr 26cm  281025 1325003.csv,11936,0
ARDG_AQUA bream 390gr 26cm  281025 1325005.csv,10383,0
ARDG_AQUA bream 150gr 21 sm  281025 1132004.csv,8305,0
ARDG_AQUA bream150gr21cm  281025 1548002.csv,7564,0
ARDG_AQUA bream 150gr 21 sm  281025 1132004.csv,2354,0
ARDG_AQUA bream 390gr 26cm  281025 1325003.csv,4936,0
ARDG_AQUA bream 580gr 30 sm  281025 1254002.csv,9053,0
ARDG_AQUA bream 280gr 24cm  281025 1425002.csv,3256,1
ARDG_AQUA bream 150gr 21 sm  281025 1132002.csv,7078,0
ARDG_AQUA bream 580gr 30 sm  281025 1254003.csv,6211,0
ARDG_AQUA bream 580gr 30 sm  281025 1254003.csv,2253,0
ARDG_AQUA bream 580gr 30 sm  281025 1254002.csv,6812,1
ARDG_AQUA bream150gr21cm  281025 1548002.csv,7585,0
ARDG_AQUA bream 680gr 33 sm  281025 1208003.csv,337,0
ARDG_AQUA bream556gr 30cm  281025 1500002.csv,5139,0
ARDG_AQUA bream 630gr 31cm  281025 1400002.csv,10972,1
ARDG_AQUA bream 340gr 27cm  281025 1415002.csv,1291,0
ARDG_AQUA bream 680gr 33 sm  281025 1208003.csv,1147,0
ARDG_AQUA bream556gr 30cm  281025 1500003.csv,558,1
ARDG_AQUA bream 150gr 21 sm  281025 1132002.csv,11851,0
ARDG_AQUA bream500gr 30cm  281025 1500003.csv,1343,0
ARDG_AQUA bream556gr 30cm  281025 1500003.csv,1225,0
ARDG_AQUA bream 280gr 24cm  281025 1425002.csv,2129,0
ARDG_AQUA bream 150gr 21 sm  281025 1132004.csv,49,0
ARDG_AQUA bream150gr21cm  281025 1548002.csv,5166,0
ARDG_AQUA bream500gr 30cm  281025 1500002.csv,8701,0
ARDG_AQUA bream 800gr 36cm  281025 1453002.csv,456,0
ARDG_AQUA bream 680gr 33 sm  281025 1208003.csv,1312,0
ARDG_AQUA bream620 gr31cm  281025 1618003.csv,10348,0
ARDG_AQUA bream 280gr 24cm  281025 1425002.csv,4195,0
ARDG_AQUA bream 390gr 26cm  281025 1325003.csv,11913,0
ARDG_AQUA bream 150gr 21 sm  281025 1132004.csv,19,0
ARDG_AQUA bream500gr 30cm  281025 1500002.csv,4073,0
ARDG_AQUA bream620 gr31cm  281025 1618003.csv,11771,1
ARDG_AQUA bream556gr 30cm  281025 1500002.csv,1214,0
ARDG_AQUA bream620 gr31cm  281025 1618003.csv,206,0
ARDG_AQUA bream150gr21cm  281025 1548002.csv,4749,0
ARDG_AQUA bream 580gr 30 sm  281025 1254002.csv,4811,1
ARDG_AQUA bream500gr 30cm  281025 1500002.csv,11530,0
ARDG_AQUA bream556gr 30cm  281025 1500002.csv,4528,0
ARDG_AQUA bream 150gr 21 sm  281025 1132002.csv,8980,0
ARDG_AQUA bream500gr 30cm  281025 1500002.csv,4165,0
ARDG_AQUA bream 310gr 23 sm  281025 1233002.csv,1320,1
ARDG_AQUA bream556gr 30cm  281025 1500002.csv,5768,0
ARDG_AQUA bream150gr21cm  281025 1548002.csv,4403,0
ARDG_AQUA bream 310gr 23 sm  281025 1233002.csv,10301,0
ARDG_AQUA bream 580gr 30 sm  281025 1254003.csv,8506,0
ARDG_AQUA bream 340gr 27cm  281025 1415002.csv,490,0
ARDG_AQUA bream500gr 30cm  281025 1500002.csv,3644,0
ARDG_AQUA bream 310gr 23 sm  281025 1233002.csv,3940,0
ARDG_AQUA bream 580gr 30 sm  281025 1254003.csv,5800,0
ARDG_AQUA bream 150gr 21 sm  281025 1132004.csv,10212,0
ARDG_AQUA bream556gr 30cm  281025 1500002.csv,1546,0
ARDG_AQUA bream150gr21cm  281025 1548002.csv,4660,0
ARDG_AQUA bream 630gr 31cm  281025 1400002.csv,2942,0
ARDG_AQUA bream 580gr 30 sm  281025 1254002.csv,3757,1
ARDG_AQUA bream500gr 30cm  281025 1500002.csv,4368,0
ARDG_AQUA bream 800gr 36cm  281025 1453002.csv,4254,0
ARDG_AQUA bream 800gr 36cm  281025 1453002.csv,336,0
ARDG_AQUA bream 580gr 30 sm  281025 1254002.csv,8851,1
ARDG_AQUA bream556gr 30cm  281025 1500002.csv,7146,0
ARDG_AQUA bream 150gr 21 sm  281025 1132004.csv,1603,0
ARDG_AQUA bream 150gr 21 sm  281025 1132004.csv,10895,0
ARDG_AQUA bream 150gr 21 sm  281025 1132002.csv,253,0
ARDG_AQUA bream 630gr 31cm  281025 1400002.csv,6870,0
ARDG_AQUA bream 310gr 23 sm  281025 1233002.csv,8068,0
ARDG_AQUA bream 630gr 31cm  281025 1400002.csv,314,0
ARDG_AQUA bream 150gr 21 sm  281025 1132004.csv,5441,0
ARDG_AQUA bream 580gr 30 sm  281025 1254002.csv,7966,1
ARDG_AQUA bream 390gr 26cm  281025 1325005.csv,2852,1
ARDG_AQUA bream630gr 32cm  281025 1500002.csv,5123,0
ARDG_AQUA bream 150gr 21 sm  281025 1132004.csv,8693,0
ARDG_AQUA bream 150gr 21 sm  281025 1132004.csv,2085,0
ARDG_AQUA bream 280gr 24cm  281025 1425002.csv,1376,0
ARDG_AQUA bream 390gr 26cm  281025 1325005.csv,10363,0
ARDG_AQUA bream 680gr 33 sm  281025 1208003.csv,9227,0
ARDG_AQUA bream620 gr31cm  281025 1618003.csv,8725,1
ARDG_AQUA bream 580gr 30 sm  281025 1254002.csv,11727,0
ARDG_AQUA bream 150gr 21 sm  281025 1132002.csv,6615,0
ARDG_AQUA bream 680gr 33 sm  281025 1208003.csv,1112,0
ARDG_AQUA bream 280gr 24cm  281025 1425002.csv,1306,0
ARDG_AQUA bream 390gr 26cm  281025 1325005.csv,547,0
ARDG_AQUA bream500gr 30cm  281025 1500002.csv,6421,0
ARDG_AQUA bream150gr21cm  281025 1548002.csv,756,1
ARDG_AQUA bream 580gr 30 sm  281025 1254002.csv,11691,0
ARDG_AQUA bream620 gr31cm  281025 1618003.csv,2686,0
ARDG_AQUA bream556gr 30cm  281025 1500002.csv,685,0
ARDG_AQUA bream 580gr 30 sm  281025 1254003.csv,6509,0
ARDG_AQUA bream 390gr 26cm  281025 1325005.csv,9261,0
ARDG_AQUA bream150gr21cm  281025 1548002.csv,7128,0
ARDG_AQUA bream 280gr 24cm  281025 1425002.csv,4643,0
ARDG_AQUA bream350 gr27cm  281025 1548002.csv,4232,0
ARDG_AQUA bream 580gr 30 sm  281025 1254002.csv,10777,0
ARDG_AQUA bream630gr 32cm  281025 1500002.csv,6570,0
ARDG_AQUA bream 150gr 21 sm  281025 1132004.csv,121,0
ARDG_AQUA bream 150gr 21 sm  281025 1132004.csv,2923,0
ARDG_AQUA bream620 gr31cm  281025 1618003.csv,2918,0
ARDG_AQUA bream620 gr31cm  281025 1618003.csv,10392,0
ARDG_AQUA bream 680gr 33 sm  281025 1208003.csv,5631,0
ARDG_AQUA bream 680gr 33 sm  281025 1208003.csv,5597,0
ARDG_AQUA bream 390gr 26cm  281025 1325005.csv,535,0
ARDG_AQUA bream 580gr 30 sm  281025 1254003.csv,719,0
ARDG_AQUA bream 150gr 21 sm  281025 1132004.csv,10996,0
ARDG_AQUA bream350 gr27cm  281025 1548002.csv,4352,0
ARDG_AQUA bream556gr 30cm  281025 1500002.csv,6216,0
ARDG_AQUA bream 680gr 33 sm  281025 1208003.csv,1027,0
ARDG_AQUA bream 390gr 26cm  281025 1325005.csv,1246,1
ARDG_AQUA bream 390gr 26cm  281025 1325005.csv,445,0
ARDG_AQUA bream630gr 32cm  281025 1500002.csv,46,0
ARDG_AQUA bream 280gr 24cm  281025 1425002.csv,2818,1
ARDG_AQUA bream 580gr 30 sm  281025 1254003.csv,4462,0
ARDG_AQUA bream 150gr 21 sm  281025 1132004.csv,1658,0
ARDG_AQUA bream 680gr 33 sm  281025 1208003.csv,10639,1
ARDG_AQUA bream 800gr 36cm  281025 1453002.csv,2140,1
ARDG_AQUA bream 150gr 21 sm  281025 1132002.csv,8613,0
ARDG_AQUA bream 150gr 21 sm  281025 1132002.csv,9761,0
ARDG_AQUA bream556gr 30cm  281025 1500002.csv,7848,0
ARDG_AQUA bream 680gr 33 sm  281025 1208003.csv,922,0
ARDG_AQUA bream 800gr 36cm  281025 1453002.csv,418,0
ARDG_AQUA bream 580gr 30 sm  281025 1254002.csv,8363,1
ARDG_AQUA bream 800gr 36cm  281025 1453002.csv,416,0
ARDG_AQUA bream 150gr 21 sm  281025 1132002.csv,5570,0
ARDG_AQUA bream350 gr27cm  281025 1548002.csv,4340,0
ARDG_AQUA bream150gr21cm  281025 1548002.csv,5022,1
ARDG_AQUA bream 580gr 30 sm  281025 1254003.csv,3938,0
ARDG_AQUA bream 680gr 33 sm  281025 1208003.csv,4695,1
ARDG_AQUA bream150gr21cm  281025 1548002.csv,641,0
ARDG_AQUA bream 580gr 30 sm  281025 1254002.csv,11789,0
ARDG_AQUA bream 150gr 21 sm  281025 1132004.csv,10877,0
ARDG_AQUA bream 680gr 33 sm  281025 1208003.csv,5974,0
ARDG_AQUA bream 800gr 36cm  281025 1453002.csv,3924,0
ARDG_AQUA bream 150gr 21 sm  281025 1132002.csv,6611,0
ARDG_AQUA bream 580gr 30 sm  281025 1254003.csv,4726,0
ARDG_AQUA bream620 gr31cm  281025 1618004.csv,1688,1
ARDG_AQUA bream 150gr 21 sm  281025 1132004.csv,1398,0
ARDG_AQUA bream150gr21cm  281025 1548002.csv,4352,0
ARDG_AQUA bream 150gr 21 sm  281025 1132002.csv,10047,0
ARDG_AQUA bream 580gr 30 sm  281025 1254002.csv,9351,0
ARDG_AQUA bream500gr 30cm  281025 1500002.csv,11194,0
ARDG_AQUA bream556gr 30cm  281025 1500002.csv,7044,0
ARDG_AQUA bream500gr 30cm  281025 1500003.csv,1107,0
ARDG_AQUA bream 280gr 24cm  281025 1425002.csv,972,1
ARDG_AQUA bream 390gr 26cm  281025 1325005.csv,5982,0
ARDG_AQUA bream 150gr 21 sm  281025 1132004.csv,4198,1
ARDG_AQUA bream620 gr31cm  281025 1618003.csv,4390,0
ARDG_AQUA bream150gr21cm  281025 1548002.csv,7936,1
ARDG_AQUA bream150gr21cm  281025 1548002.csv,4248,0
ARDG_AQUA bream 390gr 26cm  281025 1325005.csv,3432,0
ARDG_AQUA bream556gr 30cm  281025 1500002.csv,4576,0
ARDG_AQUA bream 680gr 33 sm  281025 1208003.csv,11217,0
ARDG_AQUA bream620 gr31cm  281025 1618003.csv,3306,0
ARDG_AQUA bream 800gr 36cm  281025 1453002.csv,1595,0
ARDG_AQUA bream150gr21cm  281025 1548002.csv,8403,0
ARDG_AQUA bream 580gr 30 sm  281025 1254003.csv,4062,0
ARDG_AQUA bream 150gr 21 sm  281025 1132004.csv,10278,0
ARDG_AQUA bream556gr 30cm  281025 1500002.csv,567,0
ARDG_AQUA bream556gr 30cm  281025 1500002.csv,10810,0
ARDG_AQUA bream500gr 30cm  281025 1500002.csv,6674,1
ARDG_AQUA bream556gr 30cm  281025 1500002.csv,337,0
ARDG_AQUA bream 800gr 36cm  281025 1453002.csv,888,0
ARDG_AQUA bream 580gr 30 sm  281025 1254002.csv,971,0
ARDG_AQUA bream 390gr 26cm  281025 1325005.csv,10144,1
ARDG_AQUA bream500gr 30cm  281025 1500003.csv,1468,0
ARDG_AQUA bream 390gr 26cm  281025 1325003.csv,9172,1
ARDG_AQUA bream 310gr 23 sm  281025 1233002.csv,2711,1
ARDG_AQUA bream620 gr31cm  281025 1618003.csv,8798,1
ARDG_AQUA bream 580gr 30 sm  281025 1254003.csv,6428,1
ARDG_AQUA bream 390gr 26cm  281025 1325005.csv,3092,0
ARDG_AQUA bream150gr21cm  281025 1548002.csv,2713,0
ARDG_AQUA bream150gr21cm  281025 1548002.csv,4283,0
ARDG_AQUA bream 800gr 36cm  281025 1453002.csv,899,0
ARDG_AQUA bream 150gr 21 sm  281025 1132004.csv,2160,0
ARDG_AQUA bream 580gr 30 sm  281025 1254002.csv,542,1
ARDG_AQUA bream 580gr 30 sm  281025 1254003.csv,5388,0
ARDG_AQUA bream556gr 30cm  281025 1500003.csv,1432,0
ARDG_AQUA bream556gr 30cm  281025 1500002.csv,8312,0
ARDG_AQUA bream 630gr 31cm  281025 1400002.csv,11489,0
ARDG_AQUA bream 580gr 30 sm  281025 1254003.csv,7578,0
ARDG_AQUA bream 580gr 30 sm  281025 1254003.csv,10909,0
ARDG_AQUA bream 580gr 30 sm  281025 1254002.csv,11121,1
ARDG_AQUA bream 150gr 21 sm  281025 1132002.csv,8993,0
ARDG_AQUA bream 280gr 24cm  281025 1425002.csv,4126,0
ARDG_AQUA bream 580gr 30 sm  281025 1254002.csv,11418,1
ARDG_AQUA bream 800gr 36cm  281025 1453002.csv,346,0
ARDG_AQUA bream 630gr 31cm  281025 1400002.csv,6712,0
ARDG_AQUA bream 580gr 30 sm  281025 1254002.csv,7214,0
ARDG_AQUA bream500gr 30cm  281025 1500002.csv,7812,1
ARDG_AQUA bream150gr21cm  281025 1548002.csv,4924,0
ARDG_AQUA bream 580gr 30 sm  281025 1254003.csv,6554,0
ARDG_AQUA bream 580gr 30 sm  281025 1254003.csv,4427,0
ARDG_AQUA bream 800gr 36cm  281025 1453002.csv,5004,0
ARDG_AQUA bream 150gr 21 sm  281025 1132004.csv,9397,0
ARDG_AQUA bream500gr 30cm  281025 1500002.csv,8556,0
ARDG_AQUA bream 630gr 31cm  281025 1400002.csv,354,0
ARDG_AQUA bream 150gr 21 sm  281025 1132004.csv,9398,0
ARDG_AQUA bream500gr 30cm  281025 1500002.csv,2253,0
ARDG_AQUA bream500gr 30cm  281025 1500002.csv,858,0
ARDG_AQUA bream 580gr 30 sm  281025 1254002.csv,4300,1
ARDG_AQUA bream500gr 30cm  281025 1500002.csv,9154,0
ARDG_AQUA bream 680gr 33 sm  281025 1208003.csv,1441,1
ARDG_AQUA bream 390gr 26cm  281025 1325003.csv,8894,1
ARDG_AQUA bream 580gr 30 sm  281025 1254003.csv,4533,0
ARDG_AQUA bream 310gr 23 sm  281025 1233003.csv,1351,0
ARDG_AQUA bream 580gr 30 sm  281025 1254003.csv,7105,0
ARDG_AQUA bream 150gr 21 sm  281025 1132004.csv,10476,0
ARDG_AQUA bream 680gr 33 sm  281025 1208003.csv,10785,1
ARDG_AQUA bream150gr21cm  281025 1548002.csv,4720,0
ARDG_AQUA bream150gr21cm  281025 1548002.csv,900,0
ARDG_AQUA bream 390gr 26cm  281025 1325003.csv,11728,0
ARDG_AQUA bream500gr 30cm  281025 1500003.csv,1400,0
ARDG_AQUA bream150gr21cm  281025 1548002.csv,4704,0
ARDG_AQUA bream500gr 30cm  281025 1500002.csv,9430,0
ARDG_AQUA bream150gr21cm  281025 1548002.csv,3285,0
ARDG_AQUA bream150gr21cm  281025 1548002.csv,2677,0
ARDG_AQUA bream 310gr 23 sm  281025 1233003.csv,619,0
ARDG_AQUA bream 580gr 30 sm  281025 1254003.csv,2300,0
ARDG_AQUA bream 390gr 26cm  281025 1325005.csv,10756,0
ARDG_AQUA bream 580gr 30 sm  281025 1254003.csv,3948,0
ARDG_AQUA bream 580gr 30 sm  281025 1254002.csv,11541,0
ARDG_AQUA bream 310gr 23 sm  281025 1233002.csv,11880,1
ARDG_AQUA bream 580gr 30 sm  281025 1254003.csv,2268,0
ARDG_AQUA bream500gr 30cm  281025 1500002.csv,5885,0
ARDG_AQUA bream556gr 30cm  281025 1500003.csv,213,0
ARDG_AQUA bream500gr 30cm  281025 1500002.csv,7935,0
ARDG_AQUA bream556gr 30cm  281025 1500002.csv,1316,0
ARDG_AQUA bream 280gr 24cm  281025 1425002.csv,2237,0
ARDG_AQUA bream630gr 32cm  281025 1500002.csv,4167,1
ARDG_AQUA bream150gr21cm  281025 1548002.csv,80,0
ARDG_AQUA bream556gr 30cm  281025 1500002.csv,7194,0
ARDG_AQUA bream556gr 30cm  281025 1500003.csv,1217,0
ARDG_AQUA bream 150gr 21 sm  281025 1132004.csv,1068,1
ARDG_AQUA bream350 gr27cm  281025 1548002.csv,6925,0
ARDG_AQUA bream 150gr 21 sm  281025 1132002.csv,3453,0
ARDG_AQUA bream350 gr27cm  281025 1548002.csv,6890,0
ARDG_AQUA bream 150gr 21 sm  281025 1132004.csv,1703,0
ARDG_AQUA bream350 gr27cm  281025 1548002.csv,6575,0
ARDG_AQUA bream500gr 30cm  281025 1500002.csv,7931,0
ARDG_AQUA bream 150gr 21 sm  281025 1132004.csv,1705,0
ARDG_AQUA bream 310gr 23 sm  281025 1233002.csv,11249,1
ARDG_AQUA bream 680gr 33 sm  281025 1208003.csv,3532,0
ARDG_AQUA bream 580gr 30 sm  281025 1254003.csv,10864,0
ARDG_AQUA bream556gr 30cm  281025 1500002.csv,4380,0
ARDG_AQUA bream 390gr 26cm  281025 1325005.csv,11146,0
ARDG_AQUA bream556gr 30cm  281025 1500002.csv,11985,0
ARDG_AQUA bream 800gr 36cm  281025 1453002.csv,3983,0
ARDG_AQUA bream556gr 30cm  281025 1500003.csv,1244,0
ARDG_AQUA bream 390gr 26cm  281025 1325005.csv,6815,1
ARDG_AQUA bream150gr21cm  281025 1548002.csv,7557,0
ARDG_AQUA bream 390gr 26cm  281025 1325005.csv,589,0
ARDG_AQUA bream556gr 30cm  281025 1500002.csv,5095,0
ARDG_AQUA bream620 gr31cm  281025 1618003.csv,10014,0
ARDG_AQUA bream150gr21cm  281025 1548002.csv,6160,0
ARDG_AQUA bream 680gr 33 sm  281025 1208003.csv,6557,0
ARDG_AQUA bream500gr 30cm  281025 1500002.csv,4720,0
ARDG_AQUA bream 310gr 23 sm  281025 1233002.csv,5422,0
ARDG_AQUA bream 280gr 24cm  281025 1425002.csv,561,0
ARDG_AQUA bream 310gr 23 sm  281025 1233002.csv,313,0
ARDG_AQUA bream 580gr 30 sm  281025 1254003.csv,595,0
ARDG_AQUA bream500gr 30cm  281025 1500003.csv,258,1
ARDG_AQUA bream 390gr 26cm  281025 1325003.csv,11740,0
ARDG_AQUA bream500gr 30cm  281025 1500002.csv,6001,0
ARDG_AQUA bream 580gr 30 sm  281025 1254003.csv,2006,0
ARDG_AQUA bream630gr 32cm  281025 1500002.csv,593,1
ARDG_AQUA bream 630gr 31cm  281025 1400002.csv,10751,1
ARDG_AQUA bream556gr 30cm  281025 1500002.csv,7870,0
ARDG_AQUA bream 800gr 36cm  281025 1453002.csv,4700,0
ARDG_AQUA bream556gr 30cm  281025 1500002.csv,2627,0
ARDG_AQUA bream500gr 30cm  281025 1500002.csv,2056,0
ARDG_AQUA bream 310gr 23 sm  281025 1233002.csv,10610,0
ARDG_AQUA bream350 gr27cm  281025 1548002.csv,5190,0
ARDG_AQUA bream 340gr 27cm  281025 1415002.csv,1956,0
ARDG_AQUA bream350 gr27cm  281025 1548002.csv,4401,0
ARDG_AQUA bream500gr 30cm  281025 1500002.csv,10085,0
ARDG_AQUA bream 390gr 26cm  281025 1325003.csv,8073,1
ARDG_AQUA bream 800gr 36cm  281025 1453002.csv,5006,0
ARDG_AQUA bream 150gr 21 sm  281025 1132002.csv,10138,0
ARDG_AQUA bream500gr 30cm  281025 1500002.csv,7023,0
ARDG_AQUA bream 630gr 31cm  281025 1400002.csv,8669,0
ARDG_AQUA bream500gr 30cm  281025 1500003.csv,1433,0
ARDG_AQUA bream556gr 30cm  281025 1500003.csv,1242,0
ARDG_AQUA bream 150gr 21 sm  281025 1132002.csv,8029,0
ARDG_AQUA bream556gr 30cm  281025 1500002.csv,6367,0
ARDG_AQUA bream350 gr27cm  281025 1548002.csv,2351,1
ARDG_AQUA bream 150gr 21 sm  281025 1132004.csv,1591,0
ARDG_AQUA bream630gr 32cm  281025 1500002.csv,4659,0
ARDG_AQUA bream 390gr 26cm  281025 1325005.csv,9262,0
ARDG_AQUA bream500gr 30cm  281025 1500002.csv,7918,0
ARDG_AQUA bream 150gr 21 sm  281025 1132004.csv,2951,0
ARDG_AQUA bream 150gr 21 sm  281025 1132004.csv,8700,0
ARDG_AQUA bream500gr 30cm  281025 1500002.csv,10884,1
ARDG_AQUA bream 800gr 36cm  281025 1453002.csv,4922,0
ARDG_AQUA bream 150gr 21 sm  281025 1132002.csv,9294,0
ARDG_AQUA bream 150gr 21 sm  281025 1132004.csv,8652,0
ARDG_AQUA bream 580gr 30 sm  281025 1254002.csv,9305,0
ARDG_AQUA bream350 gr27cm  281025 1548002.csv,3999,0
ARDG_AQUA bream150gr21cm  281025 1548002.csv,1005,0
ARDG_AQUA bream500gr 30cm  281025 1500002.csv,2646,0
ARDG_AQUA bream 680gr 33 sm  281025 1208003.csv,982,0
ARDG_AQUA bream 150gr 21 sm  281025 1132002.csv,4326,0
ARDG_AQUA bream 580gr 30 sm  281025 1254002.csv,9930,0
ARDG_AQUA bream500gr 30cm  281025 1500002.csv,7666,0
ARDG_AQUA bream 390gr 26cm  281025 1325003.csv,4903,0
ARDG_AQUA bream 150gr 21 sm  281025 1132002.csv,7388,0
ARDG_AQUA bream 310gr 23 sm  281025 1233002.csv,3929,0
ARDG_AQUA bream 390gr 26cm  281025 1325005.csv,8300,1
ARDG_AQUA bream556gr 30cm  281025 1500002.csv,2889,0
ARDG_AQUA bream556gr 30cm  281025 1500002.csv,8633,0
ARDG_AQUA bream 800gr 36cm  281025 1453002.csv,4099,0
ARDG_AQUA bream 800gr 36cm  281025 1453002.csv,1414,0
ARDG_AQUA bream 630gr 31cm  281025 1400002.csv,9044,1
ARDG_AQUA bream556gr 30cm  281025 1500002.csv,2540,0
ARDG_AQUA bream 630gr 31cm  281025 1400002.csv,3207,0
ARDG_AQUA bream 280gr 24cm  281025 1425002.csv,4232,0
ARDG_AQUA bream 580gr 30 sm  281025 1254003.csv,1389,0
ARDG_AQUA bream556gr 30cm  281025 1500002.csv,10644,0
ARDG_AQUA bream 580gr 30 sm  281025 1254003.csv,8628,1
ARDG_AQUA bream 580gr 30 sm  281025 1254003.csv,7116,0
ARDG_AQUA bream 150gr 21 sm  281025 1132004.csv,1337,0
ARDG_AQUA bream556gr 30cm  281025 1500002.csv,6293,0
ARDG_AQUA bream 280gr 24cm  281025 1425002.csv,4720,0
ARDG_AQUA bream 800gr 36cm  281025 1453002.csv,4930,0
ARDG_AQUA bream630gr 32cm  281025 1500002.csv,6560,0
ARDG_AQUA bream556gr 30cm  281025 1500002.csv,8899,0
ARDG_AQUA bream 580gr 30 sm  281025 1254003.csv,2526,0
ARDG_AQUA bream 800gr 36cm  281025 1453002.csv,922,0
ARDG_AQUA bream 580gr 30 sm  281025 1254003.csv,7144,0
ARDG_AQUA bream630gr 32cm  281025 1500002.csv,2871,0
ARDG_AQUA bream150gr21cm  281025 1548002.csv,4256,0
ARDG_AQUA bream150gr21cm  281025 1548002.csv,8598,0
ARDG_AQUA bream 390gr 26cm  281025 1325005.csv,7279,1
ARDG_AQUA bream500gr 30cm  281025 1500002.csv,2020,0
ARDG_AQUA bream150gr21cm  281025 1548002.csv,2678,0
ARDG_AQUA bream556gr 30cm  281025 1500002.csv,11144,0
ARDG_AQUA bream 150gr 21 sm  281025 1132004.csv,8119,0
ARDG_AQUA bream 390gr 26cm  281025 1325005.csv,11333,1
ARDG_AQUA bream150gr21cm  281025 1548002.csv,6482,0
ARDG_AQUA bream556gr 30cm  281025 1500002.csv,5245,0
ARDG_AQUA bream150gr21cm  281025 1548002.csv,60,0
ARDG_AQUA bream556gr 30cm  281025 1500002.csv,8088,0
ARDG_AQUA bream 390gr 26cm  281025 1325003.csv,10096,1
ARDG_AQUA bream 800gr 36cm  281025 1453002.csv,4088,0
ARDG_AQUA bream630gr 32cm  281025 1500002.csv,790,0
ARDG_AQUA bream 280gr 24cm  281025 1425002.csv,3828,1
ARDG_AQUA bream500gr 30cm  281025 1500002.csv,8970,0
ARDG_AQUA bream500gr 30cm  281025 1500003.csv,2957,1
ARDG_AQUA bream630gr 32cm  281025 1500002.csv,6145,0
ARDG_AQUA bream 580gr 30 sm  281025 1254003.csv,5332,0
ARDG_AQUA bream 680gr 33 sm  281025 1208003.csv,2684,1
ARDG_AQUA bream 580gr 30 sm  281025 1254002.csv,7009,0
ARDG_AQUA bream 680gr 33 sm  281025 1208003.csv,183,1
ARDG_AQUA bream 630gr 31cm  281025 1400002.csv,4220,1
ARDG_AQUA bream 580gr 30 sm  281025 1254002.csv,3405,0
ARDG_AQUA bream620 gr31cm  281025 1618003.csv,10548,1
ARDG_AQUA bream 800gr 36cm  281025 1453002.csv,3880,0
ARDG_AQUA bream 150gr 21 sm  281025 1132004.csv,5705,0
ARDG_AQUA bream556gr 30cm  281025 1500002.csv,1726,0
ARDG_AQUA bream350 gr27cm  281025 1548002.csv,5123,0
ARDG_AQUA bream620 gr31cm  281025 1618003.csv,10339,0
ARDG_AQUA bream556gr 30cm  281025 1500002.csv,1188,0
ARDG_AQUA bream 150gr 21 sm  281025 1132004.csv,3676,0
ARDG_AQUA bream 580gr 30 sm  281025 1254003.csv,1877,0
ARDG_AQUA bream150gr21cm  281025 1548002.csv,4034,1
ARDG_AQUA bream620 gr31cm  281025 1618003.csv,745,0
ARDG_AQUA bream 390gr 26cm  281025 1325005.csv,5727,0
ARDG_AQUA bream 680gr 33 sm  281025 1208003.csv,10373,0
ARDG_AQUA bream500gr 30cm  281025 1500002.csv,5433,0
ARDG_AQUA bream 580gr 30 sm  281025 1254003.csv,11319,0
ARDG_AQUA bream150gr21cm  281025 1548002.csv,4435,0
ARDG_AQUA bream 580gr 30 sm  281025 1254003.csv,8728,0
ARDG_AQUA bream 680gr 33 sm  281025 1208003.csv,6589,0
ARDG_AQUA bream 150gr 21 sm  281025 1132004.csv,10441,0
ARDG_AQUA bream 800gr 36cm  281025 1453002.csv,994,1
ARDG_AQUA bream 580gr 30 sm  281025 1254002.csv,6615,0
ARDG_AQUA bream 280gr 24cm  281025 1425002.csv,4181,0
ARDG_AQUA bream620 gr31cm  281025 1618003.csv,4458,0
ARDG_AQUA bream 580gr 30 sm  281025 1254003.csv,6825,0
ARDG_AQUA bream 280gr 24cm  281025 1425002.csv,41,0
ARDG_AQUA bream150gr21cm  281025 1548002.csv,4752,0
ARDG_AQUA bream 580gr 30 sm  281025 1254003.csv,3615,0
ARDG_AQUA bream556gr 30cm  281025 1500002.csv,10819,0
ARDG_AQUA bream150gr21cm  281025 1548002.csv,270,0
ARDG_AQUA bream620 gr31cm  281025 1618003.csv,11855,0
ARDG_AQUA bream 580gr 30 sm  281025 1254003.csv,395,0
ARDG_AQUA bream150gr21cm  281025 1548002.csv,5101,0
ARDG_AQUA bream500gr 30cm  281025 1500003.csv,4229,0
ARDG_AQUA bream 630gr 31cm  281025 1400002.csv,6720,0
ARDG_AQUA bream 310gr 23 sm  281025 1233002.csv,4804,0
ARDG_AQUA bream630gr 32cm  281025 1500002.csv,4722,0
ARDG_AQUA bream500gr 30cm  281025 1500002.csv,3394,0
ARDG_AQUA bream 150gr 21 sm  281025 1132004.csv,3634,0
ARDG_AQUA bream 800gr 36cm  281025 1453002.csv,921,0
ARDG_AQUA bream 390gr 26cm  281025 1325003.csv,7984,1
ARDG_AQUA bream150gr21cm  281025 1548002.csv,95,0
ARDG_AQUA bream 580gr 30 sm  281025 1254002.csv,10781,0
ARDG_AQUA bream 630gr 31cm  281025 1400002.csv,2766,0
ARDG_AQUA bream 580gr 30 sm  281025 1254003.csv,8501,0
ARDG_AQUA bream 310gr 23 sm  281025 1233002.csv,4887,0
ARDG_AQUA bream 390gr 26cm  281025 1325005.csv,3110,0
ARDG_AQUA bream150gr21cm  281025 1548002.csv,3700,1
ARDG_AQUA bream 580gr 30 sm  281025 1254003.csv,5093,0
ARDG_AQUA bream500gr 30cm  281025 1500002.csv,5489,0
ARDG_AQUA bream150gr21cm  281025 1548002.csv,7538,0
ARDG_AQUA bream 150gr 21 sm  281025 1132004.csv,9922,1
ARDG_AQUA bream 680gr 33 sm  281025 1208003.csv,1142,0
ARDG_AQUA bream 630gr 31cm  281025 1400002.csv,6492,0
ARDG_AQUA bream 630gr 31cm  281025 1400002.csv,8072,1
ARDG_AQUA bream500gr 30cm  281025 1500002.csv,1281,0
ARDG_AQUA bream 150gr 21 sm  281025 1132004.csv,2351,0
ARDG_AQUA bream150gr21cm  281025 1548002.csv,1817,0
ARDG_AQUA bream 390gr 26cm  281025 1325005.csv,4370,0
ARDG_AQUA bream 580gr 30 sm  281025 1254003.csv,10235,0
ARDG_AQUA bream620 gr31cm  281025 1618003.csv,3054,0
ARDG_AQUA bream500gr 30cm  281025 1500002.csv,8301,0
ARDG_AQUA bream500gr 30cm  281025 1500002.csv,4392,0
ARDG_AQUA bream 150gr 21 sm  281025 1132002.csv,10167,0
ARDG_AQUA bream500gr 30cm  281025 1500002.csv,2349,1
ARDG_AQUA bream 150gr 21 sm  281025 1132004.csv,5681,0
ARDG_AQUA bream 150gr 21 sm  281025 1132004.csv,9999,0
ARDG_AQUA bream556gr 30cm  281025 1500002.csv,7730,0
ARDG_AQUA bream620 gr31cm  281025 1618003.csv,2164,0
ARDG_AQUA bream 150gr 21 sm  281025 1132002.csv,9045,0
ARDG_AQUA bream556gr 30cm  281025 1500002.csv,1563,0
ARDG_AQUA bream556gr 30cm  281025 1500002.csv,6424,0
ARDG_AQUA bream 580gr 30 sm  281025 1254003.csv,4488,0
ARDG_AQUA bream630gr 32cm  281025 1500002.csv,4539,1
ARDG_AQUA bream630gr 32cm  281025 1500002.csv,5550,1
ARDG_AQUA bream 580gr 30 sm  281025 1254003.csv,5105,0
ARDG_AQUA bream 150gr 21 sm  281025 1132004.csv,6848,0
ARDG_AQUA bream500gr 30cm  281025 1500003.csv,4685,0
ARDG_AQUA bream150gr21cm  281025 1548002.csv,4225,0
ARDG_AQUA bream 580gr 30 sm  281025 1254003.csv,4531,0
ARDG_AQUA bream 580gr 30 sm  281025 1254003.csv,295,0
ARDG_AQUA bream500gr 30cm  281025 1500002.csv,8872,1
ARDG_AQUA bream 310gr 23 sm  281025 1233002.csv,4866,0
ARDG_AQUA bream 680gr 33 sm  281025 1208003.csv,2214,1
ARDG_AQUA bream500gr 30cm  281025 1500002.csv,7009,0
ARDG_AQUA bream150gr21cm  281025 1548002.csv,8553,0
ARDG_AQUA bream350 gr27cm  281025 1548002.csv,62,1
ARDG_AQUA bream 630gr 31cm  281025 1400002.csv,8719,0
ARDG_AQUA bream150gr21cm  281025 1548002.csv,2798,1
ARDG_AQUA bream500gr 30cm  281025 1500002.csv,8251,0
ARDG_AQUA bream150gr21cm  281025 1548002.csv,1774,0
ARDG_AQUA bream 580gr 30 sm  281025 1254002.csv,10835,0
ARDG_AQUA bream 280gr 24cm  281025 1425002.csv,3321,1
ARDG_AQUA bream556gr 30cm  281025 1500002.csv,8674,0
ARDG_AQUA bream 390gr 26cm  281025 1325005.csv,10741,0
ARDG_AQUA bream500gr 30cm  281025 1500002.csv,1251,0
ARDG_AQUA bream 150gr 21 sm  281025 1132004.csv,1241,1
ARDG_AQUA bream620 gr31cm  281025 1618003.csv,2934,0
ARDG_AQUA bream620 gr31cm  281025 1618004.csv,2136,0
ARDG_AQUA bream 150gr 21 sm  281025 1132004.csv,9995,0
ARDG_AQUA bream556gr 30cm  281025 1500002.csv,8151,0
ARDG_AQUA bream 310gr 23 sm  281025 1233002.csv,178,0
ARDG_AQUA bream 150gr 21 sm  281025 1132004.csv,10023,0
ARDG_AQUA bream620 gr31cm  281025 1618003.csv,7133,1
ARDG_AQUA bream 580gr 30 sm  281025 1254003.csv,5116,0
ARDG_AQUA bream500gr 30cm  281025 1500002.csv,7027,0
ARDG_AQUA bream 150gr 21 sm  281025 1132004.csv,3323,0
ARDG_AQUA bream150gr21cm  281025 1548002.csv,543,0
ARDG_AQUA bream 580gr 30 sm  281025 1254002.csv,2070,0
ARDG_AQUA bream 150gr 21 sm  281025 1132002.csv,9672,0
ARDG_AQUA bream 580gr 30 sm  281025 1254003.csv,4568,0
ARDG_AQUA bream 390gr 26cm  281025 1325005.csv,10406,0
ARDG_AQUA bream 150gr 21 sm  281025 1132004.csv,2909,0
ARDG_AQUA bream 630gr 31cm  281025 1400002.csv,10518,1
ARDG_AQUA bream150gr21cm  281025 1548002.csv,571,0
ARDG_AQUA bream 630gr 31cm  281025 1400002.csv,9153,1
ARDG_AQUA bream 390gr 26cm  281025 1325005.csv,10785,0
ARDG_AQUA bream620 gr31cm  281025 1618003.csv,5400,1
ARDG_AQUA bream 580gr 30 sm  281025 1254003.csv,7112,0
ARDG_AQUA bream 800gr 36cm  281025 1453002.csv,1636,0
ARDG_AQUA bream620 gr31cm  281025 1618003.csv,9818,1
ARDG_AQUA bream 390gr 26cm  281025 1325003.csv,10225,1
ARDG_AQUA bream556gr 30cm  281025 1500002.csv,7681,0
ARDG_AQUA bream 580gr 30 sm  281025 1254002.csv,10192,1
ARDG_AQUA bream 800gr 36cm  281025 1453002.csv,392,0
ARDG_AQUA bream150gr21cm  281025 1548002.csv,2629,0
ARDG_AQUA bream630gr 32cm  281025 1500002.csv,58,0
ARDG_AQUA bream350 gr27cm  281025 1548002.csv,2266,0
ARDG_AQUA bream 580gr 30 sm  281025 1254002.csv,10865,0
ARDG_AQUA bream 580gr 30 sm  281025 1254003.csv,5775,0
ARDG_AQUA bream 580gr 30 sm  281025 1254002.csv,1083,0
ARDG_AQUA bream556gr 30cm  281025 1500002.csv,9919,0
ARDG_AQUA bream 630gr 31cm  281025 1400002.csv,11918,0
ARDG_AQUA bream630gr 32cm  281025 1500002.csv,5474,1
ARDG_AQUA bream 680gr 33 sm  281025 1208003.csv,582,0
ARDG_AQUA bream150gr21cm  281025 1548002.csv,310,0
ARDG_AQUA bream556gr 30cm  281025 1500002.csv,2871,0
ARDG_AQUA bream500gr 30cm  281025 1500003.csv,4669,0
ARDG_AQUA bream 310gr 23 sm  281025 1233002.csv,8052,0
ARDG_AQUA bream 580gr 30 sm  281025 1254003.csv,10869,0
ARDG_AQUA bream 280gr 24cm  281025 1425002.csv,1230,0
ARDG_AQUA bream 580gr 30 sm  281025 1254003.csv,11114,0
ARDG_AQUA bream556gr 30cm  281025 1500002.csv,1558,0
ARDG_AQUA bream 580gr 30 sm  281025 1254002.csv,1846,0
ARDG_AQUA bream 150gr 21 sm  281025 1132002.csv,10148,0
ARDG_AQUA bream350 gr27cm  281025 1548002.csv,5125,0
ARDG_AQUA bream 150gr 21 sm  281025 1132002.csv,2718,1
ARDG_AQUA bream 390gr 26cm  281025 1325005.csv,3012,1
ARDG_AQUA bream 310gr 23 sm  281025 1233002.csv,2981,1
ARDG_AQUA bream 150gr 21 sm  281025 1132004.csv,3922,0
ARDG_AQUA bream350 gr27cm  281025 1548002.csv,3316,0
ARDG_AQUA bream 680gr 33 sm  281025 1208003.csv,9216,0
ARDG_AQUA bream556gr 30cm  281025 1500002.csv,7648,0
ARDG_AQUA bream620 gr31cm  281025 1618003.csv,4442,0
ARDG_AQUA bream 390gr 26cm  281025 1325005.csv,53,0
ARDG_AQUA bream 680gr 33 sm  281025 1208003.csv,8393,0
ARDG_AQUA bream500gr 30cm  281025 1500002.csv,2239,0
ARDG_AQUA bream500gr 30cm  281025 1500002.csv,8006,0
ARDG_AQUA bream556gr 30cm  281025 1500002.csv,1279,0
ARDG_AQUA bream150gr21cm  281025 1548002.csv,4334,0
ARDG_AQUA bream556gr 30cm  281025 1500002.csv,3495,0
ARDG_AQUA bream 390gr 26cm  281025 1325005.csv,3527,1
ARDG_AQUA bream 580gr 30 sm  281025 1254003.csv,1362,0
ARDG_AQUA bream556gr 30cm  281025 1500002.csv,9464,0
ARDG_AQUA bream 310gr 23 sm  281025 1233002.csv,10559,0
ARDG_AQUA bream 580gr 30 sm  281025 1254002.csv,5650,1
ARDG_AQUA bream 390gr 26cm  281025 1325005.csv,195,0
ARDG_AQUA bream 680gr 33 sm  281025 1208003.csv,1097,0
ARDG_AQUA bream556gr 30cm  281025 1500002.csv,10716,1
ARDG_AQUA bream150gr21cm  281025 1548002.csv,5150,0
ARDG_AQUA bream 680gr 33 sm  281025 1208003.csv,5738,1
ARDG_AQUA bream 150gr 21 sm  281025 1132002.csv,8016,0
ARDG_AQUA bream 390gr 26cm  281025 1325005.csv,2620,1
ARDG_AQUA bream 310gr 23 sm  281025 1233002.csv,5435,0
ARDG_AQUA bream620 gr31cm  281025 1618003.csv,10715,1
ARDG_AQUA bream 310gr 23 sm  281025 1233002.csv,10490,0
ARDG_AQUA bream556gr 30cm  281025 1500002.csv,1523,0
ARDG_AQUA bream500gr 30cm  281025 1500002.csv,4980,0
ARDG_AQUA bream 150gr 21 sm  281025 1132004.csv,7013,0
ARDG_AQUA bream620 gr31cm  281025 1618003.csv,4506,0
ARDG_AQUA bream 390gr 26cm  281025 1325005.csv,4378,0
ARDG_AQUA bream556gr 30cm  281025 1500002.csv,5864,1
ARDG_AQUA bream500gr 30cm  281025 1500002.csv,7911,0
ARDG_AQUA bream500gr 30cm  281025 1500003.csv,2595,1
ARDG_AQUA bream556gr 30cm  281025 1500003.csv,1248,0
ARDG_AQUA bream 390gr 26cm  281025 1325005.csv,175,0
ARDG_AQUA bream 150gr 21 sm  281025 1132002.csv,7389,0
ARDG_AQUA bream556gr 30cm  281025 1500003.csv,1291,0
ARDG_AQUA bream 150gr 21 sm  281025 1132002.csv,10819,0
ARDG_AQUA bream500gr 30cm  281025 1500002.csv,4492,1
ARDG_AQUA bream 800gr 36cm  281025 1453002.csv,560,0
ARDG_AQUA bream500gr 30cm  281025 1500002.csv,3396,0
ARDG_AQUA bream 580gr 30 sm  281025 1254002.csv,10871,0
ARDG_AQUA bream 150gr 21 sm  281025 1132002.csv,3408,0
ARDG_AQUA bream 680gr 33 sm  281025 1208003.csv,9631,1
ARDG_AQUA bream 580gr 30 sm  281025 1254003.csv,8512,0
ARDG_AQUA bream630gr 32cm  281025 1500002.csv,2887,0
ARDG_AQUA bream500gr 30cm  281025 1500002.csv,3218,0
ARDG_AQUA bream 310gr 23 sm  281025 1233002.csv,2135,0
ARDG_AQUA bream500gr 30cm  281025 1500002.csv,1458,0
ARDG_AQUA bream500gr 30cm  281025 1500002.csv,4356,0
ARDG_AQUA bream556gr 30cm  281025 1500002.csv,5997,0
ARDG_AQUA bream500gr 30cm  281025 1500003.csv,1415,0
ARDG_AQUA bream150gr21cm  281025 1548002.csv,6732,0
ARDG_AQUA bream 580gr 30 sm  281025 1254003.csv,8059,0
ARDG_AQUA bream 390gr 26cm  281025 1325005.csv,3886,0
ARDG_AQUA bream556gr 30cm  281025 1500002.csv,1541,0
ARDG_AQUA bream 150gr 21 sm  281025 1132004.csv,7866,0
ARDG_AQUA bream 580gr 30 sm  281025 1254002.csv,10964,0
ARDG_AQUA bream556gr 30cm  281025 1500002.csv,11257,0
ARDG_AQUA bream350 gr27cm  281025 1548002.csv,1105,0
ARDG_AQUA bream620 gr31cm  281025 1618003.csv,426,0
ARDG_AQUA bream150gr21cm  281025 1548002.csv,2409,1
ARDG_AQUA bream556gr 30cm  281025 1500003.csv,1331,0
ARDG_AQUA bream630gr 32cm  281025 1500002.csv,522,1
ARDG_AQUA bream 310gr 23 sm  281025 1233002.csv,3734,1
ARDG_AQUA bream620 gr31cm  281025 1618004.csv,2056,0
ARDG_AQUA bream500gr 30cm  281025 1500003.csv,2510,0
ARDG_AQUA bream 280gr 24cm  281025 1425002.csv,4220,0
ARDG_AQUA bream 150gr 21 sm  281025 1132002.csv,6713,0
ARDG_AQUA bream 280gr 24cm  281025 1425002.csv,1209,0
ARDG_AQUA bream500gr 30cm  281025 1500002.csv,5905,0
ARDG_AQUA bream 580gr 30 sm  281025 1254003.csv,227,0
ARDG_AQUA bream630gr 32cm  281025 1500002.csv,32,0
ARDG_AQUA bream350 gr27cm  281025 1548002.csv,5011,0
ARDG_AQUA bream500gr 30cm  281025 1500002.csv,9167,0
ARDG_AQUA bream500gr 30cm  281025 1500003.csv,1434,0
ARDG_AQUA bream 150gr 21 sm  281025 1132004.csv,7519,0
ARDG_AQUA bream556gr 30cm  281025 1500002.csv,1918,0
ARDG_AQUA bream 630gr 31cm  281025 1400002.csv,7357,1
ARDG_AQUA bream 800gr 36cm  281025 1453002.csv,4009,0
ARDG_AQUA bream630gr 32cm  281025 1500002.csv,4869,1
ARDG_AQUA bream 150gr 21 sm  281025 1132002.csv,12057,0
ARDG_AQUA bream 580gr 30 sm  281025 1254003.csv,2263,0
ARDG_AQUA bream 800gr 36cm  281025 1453002.csv,4005,0
ARDG_AQUA bream 390gr 26cm  281025 1325003.csv,9525,0
ARDG_AQUA bream350 gr27cm  281025 1548002.csv,5691,1
ARDG_AQUA bream 150gr 21 sm  281025 1132002.csv,12050,0
ARDG_AQUA bream 390gr 26cm  281025 1325005.csv,8541,1
ARDG_AQUA bream500gr 30cm  281025 1500002.csv,5941,0
ARDG_AQUA bream556gr 30cm  281025 1500002.csv,1312,0
ARDG_AQUA bream630gr 32cm  281025 1500002.csv,5794,0
ARDG_AQUA bream556gr 30cm  281025 1500002.csv,5972,0
ARDG_AQUA bream620 gr31cm  281025 1618003.csv,5798,0
ARDG_AQUA bream 150gr 21 sm  281025 1132004.csv,1644,0
ARDG_AQUA bream150gr21cm  281025 1548002.csv,6416,0
ARDG_AQUA bream 390gr 26cm  281025 1325005.csv,2737,1
ARDG_AQUA bream 150gr 21 sm  281025 1132002.csv,3498,0
ARDG_AQUA bream 340gr 27cm  281025 1415002.csv,894,0
ARDG_AQUA bream556gr 30cm  281025 1500002.csv,581,0
ARDG_AQUA bream630gr 32cm  281025 1500002.csv,5985,0
ARDG_AQUA bream556gr 30cm  281025 1500002.csv,11875,0
ARDG_AQUA bream556gr 30cm  281025 1500002.csv,5041,0
ARDG_AQUA bream 630gr 31cm  281025 1400002.csv,9609,0
ARDG_AQUA bream620 gr31cm  281025 1618003.csv,5893,0
ARDG_AQUA bream500gr 30cm  281025 1500002.csv,11552,0
ARDG_AQUA bream620 gr31cm  281025 1618003.csv,5866,0
ARDG_AQUA bream 580gr 30 sm  281025 1254003.csv,11049,0
ARDG_AQUA bream150gr21cm  281025 1548002.csv,7141,0
ARDG_AQUA bream 630gr 31cm  281025 1400002.csv,11178,0
ARDG_AQUA bream 800gr 36cm  281025 1453002.csv,90,1
ARDG_AQUA bream150gr21cm  281025 1548002.csv,549,0
ARDG_AQUA bream630gr 32cm  281025 1500002.csv,4737,0
ARDG_AQUA bream556gr 30cm  281025 1500002.csv,541,0
ARDG_AQUA bream 580gr 30 sm  281025 1254003.csv,10534,0
ARDG_AQUA bream556gr 30cm  281025 1500002.csv,9609,0
ARDG_AQUA bream 280gr 24cm  281025 1425002.csv,4206,0
ARDG_AQUA bream 800gr 36cm  281025 1453002.csv,256,0
ARDG_AQUA bream 150gr 21 sm  281025 1132004.csv,9350,0
ARDG_AQUA bream150gr21cm  281025 1548002.csv,7152,0
ARDG_AQUA bream 630gr 31cm  281025 1400002.csv,8725,0
ARDG_AQUA bream500gr 30cm  281025 1500003.csv,3330,0
ARDG_AQUA bream 680gr 33 sm  281025 1208003.csv,10514,1
ARDG_AQUA bream556gr 30cm  281025 1500002.csv,7166,0
ARDG_AQUA bream 150gr 21 sm  281025 1132004.csv,1752,0
ARDG_AQUA bream 150gr 21 sm  281025 1132002.csv,10023,0
ARDG_AQUA bream556gr 30cm  281025 1500003.csv,1207,0
ARDG_AQUA bream 680gr 33 sm  281025 1208003.csv,1618,1
ARDG_AQUA bream556gr 30cm  281025 1500002.csv,5658,0
ARDG_AQUA bream556gr 30cm  281025 1500002.csv,1550,0
ARDG_AQUA bream 150gr 21 sm  281025 1132002.csv,11531,0
ARDG_AQUA bream 800gr 36cm  281025 1453002.csv,496,0
ARDG_AQUA bream 680gr 33 sm  281025 1208003.csv,8596,1
ARDG_AQUA bream 680gr 33 sm  281025 1208003.csv,5971,0
ARDG_AQUA bream556gr 30cm  281025 1500002.csv,1165,0
ARDG_AQUA bream 630gr 31cm  281025 1400002.csv,6210,0
ARDG_AQUA bream556gr 30cm  281025 1500002.csv,3519,0
ARDG_AQUA bream 390gr 26cm  281025 1325003.csv,11082,1
ARDG_AQUA bream 310gr 23 sm  281025 1233002.csv,676,0
ARDG_AQUA bream556gr 30cm  281025 1500002.csv,6285,0
ARDG_AQUA bream 390gr 26cm  281025 1325005.csv,11206,0
ARDG_AQUA bream 310gr 23 sm  281025 1233002.csv,5424,0
ARDG_AQUA bream 390gr 26cm  281025 1325003.csv,11837,0
ARDG_AQUA bream 680gr 33 sm  281025 1208003.csv,462,0
ARDG_AQUA bream 580gr 30 sm  281025 1254003.csv,1185,0
ARDG_AQUA bream 150gr 21 sm  281025 1132004.csv,9235,0
ARDG_AQUA bream 310gr 23 sm  281025 1233002.csv,11336,1
ARDG_AQUA bream 800gr 36cm  281025 1453002.csv,2034,1
ARDG_AQUA bream150gr21cm  281025 1548002.csv,3289,0
ARDG_AQUA bream 390gr 26cm  281025 1325005.csv,4720,1
ARDG_AQUA bream350 gr27cm  281025 1548002.csv,146,0
ARDG_AQUA bream 800gr 36cm  281025 1453002.csv,877,0
ARDG_AQUA bream500gr 30cm  281025 1500002.csv,5802,0
ARDG_AQUA bream150gr21cm  281025 1548002.csv,8274,0
ARDG_AQUA bream 680gr 33 sm  281025 1208003.csv,9225,0
ARDG_AQUA bream350 gr27cm  281025 1548002.csv,4923,0
ARDG_AQUA bream 800gr 36cm  281025 1453002.csv,4358,1
ARDG_AQUA bream150gr21cm  281025 1548002.csv,6462,0
ARDG_AQUA bream 580gr 30 sm  281025 1254003.csv,3975,0
ARDG_AQUA bream556gr 30cm  281025 1500002.csv,2318,0
ARDG_AQUA bream 150gr 21 sm  281025 1132004.csv,5016,0
ARDG_AQUA bream 310gr 23 sm  281025 1233002.csv,6479,0
ARDG_AQUA bream 310gr 23 sm  281025 1233002.csv,8111,0
ARDG_AQUA bream556gr 30cm  281025 1500003.csv,1339,0
ARDG_AQUA bream556gr 30cm  281025 1500002.csv,6251,0
ARDG_AQUA bream620 gr31cm  281025 1618003.csv,11135,0
ARDG_AQUA bream620 gr31cm  281025 1618003.csv,4064,1
ARDG_AQUA bream 310gr 23 sm  281025 1233002.csv,10760,0
ARDG_AQUA bream 150gr 21 sm  281025 1132004.csv,6723,1
ARDG_AQUA bream150gr21cm  281025 1548002.csv,215,0
ARDG_AQUA bream 580gr 30 sm  281025 1254003.csv,4099,0
ARDG_AQUA bream500gr 30cm  281025 1500003.csv,1209,0
ARDG_AQUA bream630gr 32cm  281025 1500002.csv,2795,1
ARDG_AQUA bream 390gr 26cm  281025 1325005.csv,4491,1
ARDG_AQUA bream556gr 30cm  281025 1500002.csv,9334,0
ARDG_AQUA bream 280gr 24cm  281025 1425002.csv,4059,0
ARDG_AQUA bream 150gr 21 sm  281025 1132004.csv,10254,0
ARDG_AQUA bream150gr21cm  281025 1548002.csv,573,0
ARDG_AQUA bream150gr21cm  281025 1548002.csv,3927,0
ARDG_AQUA bream500gr 30cm  281025 1500002.csv,9417,0
ARDG_AQUA bream 580gr 30 sm  281025 1254003.csv,7352,0
ARDG_AQUA bream556gr 30cm  281025 1500002.csv,5289,0
ARDG_AQUA bream 150gr 21 sm  281025 1132004.csv,10495,0
ARDG_AQUA bream 390gr 26cm  281025 1325005.csv,10362,0
ARDG_AQUA bream 580gr 30 sm  281025 1254003.csv,3345,1
ARDG_AQUA bream 390gr 26cm  281025 1325005.csv,3328,1
ARDG_AQUA bream 630gr 31cm  281025 1400002.csv,2711,0
ARDG_AQUA bream620 gr31cm  281025 1618003.csv,3342,0
ARDG_AQUA bream 580gr 30 sm  281025 1254003.csv,7306,0
ARDG_AQUA bream 150gr 21 sm  281025 1132002.csv,9589,1
ARDG_AQUA bream 280gr 24cm  281025 1425002.csv,1114,1
ARDG_AQUA bream500gr 30cm  281025 1500002.csv,3121,0
ARDG_AQUA bream556gr 30cm  281025 1500002.csv,11693,0
ARDG_AQUA bream350 gr27cm  281025 1548002.csv,1908,0
ARDG_AQUA bream 150gr 21 sm  281025 1132004.csv,11857,0
ARDG_AQUA bream500gr 30cm  281025 1500002.csv,6783,0
ARDG_AQUA bream350 gr27cm  281025 1548002.csv,3562,1
ARDG_AQUA bream 310gr 23 sm  281025 1233003.csv,1355,0
ARDG_AQUA bream 390gr 26cm  281025 1325005.csv,11710,0
ARDG_AQUA bream 150gr 21 sm  281025 1132004.csv,6383,0
ARDG_AQUA bream556gr 30cm  281025 1500002.csv,8082,0
ARDG_AQUA bream 580gr 30 sm  281025 1254002.csv,9898,0
ARDG_AQUA bream556gr 30cm  281025 1500002.csv,3551,0
ARDG_AQUA bream 800gr 36cm  281025 1453002.csv,2484,1
ARDG_AQUA bream500gr 30cm  281025 1500003.csv,1423,0
ARDG_AQUA bream 390gr 26cm  281025 1325003.csv,11686,0
ARDG_AQUA bream150gr21cm  281025 1548002.csv,7496,0
ARDG_AQUA bream 150gr 21 sm  281025 1132004.csv,8308,0
ARDG_AQUA bream 580gr 30 sm  281025 1254003.csv,7305,0
ARDG_AQUA bream 580gr 30 sm  281025 1254003.csv,6568,0
ARDG_AQUA bream 310gr 23 sm  281025 1233002.csv,4805,0
ARDG_AQUA bream620 gr31cm  281025 1618003.csv,11117,0
ARDG_AQUA bream500gr 30cm  281025 1500002.csv,5701,0
ARDG_AQUA bream 580gr 30 sm  281025 1254002.csv,10942,0
ARDG_AQUA bream630gr 32cm  281025 1500002.csv,3814,1
ARDG_AQUA bream 580gr 30 sm  281025 1254003.csv,4503,0
ARDG_AQUA bream556gr 30cm  281025 1500002.csv,9724,0
ARDG_AQUA bream 680gr 33 sm  281025 1208003.csv,10151,1
ARDG_AQUA bream 310gr 23 sm  281025 1233002.csv,9192,1
ARDG_AQUA bream 150gr 21 sm  281025 1132004.csv,7106,0
ARDG_AQUA bream 580gr 30 sm  281025 1254003.csv,4652,1
ARDG_AQUA bream620 gr31cm  281025 1618004.csv,140,1
ARDG_AQUA bream150gr21cm  281025 1548002.csv,6722,0
ARDG_AQUA bream 310gr 23 sm  281025 1233002.csv,8083,0
ARDG_AQUA bream 150gr 21 sm  281025 1132004.csv,8812,1
ARDG_AQUA bream500gr 30cm  281025 1500002.csv,5801,0
ARDG_AQUA bream 310gr 23 sm  281025 1233002.csv,1734,0
ARDG_AQUA bream500gr 30cm  281025 1500002.csv,937,0
ARDG_AQUA bream 580gr 30 sm  281025 1254003.csv,3963,0
ARDG_AQUA bream 150gr 21 sm  281025 1132004.csv,11024,0
ARDG_AQUA bream 630gr 31cm  281025 1400002.csv,4309,0
ARDG_AQUA bream 340gr 27cm  281025 1415002.csv,570,0
ARDG_AQUA bream 680gr 33 sm  281025 1208003.csv,9195,0
ARDG_AQUA bream 390gr 26cm  281025 1325003.csv,7638,1
ARDG_AQUA bream 390gr 26cm  281025 1325005.csv,565,0
ARDG_AQUA bream 580gr 30 sm  281025 1254003.csv,2569,0
ARDG_AQUA bream556gr 30cm  281025 1500002.csv,2102,0
ARDG_AQUA bream 580gr 30 sm  281025 1254003.csv,2541,0
ARDG_AQUA bream 580gr 30 sm  281025 1254003.csv,8066,0
ARDG_AQUA bream 150gr 21 sm  281025 1132004.csv,112,0
ARDG_AQUA bream150gr21cm  281025 1548002.csv,2685,0
ARDG_AQUA bream 630gr 31cm  281025 1400002.csv,11933,0
ARDG_AQUA bream556gr 30cm  281025 1500002.csv,643,0
ARDG_AQUA bream 580gr 30 sm  281025 1254002.csv,3032,0
ARDG_AQUA bream 280gr 24cm  281025 1425002.csv,3938,0
ARDG_AQUA bream630gr 32cm  281025 1500002.csv,5975,0
ARDG_AQUA bream500gr 30cm  281025 1500002.csv,4640,0
ARDG_AQUA bream556gr 30cm  281025 1500002.csv,4626,0
ARDG_AQUA bream 580gr 30 sm  281025 1254002.csv,7184,0
ARDG_AQUA bream 680gr 33 sm  281025 1208003.csv,7507,1
ARDG_AQUA bream150gr21cm  281025 1548002.csv,576,0
ARDG_AQUA bream 150gr 21 sm  281025 1132004.csv,8632,0
ARDG_AQUA bream 580gr 30 sm  281025 1254002.csv,10975,0
ARDG_AQUA bream 800gr 36cm  281025 1453002.csv,356,0
ARDG_AQUA bream620 gr31cm  281025 1618003.csv,5791,0
ARDG_AQUA bream 630gr 31cm  281025 1400002.csv,6705,0
ARDG_AQUA bream 390gr 26cm  281025 1325003.csv,2989,0
ARDG_AQUA bream556gr 30cm  281025 1500002.csv,1311,0
ARDG_AQUA bream 630gr 31cm  281025 1400002.csv,9533,0
ARDG_AQUA bream 150gr 21 sm  281025 1132002.csv,3984,0
ARDG_AQUA bream500gr 30cm  281025 1500002.csv,321,1
ARDG_AQUA bream150gr21cm  281025 1548002.csv,6905,0
ARDG_AQUA bream556gr 30cm  281025 1500003.csv,1501,0
ARDG_AQUA bream 580gr 30 sm  281025 1254003.csv,9143,1
ARDG_AQUA bream 150gr 21 sm  281025 1132002.csv,8730,1
ARDG_AQUA bream500gr 30cm  281025 1500002.csv,1257,0
ARDG_AQUA bream500gr 30cm  281025 1500002.csv,4341,0
ARDG_AQUA bream630gr 32cm  281025 1500002.csv,1550,1
ARDG_AQUA bream 680gr 33 sm  281025 1208003.csv,11053,0
ARDG_AQUA bream556gr 30cm  281025 1500002.csv,7780,0
ARDG_AQUA bream556gr 30cm  281025 1500002.csv,8075,0
ARDG_AQUA bream 680gr 33 sm  281025 1208003.csv,10050,1
ARDG_AQUA bream 150gr 21 sm  281025 1132002.csv,11015,0
ARDG_AQUA bream500gr 30cm  281025 1500002.csv,5836,0
ARDG_AQUA bream 390gr 26cm  281025 1325005.csv,10724,0
ARDG_AQUA bream556gr 30cm  281025 1500002.csv,6649,0
ARDG_AQUA bream350 gr27cm  281025 1548002.csv,6568,0
ARDG_AQUA bream500gr 30cm  281025 1500002.csv,7706,0
ARDG_AQUA bream 150gr 21 sm  281025 1132002.csv,2515,0
ARDG_AQUA bream 390gr 26cm  281025 1325005.csv,9268,0
ARDG_AQUA bream500gr 30cm  281025 1500002.csv,3393,0
ARDG_AQUA bream500gr 30cm  281025 1500002.csv,4742,0
ARDG_AQUA bream 580gr 30 sm  281025 1254002.csv,8219,0
ARDG_AQUA bream 150gr 21 sm  281025 1132002.csv,2333,0
ARDG_AQUA bream620 gr31cm  281025 1618004.csv,1896,0
ARDG_AQUA bream 580gr 30 sm  281025 1254003.csv,8432,0
ARDG_AQUA bream 800gr 36cm  281025 1453002.csv,4946,0
ARDG_AQUA bream 680gr 33 sm  281025 1208003.csv,742,0
ARDG_AQUA bream 150gr 21 sm  281025 1132002.csv,5535,0
ARDG_AQUA bream 280gr 24cm  281025 1425002.csv,4148,0
ARDG_AQUA bream500gr 30cm  281025 1500002.csv,10704,1
ARDG_AQUA bream 580gr 30 sm  281025 1254003.csv,1872,0
ARDG_AQUA bream 150gr 21 sm  281025 1132002.csv,2489,0
ARDG_AQUA bream150gr21cm  281025 1548002.csv,2138,0
ARDG_AQUA bream 150gr 21 sm  281025 1132004.csv,2843,0
ARDG_AQUA bream 630gr 31cm  281025 1400002.csv,2945,0
ARDG_AQUA bream 680gr 33 sm  281025 1208003.csv,9418,1
ARDG_AQUA bream 150gr 21 sm  281025 1132004.csv,4973,0
ARDG_AQUA bream500gr 30cm  281025 1500002.csv,7069,0
ARDG_AQUA bream 580gr 30 sm  281025 1254002.csv,9907,0
ARDG_AQUA bream620 gr31cm  281025 1618003.csv,9122,1
ARDG_AQUA bream500gr 30cm  281025 1500002.csv,1781,0
ARDG_AQUA bream 680gr 33 sm  281025 1208003.csv,6690,1
ARDG_AQUA bream150gr21cm  281025 1548002.csv,4294,0
ARDG_AQUA bream 150gr 21 sm  281025 1132002.csv,8947,0
ARDG_AQUA bream556gr 30cm  281025 1500002.csv,1551,0
ARDG_AQUA bream 390gr 26cm  281025 1325005.csv,1736,1
ARDG_AQUA bream 150gr 21 sm  281025 1132004.csv,4773,0
ARDG_AQUA bream150gr21cm  281025 1548002.csv,7095,0
ARDG_AQUA bream 580gr 30 sm  281025 1254003.csv,8766,0
ARDG_AQUA bream350 gr27cm  281025 1548002.csv,5078,0
ARDG_AQUA bream620 gr31cm  281025 1618003.csv,4377,0
ARDG_AQUA bream 390gr 26cm  281025 1325003.csv,1702,0
ARDG_AQUA bream556gr 30cm  281025 1500002.csv,11917,0
ARDG_AQUA bream 580gr 30 sm  281025 1254002.csv,11038,0
ARDG_AQUA bream620 gr31cm  281025 1618003.csv,1141,0
ARDG_AQUA bream 150gr 21 sm  281025 1132004.csv,8079,0
ARDG_AQUA bream 150gr 21 sm  281025 1132004.csv,9237,0
ARDG_AQUA bream 150gr 21 sm  281025 1132004.csv,9850,0
ARDG_AQUA bream350 gr27cm  281025 1548002.csv,2622,1
ARDG_AQUA bream 150gr 21 sm  281025 1132002.csv,5880,1
ARDG_AQUA bream556gr 30cm  281025 1500002.csv,3535,0
ARDG_AQUA bream 800gr 36cm  281025 1453002.csv,1430,0
ARDG_AQUA bream556gr 30cm  281025 1500002.csv,2787,1
ARDG_AQUA bream500gr 30cm  281025 1500002.csv,1285,0
ARDG_AQUA bream 150gr 21 sm  281025 1132004.csv,7774,0
ARDG_AQUA bream 630gr 31cm  281025 1400002.csv,3206,0
ARDG_AQUA bream 580gr 30 sm  281025 1254002.csv,1650,0
ARDG_AQUA bream 150gr 21 sm  281025 1132002.csv,1839,0
ARDG_AQUA bream 800gr 36cm  281025 1453002.csv,3586,0
ARDG_AQUA bream 800gr 36cm  281025 1453002.csv,282,0
ARDG_AQUA bream 630gr 31cm  281025 1400002.csv,6666,0
ARDG_AQUA bream 310gr 23 sm  281025 1233003.csv,1175,0
ARDG_AQUA bream620 gr31cm  281025 1618004.csv,1254,1
ARDG_AQUA bream150gr21cm  281025 1548002.csv,8436,0
ARDG_AQUA bream 310gr 23 sm  281025 1233003.csv,779,0
ARDG_AQUA bream 150gr 21 sm  281025 1132004.csv,3810,0
ARDG_AQUA bream 580gr 30 sm  281025 1254002.csv,6628,0
ARDG_AQUA bream 580gr 30 sm  281025 1254003.csv,5345,0
ARDG_AQUA bream630gr 32cm  281025 1500002.csv,967,0
ARDG_AQUA bream 630gr 31cm  281025 1400002.csv,1818,0
ARDG_AQUA bream 280gr 24cm  281025 1425002.csv,2102,0
ARDG_AQUA bream 580gr 30 sm  281025 1254002.csv,6298,1
ARDG_AQUA bream 150gr 21 sm  281025 1132004.csv,5393,0
ARDG_AQUA bream 580gr 30 sm  281025 1254003.csv,6876,0
ARDG_AQUA bream 580gr 30 sm  281025 1254003.csv,4731,0
ARDG_AQUA bream 150gr 21 sm  281025 1132004.csv,1687,0
ARDG_AQUA bream 150gr 21 sm  281025 1132002.csv,7386,0
ARDG_AQUA bream556gr 30cm  281025 1500002.csv,6340,0
ARDG_AQUA bream500gr 30cm  281025 1500002.csv,638,0
ARDG_AQUA bream500gr 30cm  281025 1500002.csv,9393,0
ARDG_AQUA bream 580gr 30 sm  281025 1254002.csv,7091,0
ARDG_AQUA bream500gr 30cm  281025 1500002.csv,1066,0
ARDG_AQUA bream 280gr 24cm  281025 1425002.csv,2027,0
ARDG_AQUA bream556gr 30cm  281025 1500002.csv,2150,0
ARDG_AQUA bream 580gr 30 sm  281025 1254003.csv,4047,0
ARDG_AQUA bream 280gr 24cm  281025 1425002.csv,4397,1
ARDG_AQUA bream 580gr 30 sm  281025 1254003.csv,2438,1
ARDG_AQUA bream 280gr 24cm  281025 1425002.csv,2165,0
ARDG_AQUA bream556gr 30cm  281025 1500002.csv,7475,1
ARDG_AQUA bream 310gr 23 sm  281025 1233002.csv,11083,1
ARDG_AQUA bream500gr 30cm  281025 1500002.csv,1307,0
ARDG_AQUA bream150gr21cm  281025 1548002.csv,8229,0
ARDG_AQUA bream350 gr27cm  281025 1548002.csv,6260,0
ARDG_AQUA bream 150gr 21 sm  281025 1132002.csv,6529,1
ARDG_AQUA bream350 gr27cm  281025 1548002.csv,4038,0
ARDG_AQUA bream556gr 30cm  281025 1500002.csv,1222,0
ARDG_AQUA bream150gr21cm  281025 1548002.csv,8448,0
ARDG_AQUA bream556gr 30cm  281025 1500002.csv,1100,0
ARDG_AQUA bream620 gr31cm  281025 1618004.csv,241,0
ARDG_AQUA bream 580gr 30 sm  281025 1254002.csv,3195,1
ARDG_AQUA bream500gr 30cm  281025 1500002.csv,4375,0
ARDG_AQUA bream556gr 30cm  281025 1500002.csv,7922,0
ARDG_AQUA bream 800gr 36cm  281025 1453002.csv,4576,0
ARDG_AQUA bream 680gr 33 sm  281025 1208003.csv,5529,0
ARDG_AQUA bream 580gr 30 sm  281025 1254003.csv,4287,1
ARDG_AQUA bream 800gr 36cm  281025 1453002.csv,4958,0
ARDG_AQUA bream 280gr 24cm  281025 1425002.csv,2438,0
ARDG_AQUA bream150gr21cm  281025 1548002.csv,5357,0
ARDG_AQUA bream 280gr 24cm  281025 1425002.csv,4057,0
ARDG_AQUA bream 150gr 21 sm  281025 1132004.csv,6125,0
ARDG_AQUA bream620 gr31cm  281025 1618004.csv,1820,1
ARDG_AQUA bream 150gr 21 sm  281025 1132004.csv,6809,0
ARDG_AQUA bream 310gr 23 sm  281025 1233002.csv,11832,1
ARDG_AQUA bream150gr21cm  281025 1548002.csv,857,0
ARDG_AQUA bream 150gr 21 sm  281025 1132002.csv,9427,1
ARDG_AQUA bream 680gr 33 sm  281025 1208003.csv,5521,0
ARDG_AQUA bream 150gr 21 sm  281025 1132004.csv,9339,0
ARDG_AQUA bream620 gr31cm  281025 1618003.csv,4373,0
ARDG_AQUA bream556gr 30cm  281025 1500002.csv,7020,0
ARDG_AQUA bream556gr 30cm  281025 1500002.csv,1293,0
ARDG_AQUA bream556gr 30cm  281025 1500002.csv,6372,0
ARDG_AQUA bream620 gr31cm  281025 1618004.csv,411,1
ARDG_AQUA bream 310gr 23 sm  281025 1233002.csv,8075,0
ARDG_AQUA bream 150gr 21 sm  281025 1132004.csv,6827,0
ARDG_AQUA bream 800gr 36cm  281025 1453002.csv,1422,0
ARDG_AQUA bream556gr 30cm  281025 1500002.csv,2897,0
ARDG_AQUA bream620 gr31cm  281025 1618003.csv,8000,1
ARDG_AQUA bream 580gr 30 sm  281025 1254003.csv,1800,0
ARDG_AQUA bream630gr 32cm  281025 1500002.csv,1376,1
ARDG_AQUA bream500gr 30cm  281025 1500002.csv,9156,0
ARDG_AQUA bream 580gr 30 sm  281025 1254002.csv,1391,0
ARDG_AQUA bream500gr 30cm  281025 1500002.csv,3621,0
ARDG_AQUA bream500gr 30cm  281025 1500003.csv,2406,1
ARDG_AQUA bream 150gr 21 sm  281025 1132002.csv,3525,0
ARDG_AQUA bream350 gr27cm  281025 1548002.csv,4060,0
ARDG_AQUA bream 150gr 21 sm  281025 1132004.csv,10569,1
ARDG_AQUA bream556gr 30cm  281025 1500002.csv,11176,0
ARDG_AQUA bream 310gr 23 sm  281025 1233002.csv,3934,0
ARDG_AQUA bream500gr 30cm  281025 1500002.csv,3007,1
ARDG_AQUA bream500gr 30cm  281025 1500002.csv,11816,1
ARDG_AQUA bream 150gr 21 sm  281025 1132004.csv,6927,1
ARDG_AQUA bream 630gr 31cm  281025 1400002.csv,1439,1
ARDG_AQUA bream556gr 30cm  281025 1500002.csv,896,0
ARDG_AQUA bream500gr 30cm  281025 1500002.csv,4587,0
ARDG_AQUA bream 580gr 30 sm  281025 1254003.csv,8465,0
ARDG_AQUA bream556gr 30cm  281025 1500002.csv,8215,0
ARDG_AQUA bream 580gr 30 sm  281025 1254002.csv,7511,0
ARDG_AQUA bream620 gr31cm  281025 1618003.csv,3846,1
ARDG_AQUA bream 800gr 36cm  281025 1453002.csv,832,0
ARDG_AQUA bream150gr21cm  281025 1548002.csv,4325,0
ARDG_AQUA bream556gr 30cm  281025 1500003.csv,1459,0
ARDG_AQUA bream556gr 30cm  281025 1500002.csv,1167,0
ARDG_AQUA bream 390gr 26cm  281025 1325005.csv,5987,0
ARDG_AQUA bream 680gr 33 sm  281025 1208003.csv,3486,0
ARDG_AQUA bream150gr21cm  281025 1548002.csv,4255,0
ARDG_AQUA bream 580gr 30 sm  281025 1254002.csv,6112,1
ARDG_AQUA bream350 gr27cm  281025 1548002.csv,4260,0
ARDG_AQUA bream150gr21cm  281025 1548002.csv,2105,0
ARDG_AQUA bream 630gr 31cm  281025 1400002.csv,11138,0
ARDG_AQUA bream 150gr 21 sm  281025 1132004.csv,9625,1
ARDG_AQUA bream 280gr 24cm  281025 1425002.csv,360,1
ARDG_AQUA bream 390gr 26cm  281025 1325003.csv,11866,0
ARDG_AQUA bream630gr 32cm  281025 1500002.csv,4727,0
ARDG_AQUA bream630gr 32cm  281025 1500002.csv,4658,0
ARDG_AQUA bream500gr 30cm  281025 1500002.csv,7000,0
ARDG_AQUA bream556gr 30cm  281025 1500002.csv,8632,0
ARDG_AQUA bream500gr 30cm  281025 1500002.csv,5974,0
ARDG_AQUA bream500gr 30cm  281025 1500002.csv,9426,0
ARDG_AQUA bream630gr 32cm  281025 1500002.csv,52,0
ARDG_AQUA bream 680gr 33 sm  281025 1208003.csv,1770,1
ARDG_AQUA bream 680gr 33 sm  281025 1208003.csv,9490,1
ARDG_AQUA bream150gr21cm  281025 1548002.csv,5173,0
ARDG_AQUA bream500gr 30cm  281025 1500002.csv,7974,0
ARDG_AQUA bream 150gr 21 sm  281025 1132002.csv,11023,0
ARDG_AQUA bream620 gr31cm  281025 1618003.csv,4532,0
ARDG_AQUA bream500gr 30cm  281025 1500003.csv,1335,0
ARDG_AQUA bream556gr 30cm  281025 1500002.csv,10641,0
ARDG_AQUA bream 800gr 36cm  281025 1453002.csv,214,0
ARDG_AQUA bream556gr 30cm  281025 1500002.csv,9669,0
ARDG_AQUA bream 680gr 33 sm  281025 1208003.csv,6140,1
ARDG_AQUA bream556gr 30cm  281025 1500002.csv,8577,0
ARDG_AQUA bream556gr 30cm  281025 1500002.csv,11515,0
ARDG_AQUA bream 630gr 31cm  281025 1400002.csv,6721,0
ARDG_AQUA bream556gr 30cm  281025 1500002.csv,10858,0
ARDG_AQUA bream 150gr 21 sm  281025 1132004.csv,7777,0
ARDG_AQUA bream 150gr 21 sm  281025 1132004.csv,2075,0
ARDG_AQUA bream 630gr 31cm  281025 1400002.csv,8302,1
ARDG_AQUA bream 150gr 21 sm  281025 1132002.csv,10209,0
ARDG_AQUA bream150gr21cm  281025 1548002.csv,866,0
ARDG_AQUA bream620 gr31cm  281025 1618003.csv,3314,0
ARDG_AQUA bream 280gr 24cm  281025 1425002.csv,2021,0
ARDG_AQUA bream 280gr 24cm  281025 1425002.csv,565,0
ARDG_AQUA bream150gr21cm  281025 1548002.csv,3419,1
ARDG_AQUA bream 390gr 26cm  281025 1325005.csv,2515,1
ARDG_AQUA bream150gr21cm  281025 1548002.csv,5158,0
ARDG_AQUA bream150gr21cm  281025 1548002.csv,8385,0
ARDG_AQUA bream500gr 30cm  281025 1500002.csv,9251,1
ARDG_AQUA bream 150gr 21 sm  281025 1132002.csv,8617,0
ARDG_AQUA bream620 gr31cm  281025 1618003.csv,6840,1
ARDG_AQUA bream 580gr 30 sm  281025 1254003.csv,7587,0
ARDG_AQUA bream556gr 30cm  281025 1500002.csv,10004,0
ARDG_AQUA bream 310gr 23 sm  281025 1233002.csv,806,1
ARDG_AQUA bream556gr 30cm  281025 1500002.csv,8555,0
ARDG_AQUA bream500gr 30cm  281025 1500002.csv,9420,0
ARDG_AQUA bream500gr 30cm  281025 1500002.csv,10121,0
ARDG_AQUA bream 390gr 26cm  281025 1325005.csv,3083,0
ARDG_AQUA bream556gr 30cm  281025 1500002.csv,3451,0
ARDG_AQUA bream 150gr 21 sm  281025 1132004.csv,7468,0
ARDG_AQUA bream 150gr 21 sm  281025 1132004.csv,8122,0
ARDG_AQUA bream 150gr 21 sm  281025 1132002.csv,7884,0
ARDG_AQUA bream 580gr 30 sm  281025 1254002.csv,7130,0
ARDG_AQUA bream350 gr27cm  281025 1548002.csv,5100,0
ARDG_AQUA bream 630gr 31cm  281025 1400002.csv,5259,1
ARDG_AQUA bream150gr21cm  281025 1548002.csv,906,0
ARDG_AQUA bream556gr 30cm  281025 1500002.csv,10638,0
ARDG_AQUA bream 580gr 30 sm  281025 1254002.csv,4393,0
ARDG_AQUA bream150gr21cm  281025 1548002.csv,8859,0
ARDG_AQUA bream 680gr 33 sm  281025 1208003.csv,467,0
ARDG_AQUA bream 580gr 30 sm  281025 1254003.csv,4523,0
ARDG_AQUA bream 150gr 21 sm  281025 1132004.csv,2947,0
ARDG_AQUA bream500gr 30cm  281025 1500002.csv,8522,0
ARDG_AQUA bream 150gr 21 sm  281025 1132004.csv,10273,0
ARDG_AQUA bream 150gr 21 sm  281025 1132002.csv,2424,0
ARDG_AQUA bream 580gr 30 sm  281025 1254003.csv,215,0
ARDG_AQUA bream500gr 30cm  281025 1500002.csv,9460,0
ARDG_AQUA bream 580gr 30 sm  281025 1254003.csv,423,0
ARDG_AQUA bream500gr 30cm  281025 1500003.csv,1393,0
ARDG_AQUA bream150gr21cm  281025 1548002.csv,186,0
ARDG_AQUA bream500gr 30cm  281025 1500003.csv,2116,1
ARDG_AQUA bream 150gr 21 sm  281025 1132004.csv,10884,0
ARDG_AQUA bream150gr21cm  281025 1548002.csv,26,0
ARDG_AQUA bream 340gr 27cm  281025 1415002.csv,678,0
ARDG_AQUA bream500gr 30cm  281025 1500002.csv,11418,0
ARDG_AQUA bream 390gr 26cm  281025 1325003.csv,9452,1
ARDG_AQUA bream 310gr 23 sm  281025 1233002.csv,8701,1
ARDG_AQUA bream 630gr 31cm  281025 1400002.csv,1692,1
ARDG_AQUA bream 310gr 23 sm  281025 1233002.csv,8172,0
ARDG_AQUA bream500gr 30cm  281025 1500003.csv,4285,0
ARDG_AQUA bream556gr 30cm  281025 1500002.csv,1182,0
ARDG_AQUA bream 150gr 21 sm  281025 1132002.csv,9959,0
ARDG_AQUA bream350 gr27cm  281025 1548002.csv,4342,0
ARDG_AQUA bream 680gr 33 sm  281025 1208003.csv,11605,0
ARDG_AQUA bream 800gr 36cm  281025 1453002.csv,304,0
ARDG_AQUA bream500gr 30cm  281025 1500003.csv,1272,0
ARDG_AQUA bream 580gr 30 sm  281025 1254003.csv,3992,0
ARDG_AQUA bream 280gr 24cm  281025 1425002.csv,4049,0
ARDG_AQUA bream 680gr 33 sm  281025 1208003.csv,4623,1
ARDG_AQUA bream 630gr 31cm  281025 1400002.csv,174,0
ARDG_AQUA bream 680gr 33 sm  281025 1208003.csv,9180,0
ARDG_AQUA bream 630gr 31cm  281025 1400002.csv,9244,1
ARDG_AQUA bream 150gr 21 sm  281025 1132004.csv,7040,0
ARDG_AQUA bream150gr21cm  281025 1548002.csv,6174,0
ARDG_AQUA bream 150gr 21 sm  281025 1132002.csv,10028,0
ARDG_AQUA bream 680gr 33 sm  281025 1208003.csv,3746,1
ARDG_AQUA bream620 gr31cm  281025 1618003.csv,2446,0
ARDG_AQUA bream 630gr 31cm  281025 1400002.csv,3028,1
ARDG_AQUA bream630gr 32cm  281025 1500002.csv,6640,0
ARDG_AQUA bream 580gr 30 sm  281025 1254002.csv,3013,0
ARDG_AQUA bream556gr 30cm  281025 1500002.csv,4085,0
ARDG_AQUA bream500gr 30cm  281025 1500003.csv,613,1
ARDG_AQUA bream500gr 30cm  281025 1500002.csv,2787,1
ARDG_AQUA bream 150gr 21 sm  281025 1132002.csv,2073,0
ARDG_AQUA bream620 gr31cm  281025 1618003.csv,1240,0
ARDG_AQUA bream150gr21cm  281025 1548002.csv,7080,0
ARDG_AQUA bream500gr 30cm  281025 1500002.csv,7662,0
ARDG_AQUA bream150gr21cm  281025 1548002.csv,5145,0
ARDG_AQUA bream 580gr 30 sm  281025 1254002.csv,4989,1
ARDG_AQUA bream 280gr 24cm  281025 1425002.csv,4712,0
ARDG_AQUA bream 150gr 21 sm  281025 1132002.csv,773,0
ARDG_AQUA bream556gr 30cm  281025 1500002.csv,4628,0
ARDG_AQUA bream150gr21cm  281025 1548002.csv,504,0
ARDG_AQUA bream 580gr 30 sm  281025 1254003.csv,4060,0
ARDG_AQUA bream 150gr 21 sm  281025 1132004.csv,7507,0
ARDG_AQUA bream 150gr 21 sm  281025 1132004.csv,10926,0
ARDG_AQUA bream620 gr31cm  281025 1618003.csv,10472,1
ARDG_AQUA bream 280gr 24cm  281025 1425002.csv,2288,0
ARDG_AQUA bream556gr 30cm  281025 1500002.csv,4522,0
ARDG_AQUA bream500gr 30cm  281025 1500002.csv,8212,0
ARDG_AQUA bream 800gr 36cm  281025 1453002.csv,3979,0
ARDG_AQUA bream 310gr 23 sm  281025 1233002.csv,8071,0
ARDG_AQUA bream 580gr 30 sm  281025 1254003.csv,9063,1
ARDG_AQUA bream 390gr 26cm  281025 1325003.csv,9696,1
ARDG_AQUA bream 340gr 27cm  281025 1415002.csv,1711,0
ARDG_AQUA bream556gr 30cm  281025 1500002.csv,1224,0
ARDG_AQUA bream556gr 30cm  281025 1500002.csv,5932,0
ARDG_AQUA bream500gr 30cm  281025 1500002.csv,5850,0
ARDG_AQUA bream150gr21cm  281025 1548002.csv,5289,0
ARDG_AQUA bream 580gr 30 sm  281025 1254003.csv,2939,1
ARDG_AQUA bream556gr 30cm  281025 1500002.csv,10249,1
ARDG_AQUA bream 310gr 23 sm  281025 1233003.csv,991,0
ARDG_AQUA bream500gr 30cm  281025 1500002.csv,3878,1
ARDG_AQUA bream 150gr 21 sm  281025 1132002.csv,3006,1
ARDG_AQUA bream 800gr 36cm  281025 1453002.csv,402,0
ARDG_AQUA bream 390gr 26cm  281025 1325005.csv,4371,0
ARDG_AQUA bream 630gr 31cm  281025 1400002.csv,2352,0
ARDG_AQUA bream 310gr 23 sm  281025 1233002.csv,4830,0
ARDG_AQUA bream 150gr 21 sm  281025 1132004.csv,10169,0
ARDG_AQUA bream 580gr 30 sm  281025 1254003.csv,6855,0
ARDG_AQUA bream 390gr 26cm  281025 1325003.csv,10771,1
ARDG_AQUA bream 280gr 24cm  281025 1425002.csv,3103,1
ARDG_AQUA bream 150gr 21 sm  281025 1132004.csv,7478,0
ARDG_AQUA bream 150gr 21 sm  281025 1132004.csv,2328,0
ARDG_AQUA bream 150gr 21 sm  281025 1132002.csv,7191,0
ARDG_AQUA bream500gr 30cm  281025 1500002.csv,8182,0
ARDG_AQUA bream 150gr 21 sm  281025 1132002.csv,1878,0
ARDG_AQUA bream 390gr 26cm  281025 1325005.csv,11929,0
ARDG_AQUA bream 150gr 21 sm  281025 1132004.csv,9386,0
ARDG_AQUA bream 150gr 21 sm  281025 1132004.csv,7057,0
ARDG_AQUA bream630gr 32cm  281025 1500002.csv,5301,1
ARDG_AQUA bream 680gr 33 sm  281025 1208003.csv,7911,1
ARDG_AQUA bream 680gr 33 sm  281025 1208003.csv,10383,0
ARDG_AQUA bream 630gr 31cm  281025 1400002.csv,9961,1
ARDG_AQUA bream150gr21cm  281025 1548002.csv,887,0
ARDG_AQUA bream556gr 30cm  281025 1500002.csv,10360,1
ARDG_AQUA bream350 gr27cm  281025 1548002.csv,4030,0
ARDG_AQUA bream556gr 30cm  281025 1500002.csv,11933,0
ARDG_AQUA bream500gr 30cm  281025 1500002.csv,3609,0
ARDG_AQUA bream 580gr 30 sm  281025 1254003.csv,539,0
ARDG_AQUA bream 150gr 21 sm  281025 1132004.csv,1660,0
ARDG_AQUA bream350 gr27cm  281025 1548002.csv,2860,0
ARDG_AQUA bream 280gr 24cm  281025 1425002.csv,3975,0
ARDG_AQUA bream 150gr 21 sm  281025 1132004.csv,8220,0
ARDG_AQUA bream 680gr 33 sm  281025 1208003.csv,1832,1
ARDG_AQUA bream 150gr 21 sm  281025 1132004.csv,7056,0
ARDG_AQUA bream 390gr 26cm  281025 1325005.csv,11542,0
ARDG_AQUA bream 280gr 24cm  281025 1425002.csv,1202,0
ARDG_AQUA bream 580gr 30 sm  281025 1254003.csv,4063,0
ARDG_AQUA bream 390gr 26cm  281025 1325005.csv,107,0
ARDG_AQUA bream150gr21cm  281025 1548002.csv,3626,0
ARDG_AQUA bream 390gr 26cm  281025 1325005.csv,91,0
ARDG_AQUA bream 630gr 31cm  281025 1400002.csv,4313,0
ARDG_AQUA bream620 gr31cm  281025 1618003.csv,4477,0
ARDG_AQUA bream 680gr 33 sm  281025 1208003.csv,7615,1
ARDG_AQUA bream 630gr 31cm  281025 1400002.csv,4612,0
ARDG_AQUA bream 150gr 21 sm  281025 1132004.csv,2255,0
ARDG_AQUA bream 680gr 33 sm  281025 1208003.csv,5574,0
ARDG_AQUA bream 150gr 21 sm  281025 1132002.csv,9733,0
ARDG_AQUA bream 150gr 21 sm  281025 1132002.csv,5808,0
ARDG_AQUA bream556gr 30cm  281025 1500002.csv,10153,0
ARDG_AQUA bream 580gr 30 sm  281025 1254003.csv,9712,1
ARDG_AQUA bream620 gr31cm  281025 1618003.csv,4424,0
ARDG_AQUA bream556gr 30cm  281025 1500002.csv,5339,0
ARDG_AQUA bream 280gr 24cm  281025 1425002.csv,1071,1
ARDG_AQUA bream150gr21cm  281025 1548002.csv,25,0
ARDG_AQUA bream 680gr 33 sm  281025 1208003.csv,6599,0
ARDG_AQUA bream150gr21cm  281025 1548002.csv,6912,0
ARDG_AQUA bream556gr 30cm  281025 1500002.csv,9934,0
ARDG_AQUA bream620 gr31cm  281025 1618004.csv,2144,0
ARDG_AQUA bream 580gr 30 sm  281025 1254003.csv,451,0
ARDG_AQUA bream 150gr 21 sm  281025 1132002.csv,8996,0
ARDG_AQUA bream 580gr 30 sm  281025 1254002.csv,3493,1
ARDG_AQUA bream 680gr 33 sm  281025 1208003.csv,3832,1
ARDG_AQUA bream 150gr 21 sm  281025 1132004.csv,7277,0
ARDG_AQUA bream500gr 30cm  281025 1500002.csv,11476,0
ARDG_AQUA bream556gr 30cm  281025 1500002.csv,4985,0
ARDG_AQUA bream 580gr 30 sm  281025 1254003.csv,1886,0
ARDG_AQUA bream 580gr 30 sm  281025 1254002.csv,1622,0
ARDG_AQUA bream 310gr 23 sm  281025 1233003.csv,229,1
ARDG_AQUA bream500gr 30cm  281025 1500002.csv,7033,0
ARDG_AQUA bream 150gr 21 sm  281025 1132004.csv,11545,0
ARDG_AQUA bream 280gr 24cm  281025 1425002.csv,4123,0
ARDG_AQUA bream556gr 30cm  281025 1500002.csv,8253,0
ARDG_AQUA bream150gr21cm  281025 1548002.csv,1438,0
ARDG_AQUA bream 580gr 30 sm  281025 1254002.csv,1657,0
ARDG_AQUA bream 150gr 21 sm  281025 1132004.csv,11797,0
ARDG_AQUA bream150gr21cm  281025 1548002.csv,4462,0
ARDG_AQUA bream500gr 30cm  281025 1500002.csv,917,0
ARDG_AQUA bream 580gr 30 sm  281025 1254002.csv,10440,1
ARDG_AQUA bream 580gr 30 sm  281025 1254003.csv,6544,0
ARDG_AQUA bream556gr 30cm  281025 1500002.csv,6359,0
ARDG_AQUA bream 150gr 21 sm  281025 1132004.csv,3668,0
ARDG_AQUA bream556gr 30cm  281025 1500002.csv,6213,0
ARDG_AQUA bream 580gr 30 sm  281025 1254002.csv,7190,0
ARDG_AQUA bream500gr 30cm  281025 1500002.csv,4002,0
ARDG_AQUA bream 150gr 21 sm  281025 1132002.csv,9044,0
ARDG_AQUA bream 390gr 26cm  281025 1325005.csv,8948,1
ARDG_AQUA bream 150gr 21 sm  281025 1132004.csv,3025,1
ARDG_AQUA bream350 gr27cm  281025 1548002.csv,5853,1
ARDG_AQUA bream 280gr 24cm  281025 1425002.csv,5556,0
ARDG_AQUA bream 580gr 30 sm  281025 1254003.csv,8772,0
ARDG_AQUA bream620 gr31cm  281025 1618003.csv,7012,1
ARDG_AQUA bream 800gr 36cm  281025 1453002.csv,3248,0
ARDG_AQUA bream 630gr 31cm  281025 1400002.csv,6819,0
ARDG_AQUA bream 630gr 31cm  281025 1400002.csv,4958,1
ARDG_AQUA bream500gr 30cm  281025 1500002.csv,4382,0
ARDG_AQUA bream 150gr 21 sm  281025 1132002.csv,7088,0
ARDG_AQUA bream 680gr 33 sm  281025 1208003.csv,9690,1
ARDG_AQUA bream 630gr 31cm  281025 1400002.csv,1898,1
ARDG_AQUA bream 280gr 24cm  281025 1425002.csv,5079,0
ARDG_AQUA bream 310gr 23 sm  281025 1233002.csv,115,0
ARDG_AQUA bream 150gr 21 sm  281025 1132004.csv,4114,1
ARDG_AQUA bream630gr 32cm  281025 1500002.csv,40,0
ARDG_AQUA bream 680gr 33 sm  281025 1208003.csv,5509,0
ARDG_AQUA bream556gr 30cm  281025 1500002.csv,613,0
ARDG_AQUA bream556gr 30cm  281025 1500002.csv,3907,0
ARDG_AQUA bream556gr 30cm  281025 1500002.csv,7875,0
ARDG_AQUA bream500gr 30cm  281025 1500002.csv,200,1
ARDG_AQUA bream500gr 30cm  281025 1500002.csv,3748,1
ARDG_AQUA bream 390gr 26cm  281025 1325005.csv,3858,0
ARDG_AQUA bream 310gr 23 sm  281025 1233002.csv,4819,0
ARDG_AQUA bream 280gr 24cm  281025 1425002.csv,4772,0
ARDG_AQUA bream556gr 30cm  281025 1500002.csv,6246,0
ARDG_AQUA bream 800gr 36cm  281025 1453002.csv,2224,1
ARDG_AQUA bream 630gr 31cm  281025 1400002.csv,6481,0
ARDG_AQUA bream 310gr 23 sm  281025 1233002.csv,9373,0
ARDG_AQUA bream556gr 30cm  281025 1500002.csv,6408,0
ARDG_AQUA bream 680gr 33 sm  281025 1208003.csv,11985,0
ARDG_AQUA bream 280gr 24cm  281025 1425002.csv,4185,0
ARDG_AQUA bream 580gr 30 sm  281025 1254003.csv,763,0
ARDG_AQUA bream 310gr 23 sm  281025 1233002.csv,10871,0
ARDG_AQUA bream350 gr27cm  281025 1548002.csv,1870,0
ARDG_AQUA bream556gr 30cm  281025 1500002.csv,8934,0
ARDG_AQUA bream 680gr 33 sm  281025 1208003.csv,3494,0
ARDG_AQUA bream 580gr 30 sm  281025 1254002.csv,915,0
ARDG_AQUA bream 310gr 23 sm  281025 1233002.csv,2882,1
ARDG_AQUA bream620 gr31cm  281025 1618003.csv,4616,1
ARDG_AQUA bream 310gr 23 sm  281025 1233002.csv,4861,0
ARDG_AQUA bream500gr 30cm  281025 1500002.csv,8223,0
ARDG_AQUA bream500gr 30cm  281025 1500002.csv,4982,0
ARDG_AQUA bream 150gr 21 sm  281025 1132004.csv,1571,0
ARDG_AQUA bream 630gr 31cm  281025 1400002.csv,6841,0
ARDG_AQUA bream 280gr 24cm  281025 1425002.csv,558,0
ARDG_AQUA bream 310gr 23 sm  281025 1233002.csv,11185,1
ARDG_AQUA bream556gr 30cm  281025 1500002.csv,7757,0
ARDG_AQUA bream 580gr 30 sm  281025 1254002.csv,9270,0
ARDG_AQUA bream 150gr 21 sm  281025 1132004.csv,10922,0
ARDG_AQUA bream 150gr 21 sm  281025 1132004.csv,7875,0
ARDG_AQUA bream500gr 30cm  281025 1500003.csv,1406,0
ARDG_AQUA bream500gr 30cm  281025 1500002.csv,8276,0
ARDG_AQUA bream556gr 30cm  281025 1500002.csv,4730,0
ARDG_AQUA bream556gr 30cm  281025 1500002.csv,8568,0
ARDG_AQUA bream350 gr27cm  281025 1548002.csv,5058,0
ARDG_AQUA bream 580gr 30 sm  281025 1254003.csv,3151,0
ARDG_AQUA bream 310gr 23 sm  281025 1233003.csv,380,1
ARDG_AQUA bream 150gr 21 sm  281025 1132004.csv,505,0
ARDG_AQUA bream 150gr 21 sm  281025 1132004.csv,8400,1
ARDG_AQUA bream500gr 30cm  281025 1500002.csv,2051,0
ARDG_AQUA bream620 gr31cm  281025 1618003.csv,10394,0
ARDG_AQUA bream 580gr 30 sm  281025 1254003.csv,879,0
ARDG_AQUA bream150gr21cm  281025 1548002.csv,8796,0
ARDG_AQUA bream630gr 32cm  281025 1500002.csv,2327,1
ARDG_AQUA bream500gr 30cm  281025 1500002.csv,6788,0
ARDG_AQUA bream 150gr 21 sm  281025 1132004.csv,2406,0
ARDG_AQUA bream150gr21cm  281025 1548002.csv,3306,0
ARDG_AQUA bream150gr21cm  281025 1548002.csv,6980,0
ARDG_AQUA bream150gr21cm  281025 1548002.csv,5109,0
ARDG_AQUA bream556gr 30cm  281025 1500002.csv,2132,0
ARDG_AQUA bream150gr21cm  281025 1548002.csv,1061,0
ARDG_AQUA bream556gr 30cm  281025 1500002.csv,10612,0
ARDG_AQUA bream 800gr 36cm  281025 1453002.csv,3900,0
ARDG_AQUA bream556gr 30cm  281025 1500002.csv,417,0
ARDG_AQUA bream500gr 30cm  281025 1500002.csv,5167,0
ARDG_AQUA bream 680gr 33 sm  281025 1208003.csv,11401,0
ARDG_AQUA bream500gr 30cm  281025 1500002.csv,11519,0
ARDG_AQUA bream 800gr 36cm  281025 1453002.csv,2320,0
ARDG_AQUA bream 800gr 36cm  281025 1453002.csv,2716,0
ARDG_AQUA bream 630gr 31cm  281025 1400002.csv,439,0
ARDG_AQUA bream 390gr 26cm  281025 1325005.csv,73,0
ARDG_AQUA bream 630gr 31cm  281025 1400002.csv,3202,0
ARDG_AQUA bream 150gr 21 sm  281025 1132004.csv,3936,0
ARDG_AQUA bream556gr 30cm  281025 1500002.csv,3643,0
ARDG_AQUA bream 150gr 21 sm  281025 1132004.csv,8176,0
ARDG_AQUA bream 580gr 30 sm  281025 1254002.csv,10635,1
ARDG_AQUA bream630gr 32cm  281025 1500002.csv,6275,0
ARDG_AQUA bream 150gr 21 sm  281025 1132002.csv,4317,0
ARDG_AQUA bream 390gr 26cm  281025 1325003.csv,10416,1
ARDG_AQUA bream 580gr 30 sm  281025 1254003.csv,3950,0
ARDG_AQUA bream500gr 30cm  281025 1500003.csv,681,0
ARDG_AQUA bream150gr21cm  281025 1548002.csv,5267,0
ARDG_AQUA bream500gr 30cm  281025 1500003.csv,1260,0
ARDG_AQUA bream 580gr 30 sm  281025 1254003.csv,835,0
ARDG_AQUA bream500gr 30cm  281025 1500003.csv,1099,0
ARDG_AQUA bream 580gr 30 sm  281025 1254003.csv,3267,1
ARDG_AQUA bream556gr 30cm  281025 1500002.csv,7056,0
ARDG_AQUA bream556gr 30cm  281025 1500002.csv,8168,0
ARDG_AQUA bream 310gr 23 sm  281025 1233002.csv,8050,0
ARDG_AQUA bream 580gr 30 sm  281025 1254002.csv,7910,1
ARDG_AQUA bream630gr 32cm  281025 1500002.csv,2006,1
ARDG_AQUA bream 150gr 21 sm  281025 1132002.csv,8604,0
ARDG_AQUA bream620 gr31cm  281025 1618003.csv,4447,0
ARDG_AQUA bream 150gr 21 sm  281025 1132002.csv,10067,0
ARDG_AQUA bream556gr 30cm  281025 1500002.csv,5271,0
ARDG_AQUA bream 680gr 33 sm  281025 1208003.csv,8905,1
ARDG_AQUA bream 280gr 24cm  281025 1425002.csv,1982,0
ARDG_AQUA bream 390gr 26cm  281025 1325003.csv,9272,1
ARDG_AQUA bream556gr 30cm  281025 1500002.csv,1154,0
ARDG_AQUA bream350 gr27cm  281025 1548002.csv,5087,0
ARDG_AQUA bream500gr 30cm  281025 1500002.csv,4016,0
ARDG_AQUA bream 390gr 26cm  281025 1325005.csv,5942,0
ARDG_AQUA bream556gr 30cm  281025 1500002.csv,7809,0
ARDG_AQUA bream556gr 30cm  281025 1500002.csv,10160,0
ARDG_AQUA bream150gr21cm  281025 1548002.csv,1056,0
ARDG_AQUA bream 800gr 36cm  281025 1453002.csv,4268,0
ARDG_AQUA bream 150gr 21 sm  281025 1132002.csv,3201,0
ARDG_AQUA bream620 gr31cm  281025 1618003.csv,5808,0
ARDG_AQUA bream 580gr 30 sm  281025 1254003.csv,311,0
ARDG_AQUA bream620 gr31cm  281025 1618003.csv,4394,0
ARDG_AQUA bream 150gr 21 sm  281025 1132002.csv,6808,1
ARDG_AQUA bream 800gr 36cm  281025 1453002.csv,1704,0
ARDG_AQUA bream 150gr 21 sm  281025 1132002.csv,5149,1
ARDG_AQUA bream 310gr 23 sm  281025 1233002.csv,1084,1
ARDG_AQUA bream500gr 30cm  281025 1500002.csv,6782,0
ARDG_AQUA bream556gr 30cm  281025 1500002.csv,1280,0
ARDG_AQUA bream150gr21cm  281025 1548002.csv,203,0
ARDG_AQUA bream 310gr 23 sm  281025 1233002.csv,10649,0
ARDG_AQUA bream150gr21cm  281025 1548002.csv,8466,0
ARDG_AQUA bream 150gr 21 sm  281025 1132002.csv,2086,0
ARDG_AQUA bream150gr21cm  281025 1548002.csv,217,0
ARDG_AQUA bream556gr 30cm  281025 1500002.csv,8289,0
ARDG_AQUA bream 680gr 33 sm  281025 1208003.csv,8670,1
ARDG_AQUA bream500gr 30cm  281025 1500002.csv,654,0
ARDG_AQUA bream556gr 30cm  281025 1500002.csv,11877,0
ARDG_AQUA bream 390gr 26cm  281025 1325005.csv,7511,1
ARDG_AQUA bream 310gr 23 sm  281025 1233002.csv,10424,0
ARDG_AQUA bream556gr 30cm  281025 1500002.csv,10469,1
ARDG_AQUA bream 150gr 21 sm  281025 1132002.csv,9690,0
ARDG_AQUA bream 580gr 30 sm  281025 1254002.csv,9899,0
ARDG_AQUA bream 280gr 24cm  281025 1425002.csv,1266,0
ARDG_AQUA bream500gr 30cm  281025 1500002.csv,10134,0
ARDG_AQUA bream620 gr31cm  281025 1618003.csv,10334,0
ARDG_AQUA bream 280gr 24cm  281025 1425002.csv,4771,0
ARDG_AQUA bream 310gr 23 sm  281025 1233002.csv,10376,0
ARDG_AQUA bream500gr 30cm  281025 1500002.csv,5676,0
ARDG_AQUA bream620 gr31cm  281025 1618003.csv,437,0
ARDG_AQUA bream 150gr 21 sm  281025 1132004.csv,7673,0
ARDG_AQUA bream500gr 30cm  281025 1500003.csv,3069,1
ARDG_AQUA bream 310gr 23 sm  281025 1233002.csv,8117,0
ARDG_AQUA bream 150gr 21 sm  281025 1132004.csv,2811,0
ARDG_AQUA bream500gr 30cm  281025 1500003.csv,1101,0
ARDG_AQUA bream630gr 32cm  281025 1500002.csv,4635,0
ARDG_AQUA bream 150gr 21 sm  281025 1132004.csv,8282,0
ARDG_AQUA bream 680gr 33 sm  281025 1208003.csv,5536,0
ARDG_AQUA bream556gr 30cm  281025 1500002.csv,899,0
ARDG_AQUA bream500gr 30cm  281025 1500002.csv,1302,0
ARDG_AQUA bream 150gr 21 sm  281025 1132004.csv,5018,0
ARDG_AQUA bream 580gr 30 sm  281025 1254003.csv,343,0
ARDG_AQUA bream 800gr 36cm  281025 1453002.csv,484,0
ARDG_AQUA bream 580gr 30 sm  281025 1254003.csv,11509,0
ARDG_AQUA bream 150gr 21 sm  281025 1132004.csv,11126,1
ARDG_AQUA bream 580gr 30 sm  281025 1254003.csv,7357,0
ARDG_AQUA bream 390gr 26cm  281025 1325005.csv,3122,0
ARDG_AQUA bream556gr 30cm  281025 1500002.csv,8635,0
ARDG_AQUA bream556gr 30cm  281025 1500002.csv,11125,0
ARDG_AQUA bream 390gr 26cm  281025 1325003.csv,11863,0
ARDG_AQUA bream500gr 30cm  281025 1500002.csv,8309,0
ARDG_AQUA bream 310gr 23 sm  281025 1233002.csv,8201,0
ARDG_AQUA bream 390gr 26cm  281025 1325005.csv,4931,0
ARDG_AQUA bream150gr21cm  281025 1548002.csv,8439,0
ARDG_AQUA bream500gr 30cm  281025 1500002.csv,8094,1
ARDG_AQUA bream 580gr 30 sm  281025 1254002.csv,6537,1
ARDG_AQUA bream 580gr 30 sm  281025 1254003.csv,11344,0
ARDG_AQUA bream350 gr27cm  281025 1548002.csv,2849,0
ARDG_AQUA bream620 gr31cm  281025 1618003.csv,7349,1
ARDG_AQUA bream556gr 30cm  281025 1500002.csv,1166,0
ARDG_AQUA bream 390gr 26cm  281025 1325003.csv,11812,0
ARDG_AQUA bream 150gr 21 sm  281025 1132002.csv,9736,0
ARDG_AQUA bream 150gr 21 sm  281025 1132002.csv,10128,0
ARDG_AQUA bream 150gr 21 sm  281025 1132004.csv,8657,0
ARDG_AQUA bream 580gr 30 sm  281025 1254002.csv,6639,0
ARDG_AQUA bream 280gr 24cm  281025 1425002.csv,1522,0
ARDG_AQUA bream620 gr31cm  281025 1618003.csv,3094,0
ARDG_AQUA bream 580gr 30 sm  281025 1254003.csv,1419,0
ARDG_AQUA bream556gr 30cm  281025 1500002.csv,7036,0
ARDG_AQUA bream 680gr 33 sm  281025 1208003.csv,4192,1
ARDG_AQUA bream 150gr 21 sm  281025 1132002.csv,12044,0
ARDG_AQUA bream 680gr 33 sm  281025 1208003.csv,1242,0
ARDG_AQUA bream 630gr 31cm  281025 1400002.csv,3145,0
ARDG_AQUA bream500gr 30cm  281025 1500002.csv,8656,0
ARDG_AQUA bream 800gr 36cm  281025 1453002.csv,2973,1
ARDG_AQUA bream 580gr 30 sm  281025 1254003.csv,4438,0
ARDG_AQUA bream556gr 30cm  281025 1500002.csv,11725,0
ARDG_AQUA bream 630gr 31cm  281025 1400002.csv,6771,0
ARDG_AQUA bream 150gr 21 sm  281025 1132004.csv,2228,0
ARDG_AQUA bream500gr 30cm  281025 1500002.csv,6974,0
ARDG_AQUA bream 580gr 30 sm  281025 1254002.csv,9804,1
ARDG_AQUA bream 390gr 26cm  281025 1325005.csv,3087,0
ARDG_AQUA bream350 gr27cm  281025 1548002.csv,645,0
ARDG_AQUA bream 150gr 21 sm  281025 1132004.csv,10018,0
ARDG_AQUA bream 580gr 30 sm  281025 1254002.csv,10985,0
ARDG_AQUA bream 390gr 26cm  281025 1325005.csv,9757,0
ARDG_AQUA bream 580gr 30 sm  281025 1254003.csv,6335,1
ARDG_AQUA bream556gr 30cm  281025 1500002.csv,2570,0
ARDG_AQUA bream556gr 30cm  281025 1500002.csv,6258,0
ARDG_AQUA bream150gr21cm  281025 1548002.csv,4637,0
ARDG_AQUA bream 800gr 36cm  281025 1453002.csv,4970,0
ARDG_AQUA bream556gr 30cm  281025 1500003.csv,34,0
ARDG_AQUA bream 150gr 21 sm  281025 1132002.csv,7957,0
ARDG_AQUA bream 580gr 30 sm  281025 1254002.csv,6633,0
ARDG_AQUA bream500gr 30cm  281025 1500003.csv,1380,0
ARDG_AQUA bream150gr21cm  281025 1548002.csv,8742,0
ARDG_AQUA bream500gr 30cm  281025 1500002.csv,11503,0
ARDG_AQUA bream556gr 30cm  281025 1500002.csv,8157,0
ARDG_AQUA bream500gr 30cm  281025 1500003.csv,419,0
ARDG_AQUA bream150gr21cm  281025 1548002.csv,4280,0
ARDG_AQUA bream500gr 30cm  281025 1500002.csv,9068,1
ARDG_AQUA bream 580gr 30 sm  281025 1254003.csv,3412,1
ARDG_AQUA bream556gr 30cm  281025 1500002.csv,7186,0
ARDG_AQUA bream 580gr 30 sm  281025 1254003.csv,3177,0
ARDG_AQUA bream 680gr 33 sm  281025 1208003.csv,5238,1
ARDG_AQUA bream150gr21cm  281025 1548002.csv,7210,0
ARDG_AQUA bream 680gr 33 sm  281025 1208003.csv,3506,0
ARDG_AQUA bream500gr 30cm  281025 1500002.csv,5404,0
ARDG_AQUA bream620 gr31cm  281025 1618004.csv,583,1
ARDG_AQUA bream556gr 30cm  281025 1500002.csv,5961,0
ARDG_AQUA bream 150gr 21 sm  281025 1132004.csv,1811,0
ARDG_AQUA bream 150gr 21 sm  281025 1132002.csv,4506,0
ARDG_AQUA bream 150gr 21 sm  281025 1132002.csv,9729,0
ARDG_AQUA bream150gr21cm  281025 1548002.csv,652,0
ARDG_AQUA bream 680gr 33 sm  281025 1208003.csv,11129,0
ARDG_AQUA bream 580gr 30 sm  281025 1254003.csv,5346,0
ARDG_AQUA bream620 gr31cm  281025 1618003.csv,3014,0
ARDG_AQUA bream 390gr 26cm  281025 1325005.csv,4618,1
ARDG_AQUA bream 150gr 21 sm  281025 1132004.csv,7019,0
ARDG_AQUA bream 580gr 30 sm  281025 1254003.csv,11034,0
ARDG_AQUA bream 390gr 26cm  281025 1325005.csv,10690,0
ARDG_AQUA bream150gr21cm  281025 1548002.csv,7503,0
ARDG_AQUA bream 580gr 30 sm  281025 1254003.csv,8416,0
ARDG_AQUA bream 580gr 30 sm  281025 1254003.csv,2579,0
ARDG_AQUA bream 580gr 30 sm  281025 1254003.csv,3543,1
ARDG_AQUA bream 580gr 30 sm  281025 1254003.csv,9304,0
ARDG_AQUA bream 310gr 23 sm  281025 1233002.csv,3965,0
ARDG_AQUA bream 800gr 36cm  281025 1453002.csv,586,0
ARDG_AQUA bream500gr 30cm  281025 1500002.csv,8279,0
ARDG_AQUA bream 150gr 21 sm  281025 1132004.csv,10303,0
ARDG_AQUA bream620 gr31cm  281025 1618003.csv,4466,0
ARDG_AQUA bream630gr 32cm  281025 1500002.csv,6045,0
ARDG_AQUA bream 150gr 21 sm  281025 1132004.csv,9307,0
ARDG_AQUA bream500gr 30cm  281025 1500003.csv,1321,0
ARDG_AQUA bream 630gr 31cm  281025 1400002.csv,11951,0
ARDG_AQUA bream500gr 30cm  281025 1500002.csv,11196,0
ARDG_AQUA bream556gr 30cm  281025 1500002.csv,10636,0
ARDG_AQUA bream500gr 30cm  281025 1500002.csv,56,1
ARDG_AQUA bream 150gr 21 sm  281025 1132004.csv,11985,0
ARDG_AQUA bream556gr 30cm  281025 1500002.csv,6212,0
ARDG_AQUA bream 630gr 31cm  281025 1400002.csv,11663,0
ARDG_AQUA bream 800gr 36cm  281025 1453002.csv,916,0
ARDG_AQUA bream 150gr 21 sm  281025 1132004.csv,5807,0
ARDG_AQUA bream556gr 30cm  281025 1500002.csv,8103,0
ARDG_AQUA bream 630gr 31cm  281025 1400002.csv,8628,0
ARDG_AQUA bream556gr 30cm  281025 1500002.csv,8173,0
ARDG_AQUA bream 310gr 23 sm  281025 1233002.csv,4000,0
ARDG_AQUA bream 150gr 21 sm  281025 1132004.csv,10969,0
ARDG_AQUA bream556gr 30cm  281025 1500002.csv,2330,0
ARDG_AQUA bream 580gr 30 sm  281025 1254003.csv,5762,0
ARDG_AQUA bream 580gr 30 sm  281025 1254002.csv,6975,0
ARDG_AQUA bream 580gr 30 sm  281025 1254002.csv,7062,0
ARDG_AQUA bream 390gr 26cm  281025 1325005.csv,10385,0
ARDG_AQUA bream556gr 30cm  281025 1500002.csv,6900,0
ARDG_AQUA bream 390gr 26cm  281025 1325005.csv,6092,0
ARDG_AQUA bream 310gr 23 sm  281025 1233002.csv,5182,0
ARDG_AQUA bream 150gr 21 sm  281025 1132002.csv,6200,1
ARDG_AQUA bream 310gr 23 sm  281025 1233002.csv,7316,1
ARDG_AQUA bream 340gr 27cm  281025 1415002.csv,1766,0
ARDG_AQUA bream 580gr 30 sm  281025 1254003.csv,8455,0
ARDG_AQUA bream556gr 30cm  281025 1500002.csv,1545,0
ARDG_AQUA bream 310gr 23 sm  281025 1233002.csv,7141,1
ARDG_AQUA bream 680gr 33 sm  281025 1208003.csv,1177,0
ARDG_AQUA bream620 gr31cm  281025 1618003.csv,4278,0
ARDG_AQUA bream630gr 32cm  281025 1500002.csv,710,1
ARDG_AQUA bream 150gr 21 sm  281025 1132002.csv,5528,0
ARDG_AQUA bream 150gr 21 sm  281025 1132004.csv,10395,0
ARDG_AQUA bream556gr 30cm  281025 1500002.csv,11075,0
ARDG_AQUA bream620 gr31cm  281025 1618003.csv,8257,1
ARDG_AQUA bream630gr 32cm  281025 1500002.csv,6620,0
ARDG_AQUA bream 310gr 23 sm  281025 1233002.csv,3263,1
ARDG_AQUA bream 680gr 33 sm  281025 1208003.csv,5900,1
ARDG_AQUA bream 150gr 21 sm  281025 1132004.csv,3152,1
ARDG_AQUA bream 580gr 30 sm  281025 1254003.csv,5282,0
ARDG_AQUA bream 280gr 24cm  281025 1425002.csv,4076,0
ARDG_AQUA bream150gr21cm  281025 1548002.csv,2724,0
ARDG_AQUA bream150gr21cm  281025 1548002.csv,6134,0
ARDG_AQUA bream 150gr 21 sm  281025 1132002.csv,11003,0
ARDG_AQUA bream 390gr 26cm  281025 1325005.csv,9756,0
ARDG_AQUA bream500gr 30cm  281025 1500003.csv,127,1
ARDG_AQUA bream350 gr27cm  281025 1548002.csv,4396,0
ARDG_AQUA bream 150gr 21 sm  281025 1132002.csv,6603,0
ARDG_AQUA bream 340gr 27cm  281025 1415002.csv,1681,0
ARDG_AQUA bream 280gr 24cm  281025 1425002.csv,5070,0
ARDG_AQUA bream500gr 30cm  281025 1500002.csv,419,0
ARDG_AQUA bream 630gr 31cm  281025 1400002.csv,6473,0
ARDG_AQUA bream500gr 30cm  281025 1500002.csv,8002,0
ARDG_AQUA bream 150gr 21 sm  281025 1132004.csv,10863,0
ARDG_AQUA bream350 gr27cm  281025 1548002.csv,4916,0
ARDG_AQUA bream150gr21cm  281025 1548002.csv,7157,0
ARDG_AQUA bream 150gr 21 sm  281025 1132002.csv,11533,0
ARDG_AQUA bream 340gr 27cm  281025 1415002.csv,584,0
ARDG_AQUA bream 390gr 26cm  281025 1325003.csv,10611,0
ARDG_AQUA bream 150gr 21 sm  281025 1132004.csv,10288,0
ARDG_AQUA bream 280gr 24cm  281025 1425002.csv,1293,0
ARDG_AQUA bream 580gr 30 sm  281025 1254002.csv,1937,0
ARDG_AQUA bream 150gr 21 sm  281025 1132002.csv,9497,0
ARDG_AQUA bream500gr 30cm  281025 1500002.csv,1477,0
ARDG_AQUA bream 680gr 33 sm  281025 1208003.csv,5543,0
ARDG_AQUA bream 390gr 26cm  281025 1325005.csv,11671,0
ARDG_AQUA bream 580gr 30 sm  281025 1254002.csv,11615,0
ARDG_AQUA bream 630gr 31cm  281025 1400002.csv,1240,1
ARDG_AQUA bream 390gr 26cm  281025 1325005.csv,6097,0
ARDG_AQUA bream 310gr 23 sm  281025 1233002.csv,8054,0
ARDG_AQUA bream 150gr 21 sm  281025 1132004.csv,7670,0
ARDG_AQUA bream556gr 30cm  281025 1500002.csv,9294,0
ARDG_AQUA bream 280gr 24cm  281025 1425002.csv,159,1
ARDG_AQUA bream350 gr27cm  281025 1548002.csv,2093,0
ARDG_AQUA bream 580gr 30 sm  281025 1254003.csv,10619,0
ARDG_AQUA bream 280gr 24cm  281025 1425002.csv,4565,1
ARDG_AQUA bream 630gr 31cm  281025 1400002.csv,11525,0
ARDG_AQUA bream500gr 30cm  281025 1500002.csv,5933,0
ARDG_AQUA bream 630gr 31cm  281025 1400002.csv,2059,0
ARDG_AQUA bream 580gr 30 sm  281025 1254003.csv,6096,1
ARDG_AQUA bream620 gr31cm  281025 1618004.csv,2436,0
ARDG_AQUA bream 580gr 30 sm  281025 1254003.csv,1888,0
ARDG_AQUA bream620 gr31cm  281025 1618003.csv,4476,0
ARDG_AQUA bream 390gr 26cm  281025 1325003.csv,679,0
ARDG_AQUA bream 390gr 26cm  281025 1325005.csv,10782,0
ARDG_AQUA bream556gr 30cm  281025 1500002.csv,9799,0
ARDG_AQUA bream556gr 30cm  281025 1500002.csv,4644,0
ARDG_AQUA bream 340gr 27cm  281025 1415002.csv,716,0
ARDG_AQUA bream150gr21cm  281025 1548002.csv,8094,1
ARDG_AQUA bream 580gr 30 sm  281025 1254002.csv,5503,1
ARDG_AQUA bream 150gr 21 sm  281025 1132004.csv,2318,0
ARDG_AQUA bream 150gr 21 sm  281025 1132002.csv,10112,0
ARDG_AQUA bream 340gr 27cm  281025 1415002.csv,2086,0
ARDG_AQUA bream 280gr 24cm  281025 1425002.csv,5004,0
ARDG_AQUA bream 800gr 36cm  281025 1453002.csv,1230,1
ARDG_AQUA bream500gr 30cm  281025 1500002.csv,4741,0
ARDG_AQUA bream 150gr 21 sm  281025 1132002.csv,9716,0
ARDG_AQUA bream 580gr 30 sm  281025 1254002.csv,10851,0
ARDG_AQUA bream150gr21cm  281025 1548002.csv,1752,0
ARDG_AQUA bream556gr 30cm  281025 1500002.csv,8994,0
ARDG_AQUA bream 150gr 21 sm  281025 1132004.csv,3566,0
ARDG_AQUA bream500gr 30cm  281025 1500002.csv,5958,0
ARDG_AQUA bream 580gr 30 sm  281025 1254003.csv,6516,0
ARDG_AQUA bream350 gr27cm  281025 1548002.csv,3247,1
ARDG_AQUA bream 680gr 33 sm  281025 1208003.csv,11145,0
ARDG_AQUA bream556gr 30cm  281025 1500002.csv,7134,0
ARDG_AQUA bream 580gr 30 sm  281025 1254003.csv,8406,0
ARDG_AQUA bream620 gr31cm  281025 1618004.csv,322,1
ARDG_AQUA bream150gr21cm  281025 1548002.csv,3514,1
ARDG_AQUA bream556gr 30cm  281025 1500002.csv,3227,0
ARDG_AQUA bream 580gr 30 sm  281025 1254003.csv,5312,0
ARDG_AQUA bream 150gr 21 sm  281025 1132004.csv,7102,0
ARDG_AQUA bream150gr21cm  281025 1548002.csv,7591,0
ARDG_AQUA bream500gr 30cm  281025 1500002.csv,9370,0
ARDG_AQUA bream500gr 30cm  281025 1500002.csv,9464,0
ARDG_AQUA bream 150gr 21 sm  281025 1132004.csv,8102,0
ARDG_AQUA bream556gr 30cm  281025 1500002.csv,8584,0
ARDG_AQUA bream620 gr31cm  281025 1618003.csv,7232,1
ARDG_AQUA bream556gr 30cm  281025 1500003.csv,1146,0
ARDG_AQUA bream 580gr 30 sm  281025 1254003.csv,8079,0
ARDG_AQUA bream 630gr 31cm  281025 1400002.csv,10077,1
ARDG_AQUA bream 580gr 30 sm  281025 1254003.csv,5759,0
ARDG_AQUA bream 390gr 26cm  281025 1325003.csv,11697,0
ARDG_AQUA bream620 gr31cm  281025 1618004.csv,1936,0
ARDG_AQUA bream620 gr31cm  281025 1618003.csv,5103,1
ARDG_AQUA bream 310gr 23 sm  281025 1233002.csv,4845,0
ARDG_AQUA bream 390gr 26cm  281025 1325005.csv,10716,0
ARDG_AQUA bream630gr 32cm  281025 1500002.csv,3939,1
ARDG_AQUA bream 630gr 31cm  281025 1400002.csv,11447,0
ARDG_AQUA bream556gr 30cm  281025 1500002.csv,908,0
ARDG_AQUA bream 310gr 23 sm  281025 1233002.csv,11954,1
ARDG_AQUA bream 280gr 24cm  281025 1425002.csv,2378,0
ARDG_AQUA bream 630gr 31cm  281025 1400002.csv,1342,1
ARDG_AQUA bream150gr21cm  281025 1548002.csv,6969,0
ARDG_AQUA bream500gr 30cm  281025 1500002.csv,2541,1
ARDG_AQUA bream150gr21cm  281025 1548002.csv,2007,1
ARDG_AQUA bream556gr 30cm  281025 1500002.csv,11272,0
ARDG_AQUA bream 630gr 31cm  281025 1400002.csv,4329,0
ARDG_AQUA bream 630gr 31cm  281025 1400002.csv,9522,0
ARDG_AQUA bream 150gr 21 sm  281025 1132004.csv,7363,1
ARDG_AQUA bream150gr21cm  281025 1548002.csv,5324,0
ARDG_AQUA bream500gr 30cm  281025 1500003.csv,4277,0
ARDG_AQUA bream 800gr 36cm  281025 1453002.csv,4095,0
ARDG_AQUA bream 150gr 21 sm  281025 1132004.csv,8229,0
ARDG_AQUA bream 680gr 33 sm  281025 1208003.csv,857,0
ARDG_AQUA bream 150gr 21 sm  281025 1132004.csv,3796,0
ARDG_AQUA bream150gr21cm  281025 1548002.csv,860,0
ARDG_AQUA bream556gr 30cm  281025 1500002.csv,7396,0
ARDG_AQUA bream 150gr 21 sm  281025 1132002.csv,3768,0
ARDG_AQUA bream 150gr 21 sm  281025 1132004.csv,7060,0
ARDG_AQUA bream556gr 30cm  281025 1500002.csv,7587,0
ARDG_AQUA bream 310gr 23 sm  281025 1233002.csv,10997,1
ARDG_AQUA bream500gr 30cm  281025 1500003.csv,3253,1
ARDG_AQUA bream 150gr 21 sm  281025 1132004.csv,8593,0
ARDG_AQUA bream 150gr 21 sm  281025 1132004.csv,2410,0
ARDG_AQUA bream500gr 30cm  281025 1500002.csv,5966,0
ARDG_AQUA bream150gr21cm  281025 1548002.csv,505,0
ARDG_AQUA bream620 gr31cm  281025 1618003.csv,998,0
ARDG_AQUA bream 800gr 36cm  281025 1453002.csv,3196,0
ARDG_AQUA bream556gr 30cm  281025 1500002.csv,6398,0
ARDG_AQUA bream 800gr 36cm  281025 1453002.csv,4734,0
ARDG_AQUA bream556gr 30cm  281025 1500003.csv,1249,0
ARDG_AQUA bream500gr 30cm  281025 1500002.csv,4903,0
ARDG_AQUA bream 680gr 33 sm  281025 1208003.csv,11117,0
ARDG_AQUA bream 580gr 30 sm  281025 1254003.csv,523,0
ARDG_AQUA bream 150gr 21 sm  281025 1132004.csv,1348,0
ARDG_AQUA bream630gr 32cm  281025 1500002.csv,6785,0
ARDG_AQUA bream 680gr 33 sm  281025 1208003.csv,10402,0
ARDG_AQUA bream500gr 30cm  281025 1500002.csv,9164,0
ARDG_AQUA bream 630gr 31cm  281025 1400002.csv,6878,0
ARDG_AQUA bream 150gr 21 sm  281025 1132004.csv,1873,0
ARDG_AQUA bream 680gr 33 sm  281025 1208003.csv,5465,0
ARDG_AQUA bream 150gr 21 sm  281025 1132004.csv,7090,0
ARDG_AQUA bream630gr 32cm  281025 1500002.csv,1948,1
ARDG_AQUA bream 580gr 30 sm  281025 1254003.csv,5368,0
ARDG_AQUA bream350 gr27cm  281025 1548002.csv,4933,0
ARDG_AQUA bream 630gr 31cm  281025 1400002.csv,774,0
ARDG_AQUA bream150gr21cm  281025 1548002.csv,4751,0
ARDG_AQUA bream 150gr 21 sm  281025 1132002.csv,9285,0
ARDG_AQUA bream500gr 30cm  281025 1500002.csv,10076,0
ARDG_AQUA bream 150gr 21 sm  281025 1132002.csv,7345,0
ARDG_AQUA bream150gr21cm  281025 1548002.csv,7563,0
ARDG_AQUA bream500gr 30cm  281025 1500002.csv,10323,0
ARDG_AQUA bream 630gr 31cm  281025 1400002.csv,9616,0
ARDG_AQUA bream 310gr 23 sm  281025 1233002.csv,3327,1
ARDG_AQUA bream 150gr 21 sm  281025 1132004.csv,8195,0
ARDG_AQUA bream 390gr 26cm  281025 1325003.csv,6592,0
ARDG_AQUA bream 150gr 21 sm  281025 1132002.csv,11883,0
ARDG_AQUA bream 630gr 31cm  281025 1400002.csv,9721,1
ARDG_AQUA bream 310gr 23 sm  281025 1233002.csv,5445,0
ARDG_AQUA bream 150gr 21 sm  281025 1132002.csv,12049,0
ARDG_AQUA bream150gr21cm  281025 1548002.csv,7513,0
ARDG_AQUA bream 310gr 23 sm  281025 1233002.csv,10583,0
ARDG_AQUA bream 150gr 21 sm  281025 1132002.csv,9723,0
ARDG_AQUA bream 680gr 33 sm  281025 1208003.csv,11653,0
ARDG_AQUA bream 150gr 21 sm  281025 1132004.csv,11765,0
ARDG_AQUA bream 280gr 24cm  281025 1425002.csv,4018,0
ARDG_AQUA bream 680gr 33 sm  281025 1208003.csv,2490,1
ARDG_AQUA bream 150gr 21 sm  281025 1132004.csv,7072,0
ARDG_AQUA bream 580gr 30 sm  281025 1254002.csv,2738,1
ARDG_AQUA bream150gr21cm  281025 1548002.csv,4680,0
ARDG_AQUA bream 150gr 21 sm  281025 1132004.csv,3576,0
ARDG_AQUA bream500gr 30cm  281025 1500002.csv,4962,0
ARDG_AQUA bream 390gr 26cm  281025 1325003.csv,11711,0
ARDG_AQUA bream556gr 30cm  281025 1500002.csv,801,1
ARDG_AQUA bream500gr 30cm  281025 1500002.csv,939,0
ARDG_AQUA bream150gr21cm  281025 1548002.csv,6166,0
ARDG_AQUA bream556gr 30cm  281025 1500002.csv,5673,0
ARDG_AQUA bream 680gr 33 sm  281025 1208003.csv,11229,0
ARDG_AQUA bream 800gr 36cm  281025 1453002.csv,3209,0
ARDG_AQUA bream500gr 30cm  281025 1500002.csv,8658,0
ARDG_AQUA bream 390gr 26cm  281025 1325003.csv,2263,0
ARDG_AQUA bream500gr 30cm  281025 1500003.csv,2039,0
ARDG_AQUA bream 630gr 31cm  281025 1400002.csv,3722,1
ARDG_AQUA bream 310gr 23 sm  281025 1233002.csv,4893,0
ARDG_AQUA bream556gr 30cm  281025 1500002.csv,8526,0
ARDG_AQUA bream150gr21cm  281025 1548002.csv,7568,0
ARDG_AQUA bream620 gr31cm  281025 1618003.csv,2954,0
ARDG_AQUA bream350 gr27cm  281025 1548002.csv,1708,0
ARDG_AQUA bream556gr 30cm  281025 1500002.csv,8545,0
ARDG_AQUA bream500gr 30cm  281025 1500002.csv,2048,0
ARDG_AQUA bream 150gr 21 sm  281025 1132002.csv,8972,0
ARDG_AQUA bream 580gr 30 sm  281025 1254002.csv,3407,0
ARDG_AQUA bream 630gr 31cm  281025 1400002.csv,1784,0
ARDG_AQUA bream 150gr 21 sm  281025 1132004.csv,4289,0
ARDG_AQUA bream500gr 30cm  281025 1500002.csv,8405,1
ARDG_AQUA bream 150gr 21 sm  281025 1132002.csv,7543,1
ARDG_AQUA bream500gr 30cm  281025 1500002.csv,8980,0
ARDG_AQUA bream 680gr 33 sm  281025 1208003.csv,2998,1
ARDG_AQUA bream556gr 30cm  281025 1500002.csv,6320,0
ARDG_AQUA bream500gr 30cm  281025 1500002.csv,8588,0
ARDG_AQUA bream350 gr27cm  281025 1548002.csv,4274,0
ARDG_AQUA bream 340gr 27cm  281025 1415002.csv,2001,0
ARDG_AQUA bream 150gr 21 sm  281025 1132004.csv,10350,0
ARDG_AQUA bream350 gr27cm  281025 1548002.csv,4306,0
ARDG_AQUA bream 580gr 30 sm  281025 1254003.csv,11399,0
ARDG_AQUA bream556gr 30cm  281025 1500002.csv,6651,0
ARDG_AQUA bream 150gr 21 sm  281025 1132002.csv,578,0
ARDG_AQUA bream 280gr 24cm  281025 1425002.csv,2033,0
ARDG_AQUA bream500gr 30cm  281025 1500002.csv,10325,0
ARDG_AQUA bream 150gr 21 sm  281025 1132004.csv,10188,0
ARDG_AQUA bream 680gr 33 sm  281025 1208003.csv,8428,0
ARDG_AQUA bream 150gr 21 sm  281025 1132002.csv,9215,1
ARDG_AQUA bream150gr21cm  281025 1548002.csv,8223,0
ARDG_AQUA bream 150gr 21 sm  281025 1132002.csv,9046,0
ARDG_AQUA bream 580gr 30 sm  281025 1254003.csv,7136,0
ARDG_AQUA bream556gr 30cm  281025 1500002.csv,3911,0
ARDG_AQUA bream 150gr 21 sm  281025 1132002.csv,7136,0
ARDG_AQUA bream500gr 30cm  281025 1500003.csv,1134,0
ARDG_AQUA bream500gr 30cm  281025 1500002.csv,3978,0
ARDG_AQUA bream620 gr31cm  281025 1618003.csv,5812,0
ARDG_AQUA bream 150gr 21 sm  281025 1132004.csv,2357,0
ARDG_AQUA bream556gr 30cm  281025 1500002.csv,5958,0
ARDG_AQUA bream150gr21cm  281025 1548002.csv,127,0
ARDG_AQUA bream 310gr 23 sm  281025 1233002.csv,10526,0
ARDG_AQUA bream 340gr 27cm  281025 1415002.csv,1651,0
ARDG_AQUA bream 390gr 26cm  281025 1325003.csv,6810,1
ARDG_AQUA bream 310gr 23 sm  281025 1233002.csv,5373,0
ARDG_AQUA bream 630gr 31cm  281025 1400002.csv,6592,1
ARDG_AQUA bream 390gr 26cm  281025 1325005.csv,9482,1
ARDG_AQUA bream 580gr 30 sm  281025 1254002.csv,9914,0
ARDG_AQUA bream556gr 30cm  281025 1500002.csv,4428,0
ARDG_AQUA bream500gr 30cm  281025 1500002.csv,4109,0
ARDG_AQUA bream 680gr 33 sm  281025 1208003.csv,268,1
ARDG_AQUA bream 310gr 23 sm  281025 1233002.csv,4835,0
ARDG_AQUA bream150gr21cm  281025 1548002.csv,6250,0
ARDG_AQUA bream 390gr 26cm  281025 1325005.csv,11545,0
ARDG_AQUA bream 390gr 26cm  281025 1325005.csv,6507,0
ARDG_AQUA bream500gr 30cm  281025 1500002.csv,6019,0
ARDG_AQUA bream556gr 30cm  281025 1500002.csv,7999,1
ARDG_AQUA bream556gr 30cm  281025 1500002.csv,8610,0
ARDG_AQUA bream556gr 30cm  281025 1500003.csv,1233,0
ARDG_AQUA bream620 gr31cm  281025 1618003.csv,5023,1
ARDG_AQUA bream556gr 30cm  281025 1500002.csv,7208,0
ARDG_AQUA bream350 gr27cm  281025 1548002.csv,339,1
ARDG_AQUA bream 150gr 21 sm  281025 1132004.csv,7677,0
ARDG_AQUA bream 630gr 31cm  281025 1400002.csv,11161,0
ARDG_AQUA bream500gr 30cm  281025 1500003.csv,425,0
ARDG_AQUA bream 150gr 21 sm  281025 1132002.csv,11679,1
ARDG_AQUA bream 580gr 30 sm  281025 1254002.csv,6883,1
ARDG_AQUA bream 150gr 21 sm  281025 1132002.csv,9702,0
ARDG_AQUA bream 280gr 24cm  281025 1425002.csv,2093,0
ARDG_AQUA bream 390gr 26cm  281025 1325005.csv,11428,0
ARDG_AQUA bream 150gr 21 sm  281025 1132004.csv,436,0
ARDG_AQUA bream150gr21cm  281025 1548002.csv,4295,0
ARDG_AQUA bream 150gr 21 sm  281025 1132002.csv,7902,0
ARDG_AQUA bream 800gr 36cm  281025 1453002.csv,3946,0
ARDG_AQUA bream350 gr27cm  281025 1548002.csv,4012,0
ARDG_AQUA bream 680gr 33 sm  281025 1208003.csv,2133,1
ARDG_AQUA bream620 gr31cm  281025 1618003.csv,2494,0
ARDG_AQUA bream556gr 30cm  281025 1500002.csv,5335,0
ARDG_AQUA bream500gr 30cm  281025 1500002.csv,941,0
ARDG_AQUA bream350 gr27cm  281025 1548002.csv,1915,0
ARDG_AQUA bream630gr 32cm  281025 1500002.csv,5799,0
ARDG_AQUA bream 580gr 30 sm  281025 1254003.csv,5886,1
ARDG_AQUA bream 390gr 26cm  281025 1325005.csv,8880,1
ARDG_AQUA bream 150gr 21 sm  281025 1132004.csv,67,0
ARDG_AQUA bream 280gr 24cm  281025 1425002.csv,3970,0
ARDG_AQUA bream 280gr 24cm  281025 1425002.csv,1428,0
ARDG_AQUA bream 680gr 33 sm  281025 1208003.csv,972,0
ARDG_AQUA bream 630gr 31cm  281025 1400002.csv,6285,1
ARDG_AQUA bream500gr 30cm  281025 1500002.csv,11205,0
ARDG_AQUA bream556gr 30cm  281025 1500002.csv,9029,0
ARDG_AQUA bream556gr 30cm  281025 1500003.csv,27,0
ARDG_AQUA bream 580gr 30 sm  281025 1254002.csv,10924,0
ARDG_AQUA bream 630gr 31cm  281025 1400002.csv,1810,0
ARDG_AQUA bream556gr 30cm  281025 1500002.csv,11741,0
ARDG_AQUA bream 150gr 21 sm  281025 1132004.csv,8925,1
ARDG_AQUA bream556gr 30cm  281025 1500002.csv,7651,0
ARDG_AQUA bream 310gr 23 sm  281025 1233002.csv,2282,1
ARDG_AQUA bream 150gr 21 sm  281025 1132002.csv,8259,1
ARDG_AQUA bream 580gr 30 sm  281025 1254002.csv,11527,0
ARDG_AQUA bream500gr 30cm  281025 1500002.csv,6770,0
ARDG_AQUA bream150gr21cm  281025 1548002.csv,6990,0
ARDG_AQUA bream500gr 30cm  281025 1500002.csv,1848,0
ARDG_AQUA bream 150gr 21 sm  281025 1132004.csv,8139,0
ARDG_AQUA bream 150gr 21 sm  281025 1132004.csv,2950,0
ARDG_AQUA bream 630gr 31cm  281025 1400002.csv,4638,0
ARDG_AQUA bream 680gr 33 sm  281025 1208003.csv,1297,0
ARDG_AQUA bream 630gr 31cm  281025 1400002.csv,11396,0
ARDG_AQUA bream 150gr 21 sm  281025 1132004.csv,7196,1
ARDG_AQUA bream 580gr 30 sm  281025 1254003.csv,1912,0
ARDG_AQUA bream500gr 30cm  281025 1500002.csv,4106,0
ARDG_AQUA bream630gr 32cm  281025 1500002.csv,2870,0
ARDG_AQUA bream 800gr 36cm  281025 1453002.csv,752,1
ARDG_AQUA bream150gr21cm  281025 1548002.csv,2612,0
ARDG_AQUA bream500gr 30cm  281025 1500002.csv,11937,1
ARDG_AQUA bream 580gr 30 sm  281025 1254003.csv,10509,0
ARDG_AQUA bream556gr 30cm  281025 1500002.csv,3167,0
ARDG_AQUA bream620 gr31cm  281025 1618004.csv,1498,1
ARDG_AQUA bream 340gr 27cm  281025 1415002.csv,371,1
ARDG_AQUA bream 580gr 30 sm  281025 1254003.csv,5434,0
ARDG_AQUA bream500gr 30cm  281025 1500003.csv,5037,0
ARDG_AQUA bream 150gr 21 sm  281025 1132002.csv,8010,0
ARDG_AQUA bream 310gr 23 sm  281025 1233003.csv,1219,0
ARDG_AQUA bream 580gr 30 sm  281025 1254003.csv,4471,0
ARDG_AQUA bream500gr 30cm  281025 1500002.csv,4138,0
ARDG_AQUA bream556gr 30cm  281025 1500002.csv,1512,0
ARDG_AQUA bream556gr 30cm  281025 1500003.csv,695,1
ARDG_AQUA bream 580gr 30 sm  281025 1254002.csv,8958,1
ARDG_AQUA bream 340gr 27cm  281025 1415002.csv,268,1
ARDG_AQUA bream 280gr 24cm  281025 1425002.csv,544,0
ARDG_AQUA bream150gr21cm  281025 1548002.csv,7712,1
ARDG_AQUA bream620 gr31cm  281025 1618003.csv,4351,0
ARDG_AQUA bream 150gr 21 sm  281025 1132004.csv,8672,0
ARDG_AQUA bream 680gr 33 sm  281025 1208003.csv,11093,0
ARDG_AQUA bream 150gr 21 sm  281025 1132004.csv,10302,0
ARDG_AQUA bream500gr 30cm  281025 1500002.csv,656,0
ARDG_AQUA bream556gr 30cm  281025 1500002.csv,2002,1
ARDG_AQUA bream556gr 30cm  281025 1500002.csv,8727,0
ARDG_AQUA bream630gr 32cm  281025 1500002.csv,1674,1
ARDG_AQUA bream 280gr 24cm  281025 1425002.csv,2738,1
ARDG_AQUA bream 390gr 26cm  281025 1325005.csv,1331,1
ARDG_AQUA bream 150gr 21 sm  281025 1132002.csv,10007,0
ARDG_AQUA bream 150gr 21 sm  281025 1132002.csv,5580,0
ARDG_AQUA bream556gr 30cm  281025 1500003.csv,1170,0
ARDG_AQUA bream630gr 32cm  281025 1500002.csv,6630,0
ARDG_AQUA bream 390gr 26cm  281025 1325005.csv,10889,1
ARDG_AQUA bream620 gr31cm  281025 1618004.csv,500,1
ARDG_AQUA bream556gr 30cm  281025 1500002.csv,1251,0
ARDG_AQUA bream556gr 30cm  281025 1500002.csv,2888,0
ARDG_AQUA bream 800gr 36cm  281025 1453002.csv,4100,0
ARDG_AQUA bream 580gr 30 sm  281025 1254003.csv,2887,1
ARDG_AQUA bream150gr21cm  281025 1548002.csv,7609,0
ARDG_AQUA bream 580gr 30 sm  281025 1254003.csv,8524,0
ARDG_AQUA bream 580gr 30 sm  281025 1254002.csv,4887,1
ARDG_AQUA bream 390gr 26cm  281025 1325005.csv,11178,0
ARDG_AQUA bream 390gr 26cm  281025 1325005.csv,277,0
ARDG_AQUA bream556gr 30cm  281025 1500002.csv,5681,0
ARDG_AQUA bream 150gr 21 sm  281025 1132004.csv,1875,0
ARDG_AQUA bream 630gr 31cm  281025 1400002.csv,3152,0
ARDG_AQUA bream500gr 30cm  281025 1500003.csv,407,0
ARDG_AQUA bream556gr 30cm  281025 1500003.csv,47,0
ARDG_AQUA bream630gr 32cm  281025 1500002.csv,955,0
ARDG_AQUA bream 310gr 23 sm  281025 1233002.csv,9519,1
ARDG_AQUA bream500gr 30cm  281025 1500003.csv,1474,0
ARDG_AQUA bream500gr 30cm  281025 1500002.csv,3161,0
ARDG_AQUA bream 580gr 30 sm  281025 1254003.csv,10624,0
ARDG_AQUA bream 310gr 23 sm  281025 1233002.csv,6190,1
ARDG_AQUA bream630gr 32cm  281025 1500002.csv,285,1
ARDG_AQUA bream620 gr31cm  281025 1618003.csv,11451,1
ARDG_AQUA bream150gr21cm  281025 1548002.csv,231,0
ARDG_AQUA bream150gr21cm  281025 1548002.csv,1750,0
ARDG_AQUA bream500gr 30cm  281025 1500002.csv,8988,0
ARDG_AQUA bream150gr21cm  281025 1548002.csv,4285,0
ARDG_AQUA bream 150gr 21 sm  281025 1132002.csv,10851,0
ARDG_AQUA bream350 gr27cm  281025 1548002.csv,2021,1
ARDG_AQUA bream 310gr 23 sm  281025 1233002.csv,1657,1
ARDG_AQUA bream500gr 30cm  281025 1500002.csv,9382,0
ARDG_AQUA bream 680gr 33 sm  281025 1208003.csv,8388,0
ARDG_AQUA bream 580gr 30 sm  281025 1254003.csv,347,0
ARDG_AQUA bream556gr 30cm  281025 1500002.csv,7682,0
ARDG_AQUA bream 800gr 36cm  281025 1453002.csv,1619,0
ARDG_AQUA bream 150gr 21 sm  281025 1132002.csv,7887,0
ARDG_AQUA bream620 gr31cm  281025 1618003.csv,9352,1
ARDG_AQUA bream150gr21cm  281025 1548002.csv,7567,0
ARDG_AQUA bream 150gr 21 sm  281025 1132004.csv,3678,0
ARDG_AQUA bream 680gr 33 sm  281025 1208003.csv,8229,0
ARDG_AQUA bream 800gr 36cm  281025 1453002.csv,4692,0
ARDG_AQUA bream 630gr 31cm  281025 1400002.csv,6764,0
ARDG_AQUA bream 150gr 21 sm  281025 1132004.csv,1602,0
ARDG_AQUA bream 580gr 30 sm  281025 1254003.csv,11499,0
ARDG_AQUA bream 630gr 31cm  281025 1400002.csv,3454,1
ARDG_AQUA bream150gr21cm  281025 1548002.csv,4825,1
ARDG_AQUA bream 340gr 27cm  281025 1415002.csv,638,0
ARDG_AQUA bream 390gr 26cm  281025 1325005.csv,63,0
ARDG_AQUA bream620 gr31cm  281025 1618003.csv,2570,0
ARDG_AQUA bream 150gr 21 sm  281025 1132004.csv,10947,0
ARDG_AQUA bream 630gr 31cm  281025 1400002.csv,11468,0
ARDG_AQUA bream630gr 32cm  281025 1500002.csv,1138,0
ARDG_AQUA bream 800gr 36cm  281025 1453002.csv,3639,0
ARDG_AQUA bream 310gr 23 sm  281025 1233002.csv,2131,0
ARDG_AQUA bream 580gr 30 sm  281025 1254003.csv,2191,0
ARDG_AQUA bream 390gr 26cm  281025 1325003.csv,11806,0
ARDG_AQUA bream500gr 30cm  281025 1500002.csv,433,0
ARDG_AQUA bream 580gr 30 sm  281025 1254002.csv,10320,1
ARDG_AQUA bream350 gr27cm  281025 1548002.csv,1187,1
ARDG_AQUA bream 800gr 36cm  281025 1453002.csv,4168,1
ARDG_AQUA bream 150gr 21 sm  281025 1132004.csv,10998,0
ARDG_AQUA bream556gr 30cm  281025 1500002.csv,5659,0
ARDG_AQUA bream 150gr 21 sm  281025 1132004.csv,8205,0
ARDG_AQUA bream630gr 32cm  281025 1500002.csv,1225,1
ARDG_AQUA bream620 gr31cm  281025 1618003.csv,5823,0
ARDG_AQUA bream556gr 30cm  281025 1500002.csv,4302,0
ARDG_AQUA bream 150gr 21 sm  281025 1132004.csv,8314,0
ARDG_AQUA bream 280gr 24cm  281025 1425002.csv,2039,0
ARDG_AQUA bream 150gr 21 sm  281025 1132004.csv,1789,0
ARDG_AQUA bream 390gr 26cm  281025 1325005.csv,11674,0
ARDG_AQUA bream556gr 30cm  281025 1500002.csv,9544,0
ARDG_AQUA bream 580gr 30 sm  281025 1254003.csv,187,0
ARDG_AQUA bream 800gr 36cm  281025 1453002.csv,1071,1
ARDG_AQUA bream 150gr 21 sm  281025 1132004.csv,580,0
ARDG_AQUA bream 280gr 24cm  281025 1425002.csv,4108,0
ARDG_AQUA bream 150gr 21 sm  281025 1132004.csv,7868,0
ARDG_AQUA bream 580gr 30 sm  281025 1254003.csv,7336,0
ARDG_AQUA bream620 gr31cm  281025 1618003.csv,19,0
ARDG_AQUA bream 390gr 26cm  281025 1325005.csv,11221,0
ARDG_AQUA bream 280gr 24cm  281025 1425002.csv,1492,0
ARDG_AQUA bream 280gr 24cm  281025 1425002.csv,3942,0
ARDG_AQUA bream556gr 30cm  281025 1500002.csv,4292,0
ARDG_AQUA bream 310gr 23 sm  281025 1233002.csv,5034,1
ARDG_AQUA bream 390gr 26cm  281025 1325005.csv,5617,0
ARDG_AQUA bream150gr21cm  281025 1548002.csv,6360,0
ARDG_AQUA bream 340gr 27cm  281025 1415002.csv,1551,0
ARDG_AQUA bream 580gr 30 sm  281025 1254003.csv,4539,0
ARDG_AQUA bream630gr 32cm  281025 1500002.csv,2106,1
ARDG_AQUA bream 310gr 23 sm  281025 1233003.csv,87,1
ARDG_AQUA bream 580gr 30 sm  281025 1254003.csv,943,0
ARDG_AQUA bream556gr 30cm  281025 1500003.csv,1378,0
ARDG_AQUA bream 580gr 30 sm  281025 1254003.csv,8735,0
ARDG_AQUA bream500gr 30cm  281025 1500002.csv,10777,0
ARDG_AQUA bream 580gr 30 sm  281025 1254002.csv,4532,1
ARDG_AQUA bream 150gr 21 sm  281025 1132002.csv,7984,0
ARDG_AQUA bream350 gr27cm  281025 1548002.csv,6624,0
ARDG_AQUA bream150gr21cm  281025 1548002.csv,8562,0
ARDG_AQUA bream 310gr 23 sm  281025 1233003.csv,1403,0
ARDG_AQUA bream556gr 30cm  281025 1500002.csv,5349,0
ARDG_AQUA bream150gr21cm  281025 1548002.csv,1814,0
ARDG_AQUA bream 580gr 30 sm  281025 1254003.csv,3922,0
ARDG_AQUA bream 280gr 24cm  281025 1425002.csv,1222,0
ARDG_AQUA bream500gr 30cm  281025 1500002.csv,1020,0
ARDG_AQUA bream 630gr 31cm  281025 1400002.csv,6844,0
ARDG_AQUA bream 310gr 23 sm  281025 1233002.csv,7815,1
ARDG_AQUA bream 390gr 26cm  281025 1325005.csv,11230,0
ARDG_AQUA bream150gr21cm  281025 1548002.csv,4187,0
ARDG_AQUA bream 630gr 31cm  281025 1400002.csv,11873,0
ARDG_AQUA bream556gr 30cm  281025 1500002.csv,11637,0
ARDG_AQUA bream 390gr 26cm  281025 1325003.csv,10874,1
ARDG_AQUA bream 800gr 36cm  281025 1453002.csv,1694,0
ARDG_AQUA bream350 gr27cm  281025 1548002.csv,5144,0
ARDG_AQUA bream 580gr 30 sm  281025 1254002.csv,9279,0
ARDG_AQUA bream620 gr31cm  281025 1618004.csv,240,0
ARDG_AQUA bream 800gr 36cm  281025 1453002.csv,170,0
ARDG_AQUA bream 340gr 27cm  281025 1415002.csv,2131,0
ARDG_AQUA bream 800gr 36cm  281025 1453002.csv,1736,0
ARDG_AQUA bream630gr 32cm  281025 1500002.csv,39,0
ARDG_AQUA bream 150gr 21 sm  281025 1132004.csv,7842,0
ARDG_AQUA bream 150gr 21 sm  281025 1132004.csv,8268,0
ARDG_AQUA bream 580gr 30 sm  281025 1254003.csv,619,0
ARDG_AQUA bream 150gr 21 sm  281025 1132004.csv,8206,0
ARDG_AQUA bream630gr 32cm  281025 1500002.csv,2994,1
ARDG_AQUA bream 580gr 30 sm  281025 1254002.csv,1300,0
ARDG_AQUA bream 150gr 21 sm  281025 1132004.csv,607,0
ARDG_AQUA bream350 gr27cm  281025 1548002.csv,6281,0
ARDG_AQUA bream 150gr 21 sm  281025 1132002.csv,8952,0
ARDG_AQUA bream 390gr 26cm  281025 1325005.csv,5627,0
ARDG_AQUA bream 150gr 21 sm  281025 1132004.csv,2198,0
ARDG_AQUA bream 150gr 21 sm  281025 1132004.csv,10455,0
ARDG_AQUA bream 630gr 31cm  281025 1400002.csv,9595,0
ARDG_AQUA bream556gr 30cm  281025 1500002.csv,1262,0
ARDG_AQUA bream 580gr 30 sm  281025 1254002.csv,7126,0
ARDG_AQUA bream 390gr 26cm  281025 1325005.csv,3118,0
ARDG_AQUA bream 310gr 23 sm  281025 1233002.csv,10195,1
ARDG_AQUA bream150gr21cm  281025 1548002.csv,5228,0
ARDG_AQUA bream500gr 30cm  281025 1500002.csv,10141,0
ARDG_AQUA bream150gr21cm  281025 1548002.csv,5897,0
ARDG_AQUA bream150gr21cm  281025 1548002.csv,8673,0
ARDG_AQUA bream 150gr 21 sm  281025 1132002.csv,9310,0
ARDG_AQUA bream620 gr31cm  281025 1618003.csv,4495,0
ARDG_AQUA bream 340gr 27cm  281025 1415002.csv,1801,0
ARDG_AQUA bream556gr 30cm  281025 1500002.csv,8271,0
ARDG_AQUA bream620 gr31cm  281025 1618003.csv,5809,0
ARDG_AQUA bream 390gr 26cm  281025 1325005.csv,9044,1
ARDG_AQUA bream 580gr 30 sm  281025 1254002.csv,5076,1
ARDG_AQUA bream 580gr 30 sm  281025 1254003.csv,8073,0
ARDG_AQUA bream150gr21cm  281025 1548002.csv,5564,0
ARDG_AQUA bream 580gr 30 sm  281025 1254002.csv,1615,0
ARDG_AQUA bream150gr21cm  281025 1548002.csv,1083,0
ARDG_AQUA bream556gr 30cm  281025 1500002.csv,707,0
ARDG_AQUA bream 390gr 26cm  281025 1325005.csv,10729,0
ARDG_AQUA bream 390gr 26cm  281025 1325005.csv,3406,0
ARDG_AQUA bream556gr 30cm  281025 1500002.csv,2675,0
ARDG_AQUA bream 580gr 30 sm  281025 1254003.csv,7398,0
ARDG_AQUA bream 580gr 30 sm  281025 1254002.csv,1804,0
ARDG_AQUA bream 390gr 26cm  281025 1325005.csv,9155,1
ARDG_AQUA bream 150gr 21 sm  281025 1132002.csv,3125,1
ARDG_AQUA bream500gr 30cm  281025 1500002.csv,7989,0
ARDG_AQUA bream 280gr 24cm  281025 1425002.csv,4182,0
ARDG_AQUA bream 390gr 26cm  281025 1325005.csv,8638,1
ARDG_AQUA bream 150gr 21 sm  281025 1132002.csv,3372,0
ARDG_AQUA bream 150gr 21 sm  281025 1132004.csv,1730,0
ARDG_AQUA bream 630gr 31cm  281025 1400002.csv,7190,1
ARDG_AQUA bream556gr 30cm  281025 1500002.csv,7747,0
ARDG_AQUA bream 580gr 30 sm  281025 1254002.csv,11517,0
ARDG_AQUA bream500gr 30cm  281025 1500003.csv,3169,0
ARDG_AQUA bream 150gr 21 sm  281025 1132004.csv,1480,1
ARDG_AQUA bream 580gr 30 sm  281025 1254003.csv,2004,0
ARDG_AQUA bream150gr21cm  281025 1548002.csv,4312,0
ARDG_AQUA bream 280gr 24cm  281025 1425002.csv,639,1
ARDG_AQUA bream 310gr 23 sm  281025 1233002.csv,9375,0
ARDG_AQUA bream 680gr 33 sm  281025 1208003.csv,10390,0
ARDG_AQUA bream620 gr31cm  281025 1618003.csv,10901,1
ARDG_AQUA bream 340gr 27cm  281025 1415002.csv,482,0
ARDG_AQUA bream556gr 30cm  281025 1500002.csv,8645,0
ARDG_AQUA bream 150gr 21 sm  281025 1132002.csv,760,0
ARDG_AQUA bream 580gr 30 sm  281025 1254003.csv,695,0
ARDG_AQUA bream556gr 30cm  281025 1500002.csv,409,0
ARDG_AQUA bream 150gr 21 sm  281025 1132004.csv,1665,0
ARDG_AQUA bream 150gr 21 sm  281025 1132002.csv,11035,0
ARDG_AQUA bream150gr21cm  281025 1548002.csv,3316,0
ARDG_AQUA bream 630gr 31cm  281025 1400002.csv,5356,1
ARDG_AQUA bream 150gr 21 sm  281025 1132004.csv,3780,0
ARDG_AQUA bream 580gr 30 sm  281025 1254002.csv,10848,0
ARDG_AQUA bream 580gr 30 sm  281025 1254003.csv,3921,0
ARDG_AQUA bream 280gr 24cm  281025 1425002.csv,5049,0
ARDG_AQUA bream556gr 30cm  281025 1500002.csv,2393,0
ARDG_AQUA bream620 gr31cm  281025 1618003.csv,5786,0
ARDG_AQUA bream620 gr31cm  281025 1618003.csv,3158,0
ARDG_AQUA bream150gr21cm  281025 1548002.csv,945,0
ARDG_AQUA bream 310gr 23 sm  281025 1233002.csv,10358,0
ARDG_AQUA bream150gr21cm  281025 1548002.csv,1415,0
ARDG_AQUA bream 580gr 30 sm  281025 1254002.csv,10902,0
ARDG_AQUA bream 800gr 36cm  281025 1453002.csv,1149,0
ARDG_AQUA bream 580gr 30 sm  281025 1254002.csv,11861,0
ARDG_AQUA bream 150gr 21 sm  281025 1132004.csv,6347,0
ARDG_AQUA bream 150gr 21 sm  281025 1132004.csv,2200,0
ARDG_AQUA bream 310gr 23 sm  281025 1233002.csv,6637,1
ARDG_AQUA bream 150gr 21 sm  281025 1132002.csv,9678,0
ARDG_AQUA bream 390gr 26cm  281025 1325003.csv,11876,0
ARDG_AQUA bream 390gr 26cm  281025 1325005.csv,10367,0
ARDG_AQUA bream 310gr 23 sm  281025 1233002.csv,8312,1
ARDG_AQUA bream500gr 30cm  281025 1500002.csv,1310,0
ARDG_AQUA bream 390gr 26cm  281025 1325005.csv,3140,0
ARDG_AQUA bream150gr21cm  281025 1548002.csv,6502,0
ARDG_AQUA bream150gr21cm  281025 1548002.csv,2151,0
ARDG_AQUA bream 580gr 30 sm  281025 1254002.csv,10994,0
ARDG_AQUA bream 390gr 26cm  281025 1325005.csv,3702,1
ARDG_AQUA bream 310gr 23 sm  281025 1233002.csv,11480,1
ARDG_AQUA bream150gr21cm  281025 1548002.csv,8580,0
ARDG_AQUA bream630gr 32cm  281025 1500002.csv,5800,0
ARDG_AQUA bream 310gr 23 sm  281025 1233002.csv,991,1
ARDG_AQUA bream 150gr 21 sm  281025 1132004.csv,7053,0
ARDG_AQUA bream 310gr 23 sm  281025 1233002.csv,5284,1
ARDG_AQUA bream500gr 30cm  281025 1500002.csv,9433,0
ARDG_AQUA bream 680gr 33 sm  281025 1208003.csv,5976,0
ARDG_AQUA bream 310gr 23 sm  281025 1233002.csv,5356,0
ARDG_AQUA bream 150gr 21 sm  281025 1132002.csv,8976,0
ARDG_AQUA bream150gr21cm  281025 1548002.csv,939,0
ARDG_AQUA bream 580gr 30 sm  281025 1254003.csv,1348,0
ARDG_AQUA bream556gr 30cm  281025 1500002.csv,7777,0
ARDG_AQUA bream 800gr 36cm  281025 1453002.csv,354,0
ARDG_AQUA bream 580gr 30 sm  281025 1254002.csv,7107,0
ARDG_AQUA bream556gr 30cm  281025 1500002.csv,5706,0
ARDG_AQUA bream500gr 30cm  281025 1500002.csv,4332,0
ARDG_AQUA bream 310gr 23 sm  281025 1233002.csv,10622,0
ARDG_AQUA bream 390gr 26cm  281025 1325003.csv,7888,1
ARDG_AQUA bream500gr 30cm  281025 1500003.csv,1357,0
ARDG_AQUA bream556gr 30cm  281025 1500002.csv,4556,0
ARDG_AQUA bream150gr21cm  281025 1548002.csv,7132,0
ARDG_AQUA bream 800gr 36cm  281025 1453002.csv,908,0
ARDG_AQUA bream 580gr 30 sm  281025 1254003.csv,6207,0
ARDG_AQUA bream 680gr 33 sm  281025 1208003.csv,1307,0
ARDG_AQUA bream556gr 30cm  281025 1500002.csv,5423,0
ARDG_AQUA bream150gr21cm  281025 1548002.csv,4306,0
ARDG_AQUA bream150gr21cm  281025 1548002.csv,4346,0
ARDG_AQUA bream 390gr 26cm  281025 1325005.csv,10738,0
ARDG_AQUA bream 800gr 36cm  281025 1453002.csv,1711,0
ARDG_AQUA bream 280gr 24cm  281025 1425002.csv,552,0
ARDG_AQUA bream500gr 30cm  281025 1500002.csv,2689,0
ARDG_AQUA bream620 gr31cm  281025 1618003.csv,9616,1
ARDG_AQUA bream 150gr 21 sm  281025 1132004.csv,8677,0
ARDG_AQUA bream 390gr 26cm  281025 1325005.csv,19,0
ARDG_AQUA bream500gr 30cm  281025 1500002.csv,8778,0
ARDG_AQUA bream556gr 30cm  281025 1500002.csv,2513,0
ARDG_AQUA bream 630gr 31cm  281025 1400002.csv,2062,0
ARDG_AQUA bream500gr 30cm  281025 1500002.csv,4825,1
ARDG_AQUA bream500gr 30cm  281025 1500002.csv,5190,0
ARDG_AQUA bream 310gr 23 sm  281025 1233002.csv,10553,0
ARDG_AQUA bream556gr 30cm  281025 1500002.csv,4366,0
ARDG_AQUA bream 150gr 21 sm  281025 1132002.csv,9695,0
ARDG_AQUA bream 150gr 21 sm  281025 1132004.csv,2837,0
ARDG_AQUA bream 580gr 30 sm  281025 1254003.csv,559,0
ARDG_AQUA bream 580gr 30 sm  281025 1254002.csv,7136,0
ARDG_AQUA bream 390gr 26cm  281025 1325005.csv,11193,0
ARDG_AQUA bream556gr 30cm  281025 1500002.csv,623,0
ARDG_AQUA bream 630gr 31cm  281025 1400002.csv,10311,1
ARDG_AQUA bream 150gr 21 sm  281025 1132004.csv,9392,0
ARDG_AQUA bream620 gr31cm  281025 1618003.csv,2970,0
ARDG_AQUA bream500gr 30cm  281025 1500002.csv,11659,1
ARDG_AQUA bream 580gr 30 sm  281025 1254002.csv,11741,0
ARDG_AQUA bream 390gr 26cm  281025 1325003.csv,10305,1
