recording_file,peak_sample,window_start,window_end,peak_timestamp,window_start_time,window_end_time,presence_prob,length_cm,weight_g
ARDG_AQUA bream 150gr 21 sm  281025 1132002.csv,2717,2698,2736,2025-10-28 11:39:08.582,2025-10-28 11:39:08.118,2025-10-28 11:39:09.062,0.9505,27.2,347.6
ARDG_AQUA bream 150gr 21 sm  281025 1132002.csv,2821,2802,2840,2025-10-28 11:39:11.188,2025-10-28 11:39:10.725,2025-10-28 11:39:11.668,0.9745,26.58,436.5
ARDG_AQUA bream 150gr 21 sm  281025 1132002.csv,2987,2968,3006,2025-10-28 11:39:15.348,2025-10-28 11:39:14.868,2025-10-28 11:39:15.829,0.9678,27.7,503.9
ARDG_AQUA bream 150gr 21 sm  281025 1132002.csv,3127,3108,3146,2025-10-28 11:39:18.850,2025-10-28 11:39:18.372,2025-10-28 11:39:19.331,0.772,28.56,497.9
ARDG_AQUA bream 150gr 21 sm  281025 1132002.csv,3329,3310,3348,2025-10-28 11:39:23.905,2025-10-28 11:39:23.430,2025-10-28 11:39:24.386,0.8836,27.19,395.7
ARDG_AQUA bream 150gr 21 sm  281025 1132002.csv,3559,3540,3578,2025-10-28 11:39:29.665,2025-10-28 11:39:29.185,2025-10-28 11:39:30.144,0.5914,23.13,314.3
ARDG_AQUA bream 150gr 21 sm  281025 1132002.csv,3609,3590,3628,2025-10-28 11:39:30.911,2025-10-28 11:39:30.451,2025-10-28 11:39:31.392,0.7808,24.41,421.3
ARDG_AQUA bream 150gr 21 sm  281025 1132002.csv,3637,3618,3656,2025-10-28 11:39:31.616,2025-10-28 11:39:31.152,2025-10-28 11:39:32.096,0.8593,24.53,342.2
ARDG_AQUA bream 150gr 21 sm  281025 1132002.csv,4049,4030,4068,2025-10-28 11:39:41.934,2025-10-28 11:39:41.455,2025-10-28 11:39:42.414,0.615,27.71,505.2
ARDG_AQUA bream 150gr 21 sm  281025 1132002.csv,4069,4050,4088,2025-10-28 11:39:42.430,2025-10-28 11:39:41.972,2025-10-28 11:39:42.910,0.7036,27.54,485.0
ARDG_AQUA bream 150gr 21 sm  281025 1132002.csv,4149,4130,4168,2025-10-28 11:39:44.429,2025-10-28 11:39:43.961,2025-10-28 11:39:44.909,0.7654,28.7,519.5
ARDG_AQUA bream 150gr 21 sm  281025 1132002.csv,4201,4182,4220,2025-10-28 11:39:45.740,2025-10-28 11:39:45.262,2025-10-28 11:39:46.222,0.7466,28.67,451.3
ARDG_AQUA bream 150gr 21 sm  281025 1132002.csv,4233,4214,4252,2025-10-28 11:39:46.540,2025-10-28 11:39:46.061,2025-10-28 11:39:47.027,0.5859,25.9,405.5
ARDG_AQUA bream 150gr 21 sm  281025 1132002.csv,4257,4238,4276,2025-10-28 11:39:47.149,2025-10-28 11:39:46.669,2025-10-28 11:39:47.612,0.8568,25.73,434.9
ARDG_AQUA bream 150gr 21 sm  281025 1132002.csv,4279,4260,4298,2025-10-28 11:39:47.693,2025-10-28 11:39:47.212,2025-10-28 11:39:48.172,0.8858,26.25,452.3
ARDG_AQUA bream 150gr 21 sm  281025 1132002.csv,4299,4280,4318,2025-10-28 11:39:48.189,2025-10-28 11:39:47.708,2025-10-28 11:39:48.667,0.776,26.1,402.6
ARDG_AQUA bream 150gr 21 sm  281025 1132002.csv,4321,4302,4340,2025-10-28 11:39:48.747,2025-10-28 11:39:48.269,2025-10-28 11:39:49.211,0.8917,26.08,398.9
ARDG_AQUA bream 150gr 21 sm  281025 1132002.csv,4355,4336,4374,2025-10-28 11:39:49.593,2025-10-28 11:39:49.117,2025-10-28 11:39:50.076,0.8819,25.99,456.8
ARDG_AQUA bream 150gr 21 sm  281025 1132002.csv,4377,4358,4396,2025-10-28 11:39:50.140,2025-10-28 11:39:49.676,2025-10-28 11:39:50.619,0.9127,27.06,470.9
ARDG_AQUA bream 150gr 21 sm  281025 1132002.csv,4413,4394,4432,2025-10-28 11:39:51.051,2025-10-28 11:39:50.572,2025-10-28 11:39:51.538,0.8967,26.46,441.9
ARDG_AQUA bream 150gr 21 sm  281025 1132002.csv,4433,4414,4452,2025-10-28 11:39:51.548,2025-10-28 11:39:51.066,2025-10-28 11:39:52.028,0.8026,25.92,471.5
ARDG_AQUA bream 150gr 21 sm  281025 1132002.csv,4453,4434,4472,2025-10-28 11:39:52.043,2025-10-28 11:39:51.580,2025-10-28 11:39:52.523,0.8631,25.84,396.7
ARDG_AQUA bream 150gr 21 sm  281025 1132002.csv,4491,4472,4510,2025-10-28 11:39:53.014,2025-10-28 11:39:52.523,2025-10-28 11:39:53.486,0.9345,25.39,491.8
ARDG_AQUA bream 150gr 21 sm  281025 1132002.csv,4511,4492,4530,2025-10-28 11:39:53.510,2025-10-28 11:39:53.019,2025-10-28 11:39:53.979,0.821,24.82,392.5
ARDG_AQUA bream 150gr 21 sm  281025 1132002.csv,4531,4512,4550,2025-10-28 11:39:53.994,2025-10-28 11:39:53.534,2025-10-28 11:39:54.488,0.9554,26.69,479.9
ARDG_AQUA bream 150gr 21 sm  281025 1132002.csv,4561,4542,4580,2025-10-28 11:39:54.747,2025-10-28 11:39:54.283,2025-10-28 11:39:55.227,0.8854,26.26,386.0
ARDG_AQUA bream 150gr 21 sm  281025 1132002.csv,4581,4562,4600,2025-10-28 11:39:55.259,2025-10-28 11:39:54.779,2025-10-28 11:39:55.722,0.92,25.61,418.2
ARDG_AQUA bream 150gr 21 sm  281025 1132002.csv,4603,4584,4622,2025-10-28 11:39:55.802,2025-10-28 11:39:55.322,2025-10-28 11:39:56.283,0.9215,26.12,408.6
ARDG_AQUA bream 150gr 21 sm  281025 1132002.csv,4637,4618,4656,2025-10-28 11:39:56.651,2025-10-28 11:39:56.171,2025-10-28 11:39:57.127,0.9125,25.43,415.8
ARDG_AQUA bream 150gr 21 sm  281025 1132002.csv,4665,4646,4684,2025-10-28 11:39:57.354,2025-10-28 11:39:56.873,2025-10-28 11:39:57.834,0.9376,26.33,446.7
ARDG_AQUA bream 150gr 21 sm  281025 1132002.csv,4691,4672,4710,2025-10-28 11:39:58.009,2025-10-28 11:39:57.535,2025-10-28 11:39:58.486,0.75,25.71,418.4
ARDG_AQUA bream 150gr 21 sm  281025 1132002.csv,4713,4694,4732,2025-10-28 11:39:58.554,2025-10-28 11:39:58.074,2025-10-28 11:39:59.038,0.8253,24.39,421.0
ARDG_AQUA bream 150gr 21 sm  281025 1132002.csv,5103,5084,5122,2025-10-28 11:40:08.328,2025-10-28 11:40:07.848,2025-10-28 11:40:08.794,0.6331,26.82,402.7
ARDG_AQUA bream 150gr 21 sm  281025 1132002.csv,5123,5104,5142,2025-10-28 11:40:08.824,2025-10-28 11:40:08.343,2025-10-28 11:40:09.304,0.9619,24.44,372.3
ARDG_AQUA bream 150gr 21 sm  281025 1132002.csv,5177,5158,5196,2025-10-28 11:40:10.167,2025-10-28 11:40:09.703,2025-10-28 11:40:10.647,0.5057,30.75,539.8
ARDG_AQUA bream 150gr 21 sm  281025 1132002.csv,5283,5264,5302,2025-10-28 11:40:12.823,2025-10-28 11:40:12.360,2025-10-28 11:40:13.302,0.6239,27.57,468.8
ARDG_AQUA bream 150gr 21 sm  281025 1132002.csv,5399,5380,5418,2025-10-28 11:40:15.733,2025-10-28 11:40:15.255,2025-10-28 11:40:16.214,0.9481,25.21,334.1
ARDG_AQUA bream 150gr 21 sm  281025 1132002.csv,5427,5408,5446,2025-10-28 11:40:16.438,2025-10-28 11:40:15.971,2025-10-28 11:40:16.901,0.7395,25.44,416.6
ARDG_AQUA bream 150gr 21 sm  281025 1132002.csv,5447,5428,5466,2025-10-28 11:40:16.934,2025-10-28 11:40:16.486,2025-10-28 11:40:17.413,0.6311,26.67,466.6
ARDG_AQUA bream 150gr 21 sm  281025 1132002.csv,5469,5450,5488,2025-10-28 11:40:17.489,2025-10-28 11:40:17.024,2025-10-28 11:40:17.957,0.9537,28.67,423.2
ARDG_AQUA bream 150gr 21 sm  281025 1132002.csv,5603,5584,5622,2025-10-28 11:40:20.837,2025-10-28 11:40:20.357,2025-10-28 11:40:21.317,0.5306,25.61,370.5
ARDG_AQUA bream 150gr 21 sm  281025 1132002.csv,5681,5662,5700,2025-10-28 11:40:22.788,2025-10-28 11:40:22.308,2025-10-28 11:40:23.268,0.953,24.21,272.2
ARDG_AQUA bream 150gr 21 sm  281025 1132002.csv,5885,5866,5904,2025-10-28 11:40:27.892,2025-10-28 11:40:27.427,2025-10-28 11:40:28.371,0.967,26.73,398.2
ARDG_AQUA bream 150gr 21 sm  281025 1132002.csv,6007,5988,6026,2025-10-28 11:40:30.946,2025-10-28 11:40:30.484,2025-10-28 11:40:31.426,0.9532,26.94,345.2
ARDG_AQUA bream 150gr 21 sm  281025 1132002.csv,6143,6124,6162,2025-10-28 11:40:34.354,2025-10-28 11:40:33.889,2025-10-28 11:40:34.833,0.9003,24.95,422.7
ARDG_AQUA bream 150gr 21 sm  281025 1132002.csv,6201,6182,6220,2025-10-28 11:40:35.810,2025-10-28 11:40:35.329,2025-10-28 11:40:36.290,0.9699,24.18,263.3
ARDG_AQUA bream 150gr 21 sm  281025 1132002.csv,6263,6244,6282,2025-10-28 11:40:37.361,2025-10-28 11:40:36.880,2025-10-28 11:40:37.841,0.8349,25.27,373.3
ARDG_AQUA bream 150gr 21 sm  281025 1132002.csv,6365,6346,6384,2025-10-28 11:40:39.921,2025-10-28 11:40:39.441,2025-10-28 11:40:40.385,0.9458,27.04,360.5
ARDG_AQUA bream 150gr 21 sm  281025 1132002.csv,6537,6518,6556,2025-10-28 11:40:44.223,2025-10-28 11:40:43.745,2025-10-28 11:40:44.703,0.7043,26.05,410.1
ARDG_AQUA bream 150gr 21 sm  281025 1132002.csv,6809,6790,6828,2025-10-28 11:40:51.038,2025-10-28 11:40:50.559,2025-10-28 11:40:51.504,0.9439,26.71,383.2
ARDG_AQUA bream 150gr 21 sm  281025 1132002.csv,6977,6958,6996,2025-10-28 11:40:55.229,2025-10-28 11:40:54.765,2025-10-28 11:40:55.709,0.9596,26.79,425.9
ARDG_AQUA bream 150gr 21 sm  281025 1132002.csv,7097,7078,7116,2025-10-28 11:40:58.236,2025-10-28 11:40:57.772,2025-10-28 11:40:58.717,0.8794,27.36,430.8
ARDG_AQUA bream 150gr 21 sm  281025 1132002.csv,7265,7246,7284,2025-10-28 11:41:02.443,2025-10-28 11:41:01.964,2025-10-28 11:41:02.923,0.976,30.89,394.4
ARDG_AQUA bream 150gr 21 sm  281025 1132002.csv,7443,7424,7462,2025-10-28 11:41:06.906,2025-10-28 11:41:06.426,2025-10-28 11:41:07.386,0.9337,25.93,399.9
ARDG_AQUA bream 150gr 21 sm  281025 1132002.csv,7549,7530,7568,2025-10-28 11:41:09.575,2025-10-28 11:41:09.099,2025-10-28 11:41:10.058,0.5582,25.9,401.4
ARDG_AQUA bream 150gr 21 sm  281025 1132002.csv,7709,7690,7728,2025-10-28 11:41:13.575,2025-10-28 11:41:13.081,2025-10-28 11:41:14.063,0.9314,27.15,383.8
ARDG_AQUA bream 150gr 21 sm  281025 1132002.csv,7809,7790,7828,2025-10-28 11:41:16.057,2025-10-28 11:41:15.591,2025-10-28 11:41:16.538,0.9769,26.44,320.8
ARDG_AQUA bream 150gr 21 sm  281025 1132002.csv,7971,7952,7990,2025-10-28 11:41:20.120,2025-10-28 11:41:19.640,2025-10-28 11:41:20.604,0.8494,27.77,529.5
ARDG_AQUA bream 150gr 21 sm  281025 1132002.csv,8107,8088,8126,2025-10-28 11:41:23.534,2025-10-28 11:41:23.047,2025-10-28 11:41:24.007,0.9255,28.18,350.7
ARDG_AQUA bream 150gr 21 sm  281025 1132002.csv,8415,8396,8434,2025-10-28 11:41:31.237,2025-10-28 11:41:30.757,2025-10-28 11:41:31.716,0.9646,27.58,421.1
ARDG_AQUA bream 150gr 21 sm  281025 1132002.csv,8547,8528,8566,2025-10-28 11:41:34.542,2025-10-28 11:41:34.067,2025-10-28 11:41:35.013,0.9663,26.99,373.6
ARDG_AQUA bream 150gr 21 sm  281025 1132002.csv,8721,8702,8740,2025-10-28 11:41:38.898,2025-10-28 11:41:38.419,2025-10-28 11:41:39.363,0.9651,27.34,349.7
ARDG_AQUA bream 150gr 21 sm  281025 1132002.csv,8869,8850,8888,2025-10-28 11:41:42.602,2025-10-28 11:41:42.130,2025-10-28 11:41:43.087,0.9628,25.1,436.6
ARDG_AQUA bream 150gr 21 sm  281025 1132002.csv,9135,9116,9154,2025-10-28 11:41:49.265,2025-10-28 11:41:48.784,2025-10-28 11:41:49.731,0.9677,26.52,388.2
ARDG_AQUA bream 150gr 21 sm  281025 1132002.csv,9215,9196,9234,2025-10-28 11:41:51.264,2025-10-28 11:41:50.785,2025-10-28 11:41:51.722,0.9733,27.51,418.7
ARDG_AQUA bream 150gr 21 sm  281025 1132002.csv,9433,9414,9452,2025-10-28 11:41:56.720,2025-10-28 11:41:56.239,2025-10-28 11:41:57.197,0.9693,27.63,425.5
ARDG_AQUA bream 150gr 21 sm  281025 1132002.csv,9589,9570,9608,2025-10-28 11:42:00.621,2025-10-28 11:42:00.141,2025-10-28 11:42:01.100,0.9583,24.45,325.2
ARDG_AQUA bream 150gr 21 sm  281025 1132002.csv,9851,9832,9870,2025-10-28 11:42:07.178,2025-10-28 11:42:06.701,2025-10-28 11:42:07.661,0.9802,28.77,465.5
ARDG_AQUA bream 150gr 21 sm  281025 1132002.csv,10127,10108,10146,2025-10-28 11:42:14.106,2025-10-28 11:42:13.610,2025-10-28 11:42:14.569,0.7554,28.7,413.8
ARDG_AQUA bream 150gr 21 sm  281025 1132002.csv,10287,10268,10306,2025-10-28 11:42:18.089,2025-10-28 11:42:17.633,2025-10-28 11:42:18.571,0.942,29.04,388.5
ARDG_AQUA bream 150gr 21 sm  281025 1132002.csv,10357,10338,10376,2025-10-28 11:42:19.850,2025-10-28 11:42:19.370,2025-10-28 11:42:20.330,0.9645,25.58,423.1
ARDG_AQUA bream 150gr 21 sm  281025 1132002.csv,10511,10492,10530,2025-10-28 11:42:23.705,2025-10-28 11:42:23.225,2025-10-28 11:42:24.185,0.9315,24.99,357.5
ARDG_AQUA bream 150gr 21 sm  281025 1132002.csv,11435,11416,11454,2025-10-28 11:42:46.836,2025-10-28 11:42:46.354,2025-10-28 11:42:47.316,0.9744,26.16,402.1
ARDG_AQUA bream 150gr 21 sm  281025 1132002.csv,11455,11436,11474,2025-10-28 11:42:47.331,2025-10-28 11:42:46.850,2025-10-28 11:42:47.811,0.7417,24.63,361.5
ARDG_AQUA bream 150gr 21 sm  281025 1132002.csv,11475,11456,11494,2025-10-28 11:42:47.827,2025-10-28 11:42:47.364,2025-10-28 11:42:48.307,0.5116,23.59,322.1
ARDG_AQUA bream 150gr 21 sm  281025 1132002.csv,11683,11664,11702,2025-10-28 11:42:53.070,2025-10-28 11:42:52.562,2025-10-28 11:42:53.522,0.9671,27.33,282.5
ARDG_AQUA bream 150gr 21 sm  281025 1132002.csv,11959,11940,11978,2025-10-28 11:42:59.952,2025-10-28 11:42:59.472,2025-10-28 11:43:00.417,0.9758,23.63,328.5
ARDG_AQUA bream 150gr 21 sm  281025 1132004.csv,387,368,406,2025-10-28 11:48:14.744,2025-10-28 11:48:14.281,2025-10-28 11:48:15.236,0.9196,27.38,489.5
ARDG_AQUA bream 150gr 21 sm  281025 1132004.csv,407,388,426,2025-10-28 11:48:15.249,2025-10-28 11:48:14.769,2025-10-28 11:48:15.711,0.9744,27.01,492.5
ARDG_AQUA bream 150gr 21 sm  281025 1132004.csv,431,412,450,2025-10-28 11:48:15.838,2025-10-28 11:48:15.361,2025-10-28 11:48:16.319,0.9443,24.52,431.5
ARDG_AQUA bream 150gr 21 sm  281025 1132004.csv,467,448,486,2025-10-28 11:48:16.737,2025-10-28 11:48:16.274,2025-10-28 11:48:17.219,0.901,28.68,435.0
ARDG_AQUA bream 150gr 21 sm  281025 1132004.csv,487,468,506,2025-10-28 11:48:17.267,2025-10-28 11:48:16.768,2025-10-28 11:48:17.711,0.9401,26.02,434.2
ARDG_AQUA bream 150gr 21 sm  281025 1132004.csv,507,488,526,2025-10-28 11:48:17.748,2025-10-28 11:48:17.267,2025-10-28 11:48:18.236,0.9682,27.22,463.7
ARDG_AQUA bream 150gr 21 sm  281025 1132004.csv,527,508,546,2025-10-28 11:48:18.236,2025-10-28 11:48:17.775,2025-10-28 11:48:18.749,0.9256,25.77,387.2
ARDG_AQUA bream 150gr 21 sm  281025 1132004.csv,577,558,596,2025-10-28 11:48:19.503,2025-10-28 11:48:19.023,2025-10-28 11:48:19.967,0.7023,25.54,396.5
ARDG_AQUA bream 150gr 21 sm  281025 1132004.csv,615,596,634,2025-10-28 11:48:20.446,2025-10-28 11:48:19.967,2025-10-28 11:48:20.926,0.871,26.03,405.3
ARDG_AQUA bream 150gr 21 sm  281025 1132004.csv,647,628,666,2025-10-28 11:48:21.254,2025-10-28 11:48:20.771,2025-10-28 11:48:21.742,0.6129,27.34,446.4
ARDG_AQUA bream 150gr 21 sm  281025 1132004.csv,667,648,686,2025-10-28 11:48:21.742,2025-10-28 11:48:21.277,2025-10-28 11:48:22.225,0.9403,29.69,519.8
ARDG_AQUA bream 150gr 21 sm  281025 1132004.csv,687,668,706,2025-10-28 11:48:22.250,2025-10-28 11:48:21.773,2025-10-28 11:48:22.749,0.9898,32.61,623.7
ARDG_AQUA bream 150gr 21 sm  281025 1132004.csv,827,808,846,2025-10-28 11:48:25.758,2025-10-28 11:48:25.291,2025-10-28 11:48:26.229,0.9491,28.89,509.8
ARDG_AQUA bream 150gr 21 sm  281025 1132004.csv,1073,1054,1092,2025-10-28 11:48:31.916,2025-10-28 11:48:31.435,2025-10-28 11:48:32.376,0.9513,26.99,455.7
ARDG_AQUA bream 150gr 21 sm  281025 1132004.csv,1155,1136,1174,2025-10-28 11:48:33.962,2025-10-28 11:48:33.483,2025-10-28 11:48:34.442,0.9402,29.04,414.5
ARDG_AQUA bream 150gr 21 sm  281025 1132004.csv,1241,1222,1260,2025-10-28 11:48:36.107,2025-10-28 11:48:35.643,2025-10-28 11:48:36.586,0.8837,27.77,504.1
ARDG_AQUA bream 150gr 21 sm  281025 1132004.csv,1481,1462,1500,2025-10-28 11:48:42.120,2025-10-28 11:48:41.641,2025-10-28 11:48:42.601,0.9512,27.36,400.8
ARDG_AQUA bream 150gr 21 sm  281025 1132004.csv,1563,1544,1582,2025-10-28 11:48:44.167,2025-10-28 11:48:43.703,2025-10-28 11:48:44.649,0.9253,30.58,488.5
ARDG_AQUA bream 150gr 21 sm  281025 1132004.csv,1675,1656,1694,2025-10-28 11:48:46.983,2025-10-28 11:48:46.503,2025-10-28 11:48:47.447,0.8245,29.35,447.3
ARDG_AQUA bream 150gr 21 sm  281025 1132004.csv,1965,1946,1984,2025-10-28 11:48:54.235,2025-10-28 11:48:53.766,2025-10-28 11:48:54.709,0.9673,28.71,438.5
ARDG_AQUA bream 150gr 21 sm  281025 1132004.csv,2047,2028,2066,2025-10-28 11:48:56.296,2025-10-28 11:48:55.822,2025-10-28 11:48:56.770,0.8872,28.96,424.6
ARDG_AQUA bream 150gr 21 sm  281025 1132004.csv,2173,2154,2192,2025-10-28 11:48:59.445,2025-10-28 11:48:58.964,2025-10-28 11:48:59.925,0.7686,28.44,413.6
ARDG_AQUA bream 150gr 21 sm  281025 1132004.csv,2281,2262,2300,2025-10-28 11:49:02.147,2025-10-28 11:49:01.668,2025-10-28 11:49:02.628,0.6401,27.8,459.7
ARDG_AQUA bream 150gr 21 sm  281025 1132004.csv,2381,2362,2400,2025-10-28 11:49:04.644,2025-10-28 11:49:04.180,2025-10-28 11:49:05.123,0.8619,32.36,555.2
ARDG_AQUA bream 150gr 21 sm  281025 1132004.csv,2501,2482,2520,2025-10-28 11:49:07.651,2025-10-28 11:49:07.171,2025-10-28 11:49:08.131,0.9684,25.73,400.9
ARDG_AQUA bream 150gr 21 sm  281025 1132004.csv,2639,2620,2658,2025-10-28 11:49:11.106,2025-10-28 11:49:10.625,2025-10-28 11:49:11.585,0.6029,26.8,443.4
ARDG_AQUA bream 150gr 21 sm  281025 1132004.csv,2659,2640,2678,2025-10-28 11:49:11.602,2025-10-28 11:49:11.121,2025-10-28 11:49:12.081,0.9257,28.33,414.6
ARDG_AQUA bream 150gr 21 sm  281025 1132004.csv,2697,2678,2716,2025-10-28 11:49:12.561,2025-10-28 11:49:12.081,2025-10-28 11:49:13.026,0.658,24.45,438.0
ARDG_AQUA bream 150gr 21 sm  281025 1132004.csv,2839,2820,2858,2025-10-28 11:49:16.112,2025-10-28 11:49:15.632,2025-10-28 11:49:16.592,0.7118,26.54,270.1
ARDG_AQUA bream 150gr 21 sm  281025 1132004.csv,2957,2938,2976,2025-10-28 11:49:19.055,2025-10-28 11:49:18.591,2025-10-28 11:49:19.535,0.8975,30.88,513.3
ARDG_AQUA bream 150gr 21 sm  281025 1132004.csv,3027,3008,3046,2025-10-28 11:49:20.822,2025-10-28 11:49:20.344,2025-10-28 11:49:21.301,0.9574,30.12,457.1
ARDG_AQUA bream 150gr 21 sm  281025 1132004.csv,3151,3132,3170,2025-10-28 11:49:23.917,2025-10-28 11:49:23.439,2025-10-28 11:49:24.395,0.9524,28.31,460.5
ARDG_AQUA bream 150gr 21 sm  281025 1132004.csv,3263,3244,3282,2025-10-28 11:49:26.717,2025-10-28 11:49:26.263,2025-10-28 11:49:27.198,0.6367,28.63,437.9
ARDG_AQUA bream 150gr 21 sm  281025 1132004.csv,3411,3392,3430,2025-10-28 11:49:30.428,2025-10-28 11:49:29.948,2025-10-28 11:49:30.908,0.9587,29.43,538.2
ARDG_AQUA bream 150gr 21 sm  281025 1132004.csv,3519,3500,3538,2025-10-28 11:49:33.131,2025-10-28 11:49:32.652,2025-10-28 11:49:33.611,0.6385,28.51,463.7
ARDG_AQUA bream 150gr 21 sm  281025 1132004.csv,4027,4008,4046,2025-10-28 11:49:45.849,2025-10-28 11:49:45.369,2025-10-28 11:49:46.313,0.9439,28.22,409.3
ARDG_AQUA bream 150gr 21 sm  281025 1132004.csv,4115,4096,4134,2025-10-28 11:49:48.041,2025-10-28 11:49:47.577,2025-10-28 11:49:48.519,0.9315,28.66,437.6
ARDG_AQUA bream 150gr 21 sm  281025 1132004.csv,4199,4180,4218,2025-10-28 11:49:50.151,2025-10-28 11:49:49.671,2025-10-28 11:49:50.631,0.8324,33.68,511.7
ARDG_AQUA bream 150gr 21 sm  281025 1132004.csv,4297,4278,4316,2025-10-28 11:49:52.600,2025-10-28 11:49:52.134,2025-10-28 11:49:53.078,0.8287,31.46,509.2
ARDG_AQUA bream 150gr 21 sm  281025 1132004.csv,4427,4408,4446,2025-10-28 11:49:55.861,2025-10-28 11:49:55.381,2025-10-28 11:49:56.329,0.9632,27.18,391.1
ARDG_AQUA bream 150gr 21 sm  281025 1132004.csv,4535,4516,4554,2025-10-28 11:49:58.565,2025-10-28 11:49:58.086,2025-10-28 11:49:59.029,0.9686,29.17,516.9
ARDG_AQUA bream 150gr 21 sm  281025 1132004.csv,4661,4642,4680,2025-10-28 11:50:01.717,2025-10-28 11:50:01.237,2025-10-28 11:50:02.196,0.6322,30.71,468.7
ARDG_AQUA bream 150gr 21 sm  281025 1132004.csv,4751,4732,4770,2025-10-28 11:50:03.972,2025-10-28 11:50:03.491,2025-10-28 11:50:04.435,0.6444,30.2,547.3
ARDG_AQUA bream 150gr 21 sm  281025 1132004.csv,4881,4862,4900,2025-10-28 11:50:07.219,2025-10-28 11:50:06.738,2025-10-28 11:50:07.699,0.9487,29.72,456.1
ARDG_AQUA bream 150gr 21 sm  281025 1132004.csv,4983,4964,5002,2025-10-28 11:50:09.784,2025-10-28 11:50:09.298,2025-10-28 11:50:10.242,0.9392,27.28,515.9
ARDG_AQUA bream 150gr 21 sm  281025 1132004.csv,5125,5106,5144,2025-10-28 11:50:13.322,2025-10-28 11:50:12.848,2025-10-28 11:50:13.808,0.9554,28.8,463.7
ARDG_AQUA bream 150gr 21 sm  281025 1132004.csv,5239,5220,5258,2025-10-28 11:50:16.177,2025-10-28 11:50:15.713,2025-10-28 11:50:16.656,0.9483,30.07,512.9
ARDG_AQUA bream 150gr 21 sm  281025 1132004.csv,5583,5564,5602,2025-10-28 11:50:24.797,2025-10-28 11:50:24.334,2025-10-28 11:50:25.296,0.5624,26.18,439.3
ARDG_AQUA bream 150gr 21 sm  281025 1132004.csv,6263,6244,6282,2025-10-28 11:50:41.817,2025-10-28 11:50:41.338,2025-10-28 11:50:42.313,0.9647,26.65,385.6
ARDG_AQUA bream 150gr 21 sm  281025 1132004.csv,6365,6346,6384,2025-10-28 11:50:44.381,2025-10-28 11:50:43.897,2025-10-28 11:50:44.840,0.8964,28.88,470.4
ARDG_AQUA bream 150gr 21 sm  281025 1132004.csv,6635,6616,6654,2025-10-28 11:50:51.128,2025-10-28 11:50:50.648,2025-10-28 11:50:51.608,0.9572,28.25,357.8
ARDG_AQUA bream 150gr 21 sm  281025 1132004.csv,6723,6704,6742,2025-10-28 11:50:53.331,2025-10-28 11:50:52.859,2025-10-28 11:50:53.811,0.9634,27.72,428.4
ARDG_AQUA bream 150gr 21 sm  281025 1132004.csv,6835,6816,6854,2025-10-28 11:50:56.135,2025-10-28 11:50:55.655,2025-10-28 11:50:56.615,0.6796,27.5,381.8
ARDG_AQUA bream 150gr 21 sm  281025 1132004.csv,6931,6912,6950,2025-10-28 11:50:58.534,2025-10-28 11:50:58.070,2025-10-28 11:50:59.014,0.9555,28.56,442.2
ARDG_AQUA bream 150gr 21 sm  281025 1132004.csv,7089,7070,7108,2025-10-28 11:51:02.505,2025-10-28 11:51:02.021,2025-10-28 11:51:02.961,0.5757,30.0,452.5
ARDG_AQUA bream 150gr 21 sm  281025 1132004.csv,7197,7178,7216,2025-10-28 11:51:05.204,2025-10-28 11:51:04.725,2025-10-28 11:51:05.668,0.978,30.38,508.3
ARDG_AQUA bream 150gr 21 sm  281025 1132004.csv,7363,7344,7382,2025-10-28 11:51:09.347,2025-10-28 11:51:08.890,2025-10-28 11:51:09.832,0.9616,26.68,432.5
ARDG_AQUA bream 150gr 21 sm  281025 1132004.csv,7595,7576,7614,2025-10-28 11:51:15.153,2025-10-28 11:51:14.690,2025-10-28 11:51:15.634,0.9552,26.52,462.1
ARDG_AQUA bream 150gr 21 sm  281025 1132004.csv,7839,7820,7858,2025-10-28 11:51:21.264,2025-10-28 11:51:20.784,2025-10-28 11:51:21.744,0.9124,29.77,503.4
ARDG_AQUA bream 150gr 21 sm  281025 1132004.csv,7971,7952,7990,2025-10-28 11:51:24.576,2025-10-28 11:51:24.096,2025-10-28 11:51:25.040,0.9566,29.27,459.0
ARDG_AQUA bream 150gr 21 sm  281025 1132004.csv,8385,8366,8404,2025-10-28 11:51:34.926,2025-10-28 11:51:34.458,2025-10-28 11:51:35.404,0.9637,27.99,448.6
ARDG_AQUA bream 150gr 21 sm  281025 1132004.csv,8501,8482,8520,2025-10-28 11:51:37.849,2025-10-28 11:51:37.361,2025-10-28 11:51:38.336,0.8466,28.03,488.2
ARDG_AQUA bream 150gr 21 sm  281025 1132004.csv,8681,8662,8700,2025-10-28 11:51:42.359,2025-10-28 11:51:41.866,2025-10-28 11:51:42.811,0.8537,30.17,479.2
ARDG_AQUA bream 150gr 21 sm  281025 1132004.csv,8821,8802,8840,2025-10-28 11:51:45.857,2025-10-28 11:51:45.371,2025-10-28 11:51:46.314,0.9636,29.72,548.3
ARDG_AQUA bream 150gr 21 sm  281025 1132004.csv,8931,8912,8950,2025-10-28 11:51:48.602,2025-10-28 11:51:48.122,2025-10-28 11:51:49.065,0.9527,29.73,531.5
ARDG_AQUA bream 150gr 21 sm  281025 1132004.csv,9007,8988,9026,2025-10-28 11:51:50.506,2025-10-28 11:51:50.023,2025-10-28 11:51:50.968,0.9579,28.5,433.0
ARDG_AQUA bream 150gr 21 sm  281025 1132004.csv,9027,9008,9046,2025-10-28 11:51:51.006,2025-10-28 11:51:50.520,2025-10-28 11:51:51.478,0.5146,27.56,414.0
ARDG_AQUA bream 150gr 21 sm  281025 1132004.csv,9163,9144,9182,2025-10-28 11:51:54.400,2025-10-28 11:51:53.927,2025-10-28 11:51:54.886,0.5131,28.52,473.4
ARDG_AQUA bream 150gr 21 sm  281025 1132004.csv,9333,9314,9352,2025-10-28 11:51:58.663,2025-10-28 11:51:58.183,2025-10-28 11:51:59.143,0.9583,30.76,490.4
ARDG_AQUA bream 150gr 21 sm  281025 1132004.csv,9543,9524,9562,2025-10-28 11:52:03.925,2025-10-28 11:52:03.446,2025-10-28 11:52:04.388,0.8226,26.5,360.5
ARDG_AQUA bream 150gr 21 sm  281025 1132004.csv,9625,9606,9644,2025-10-28 11:52:05.972,2025-10-28 11:52:05.492,2025-10-28 11:52:06.452,0.9103,29.67,414.2
ARDG_AQUA bream 150gr 21 sm  281025 1132004.csv,9749,9730,9768,2025-10-28 11:52:09.076,2025-10-28 11:52:08.595,2025-10-28 11:52:09.556,0.9642,27.97,418.1
ARDG_AQUA bream 150gr 21 sm  281025 1132004.csv,9915,9896,9934,2025-10-28 11:52:13.236,2025-10-28 11:52:12.756,2025-10-28 11:52:13.699,0.9575,27.19,504.1
ARDG_AQUA bream 150gr 21 sm  281025 1132004.csv,9987,9968,10006,2025-10-28 11:52:15.028,2025-10-28 11:52:14.563,2025-10-28 11:52:15.510,0.9085,30.67,478.5
ARDG_AQUA bream 150gr 21 sm  281025 1132004.csv,10105,10086,10124,2025-10-28 11:52:17.985,2025-10-28 11:52:17.503,2025-10-28 11:52:18.466,0.9365,30.55,470.9
ARDG_AQUA bream 150gr 21 sm  281025 1132004.csv,10215,10196,10234,2025-10-28 11:52:20.738,2025-10-28 11:52:20.274,2025-10-28 11:52:21.218,0.9222,31.13,420.5
ARDG_AQUA bream 150gr 21 sm  281025 1132004.csv,10319,10300,10338,2025-10-28 11:52:23.362,2025-10-28 11:52:22.868,2025-10-28 11:52:23.825,0.5219,30.78,507.8
ARDG_AQUA bream 150gr 21 sm  281025 1132004.csv,10397,10378,10416,2025-10-28 11:52:25.297,2025-10-28 11:52:24.817,2025-10-28 11:52:25.776,0.6952,32.15,489.5
ARDG_AQUA bream 150gr 21 sm  281025 1132004.csv,10479,10460,10498,2025-10-28 11:52:27.343,2025-10-28 11:52:26.890,2025-10-28 11:52:27.824,0.5016,26.64,382.9
ARDG_AQUA bream 150gr 21 sm  281025 1132004.csv,10499,10480,10518,2025-10-28 11:52:27.882,2025-10-28 11:52:27.384,2025-10-28 11:52:28.320,0.8765,29.35,422.6
ARDG_AQUA bream 150gr 21 sm  281025 1132004.csv,10577,10558,10596,2025-10-28 11:52:29.807,2025-10-28 11:52:29.326,2025-10-28 11:52:30.288,0.8756,28.95,448.6
ARDG_AQUA bream 150gr 21 sm  281025 1132004.csv,10673,10654,10692,2025-10-28 11:52:32.207,2025-10-28 11:52:31.727,2025-10-28 11:52:32.687,0.9584,28.67,516.5
ARDG_AQUA bream 150gr 21 sm  281025 1132004.csv,10781,10762,10800,2025-10-28 11:52:34.933,2025-10-28 11:52:34.440,2025-10-28 11:52:35.391,0.9729,29.34,531.3
ARDG_AQUA bream 150gr 21 sm  281025 1132004.csv,10925,10906,10944,2025-10-28 11:52:38.508,2025-10-28 11:52:38.047,2025-10-28 11:52:38.988,0.666,30.06,459.2
ARDG_AQUA bream 150gr 21 sm  281025 1132004.csv,11111,11092,11130,2025-10-28 11:52:43.179,2025-10-28 11:52:42.699,2025-10-28 11:52:43.643,0.966,26.73,373.3
ARDG_AQUA bream 150gr 21 sm  281025 1132004.csv,11293,11274,11312,2025-10-28 11:52:47.722,2025-10-28 11:52:47.258,2025-10-28 11:52:48.202,0.9262,27.5,467.8
ARDG_AQUA bream 150gr 21 sm  281025 1132004.csv,11363,11344,11382,2025-10-28 11:52:49.482,2025-10-28 11:52:49.000,2025-10-28 11:52:49.961,0.9021,25.23,413.7
ARDG_AQUA bream 150gr 21 sm  281025 1132004.csv,11387,11368,11406,2025-10-28 11:52:50.074,2025-10-28 11:52:49.610,2025-10-28 11:52:50.552,0.579,25.7,443.5
ARDG_AQUA bream 150gr 21 sm  281025 1132004.csv,11407,11388,11426,2025-10-28 11:52:50.585,2025-10-28 11:52:50.106,2025-10-28 11:52:51.048,0.5352,25.91,391.6
ARDG_AQUA bream 150gr 21 sm  281025 1132004.csv,11477,11458,11496,2025-10-28 11:52:52.329,2025-10-28 11:52:51.900,2025-10-28 11:52:52.809,0.6942,24.2,357.8
ARDG_AQUA bream 150gr 21 sm  281025 1132004.csv,11499,11480,11518,2025-10-28 11:52:52.887,2025-10-28 11:52:52.410,2025-10-28 11:52:53.370,0.8411,25.24,404.6
ARDG_AQUA bream 280gr 24cm  281025 1425002.csv,155,136,174,2025-10-28 14:31:57.983,2025-10-28 14:31:57.502,2025-10-28 14:31:58.445,0.9646,29.3,459.5
ARDG_AQUA bream 280gr 24cm  281025 1425002.csv,241,222,260,2025-10-28 14:32:00.126,2025-10-28 14:31:59.645,2025-10-28 14:32:00.614,0.9654,28.42,384.6
ARDG_AQUA bream 280gr 24cm  281025 1425002.csv,361,342,380,2025-10-28 14:32:03.133,2025-10-28 14:32:02.652,2025-10-28 14:32:03.614,0.9641,28.41,404.5
ARDG_AQUA bream 280gr 24cm  281025 1425002.csv,469,450,488,2025-10-28 14:32:05.835,2025-10-28 14:32:05.357,2025-10-28 14:32:06.317,0.9708,30.16,513.6
ARDG_AQUA bream 280gr 24cm  281025 1425002.csv,639,620,658,2025-10-28 14:32:10.104,2025-10-28 14:32:09.611,2025-10-28 14:32:10.570,0.9716,30.83,475.7
ARDG_AQUA bream 280gr 24cm  281025 1425002.csv,733,714,752,2025-10-28 14:32:12.441,2025-10-28 14:32:11.962,2025-10-28 14:32:12.921,0.9686,27.96,351.1
ARDG_AQUA bream 280gr 24cm  281025 1425002.csv,851,832,870,2025-10-28 14:32:15.401,2025-10-28 14:32:14.921,2025-10-28 14:32:15.881,0.6379,25.92,369.4
ARDG_AQUA bream 280gr 24cm  281025 1425002.csv,871,852,890,2025-10-28 14:32:15.897,2025-10-28 14:32:15.416,2025-10-28 14:32:16.378,0.9772,29.77,451.1
ARDG_AQUA bream 280gr 24cm  281025 1425002.csv,975,956,994,2025-10-28 14:32:18.504,2025-10-28 14:32:18.046,2025-10-28 14:32:18.983,0.9647,28.98,399.0
ARDG_AQUA bream 280gr 24cm  281025 1425002.csv,1045,1026,1064,2025-10-28 14:32:20.248,2025-10-28 14:32:19.784,2025-10-28 14:32:20.727,0.5018,28.09,294.9
ARDG_AQUA bream 280gr 24cm  281025 1425002.csv,1065,1046,1084,2025-10-28 14:32:20.759,2025-10-28 14:32:20.279,2025-10-28 14:32:21.239,0.9754,29.86,376.6
ARDG_AQUA bream 280gr 24cm  281025 1425002.csv,1113,1094,1132,2025-10-28 14:32:21.959,2025-10-28 14:32:21.480,2025-10-28 14:32:22.438,0.9753,27.63,360.4
ARDG_AQUA bream 280gr 24cm  281025 1425002.csv,1229,1210,1248,2025-10-28 14:32:24.854,2025-10-28 14:32:24.390,2025-10-28 14:32:25.334,0.9278,29.64,445.6
ARDG_AQUA bream 280gr 24cm  281025 1425002.csv,1327,1308,1346,2025-10-28 14:32:27.318,2025-10-28 14:32:26.837,2025-10-28 14:32:27.798,0.8547,25.54,379.8
ARDG_AQUA bream 280gr 24cm  281025 1425002.csv,1361,1342,1380,2025-10-28 14:32:28.164,2025-10-28 14:32:27.685,2025-10-28 14:32:28.645,0.6168,26.28,370.7
ARDG_AQUA bream 280gr 24cm  281025 1425002.csv,1381,1362,1400,2025-10-28 14:32:28.660,2025-10-28 14:32:28.200,2025-10-28 14:32:29.140,0.8708,28.34,518.4
ARDG_AQUA bream 280gr 24cm  281025 1425002.csv,1401,1382,1420,2025-10-28 14:32:29.176,2025-10-28 14:32:28.692,2025-10-28 14:32:29.635,0.9461,30.43,757.4
ARDG_AQUA bream 280gr 24cm  281025 1425002.csv,1423,1404,1442,2025-10-28 14:32:29.716,2025-10-28 14:32:29.237,2025-10-28 14:32:30.195,0.9931,32.49,695.0
ARDG_AQUA bream 280gr 24cm  281025 1425002.csv,1639,1620,1658,2025-10-28 14:32:35.122,2025-10-28 14:32:34.644,2025-10-28 14:32:35.606,0.9416,29.5,436.4
ARDG_AQUA bream 280gr 24cm  281025 1425002.csv,1773,1754,1792,2025-10-28 14:32:38.481,2025-10-28 14:32:38.003,2025-10-28 14:32:38.961,0.9432,27.36,336.1
ARDG_AQUA bream 280gr 24cm  281025 1425002.csv,1895,1876,1914,2025-10-28 14:32:41.537,2025-10-28 14:32:41.075,2025-10-28 14:32:42.016,0.9675,30.48,504.8
ARDG_AQUA bream 280gr 24cm  281025 1425002.csv,2637,2618,2656,2025-10-28 14:33:00.106,2025-10-28 14:32:59.628,2025-10-28 14:33:00.586,0.9724,28.04,390.6
ARDG_AQUA bream 280gr 24cm  281025 1425002.csv,2737,2718,2756,2025-10-28 14:33:02.622,2025-10-28 14:33:02.159,2025-10-28 14:33:03.078,0.9592,29.14,475.9
ARDG_AQUA bream 280gr 24cm  281025 1425002.csv,2819,2800,2838,2025-10-28 14:33:04.666,2025-10-28 14:33:04.186,2025-10-28 14:33:05.165,0.9488,29.25,420.9
ARDG_AQUA bream 280gr 24cm  281025 1425002.csv,2919,2900,2938,2025-10-28 14:33:07.177,2025-10-28 14:33:06.700,2025-10-28 14:33:07.646,0.7528,26.1,389.9
ARDG_AQUA bream 280gr 24cm  281025 1425002.csv,2939,2920,2958,2025-10-28 14:33:07.673,2025-10-28 14:33:07.192,2025-10-28 14:33:08.152,0.9641,26.22,382.4
ARDG_AQUA bream 280gr 24cm  281025 1425002.csv,3021,3002,3040,2025-10-28 14:33:09.720,2025-10-28 14:33:09.256,2025-10-28 14:33:10.200,0.9718,28.27,382.3
ARDG_AQUA bream 280gr 24cm  281025 1425002.csv,3099,3080,3118,2025-10-28 14:33:11.671,2025-10-28 14:33:11.207,2025-10-28 14:33:12.152,0.9628,28.26,463.3
ARDG_AQUA bream 280gr 24cm  281025 1425002.csv,3171,3152,3190,2025-10-28 14:33:13.480,2025-10-28 14:33:13.000,2025-10-28 14:33:13.960,0.9378,26.97,363.5
ARDG_AQUA bream 280gr 24cm  281025 1425002.csv,3257,3238,3276,2025-10-28 14:33:15.643,2025-10-28 14:33:15.158,2025-10-28 14:33:16.133,0.9758,29.18,462.8
ARDG_AQUA bream 280gr 24cm  281025 1425002.csv,3321,3302,3340,2025-10-28 14:33:17.238,2025-10-28 14:33:16.758,2025-10-28 14:33:17.717,0.9609,28.11,388.1
ARDG_AQUA bream 280gr 24cm  281025 1425002.csv,3399,3380,3418,2025-10-28 14:33:19.190,2025-10-28 14:33:18.709,2025-10-28 14:33:19.669,0.9538,30.52,457.6
ARDG_AQUA bream 280gr 24cm  281025 1425002.csv,3543,3524,3562,2025-10-28 14:33:22.788,2025-10-28 14:33:22.325,2025-10-28 14:33:23.269,0.962,29.21,412.5
ARDG_AQUA bream 280gr 24cm  281025 1425002.csv,3629,3610,3648,2025-10-28 14:33:24.947,2025-10-28 14:33:24.468,2025-10-28 14:33:25.428,0.9791,27.26,389.0
ARDG_AQUA bream 280gr 24cm  281025 1425002.csv,3707,3688,3726,2025-10-28 14:33:26.899,2025-10-28 14:33:26.419,2025-10-28 14:33:27.379,0.9712,28.55,480.9
ARDG_AQUA bream 280gr 24cm  281025 1425002.csv,3805,3786,3824,2025-10-28 14:33:29.346,2025-10-28 14:33:28.882,2025-10-28 14:33:29.826,0.962,28.82,474.3
ARDG_AQUA bream 280gr 24cm  281025 1425002.csv,3837,3818,3856,2025-10-28 14:33:30.147,2025-10-28 14:33:29.684,2025-10-28 14:33:30.644,0.962,27.74,499.3
ARDG_AQUA bream 280gr 24cm  281025 1425002.csv,3857,3838,3876,2025-10-28 14:33:30.658,2025-10-28 14:33:30.178,2025-10-28 14:33:31.122,0.9849,28.84,537.3
ARDG_AQUA bream 280gr 24cm  281025 1425002.csv,4313,4294,4332,2025-10-28 14:33:42.091,2025-10-28 14:33:41.597,2025-10-28 14:33:42.542,0.9309,29.81,458.1
ARDG_AQUA bream 280gr 24cm  281025 1425002.csv,4399,4380,4418,2025-10-28 14:33:44.221,2025-10-28 14:33:43.743,2025-10-28 14:33:44.701,0.9671,28.82,387.7
ARDG_AQUA bream 280gr 24cm  281025 1425002.csv,4501,4482,4520,2025-10-28 14:33:46.779,2025-10-28 14:33:46.300,2025-10-28 14:33:47.243,0.9704,28.72,537.8
ARDG_AQUA bream 280gr 24cm  281025 1425002.csv,4567,4548,4586,2025-10-28 14:33:48.427,2025-10-28 14:33:47.947,2025-10-28 14:33:48.907,0.9733,28.69,423.1
ARDG_AQUA bream 280gr 24cm  281025 1425002.csv,4747,4728,4766,2025-10-28 14:33:52.938,2025-10-28 14:33:52.457,2025-10-28 14:33:53.401,0.7577,26.91,398.4
ARDG_AQUA bream 280gr 24cm  281025 1425002.csv,4877,4858,4896,2025-10-28 14:33:56.184,2025-10-28 14:33:55.705,2025-10-28 14:33:56.665,0.9717,29.99,415.2
ARDG_AQUA bream 280gr 24cm  281025 1425002.csv,4969,4950,4988,2025-10-28 14:33:58.487,2025-10-28 14:33:58.008,2025-10-28 14:33:58.967,0.6584,27.74,418.9
ARDG_AQUA bream 310gr 23 sm  281025 1233002.csv,805,786,824,2025-10-28 12:38:37.818,2025-10-28 12:38:37.334,2025-10-28 12:38:38.279,0.9776,27.28,377.8
ARDG_AQUA bream 310gr 23 sm  281025 1233002.csv,887,868,906,2025-10-28 12:38:39.862,2025-10-28 12:38:39.384,2025-10-28 12:38:40.343,0.8848,26.39,426.0
ARDG_AQUA bream 310gr 23 sm  281025 1233002.csv,991,972,1010,2025-10-28 12:38:42.470,2025-10-28 12:38:41.990,2025-10-28 12:38:42.948,0.9811,26.99,417.3
ARDG_AQUA bream 310gr 23 sm  281025 1233002.csv,1083,1064,1102,2025-10-28 12:38:44.772,2025-10-28 12:38:44.292,2025-10-28 12:38:45.264,0.9507,28.77,436.6
ARDG_AQUA bream 310gr 23 sm  281025 1233002.csv,1195,1176,1214,2025-10-28 12:38:47.573,2025-10-28 12:38:47.093,2025-10-28 12:38:48.052,0.9564,26.83,380.2
ARDG_AQUA bream 310gr 23 sm  281025 1233002.csv,1329,1310,1348,2025-10-28 12:38:50.931,2025-10-28 12:38:50.451,2025-10-28 12:38:51.395,0.9681,31.22,510.4
ARDG_AQUA bream 310gr 23 sm  281025 1233002.csv,1455,1436,1474,2025-10-28 12:38:54.083,2025-10-28 12:38:53.603,2025-10-28 12:38:54.562,0.7545,30.69,464.4
ARDG_AQUA bream 310gr 23 sm  281025 1233002.csv,1527,1508,1546,2025-10-28 12:38:55.891,2025-10-28 12:38:55.408,2025-10-28 12:38:56.354,0.967,25.76,348.7
ARDG_AQUA bream 310gr 23 sm  281025 1233002.csv,1597,1578,1616,2025-10-28 12:38:57.633,2025-10-28 12:38:57.153,2025-10-28 12:38:58.114,0.9601,27.33,480.8
ARDG_AQUA bream 310gr 23 sm  281025 1233002.csv,1653,1634,1672,2025-10-28 12:38:59.041,2025-10-28 12:38:58.560,2025-10-28 12:38:59.522,0.7959,28.91,465.8
ARDG_AQUA bream 310gr 23 sm  281025 1233002.csv,1811,1792,1830,2025-10-28 12:39:02.991,2025-10-28 12:39:02.511,2025-10-28 12:39:03.478,0.9322,29.21,490.2
ARDG_AQUA bream 310gr 23 sm  281025 1233002.csv,2065,2046,2084,2025-10-28 12:39:09.359,2025-10-28 12:39:08.877,2025-10-28 12:39:09.821,0.7572,31.69,445.0
ARDG_AQUA bream 310gr 23 sm  281025 1233002.csv,2145,2126,2164,2025-10-28 12:39:11.359,2025-10-28 12:39:10.878,2025-10-28 12:39:11.820,0.7745,27.97,463.5
ARDG_AQUA bream 310gr 23 sm  281025 1233002.csv,2215,2196,2234,2025-10-28 12:39:13.101,2025-10-28 12:39:12.621,2025-10-28 12:39:13.580,0.7722,29.62,501.8
ARDG_AQUA bream 310gr 23 sm  281025 1233002.csv,2283,2264,2302,2025-10-28 12:39:14.814,2025-10-28 12:39:14.356,2025-10-28 12:39:15.287,0.979,25.91,373.9
ARDG_AQUA bream 310gr 23 sm  281025 1233002.csv,2367,2348,2386,2025-10-28 12:39:16.909,2025-10-28 12:39:16.430,2025-10-28 12:39:17.387,0.8915,29.75,486.2
ARDG_AQUA bream 310gr 23 sm  281025 1233002.csv,2423,2404,2442,2025-10-28 12:39:18.314,2025-10-28 12:39:17.838,2025-10-28 12:39:18.811,0.8677,29.0,405.4
ARDG_AQUA bream 310gr 23 sm  281025 1233002.csv,2485,2466,2504,2025-10-28 12:39:19.866,2025-10-28 12:39:19.386,2025-10-28 12:39:20.330,0.9386,28.68,423.0
ARDG_AQUA bream 310gr 23 sm  281025 1233002.csv,2587,2568,2606,2025-10-28 12:39:22.409,2025-10-28 12:39:21.946,2025-10-28 12:39:22.889,0.902,26.94,368.0
ARDG_AQUA bream 310gr 23 sm  281025 1233002.csv,2661,2642,2680,2025-10-28 12:39:24.292,2025-10-28 12:39:23.805,2025-10-28 12:39:24.745,0.9118,29.04,454.9
ARDG_AQUA bream 310gr 23 sm  281025 1233002.csv,2711,2692,2730,2025-10-28 12:39:25.513,2025-10-28 12:39:25.049,2025-10-28 12:39:25.993,0.9418,30.84,499.6
ARDG_AQUA bream 310gr 23 sm  281025 1233002.csv,2773,2754,2792,2025-10-28 12:39:27.065,2025-10-28 12:39:26.600,2025-10-28 12:39:27.544,0.7706,29.49,421.6
ARDG_AQUA bream 310gr 23 sm  281025 1233002.csv,2813,2794,2832,2025-10-28 12:39:28.073,2025-10-28 12:39:27.593,2025-10-28 12:39:28.553,0.9532,26.58,342.1
ARDG_AQUA bream 310gr 23 sm  281025 1233002.csv,2881,2862,2900,2025-10-28 12:39:29.790,2025-10-28 12:39:29.321,2025-10-28 12:39:30.248,0.9565,28.9,380.1
ARDG_AQUA bream 310gr 23 sm  281025 1233002.csv,2925,2906,2944,2025-10-28 12:39:30.871,2025-10-28 12:39:30.407,2025-10-28 12:39:31.367,0.5769,29.18,510.3
ARDG_AQUA bream 310gr 23 sm  281025 1233002.csv,2987,2968,3006,2025-10-28 12:39:32.423,2025-10-28 12:39:31.959,2025-10-28 12:39:32.902,0.7715,32.84,549.4
ARDG_AQUA bream 310gr 23 sm  281025 1233002.csv,3027,3008,3046,2025-10-28 12:39:33.433,2025-10-28 12:39:32.951,2025-10-28 12:39:33.912,0.9049,28.82,533.9
ARDG_AQUA bream 310gr 23 sm  281025 1233002.csv,3087,3068,3106,2025-10-28 12:39:34.934,2025-10-28 12:39:34.464,2025-10-28 12:39:35.414,0.9713,26.72,365.4
ARDG_AQUA bream 310gr 23 sm  281025 1233002.csv,3179,3160,3198,2025-10-28 12:39:37.239,2025-10-28 12:39:36.758,2025-10-28 12:39:37.701,0.9637,27.35,499.9
ARDG_AQUA bream 310gr 23 sm  281025 1233002.csv,3267,3248,3286,2025-10-28 12:39:39.429,2025-10-28 12:39:38.965,2025-10-28 12:39:39.909,0.9665,30.08,442.3
ARDG_AQUA bream 310gr 23 sm  281025 1233002.csv,3323,3304,3342,2025-10-28 12:39:40.836,2025-10-28 12:39:40.359,2025-10-28 12:39:41.320,0.9296,28.95,379.3
ARDG_AQUA bream 310gr 23 sm  281025 1233002.csv,3431,3412,3450,2025-10-28 12:39:43.540,2025-10-28 12:39:43.060,2025-10-28 12:39:44.021,0.9607,28.56,446.3
ARDG_AQUA bream 310gr 23 sm  281025 1233002.csv,3555,3536,3574,2025-10-28 12:39:46.643,2025-10-28 12:39:46.163,2025-10-28 12:39:47.123,0.6628,31.69,481.9
ARDG_AQUA bream 310gr 23 sm  281025 1233002.csv,3639,3620,3658,2025-10-28 12:39:48.755,2025-10-28 12:39:48.291,2025-10-28 12:39:49.218,0.9576,29.3,443.8
ARDG_AQUA bream 310gr 23 sm  281025 1233002.csv,3733,3714,3752,2025-10-28 12:39:51.107,2025-10-28 12:39:50.626,2025-10-28 12:39:51.570,0.9657,26.9,497.6
ARDG_AQUA bream 310gr 23 sm  281025 1233002.csv,3863,3844,3882,2025-10-28 12:39:54.352,2025-10-28 12:39:53.872,2025-10-28 12:39:54.846,0.9439,29.16,505.5
ARDG_AQUA bream 310gr 23 sm  281025 1233002.csv,3953,3934,3972,2025-10-28 12:39:56.609,2025-10-28 12:39:56.129,2025-10-28 12:39:57.088,0.9388,28.45,470.4
ARDG_AQUA bream 310gr 23 sm  281025 1233002.csv,4101,4082,4120,2025-10-28 12:40:00.314,2025-10-28 12:39:59.838,2025-10-28 12:40:00.794,0.9735,29.48,482.6
ARDG_AQUA bream 310gr 23 sm  281025 1233002.csv,4167,4148,4186,2025-10-28 12:40:01.964,2025-10-28 12:40:01.486,2025-10-28 12:40:02.429,0.9552,28.87,419.7
ARDG_AQUA bream 310gr 23 sm  281025 1233002.csv,4269,4250,4288,2025-10-28 12:40:04.511,2025-10-28 12:40:04.047,2025-10-28 12:40:04.990,0.966,28.57,367.5
ARDG_AQUA bream 310gr 23 sm  281025 1233002.csv,4359,4340,4378,2025-10-28 12:40:06.766,2025-10-28 12:40:06.291,2025-10-28 12:40:07.245,0.9761,28.42,495.0
ARDG_AQUA bream 310gr 23 sm  281025 1233002.csv,4457,4438,4476,2025-10-28 12:40:09.228,2025-10-28 12:40:08.748,2025-10-28 12:40:09.692,0.9791,28.2,424.6
ARDG_AQUA bream 310gr 23 sm  281025 1233002.csv,4523,4504,4542,2025-10-28 12:40:10.878,2025-10-28 12:40:10.397,2025-10-28 12:40:11.369,0.9654,28.01,477.9
ARDG_AQUA bream 310gr 23 sm  281025 1233002.csv,4625,4606,4644,2025-10-28 12:40:13.419,2025-10-28 12:40:12.955,2025-10-28 12:40:13.899,0.9764,28.92,471.2
ARDG_AQUA bream 310gr 23 sm  281025 1233002.csv,4725,4706,4744,2025-10-28 12:40:15.931,2025-10-28 12:40:15.451,2025-10-28 12:40:16.411,0.9701,30.27,565.9
ARDG_AQUA bream 310gr 23 sm  281025 1233002.csv,4745,4726,4764,2025-10-28 12:40:16.425,2025-10-28 12:40:15.961,2025-10-28 12:40:16.906,0.5791,26.27,486.9
ARDG_AQUA bream 310gr 23 sm  281025 1233002.csv,4975,4956,4994,2025-10-28 12:40:22.185,2025-10-28 12:40:21.721,2025-10-28 12:40:22.664,0.9483,30.27,461.8
ARDG_AQUA bream 310gr 23 sm  281025 1233002.csv,5043,5024,5062,2025-10-28 12:40:23.895,2025-10-28 12:40:23.415,2025-10-28 12:40:24.362,0.7991,27.94,352.0
ARDG_AQUA bream 310gr 23 sm  281025 1233002.csv,5107,5088,5126,2025-10-28 12:40:25.496,2025-10-28 12:40:25.017,2025-10-28 12:40:25.974,0.6656,28.48,485.1
ARDG_AQUA bream 310gr 23 sm  281025 1233002.csv,5281,5262,5300,2025-10-28 12:40:29.846,2025-10-28 12:40:29.367,2025-10-28 12:40:30.317,0.953,27.39,428.7
ARDG_AQUA bream 310gr 23 sm  281025 1233002.csv,5541,5522,5560,2025-10-28 12:40:36.363,2025-10-28 12:40:35.880,2025-10-28 12:40:36.857,0.9638,29.8,521.5
ARDG_AQUA bream 310gr 23 sm  281025 1233002.csv,5611,5592,5630,2025-10-28 12:40:38.116,2025-10-28 12:40:37.637,2025-10-28 12:40:38.580,0.9553,29.69,441.9
ARDG_AQUA bream 310gr 23 sm  281025 1233002.csv,5685,5666,5704,2025-10-28 12:40:39.969,2025-10-28 12:40:39.492,2025-10-28 12:40:40.434,0.9659,29.32,510.4
ARDG_AQUA bream 310gr 23 sm  281025 1233002.csv,5779,5760,5798,2025-10-28 12:40:42.323,2025-10-28 12:40:41.844,2025-10-28 12:40:42.824,0.9612,29.23,510.4
ARDG_AQUA bream 310gr 23 sm  281025 1233002.csv,5875,5856,5894,2025-10-28 12:40:44.722,2025-10-28 12:40:44.242,2025-10-28 12:40:45.203,0.9298,28.65,400.9
ARDG_AQUA bream 310gr 23 sm  281025 1233002.csv,5919,5900,5938,2025-10-28 12:40:45.835,2025-10-28 12:40:45.365,2025-10-28 12:40:46.291,0.5598,30.48,493.5
ARDG_AQUA bream 310gr 23 sm  281025 1233002.csv,6003,5984,6022,2025-10-28 12:40:47.922,2025-10-28 12:40:47.444,2025-10-28 12:40:48.401,0.9756,30.15,440.2
ARDG_AQUA bream 310gr 23 sm  281025 1233002.csv,6061,6042,6080,2025-10-28 12:40:49.376,2025-10-28 12:40:48.898,2025-10-28 12:40:49.874,0.9608,27.24,320.5
ARDG_AQUA bream 310gr 23 sm  281025 1233002.csv,6141,6122,6160,2025-10-28 12:40:51.375,2025-10-28 12:40:50.897,2025-10-28 12:40:51.859,0.9363,29.99,444.3
ARDG_AQUA bream 310gr 23 sm  281025 1233002.csv,6191,6172,6210,2025-10-28 12:40:52.625,2025-10-28 12:40:52.161,2025-10-28 12:40:53.104,0.9086,29.26,470.2
ARDG_AQUA bream 310gr 23 sm  281025 1233002.csv,6267,6248,6286,2025-10-28 12:40:54.528,2025-10-28 12:40:54.064,2025-10-28 12:40:55.007,0.8977,29.87,484.5
ARDG_AQUA bream 310gr 23 sm  281025 1233002.csv,6417,6398,6436,2025-10-28 12:40:58.299,2025-10-28 12:40:57.819,2025-10-28 12:40:58.767,0.9698,27.69,475.1
ARDG_AQUA bream 310gr 23 sm  281025 1233002.csv,6507,6488,6526,2025-10-28 12:41:00.542,2025-10-28 12:41:00.062,2025-10-28 12:41:01.023,0.7282,28.35,476.2
ARDG_AQUA bream 310gr 23 sm  281025 1233002.csv,6561,6542,6580,2025-10-28 12:41:01.882,2025-10-28 12:41:01.422,2025-10-28 12:41:02.365,0.9729,27.83,382.9
ARDG_AQUA bream 310gr 23 sm  281025 1233002.csv,6643,6624,6662,2025-10-28 12:41:03.949,2025-10-28 12:41:03.469,2025-10-28 12:41:04.412,0.9565,30.0,483.5
ARDG_AQUA bream 310gr 23 sm  281025 1233002.csv,6783,6764,6802,2025-10-28 12:41:07.451,2025-10-28 12:41:06.978,2025-10-28 12:41:07.932,0.9606,28.72,494.7
ARDG_AQUA bream 310gr 23 sm  281025 1233002.csv,6863,6844,6882,2025-10-28 12:41:09.454,2025-10-28 12:41:08.971,2025-10-28 12:41:09.931,0.9733,28.65,459.8
ARDG_AQUA bream 310gr 23 sm  281025 1233002.csv,6913,6894,6932,2025-10-28 12:41:10.699,2025-10-28 12:41:10.219,2025-10-28 12:41:11.178,0.9632,26.84,455.8
ARDG_AQUA bream 310gr 23 sm  281025 1233002.csv,6971,6952,6990,2025-10-28 12:41:12.155,2025-10-28 12:41:11.676,2025-10-28 12:41:12.635,0.7954,30.26,419.1
ARDG_AQUA bream 310gr 23 sm  281025 1233002.csv,7017,6998,7036,2025-10-28 12:41:13.311,2025-10-28 12:41:12.827,2025-10-28 12:41:13.821,0.9701,28.93,622.6
ARDG_AQUA bream 310gr 23 sm  281025 1233002.csv,7089,7070,7108,2025-10-28 12:41:15.115,2025-10-28 12:41:14.634,2025-10-28 12:41:15.577,0.9375,29.58,419.3
ARDG_AQUA bream 310gr 23 sm  281025 1233002.csv,7141,7122,7160,2025-10-28 12:41:16.409,2025-10-28 12:41:15.929,2025-10-28 12:41:16.914,0.9682,31.1,574.7
ARDG_AQUA bream 310gr 23 sm  281025 1233002.csv,7227,7208,7246,2025-10-28 12:41:18.569,2025-10-28 12:41:18.088,2025-10-28 12:41:19.032,0.9799,27.45,456.4
ARDG_AQUA bream 310gr 23 sm  281025 1233002.csv,7317,7298,7336,2025-10-28 12:41:20.823,2025-10-28 12:41:20.358,2025-10-28 12:41:21.305,0.952,27.31,397.7
ARDG_AQUA bream 310gr 23 sm  281025 1233002.csv,7403,7384,7422,2025-10-28 12:41:22.967,2025-10-28 12:41:22.481,2025-10-28 12:41:23.446,0.9708,28.18,485.0
ARDG_AQUA bream 310gr 23 sm  281025 1233002.csv,7521,7502,7540,2025-10-28 12:41:25.923,2025-10-28 12:41:25.448,2025-10-28 12:41:26.406,0.939,27.07,365.9
ARDG_AQUA bream 310gr 23 sm  281025 1233002.csv,7599,7580,7618,2025-10-28 12:41:27.874,2025-10-28 12:41:27.399,2025-10-28 12:41:28.372,0.9664,28.37,409.5
ARDG_AQUA bream 310gr 23 sm  281025 1233002.csv,7663,7644,7682,2025-10-28 12:41:29.477,2025-10-28 12:41:28.998,2025-10-28 12:41:29.957,0.9786,27.84,508.3
ARDG_AQUA bream 310gr 23 sm  281025 1233002.csv,7817,7798,7836,2025-10-28 12:41:33.323,2025-10-28 12:41:32.873,2025-10-28 12:41:33.825,0.9734,30.58,407.3
ARDG_AQUA bream 310gr 23 sm  281025 1233002.csv,7959,7940,7978,2025-10-28 12:41:36.882,2025-10-28 12:41:36.404,2025-10-28 12:41:37.367,0.9663,27.45,448.2
ARDG_AQUA bream 310gr 23 sm  281025 1233002.csv,8211,8192,8230,2025-10-28 12:41:43.202,2025-10-28 12:41:42.722,2025-10-28 12:41:43.666,0.6202,29.92,533.5
ARDG_AQUA bream 310gr 23 sm  281025 1233002.csv,8309,8290,8328,2025-10-28 12:41:45.649,2025-10-28 12:41:45.169,2025-10-28 12:41:46.130,0.965,29.3,391.0
ARDG_AQUA bream 310gr 23 sm  281025 1233002.csv,8393,8374,8412,2025-10-28 12:41:47.745,2025-10-28 12:41:47.281,2025-10-28 12:41:48.224,0.9819,30.09,508.2
ARDG_AQUA bream 310gr 23 sm  281025 1233002.csv,8473,8454,8492,2025-10-28 12:41:49.760,2025-10-28 12:41:49.281,2025-10-28 12:41:50.224,0.9295,30.34,532.2
ARDG_AQUA bream 310gr 23 sm  281025 1233002.csv,8565,8546,8584,2025-10-28 12:41:52.063,2025-10-28 12:41:51.584,2025-10-28 12:41:52.527,0.9808,28.11,404.2
ARDG_AQUA bream 310gr 23 sm  281025 1233002.csv,8585,8566,8604,2025-10-28 12:41:52.560,2025-10-28 12:41:52.079,2025-10-28 12:41:53.039,0.6096,29.03,415.3
ARDG_AQUA bream 310gr 23 sm  281025 1233002.csv,8703,8684,8722,2025-10-28 12:41:55.518,2025-10-28 12:41:55.039,2025-10-28 12:41:55.987,0.9548,27.31,386.0
ARDG_AQUA bream 310gr 23 sm  281025 1233002.csv,8805,8786,8824,2025-10-28 12:41:58.061,2025-10-28 12:41:57.582,2025-10-28 12:41:58.541,0.9629,28.01,404.4
ARDG_AQUA bream 310gr 23 sm  281025 1233002.csv,8925,8906,8944,2025-10-28 12:42:01.069,2025-10-28 12:42:00.590,2025-10-28 12:42:01.548,0.9691,26.95,348.7
ARDG_AQUA bream 310gr 23 sm  281025 1233002.csv,9011,8992,9030,2025-10-28 12:42:03.228,2025-10-28 12:42:02.748,2025-10-28 12:42:03.693,0.9828,29.87,421.1
ARDG_AQUA bream 310gr 23 sm  281025 1233002.csv,9087,9068,9106,2025-10-28 12:42:05.116,2025-10-28 12:42:04.651,2025-10-28 12:42:05.596,0.9496,31.05,479.8
ARDG_AQUA bream 310gr 23 sm  281025 1233002.csv,9193,9174,9212,2025-10-28 12:42:07.770,2025-10-28 12:42:07.331,2025-10-28 12:42:08.250,0.9796,27.31,494.8
ARDG_AQUA bream 310gr 23 sm  281025 1233002.csv,9283,9264,9302,2025-10-28 12:42:10.032,2025-10-28 12:42:09.546,2025-10-28 12:42:10.505,0.9782,27.71,456.4
ARDG_AQUA bream 310gr 23 sm  281025 1233002.csv,9303,9284,9322,2025-10-28 12:42:10.520,2025-10-28 12:42:10.058,2025-10-28 12:42:11.002,0.5095,24.16,304.8
ARDG_AQUA bream 310gr 23 sm  281025 1233002.csv,9451,9432,9470,2025-10-28 12:42:14.234,2025-10-28 12:42:13.753,2025-10-28 12:42:14.712,0.9741,28.83,503.0
ARDG_AQUA bream 310gr 23 sm  281025 1233002.csv,9527,9508,9546,2025-10-28 12:42:16.137,2025-10-28 12:42:15.656,2025-10-28 12:42:16.617,0.9502,27.52,447.1
ARDG_AQUA bream 310gr 23 sm  281025 1233002.csv,9627,9608,9646,2025-10-28 12:42:18.647,2025-10-28 12:42:18.169,2025-10-28 12:42:19.111,0.9565,28.6,444.5
ARDG_AQUA bream 310gr 23 sm  281025 1233002.csv,9735,9716,9754,2025-10-28 12:42:21.350,2025-10-28 12:42:20.892,2025-10-28 12:42:21.831,0.9621,27.64,464.1
ARDG_AQUA bream 310gr 23 sm  281025 1233002.csv,9831,9812,9850,2025-10-28 12:42:23.750,2025-10-28 12:42:23.271,2025-10-28 12:42:24.229,0.9437,28.34,415.4
ARDG_AQUA bream 310gr 23 sm  281025 1233002.csv,9915,9896,9934,2025-10-28 12:42:25.846,2025-10-28 12:42:25.400,2025-10-28 12:42:26.339,0.8903,31.02,569.4
ARDG_AQUA bream 310gr 23 sm  281025 1233002.csv,10081,10062,10100,2025-10-28 12:42:30.006,2025-10-28 12:42:29.525,2025-10-28 12:42:30.483,0.9734,28.74,454.6
ARDG_AQUA bream 310gr 23 sm  281025 1233002.csv,10191,10172,10210,2025-10-28 12:42:32.755,2025-10-28 12:42:32.292,2025-10-28 12:42:33.236,0.9668,27.95,475.0
ARDG_AQUA bream 310gr 23 sm  281025 1233002.csv,10995,10976,11014,2025-10-28 12:42:52.908,2025-10-28 12:42:52.418,2025-10-28 12:42:53.357,0.961,27.36,485.8
ARDG_AQUA bream 310gr 23 sm  281025 1233002.csv,11081,11062,11100,2025-10-28 12:42:55.036,2025-10-28 12:42:54.561,2025-10-28 12:42:55.516,0.9509,29.47,369.0
ARDG_AQUA bream 310gr 23 sm  281025 1233002.csv,11183,11164,11202,2025-10-28 12:42:57.596,2025-10-28 12:42:57.116,2025-10-28 12:42:58.060,0.974,29.29,404.2
ARDG_AQUA bream 310gr 23 sm  281025 1233002.csv,11251,11232,11270,2025-10-28 12:42:59.291,2025-10-28 12:42:58.853,2025-10-28 12:42:59.771,0.9345,28.23,455.3
ARDG_AQUA bream 310gr 23 sm  281025 1233002.csv,11337,11318,11356,2025-10-28 12:43:01.452,2025-10-28 12:43:00.975,2025-10-28 12:43:01.932,0.9773,28.58,535.1
ARDG_AQUA bream 310gr 23 sm  281025 1233002.csv,11395,11376,11414,2025-10-28 12:43:02.910,2025-10-28 12:43:02.428,2025-10-28 12:43:03.370,0.9684,28.79,405.1
ARDG_AQUA bream 310gr 23 sm  281025 1233002.csv,11473,11454,11492,2025-10-28 12:43:04.856,2025-10-28 12:43:04.378,2025-10-28 12:43:05.359,0.9607,28.68,513.4
ARDG_AQUA bream 310gr 23 sm  281025 1233002.csv,11541,11522,11560,2025-10-28 12:43:06.554,2025-10-28 12:43:06.074,2025-10-28 12:43:07.034,0.9644,27.35,464.3
ARDG_AQUA bream 310gr 23 sm  281025 1233002.csv,11625,11606,11644,2025-10-28 12:43:08.665,2025-10-28 12:43:08.186,2025-10-28 12:43:09.130,0.9495,28.41,380.9
ARDG_AQUA bream 310gr 23 sm  281025 1233002.csv,11691,11672,11710,2025-10-28 12:43:10.337,2025-10-28 12:43:09.841,2025-10-28 12:43:10.793,0.968,29.74,513.3
ARDG_AQUA bream 310gr 23 sm  281025 1233002.csv,11831,11812,11850,2025-10-28 12:43:13.861,2025-10-28 12:43:13.353,2025-10-28 12:43:14.295,0.9731,28.89,485.1
ARDG_AQUA bream 310gr 23 sm  281025 1233002.csv,11879,11860,11898,2025-10-28 12:43:15.016,2025-10-28 12:43:14.536,2025-10-28 12:43:15.493,0.9673,27.31,423.6
ARDG_AQUA bream 310gr 23 sm  281025 1233002.csv,11959,11940,11978,2025-10-28 12:43:17.015,2025-10-28 12:43:16.536,2025-10-28 12:43:17.494,0.9298,28.83,350.8
ARDG_AQUA bream 310gr 23 sm  281025 1233003.csv,21,2,40,2025-10-28 12:43:18.997,2025-10-28 12:43:18.519,2025-10-28 12:43:19.483,0.8209,25.96,308.8
ARDG_AQUA bream 310gr 23 sm  281025 1233003.csv,85,66,104,2025-10-28 12:43:20.598,2025-10-28 12:43:20.118,2025-10-28 12:43:21.077,0.9004,29.47,499.4
ARDG_AQUA bream 310gr 23 sm  281025 1233003.csv,141,122,160,2025-10-28 12:43:22.005,2025-10-28 12:43:21.527,2025-10-28 12:43:22.471,0.9685,31.97,595.9
ARDG_AQUA bream 310gr 23 sm  281025 1233003.csv,231,212,250,2025-10-28 12:43:24.244,2025-10-28 12:43:23.781,2025-10-28 12:43:24.725,0.9764,31.93,454.9
ARDG_AQUA bream 310gr 23 sm  281025 1233003.csv,283,264,302,2025-10-28 12:43:25.557,2025-10-28 12:43:25.077,2025-10-28 12:43:26.036,0.9657,31.58,535.6
ARDG_AQUA bream 310gr 23 sm  281025 1233003.csv,361,342,380,2025-10-28 12:43:27.509,2025-10-28 12:43:27.028,2025-10-28 12:43:27.987,0.5364,28.6,388.9
ARDG_AQUA bream 310gr 23 sm  281025 1233003.csv,381,362,400,2025-10-28 12:43:27.997,2025-10-28 12:43:27.525,2025-10-28 12:43:28.488,0.9748,29.94,506.8
ARDG_AQUA bream 310gr 23 sm  281025 1233003.csv,401,382,420,2025-10-28 12:43:28.517,2025-10-28 12:43:28.036,2025-10-28 12:43:28.980,0.5402,25.51,424.4
ARDG_AQUA bream 310gr 23 sm  281025 1233003.csv,453,434,472,2025-10-28 12:43:29.812,2025-10-28 12:43:29.358,2025-10-28 12:43:30.292,0.9881,31.95,601.0
ARDG_AQUA bream 340gr 27cm  281025 1415002.csv,61,42,80,2025-10-28 14:21:04.413,2025-10-28 14:21:03.932,2025-10-28 14:21:04.892,0.9822,28.24,306.4
ARDG_AQUA bream 340gr 27cm  281025 1415002.csv,159,140,178,2025-10-28 14:21:06.877,2025-10-28 14:21:06.397,2025-10-28 14:21:07.339,0.5652,26.13,401.7
ARDG_AQUA bream 340gr 27cm  281025 1415002.csv,181,162,200,2025-10-28 14:21:07.420,2025-10-28 14:21:06.940,2025-10-28 14:21:07.900,0.9735,27.23,349.5
ARDG_AQUA bream 340gr 27cm  281025 1415002.csv,267,248,286,2025-10-28 14:21:09.579,2025-10-28 14:21:09.099,2025-10-28 14:21:10.043,0.9768,26.99,346.3
ARDG_AQUA bream 340gr 27cm  281025 1415002.csv,371,352,390,2025-10-28 14:21:12.188,2025-10-28 14:21:11.713,2025-10-28 14:21:12.651,0.9809,27.5,309.9
ARDG_AQUA bream 340gr 27cm  281025 1415002.csv,453,434,472,2025-10-28 14:21:14.233,2025-10-28 14:21:13.756,2025-10-28 14:21:14.714,0.966,26.45,292.4
ARDG_AQUA bream 340gr 27cm  281025 1415002.csv,553,534,572,2025-10-28 14:21:16.730,2025-10-28 14:21:16.265,2025-10-28 14:21:17.221,0.559,25.26,376.0
ARDG_AQUA bream 340gr 27cm  281025 1415002.csv,591,572,610,2025-10-28 14:21:17.684,2025-10-28 14:21:17.221,2025-10-28 14:21:18.153,0.5952,23.34,256.7
ARDG_AQUA bream 340gr 27cm  281025 1415002.csv,615,596,634,2025-10-28 14:21:18.280,2025-10-28 14:21:17.816,2025-10-28 14:21:18.760,0.5099,23.7,162.6
ARDG_AQUA bream 340gr 27cm  281025 1415002.csv,641,622,660,2025-10-28 14:21:18.936,2025-10-28 14:21:18.457,2025-10-28 14:21:19.417,0.9546,27.71,483.0
ARDG_AQUA bream 340gr 27cm  281025 1415002.csv,665,646,684,2025-10-28 14:21:19.545,2025-10-28 14:21:19.065,2025-10-28 14:21:20.008,0.9762,32.87,768.9
ARDG_AQUA bream 340gr 27cm  281025 1415002.csv,889,870,908,2025-10-28 14:21:25.142,2025-10-28 14:21:24.662,2025-10-28 14:21:25.622,0.9539,26.9,367.0
ARDG_AQUA bream 340gr 27cm  281025 1415002.csv,999,980,1018,2025-10-28 14:21:27.893,2025-10-28 14:21:27.430,2025-10-28 14:21:28.373,0.9489,26.34,422.5
ARDG_AQUA bream 340gr 27cm  281025 1415002.csv,1019,1000,1038,2025-10-28 14:21:28.405,2025-10-28 14:21:27.925,2025-10-28 14:21:28.868,0.8539,22.05,250.3
ARDG_AQUA bream 340gr 27cm  281025 1415002.csv,1041,1022,1060,2025-10-28 14:21:28.949,2025-10-28 14:21:28.469,2025-10-28 14:21:29.429,0.6667,26.18,357.3
ARDG_AQUA bream 340gr 27cm  281025 1415002.csv,1061,1042,1080,2025-10-28 14:21:29.445,2025-10-28 14:21:28.982,2025-10-28 14:21:29.926,0.9555,30.2,540.6
ARDG_AQUA bream 340gr 27cm  281025 1415002.csv,1095,1076,1114,2025-10-28 14:21:30.308,2025-10-28 14:21:29.828,2025-10-28 14:21:30.772,0.9919,36.34,757.7
ARDG_AQUA bream 390gr 26cm  281025 1325003.csv,6509,6490,6528,2025-10-28 13:40:25.698,2025-10-28 13:40:25.217,2025-10-28 13:40:26.177,0.9652,31.23,619.1
ARDG_AQUA bream 390gr 26cm  281025 1325003.csv,6677,6658,6696,2025-10-28 13:40:29.905,2025-10-28 13:40:29.424,2025-10-28 13:40:30.385,0.989,33.97,624.0
ARDG_AQUA bream 390gr 26cm  281025 1325003.csv,6791,6772,6810,2025-10-28 13:40:32.752,2025-10-28 13:40:32.288,2025-10-28 13:40:33.232,0.7507,31.15,558.3
ARDG_AQUA bream 390gr 26cm  281025 1325003.csv,6813,6794,6832,2025-10-28 13:40:33.331,2025-10-28 13:40:32.839,2025-10-28 13:40:33.775,0.9697,32.45,632.4
ARDG_AQUA bream 390gr 26cm  281025 1325003.csv,6887,6868,6906,2025-10-28 13:40:35.167,2025-10-28 13:40:34.687,2025-10-28 13:40:35.630,0.9748,31.51,540.7
ARDG_AQUA bream 390gr 26cm  281025 1325003.csv,7007,6988,7026,2025-10-28 13:40:38.158,2025-10-28 13:40:37.693,2025-10-28 13:40:38.638,0.9766,30.76,648.4
ARDG_AQUA bream 390gr 26cm  281025 1325003.csv,7143,7124,7162,2025-10-28 13:40:41.564,2025-10-28 13:40:41.085,2025-10-28 13:40:42.045,0.9745,32.26,575.8
ARDG_AQUA bream 390gr 26cm  281025 1325003.csv,7253,7234,7272,2025-10-28 13:40:44.327,2025-10-28 13:40:43.860,2025-10-28 13:40:44.831,0.9741,33.13,695.3
ARDG_AQUA bream 390gr 26cm  281025 1325003.csv,7383,7364,7402,2025-10-28 13:40:47.579,2025-10-28 13:40:47.099,2025-10-28 13:40:48.043,0.9828,33.76,586.0
ARDG_AQUA bream 390gr 26cm  281025 1325003.csv,7471,7452,7490,2025-10-28 13:40:49.770,2025-10-28 13:40:49.334,2025-10-28 13:40:50.251,0.8001,32.04,634.7
ARDG_AQUA bream 390gr 26cm  281025 1325003.csv,7491,7472,7510,2025-10-28 13:40:50.282,2025-10-28 13:40:49.847,2025-10-28 13:40:50.746,0.9632,29.87,446.0
ARDG_AQUA bream 390gr 26cm  281025 1325003.csv,7641,7622,7660,2025-10-28 13:40:54.025,2025-10-28 13:40:53.562,2025-10-28 13:40:54.505,0.9735,33.77,668.9
ARDG_AQUA bream 390gr 26cm  281025 1325003.csv,7763,7744,7782,2025-10-28 13:40:57.081,2025-10-28 13:40:56.617,2025-10-28 13:40:57.561,0.5787,32.99,604.3
ARDG_AQUA bream 390gr 26cm  281025 1325003.csv,7783,7764,7802,2025-10-28 13:40:57.592,2025-10-28 13:40:57.112,2025-10-28 13:40:58.057,0.9764,33.14,610.4
ARDG_AQUA bream 390gr 26cm  281025 1325003.csv,7875,7856,7894,2025-10-28 13:40:59.895,2025-10-28 13:40:59.416,2025-10-28 13:41:00.367,0.9648,33.8,625.0
ARDG_AQUA bream 390gr 26cm  281025 1325003.csv,7965,7946,7984,2025-10-28 13:41:02.136,2025-10-28 13:41:01.672,2025-10-28 13:41:02.615,0.5313,30.31,508.4
ARDG_AQUA bream 390gr 26cm  281025 1325003.csv,7985,7966,8004,2025-10-28 13:41:02.646,2025-10-28 13:41:02.166,2025-10-28 13:41:03.111,0.9835,32.96,665.2
ARDG_AQUA bream 390gr 26cm  281025 1325003.csv,8005,7986,8024,2025-10-28 13:41:03.142,2025-10-28 13:41:02.662,2025-10-28 13:41:03.623,0.6607,28.8,365.2
ARDG_AQUA bream 390gr 26cm  281025 1325003.csv,8063,8044,8082,2025-10-28 13:41:04.598,2025-10-28 13:41:04.118,2025-10-28 13:41:05.063,0.9877,34.07,696.6
ARDG_AQUA bream 390gr 26cm  281025 1325003.csv,8083,8064,8102,2025-10-28 13:41:05.094,2025-10-28 13:41:04.615,2025-10-28 13:41:05.574,0.9243,29.55,532.8
ARDG_AQUA bream 390gr 26cm  281025 1325003.csv,8185,8166,8204,2025-10-28 13:41:07.653,2025-10-28 13:41:07.173,2025-10-28 13:41:08.117,0.9739,32.81,674.9
ARDG_AQUA bream 390gr 26cm  281025 1325003.csv,8271,8252,8290,2025-10-28 13:41:09.796,2025-10-28 13:41:09.332,2025-10-28 13:41:10.277,0.9748,33.7,620.6
ARDG_AQUA bream 390gr 26cm  281025 1325003.csv,8291,8272,8310,2025-10-28 13:41:10.309,2025-10-28 13:41:09.828,2025-10-28 13:41:10.772,0.9507,30.82,632.8
ARDG_AQUA bream 390gr 26cm  281025 1325003.csv,8371,8352,8390,2025-10-28 13:41:12.322,2025-10-28 13:41:11.829,2025-10-28 13:41:12.788,0.9798,33.94,650.3
ARDG_AQUA bream 390gr 26cm  281025 1325003.csv,8453,8434,8472,2025-10-28 13:41:14.363,2025-10-28 13:41:13.876,2025-10-28 13:41:14.837,0.9769,34.77,696.9
ARDG_AQUA bream 390gr 26cm  281025 1325003.csv,8473,8454,8492,2025-10-28 13:41:14.851,2025-10-28 13:41:14.402,2025-10-28 13:41:15.331,0.6483,31.35,596.7
ARDG_AQUA bream 390gr 26cm  281025 1325003.csv,8503,8484,8522,2025-10-28 13:41:15.603,2025-10-28 13:41:15.139,2025-10-28 13:41:16.083,0.7159,23.46,259.5
ARDG_AQUA bream 390gr 26cm  281025 1325003.csv,8577,8558,8596,2025-10-28 13:41:17.458,2025-10-28 13:41:16.979,2025-10-28 13:41:17.938,0.9823,34.47,706.9
ARDG_AQUA bream 390gr 26cm  281025 1325003.csv,8671,8652,8690,2025-10-28 13:41:19.831,2025-10-28 13:41:19.346,2025-10-28 13:41:20.312,0.9639,32.07,553.6
ARDG_AQUA bream 390gr 26cm  281025 1325003.csv,8777,8758,8796,2025-10-28 13:41:22.471,2025-10-28 13:41:21.985,2025-10-28 13:41:22.947,0.5794,28.46,457.4
ARDG_AQUA bream 390gr 26cm  281025 1325003.csv,8797,8778,8816,2025-10-28 13:41:22.960,2025-10-28 13:41:22.496,2025-10-28 13:41:23.443,0.9546,33.91,588.3
ARDG_AQUA bream 390gr 26cm  281025 1325003.csv,8889,8870,8908,2025-10-28 13:41:25.263,2025-10-28 13:41:24.799,2025-10-28 13:41:25.745,0.9754,36.24,674.6
ARDG_AQUA bream 390gr 26cm  281025 1325003.csv,8993,8974,9012,2025-10-28 13:41:27.876,2025-10-28 13:41:27.400,2025-10-28 13:41:28.352,0.9754,34.58,681.9
ARDG_AQUA bream 390gr 26cm  281025 1325003.csv,9063,9044,9082,2025-10-28 13:41:29.631,2025-10-28 13:41:29.151,2025-10-28 13:41:30.095,0.9848,32.9,557.5
ARDG_AQUA bream 390gr 26cm  281025 1325003.csv,9083,9064,9102,2025-10-28 13:41:30.127,2025-10-28 13:41:29.647,2025-10-28 13:41:30.607,0.8914,32.73,608.9
ARDG_AQUA bream 390gr 26cm  281025 1325003.csv,9177,9158,9196,2025-10-28 13:41:32.478,2025-10-28 13:41:31.998,2025-10-28 13:41:32.962,0.9776,33.02,653.7
ARDG_AQUA bream 390gr 26cm  281025 1325003.csv,9263,9244,9282,2025-10-28 13:41:34.637,2025-10-28 13:41:34.158,2025-10-28 13:41:35.101,0.9841,33.69,592.0
ARDG_AQUA bream 390gr 26cm  281025 1325003.csv,9381,9362,9400,2025-10-28 13:41:37.581,2025-10-28 13:41:37.100,2025-10-28 13:41:38.060,0.974,34.17,651.9
ARDG_AQUA bream 390gr 26cm  281025 1325003.csv,9449,9430,9468,2025-10-28 13:41:39.292,2025-10-28 13:41:38.824,2025-10-28 13:41:39.756,0.9812,34.02,590.9
ARDG_AQUA bream 390gr 26cm  281025 1325003.csv,9469,9450,9488,2025-10-28 13:41:39.823,2025-10-28 13:41:39.332,2025-10-28 13:41:40.268,0.8955,30.74,548.7
ARDG_AQUA bream 390gr 26cm  281025 1325003.csv,9627,9608,9646,2025-10-28 13:41:43.739,2025-10-28 13:41:43.260,2025-10-28 13:41:44.218,0.963,33.04,636.8
ARDG_AQUA bream 390gr 26cm  281025 1325003.csv,9697,9678,9716,2025-10-28 13:41:45.492,2025-10-28 13:41:45.022,2025-10-28 13:41:45.961,0.9842,35.13,687.9
ARDG_AQUA bream 390gr 26cm  281025 1325003.csv,9801,9782,9820,2025-10-28 13:41:48.090,2025-10-28 13:41:47.625,2025-10-28 13:41:48.570,0.9729,33.82,656.6
ARDG_AQUA bream 390gr 26cm  281025 1325003.csv,9875,9856,9894,2025-10-28 13:41:49.944,2025-10-28 13:41:49.480,2025-10-28 13:41:50.425,0.9793,32.91,614.2
ARDG_AQUA bream 390gr 26cm  281025 1325003.csv,9895,9876,9914,2025-10-28 13:41:50.461,2025-10-28 13:41:49.979,2025-10-28 13:41:50.921,0.7318,27.96,516.2
ARDG_AQUA bream 390gr 26cm  281025 1325003.csv,10005,9986,10024,2025-10-28 13:41:53.208,2025-10-28 13:41:52.727,2025-10-28 13:41:53.672,0.9854,34.38,652.7
ARDG_AQUA bream 390gr 26cm  281025 1325003.csv,10101,10082,10120,2025-10-28 13:41:55.608,2025-10-28 13:41:55.127,2025-10-28 13:41:56.086,0.9481,34.12,665.9
ARDG_AQUA bream 390gr 26cm  281025 1325003.csv,10205,10186,10224,2025-10-28 13:41:58.215,2025-10-28 13:41:57.735,2025-10-28 13:41:58.679,0.7072,32.95,612.0
ARDG_AQUA bream 390gr 26cm  281025 1325003.csv,10225,10206,10244,2025-10-28 13:41:58.710,2025-10-28 13:41:58.230,2025-10-28 13:41:59.190,0.9796,33.63,641.7
ARDG_AQUA bream 390gr 26cm  281025 1325003.csv,10305,10286,10324,2025-10-28 13:42:00.710,2025-10-28 13:42:00.230,2025-10-28 13:42:01.189,0.9717,31.43,591.5
ARDG_AQUA bream 390gr 26cm  281025 1325003.csv,10415,10396,10434,2025-10-28 13:42:03.461,2025-10-28 13:42:02.979,2025-10-28 13:42:03.942,0.9846,33.76,652.1
ARDG_AQUA bream 390gr 26cm  281025 1325003.csv,10519,10500,10538,2025-10-28 13:42:06.068,2025-10-28 13:42:05.588,2025-10-28 13:42:06.548,0.9751,32.79,596.2
ARDG_AQUA bream 390gr 26cm  281025 1325003.csv,10679,10660,10698,2025-10-28 13:42:10.066,2025-10-28 13:42:09.588,2025-10-28 13:42:10.547,0.6158,29.83,517.4
ARDG_AQUA bream 390gr 26cm  281025 1325003.csv,10701,10682,10720,2025-10-28 13:42:10.627,2025-10-28 13:42:10.148,2025-10-28 13:42:11.091,0.9746,30.93,506.0
ARDG_AQUA bream 390gr 26cm  281025 1325003.csv,10767,10748,10786,2025-10-28 13:42:12.275,2025-10-28 13:42:11.794,2025-10-28 13:42:12.754,0.985,33.39,625.0
ARDG_AQUA bream 390gr 26cm  281025 1325003.csv,10787,10768,10806,2025-10-28 13:42:12.771,2025-10-28 13:42:12.291,2025-10-28 13:42:13.250,0.8094,28.86,534.4
ARDG_AQUA bream 390gr 26cm  281025 1325003.csv,10873,10854,10892,2025-10-28 13:42:14.927,2025-10-28 13:42:14.450,2025-10-28 13:42:15.397,0.9505,33.66,614.2
ARDG_AQUA bream 390gr 26cm  281025 1325003.csv,10947,10928,10966,2025-10-28 13:42:16.786,2025-10-28 13:42:16.304,2025-10-28 13:42:17.249,0.978,32.88,617.2
ARDG_AQUA bream 390gr 26cm  281025 1325003.csv,10967,10948,10986,2025-10-28 13:42:17.281,2025-10-28 13:42:16.801,2025-10-28 13:42:17.761,0.7337,28.81,513.3
ARDG_AQUA bream 390gr 26cm  281025 1325003.csv,11081,11062,11100,2025-10-28 13:42:20.129,2025-10-28 13:42:19.647,2025-10-28 13:42:20.609,0.9729,34.6,659.9
ARDG_AQUA bream 390gr 26cm  281025 1325003.csv,11149,11130,11168,2025-10-28 13:42:21.834,2025-10-28 13:42:21.359,2025-10-28 13:42:22.304,0.9801,33.43,582.5
ARDG_AQUA bream 390gr 26cm  281025 1325003.csv,11235,11216,11254,2025-10-28 13:42:23.987,2025-10-28 13:42:23.502,2025-10-28 13:42:24.462,0.9733,35.12,711.2
ARDG_AQUA bream 390gr 26cm  281025 1325003.csv,11299,11280,11318,2025-10-28 13:42:25.582,2025-10-28 13:42:25.119,2025-10-28 13:42:26.062,0.9831,34.41,682.7
ARDG_AQUA bream 390gr 26cm  281025 1325003.csv,11407,11388,11426,2025-10-28 13:42:28.286,2025-10-28 13:42:27.850,2025-10-28 13:42:28.766,0.9708,32.69,554.4
ARDG_AQUA bream 390gr 26cm  281025 1325003.csv,11473,11454,11492,2025-10-28 13:42:29.949,2025-10-28 13:42:29.470,2025-10-28 13:42:30.419,0.9619,35.23,637.3
ARDG_AQUA bream 390gr 26cm  281025 1325003.csv,11565,11546,11584,2025-10-28 13:42:32.236,2025-10-28 13:42:31.773,2025-10-28 13:42:32.716,0.9795,34.89,611.9
ARDG_AQUA bream 390gr 26cm  281025 1325005.csv,667,648,686,2025-10-28 13:48:02.057,2025-10-28 13:48:01.612,2025-10-28 13:48:02.537,0.9722,31.05,450.8
ARDG_AQUA bream 390gr 26cm  281025 1325005.csv,761,742,780,2025-10-28 13:48:04.409,2025-10-28 13:48:03.928,2025-10-28 13:48:04.888,0.974,30.18,572.4
ARDG_AQUA bream 390gr 26cm  281025 1325005.csv,829,810,848,2025-10-28 13:48:06.113,2025-10-28 13:48:05.640,2025-10-28 13:48:06.594,0.9675,29.1,497.6
ARDG_AQUA bream 390gr 26cm  281025 1325005.csv,937,918,956,2025-10-28 13:48:08.807,2025-10-28 13:48:08.343,2025-10-28 13:48:09.286,0.9544,31.78,593.0
ARDG_AQUA bream 390gr 26cm  281025 1325005.csv,1043,1024,1062,2025-10-28 13:48:11.466,2025-10-28 13:48:10.999,2025-10-28 13:48:11.942,0.9733,32.12,637.8
ARDG_AQUA bream 390gr 26cm  281025 1325005.csv,1063,1044,1082,2025-10-28 13:48:11.975,2025-10-28 13:48:11.495,2025-10-28 13:48:12.437,0.7105,27.31,421.6
ARDG_AQUA bream 390gr 26cm  281025 1325005.csv,1159,1140,1178,2025-10-28 13:48:14.374,2025-10-28 13:48:13.894,2025-10-28 13:48:14.837,0.9803,30.23,508.7
ARDG_AQUA bream 390gr 26cm  281025 1325005.csv,1245,1226,1264,2025-10-28 13:48:16.517,2025-10-28 13:48:16.053,2025-10-28 13:48:16.996,0.9775,30.67,521.4
ARDG_AQUA bream 390gr 26cm  281025 1325005.csv,1331,1312,1350,2025-10-28 13:48:18.675,2025-10-28 13:48:18.196,2025-10-28 13:48:19.154,0.951,35.06,629.5
ARDG_AQUA bream 390gr 26cm  281025 1325005.csv,1479,1460,1498,2025-10-28 13:48:22.372,2025-10-28 13:48:21.908,2025-10-28 13:48:22.851,0.9717,31.39,542.2
ARDG_AQUA bream 390gr 26cm  281025 1325005.csv,1601,1582,1620,2025-10-28 13:48:25.427,2025-10-28 13:48:24.963,2025-10-28 13:48:25.906,0.9716,30.44,520.2
ARDG_AQUA bream 390gr 26cm  281025 1325005.csv,1735,1716,1754,2025-10-28 13:48:28.782,2025-10-28 13:48:28.306,2025-10-28 13:48:29.265,0.959,29.88,472.0
ARDG_AQUA bream 390gr 26cm  281025 1325005.csv,1833,1814,1852,2025-10-28 13:48:31.232,2025-10-28 13:48:30.769,2025-10-28 13:48:31.712,0.9842,30.75,569.6
ARDG_AQUA bream 390gr 26cm  281025 1325005.csv,1907,1888,1926,2025-10-28 13:48:33.088,2025-10-28 13:48:32.624,2025-10-28 13:48:33.568,0.9436,30.81,551.3
ARDG_AQUA bream 390gr 26cm  281025 1325005.csv,2015,1996,2034,2025-10-28 13:48:35.792,2025-10-28 13:48:35.311,2025-10-28 13:48:36.274,0.9707,32.44,513.1
ARDG_AQUA bream 390gr 26cm  281025 1325005.csv,2093,2074,2112,2025-10-28 13:48:37.742,2025-10-28 13:48:37.263,2025-10-28 13:48:38.222,0.8783,32.69,575.8
ARDG_AQUA bream 390gr 26cm  281025 1325005.csv,2201,2182,2220,2025-10-28 13:48:40.446,2025-10-28 13:48:39.966,2025-10-28 13:48:40.925,0.957,31.74,497.6
ARDG_AQUA bream 390gr 26cm  281025 1325005.csv,2281,2262,2300,2025-10-28 13:48:42.445,2025-10-28 13:48:41.981,2025-10-28 13:48:42.925,0.9461,33.6,534.7
ARDG_AQUA bream 390gr 26cm  281025 1325005.csv,2375,2356,2394,2025-10-28 13:48:44.796,2025-10-28 13:48:44.332,2025-10-28 13:48:45.275,0.9721,32.08,546.0
ARDG_AQUA bream 390gr 26cm  281025 1325005.csv,2517,2498,2536,2025-10-28 13:48:48.364,2025-10-28 13:48:47.884,2025-10-28 13:48:48.827,0.958,30.09,469.3
ARDG_AQUA bream 390gr 26cm  281025 1325005.csv,2621,2602,2640,2025-10-28 13:48:50.955,2025-10-28 13:48:50.490,2025-10-28 13:48:51.435,0.9791,32.62,555.7
ARDG_AQUA bream 390gr 26cm  281025 1325005.csv,2737,2718,2756,2025-10-28 13:48:53.865,2025-10-28 13:48:53.386,2025-10-28 13:48:54.345,0.9814,29.53,469.3
ARDG_AQUA bream 390gr 26cm  281025 1325005.csv,2855,2836,2874,2025-10-28 13:48:56.825,2025-10-28 13:48:56.345,2025-10-28 13:48:57.288,0.9741,32.34,616.3
ARDG_AQUA bream 390gr 26cm  281025 1325005.csv,2917,2898,2936,2025-10-28 13:48:58.377,2025-10-28 13:48:57.896,2025-10-28 13:48:58.840,0.9758,31.42,490.4
ARDG_AQUA bream 390gr 26cm  281025 1325005.csv,3011,2992,3030,2025-10-28 13:49:00.727,2025-10-28 13:49:00.253,2025-10-28 13:49:01.191,0.9758,30.79,480.2
ARDG_AQUA bream 390gr 26cm  281025 1325005.csv,3219,3200,3238,2025-10-28 13:49:05.926,2025-10-28 13:49:05.446,2025-10-28 13:49:06.406,0.9665,28.93,449.9
ARDG_AQUA bream 390gr 26cm  281025 1325005.csv,3329,3310,3348,2025-10-28 13:49:08.686,2025-10-28 13:49:08.213,2025-10-28 13:49:09.166,0.9871,32.31,566.6
ARDG_AQUA bream 390gr 26cm  281025 1325005.csv,3533,3514,3552,2025-10-28 13:49:13.796,2025-10-28 13:49:13.312,2025-10-28 13:49:14.260,0.9782,27.54,365.2
ARDG_AQUA bream 390gr 26cm  281025 1325005.csv,3553,3534,3572,2025-10-28 13:49:14.293,2025-10-28 13:49:13.812,2025-10-28 13:49:14.771,0.5583,26.23,336.6
ARDG_AQUA bream 390gr 26cm  281025 1325005.csv,3631,3612,3650,2025-10-28 13:49:16.243,2025-10-28 13:49:15.763,2025-10-28 13:49:16.721,0.9828,31.55,540.2
ARDG_AQUA bream 390gr 26cm  281025 1325005.csv,3705,3686,3724,2025-10-28 13:49:18.104,2025-10-28 13:49:17.616,2025-10-28 13:49:18.562,0.9714,32.1,581.0
ARDG_AQUA bream 390gr 26cm  281025 1325005.csv,3787,3768,3806,2025-10-28 13:49:20.145,2025-10-28 13:49:19.670,2025-10-28 13:49:20.624,0.9776,29.65,504.2
ARDG_AQUA bream 390gr 26cm  281025 1325005.csv,3965,3946,3984,2025-10-28 13:49:24.608,2025-10-28 13:49:24.128,2025-10-28 13:49:25.072,0.9726,30.29,519.4
ARDG_AQUA bream 390gr 26cm  281025 1325005.csv,4077,4058,4096,2025-10-28 13:49:27.407,2025-10-28 13:49:26.929,2025-10-28 13:49:27.872,0.9762,31.99,538.3
ARDG_AQUA bream 390gr 26cm  281025 1325005.csv,4175,4156,4194,2025-10-28 13:49:29.854,2025-10-28 13:49:29.374,2025-10-28 13:49:30.335,0.9682,29.99,466.3
ARDG_AQUA bream 390gr 26cm  281025 1325005.csv,4287,4268,4306,2025-10-28 13:49:32.673,2025-10-28 13:49:32.189,2025-10-28 13:49:33.133,0.981,32.57,596.5
ARDG_AQUA bream 390gr 26cm  281025 1325005.csv,4491,4472,4510,2025-10-28 13:49:37.772,2025-10-28 13:49:37.295,2025-10-28 13:49:38.236,0.9672,30.7,506.5
ARDG_AQUA bream 390gr 26cm  281025 1325005.csv,4615,4596,4634,2025-10-28 13:49:40.876,2025-10-28 13:49:40.395,2025-10-28 13:49:41.340,0.9826,31.76,583.1
ARDG_AQUA bream 390gr 26cm  281025 1325005.csv,4727,4708,4746,2025-10-28 13:49:43.685,2025-10-28 13:49:43.197,2025-10-28 13:49:44.151,0.9484,30.7,538.0
ARDG_AQUA bream 390gr 26cm  281025 1325005.csv,4865,4846,4884,2025-10-28 13:49:47.135,2025-10-28 13:49:46.656,2025-10-28 13:49:47.609,0.9805,33.05,550.1
ARDG_AQUA bream 390gr 26cm  281025 1325005.csv,5039,5020,5058,2025-10-28 13:49:51.480,2025-10-28 13:49:51.000,2025-10-28 13:49:51.960,0.9681,30.82,610.8
ARDG_AQUA bream 390gr 26cm  281025 1325005.csv,5059,5040,5078,2025-10-28 13:49:51.975,2025-10-28 13:49:51.512,2025-10-28 13:49:52.456,0.6456,27.84,494.0
ARDG_AQUA bream 390gr 26cm  281025 1325005.csv,5161,5142,5180,2025-10-28 13:49:54.535,2025-10-28 13:49:54.054,2025-10-28 13:49:55.015,0.9702,29.84,521.6
ARDG_AQUA bream 390gr 26cm  281025 1325005.csv,5291,5272,5310,2025-10-28 13:49:57.785,2025-10-28 13:49:57.318,2025-10-28 13:49:58.263,0.9654,30.27,529.6
ARDG_AQUA bream 390gr 26cm  281025 1325005.csv,5411,5392,5430,2025-10-28 13:50:00.789,2025-10-28 13:50:00.310,2025-10-28 13:50:01.274,0.9813,31.23,580.5
ARDG_AQUA bream 390gr 26cm  281025 1325005.csv,6669,6650,6688,2025-10-28 13:50:32.285,2025-10-28 13:50:31.802,2025-10-28 13:50:32.747,0.9703,28.71,494.5
ARDG_AQUA bream 390gr 26cm  281025 1325005.csv,6775,6756,6794,2025-10-28 13:50:34.924,2025-10-28 13:50:34.458,2025-10-28 13:50:35.402,0.8044,29.13,531.7
ARDG_AQUA bream 390gr 26cm  281025 1325005.csv,6795,6776,6814,2025-10-28 13:50:35.434,2025-10-28 13:50:34.955,2025-10-28 13:50:35.898,0.9734,29.13,511.4
ARDG_AQUA bream 390gr 26cm  281025 1325005.csv,6931,6912,6950,2025-10-28 13:50:38.826,2025-10-28 13:50:38.361,2025-10-28 13:50:39.304,0.9798,31.33,469.7
ARDG_AQUA bream 390gr 26cm  281025 1325005.csv,6951,6932,6970,2025-10-28 13:50:39.338,2025-10-28 13:50:38.857,2025-10-28 13:50:39.812,0.5684,28.2,499.9
ARDG_AQUA bream 390gr 26cm  281025 1325005.csv,7027,7008,7046,2025-10-28 13:50:41.241,2025-10-28 13:50:40.761,2025-10-28 13:50:41.700,0.9632,31.73,532.5
ARDG_AQUA bream 390gr 26cm  281025 1325005.csv,7107,7088,7126,2025-10-28 13:50:43.241,2025-10-28 13:50:42.760,2025-10-28 13:50:43.720,0.9575,28.8,416.7
ARDG_AQUA bream 390gr 26cm  281025 1325005.csv,7205,7186,7224,2025-10-28 13:50:45.685,2025-10-28 13:50:45.209,2025-10-28 13:50:46.184,0.9618,30.79,466.0
ARDG_AQUA bream 390gr 26cm  281025 1325005.csv,7279,7260,7298,2025-10-28 13:50:47.543,2025-10-28 13:50:47.064,2025-10-28 13:50:48.024,0.9739,28.29,488.6
ARDG_AQUA bream 390gr 26cm  281025 1325005.csv,7379,7360,7398,2025-10-28 13:50:50.038,2025-10-28 13:50:49.574,2025-10-28 13:50:50.519,0.969,30.89,587.3
ARDG_AQUA bream 390gr 26cm  281025 1325005.csv,7517,7498,7536,2025-10-28 13:50:53.493,2025-10-28 13:50:53.030,2025-10-28 13:50:53.974,0.9735,28.95,532.6
ARDG_AQUA bream 390gr 26cm  281025 1325005.csv,7599,7580,7618,2025-10-28 13:50:55.556,2025-10-28 13:50:55.077,2025-10-28 13:50:56.022,0.9229,32.55,520.8
ARDG_AQUA bream 390gr 26cm  281025 1325005.csv,7671,7652,7690,2025-10-28 13:50:57.349,2025-10-28 13:50:56.885,2025-10-28 13:50:57.828,0.976,31.93,613.5
ARDG_AQUA bream 390gr 26cm  281025 1325005.csv,7759,7740,7778,2025-10-28 13:50:59.556,2025-10-28 13:50:59.076,2025-10-28 13:51:00.036,0.9524,31.48,590.0
ARDG_AQUA bream 390gr 26cm  281025 1325005.csv,7817,7798,7836,2025-10-28 13:51:01.011,2025-10-28 13:51:00.531,2025-10-28 13:51:01.476,0.9729,31.64,553.9
ARDG_AQUA bream 390gr 26cm  281025 1325005.csv,7957,7938,7976,2025-10-28 13:51:04.515,2025-10-28 13:51:04.035,2025-10-28 13:51:04.978,0.9614,30.75,491.6
ARDG_AQUA bream 390gr 26cm  281025 1325005.csv,8017,7998,8036,2025-10-28 13:51:06.018,2025-10-28 13:51:05.538,2025-10-28 13:51:06.483,0.9657,30.76,480.7
ARDG_AQUA bream 390gr 26cm  281025 1325005.csv,8121,8102,8140,2025-10-28 13:51:08.609,2025-10-28 13:51:08.145,2025-10-28 13:51:09.090,0.9543,30.54,658.4
ARDG_AQUA bream 390gr 26cm  281025 1325005.csv,8205,8186,8224,2025-10-28 13:51:10.720,2025-10-28 13:51:10.240,2025-10-28 13:51:11.184,0.9642,30.57,534.8
ARDG_AQUA bream 390gr 26cm  281025 1325005.csv,8297,8278,8316,2025-10-28 13:51:13.024,2025-10-28 13:51:12.545,2025-10-28 13:51:13.487,0.9788,30.99,514.8
ARDG_AQUA bream 390gr 26cm  281025 1325005.csv,8363,8344,8382,2025-10-28 13:51:14.674,2025-10-28 13:51:14.190,2025-10-28 13:51:15.157,0.9673,29.84,562.8
ARDG_AQUA bream 390gr 26cm  281025 1325005.csv,8483,8464,8502,2025-10-28 13:51:17.676,2025-10-28 13:51:17.198,2025-10-28 13:51:18.148,0.9608,32.18,529.0
ARDG_AQUA bream 390gr 26cm  281025 1325005.csv,8543,8524,8562,2025-10-28 13:51:19.163,2025-10-28 13:51:18.707,2025-10-28 13:51:19.654,0.9812,31.63,532.3
ARDG_AQUA bream 390gr 26cm  281025 1325005.csv,8639,8620,8658,2025-10-28 13:51:21.580,2025-10-28 13:51:21.102,2025-10-28 13:51:22.046,0.9664,32.86,598.2
ARDG_AQUA bream 390gr 26cm  281025 1325005.csv,8769,8750,8788,2025-10-28 13:51:24.827,2025-10-28 13:51:24.355,2025-10-28 13:51:25.307,0.9752,29.33,526.4
ARDG_AQUA bream 390gr 26cm  281025 1325005.csv,8881,8862,8900,2025-10-28 13:51:27.629,2025-10-28 13:51:27.170,2025-10-28 13:51:28.124,0.9629,31.83,559.7
ARDG_AQUA bream 390gr 26cm  281025 1325005.csv,8951,8932,8970,2025-10-28 13:51:29.387,2025-10-28 13:51:28.907,2025-10-28 13:51:29.866,0.9575,30.0,501.5
ARDG_AQUA bream 390gr 26cm  281025 1325005.csv,9043,9024,9062,2025-10-28 13:51:31.689,2025-10-28 13:51:31.210,2025-10-28 13:51:32.154,0.9334,32.54,579.3
ARDG_AQUA bream 390gr 26cm  281025 1325005.csv,9147,9128,9166,2025-10-28 13:51:34.282,2025-10-28 13:51:33.818,2025-10-28 13:51:34.761,0.9807,28.15,414.1
ARDG_AQUA bream 390gr 26cm  281025 1325005.csv,9351,9332,9370,2025-10-28 13:51:39.400,2025-10-28 13:51:38.920,2025-10-28 13:51:39.865,0.9649,32.39,572.4
ARDG_AQUA bream 390gr 26cm  281025 1325005.csv,9487,9468,9506,2025-10-28 13:51:42.790,2025-10-28 13:51:42.328,2025-10-28 13:51:43.271,0.9772,32.0,518.0
ARDG_AQUA bream 390gr 26cm  281025 1325005.csv,9591,9572,9610,2025-10-28 13:51:45.399,2025-10-28 13:51:44.918,2025-10-28 13:51:45.878,0.9715,33.48,535.1
ARDG_AQUA bream 390gr 26cm  281025 1325005.csv,9671,9652,9690,2025-10-28 13:51:47.397,2025-10-28 13:51:46.933,2025-10-28 13:51:47.877,0.9694,27.78,416.4
ARDG_AQUA bream 390gr 26cm  281025 1325005.csv,9859,9840,9878,2025-10-28 13:51:52.099,2025-10-28 13:51:51.649,2025-10-28 13:51:52.580,0.9717,31.19,546.0
ARDG_AQUA bream 390gr 26cm  281025 1325005.csv,9947,9928,9966,2025-10-28 13:51:54.307,2025-10-28 13:51:53.828,2025-10-28 13:51:54.788,0.9736,29.64,505.3
ARDG_AQUA bream 390gr 26cm  281025 1325005.csv,10039,10020,10058,2025-10-28 13:51:56.611,2025-10-28 13:51:56.131,2025-10-28 13:51:57.091,0.9777,29.93,541.7
ARDG_AQUA bream 390gr 26cm  281025 1325005.csv,10129,10110,10148,2025-10-28 13:51:58.866,2025-10-28 13:51:58.385,2025-10-28 13:51:59.346,0.9641,29.83,477.9
ARDG_AQUA bream 390gr 26cm  281025 1325005.csv,10149,10130,10168,2025-10-28 13:51:59.363,2025-10-28 13:51:58.899,2025-10-28 13:51:59.842,0.5422,27.08,482.7
ARDG_AQUA bream 390gr 26cm  281025 1325005.csv,10281,10262,10300,2025-10-28 13:52:02.674,2025-10-28 13:52:02.211,2025-10-28 13:52:03.150,0.942,31.04,504.2
ARDG_AQUA bream 390gr 26cm  281025 1325005.csv,10479,10460,10498,2025-10-28 13:52:07.657,2025-10-28 13:52:07.156,2025-10-28 13:52:08.096,0.9651,32.27,572.8
ARDG_AQUA bream 390gr 26cm  281025 1325005.csv,10595,10576,10614,2025-10-28 13:52:10.527,2025-10-28 13:52:10.046,2025-10-28 13:52:11.006,0.9572,33.06,532.7
ARDG_AQUA bream 390gr 26cm  281025 1325005.csv,10713,10694,10732,2025-10-28 13:52:13.485,2025-10-28 13:52:13.005,2025-10-28 13:52:13.949,0.9444,29.74,602.8
ARDG_AQUA bream 390gr 26cm  281025 1325005.csv,10733,10714,10752,2025-10-28 13:52:13.982,2025-10-28 13:52:13.503,2025-10-28 13:52:14.461,0.9766,27.0,553.9
ARDG_AQUA bream 390gr 26cm  281025 1325005.csv,10883,10864,10902,2025-10-28 13:52:17.740,2025-10-28 13:52:17.261,2025-10-28 13:52:18.200,0.9761,29.24,513.5
ARDG_AQUA bream 390gr 26cm  281025 1325005.csv,10903,10884,10922,2025-10-28 13:52:18.248,2025-10-28 13:52:17.756,2025-10-28 13:52:18.712,0.6506,30.04,464.5
ARDG_AQUA bream 390gr 26cm  281025 1325005.csv,11067,11048,11086,2025-10-28 13:52:22.346,2025-10-28 13:52:21.867,2025-10-28 13:52:22.813,0.979,31.07,495.0
ARDG_AQUA bream 390gr 26cm  281025 1325005.csv,11337,11318,11356,2025-10-28 13:52:29.098,2025-10-28 13:52:28.618,2025-10-28 13:52:29.578,0.956,29.62,430.1
ARDG_AQUA bream 580gr 30 sm  281025 1254002.csv,47,28,66,2025-10-28 13:00:38.676,2025-10-28 13:00:38.201,2025-10-28 13:00:39.156,0.9791,28.9,526.0
ARDG_AQUA bream 580gr 30 sm  281025 1254002.csv,99,80,118,2025-10-28 13:00:39.989,2025-10-28 13:00:39.509,2025-10-28 13:00:40.452,0.9648,29.08,578.4
ARDG_AQUA bream 580gr 30 sm  281025 1254002.csv,167,148,186,2025-10-28 13:00:41.683,2025-10-28 13:00:41.203,2025-10-28 13:00:42.164,0.9691,29.92,525.8
ARDG_AQUA bream 580gr 30 sm  281025 1254002.csv,227,208,246,2025-10-28 13:00:43.188,2025-10-28 13:00:42.707,2025-10-28 13:00:43.668,0.9666,31.13,552.7
ARDG_AQUA bream 580gr 30 sm  281025 1254002.csv,295,276,314,2025-10-28 13:00:44.882,2025-10-28 13:00:44.418,2025-10-28 13:00:45.363,0.9752,26.9,447.5
ARDG_AQUA bream 580gr 30 sm  281025 1254002.csv,381,362,400,2025-10-28 13:00:47.045,2025-10-28 13:00:46.562,2025-10-28 13:00:47.541,0.9634,27.22,443.9
ARDG_AQUA bream 580gr 30 sm  281025 1254002.csv,485,466,504,2025-10-28 13:00:49.649,2025-10-28 13:00:49.171,2025-10-28 13:00:50.129,0.9802,30.28,500.2
ARDG_AQUA bream 580gr 30 sm  281025 1254002.csv,543,524,562,2025-10-28 13:00:51.108,2025-10-28 13:00:50.626,2025-10-28 13:00:51.568,0.9641,28.92,462.0
ARDG_AQUA bream 580gr 30 sm  281025 1254002.csv,607,588,626,2025-10-28 13:00:52.704,2025-10-28 13:00:52.224,2025-10-28 13:00:53.185,0.9813,30.74,573.2
ARDG_AQUA bream 580gr 30 sm  281025 1254002.csv,667,648,686,2025-10-28 13:00:54.209,2025-10-28 13:00:53.728,2025-10-28 13:00:54.673,0.9773,29.88,444.8
ARDG_AQUA bream 580gr 30 sm  281025 1254002.csv,687,668,706,2025-10-28 13:00:54.704,2025-10-28 13:00:54.223,2025-10-28 13:00:55.185,0.739,25.52,221.9
ARDG_AQUA bream 580gr 30 sm  281025 1254002.csv,763,744,782,2025-10-28 13:00:56.607,2025-10-28 13:00:56.127,2025-10-28 13:00:57.091,0.9806,30.17,495.6
ARDG_AQUA bream 580gr 30 sm  281025 1254002.csv,835,816,854,2025-10-28 13:00:58.414,2025-10-28 13:00:57.935,2025-10-28 13:00:58.879,0.9706,27.26,461.5
ARDG_AQUA bream 580gr 30 sm  281025 1254002.csv,935,916,954,2025-10-28 13:01:00.910,2025-10-28 13:01:00.430,2025-10-28 13:01:01.390,0.9113,25.66,357.4
ARDG_AQUA bream 580gr 30 sm  281025 1254002.csv,2377,2358,2396,2025-10-28 13:01:37.011,2025-10-28 13:01:36.530,2025-10-28 13:01:37.492,0.9644,27.76,440.8
ARDG_AQUA bream 580gr 30 sm  281025 1254002.csv,2529,2510,2548,2025-10-28 13:01:40.819,2025-10-28 13:01:40.338,2025-10-28 13:01:41.282,0.9269,28.13,425.6
ARDG_AQUA bream 580gr 30 sm  281025 1254002.csv,2633,2614,2652,2025-10-28 13:01:43.426,2025-10-28 13:01:42.948,2025-10-28 13:01:43.892,0.9675,30.3,505.6
ARDG_AQUA bream 580gr 30 sm  281025 1254002.csv,2735,2716,2754,2025-10-28 13:01:45.969,2025-10-28 13:01:45.490,2025-10-28 13:01:46.449,0.9721,31.06,515.6
ARDG_AQUA bream 580gr 30 sm  281025 1254002.csv,2821,2802,2840,2025-10-28 13:01:48.128,2025-10-28 13:01:47.649,2025-10-28 13:01:48.599,0.9673,28.31,448.6
ARDG_AQUA bream 580gr 30 sm  281025 1254002.csv,2937,2918,2956,2025-10-28 13:01:51.047,2025-10-28 13:01:50.560,2025-10-28 13:01:51.504,0.989,29.92,514.2
ARDG_AQUA bream 580gr 30 sm  281025 1254002.csv,3009,2990,3028,2025-10-28 13:01:52.831,2025-10-28 13:01:52.352,2025-10-28 13:01:53.311,0.9679,31.21,498.0
ARDG_AQUA bream 580gr 30 sm  281025 1254002.csv,3109,3090,3128,2025-10-28 13:01:55.342,2025-10-28 13:01:54.862,2025-10-28 13:01:55.806,0.9727,30.72,559.4
ARDG_AQUA bream 580gr 30 sm  281025 1254002.csv,3195,3176,3214,2025-10-28 13:01:57.485,2025-10-28 13:01:57.035,2025-10-28 13:01:57.966,0.9698,27.19,390.0
ARDG_AQUA bream 580gr 30 sm  281025 1254002.csv,3281,3262,3300,2025-10-28 13:01:59.645,2025-10-28 13:01:59.166,2025-10-28 13:02:00.123,0.9754,30.48,501.4
ARDG_AQUA bream 580gr 30 sm  281025 1254002.csv,3495,3476,3514,2025-10-28 13:02:05.003,2025-10-28 13:02:04.534,2025-10-28 13:02:05.483,0.9452,29.94,523.3
ARDG_AQUA bream 580gr 30 sm  281025 1254002.csv,3585,3566,3604,2025-10-28 13:02:07.259,2025-10-28 13:02:06.780,2025-10-28 13:02:07.722,0.9656,31.3,548.8
ARDG_AQUA bream 580gr 30 sm  281025 1254002.csv,3667,3648,3686,2025-10-28 13:02:09.307,2025-10-28 13:02:08.826,2025-10-28 13:02:09.786,0.9739,27.32,443.2
ARDG_AQUA bream 580gr 30 sm  281025 1254002.csv,3761,3742,3780,2025-10-28 13:02:11.657,2025-10-28 13:02:11.178,2025-10-28 13:02:12.136,0.9726,28.96,402.6
ARDG_AQUA bream 580gr 30 sm  281025 1254002.csv,3831,3812,3850,2025-10-28 13:02:13.417,2025-10-28 13:02:12.938,2025-10-28 13:02:13.898,0.978,30.25,483.1
ARDG_AQUA bream 580gr 30 sm  281025 1254002.csv,3915,3896,3934,2025-10-28 13:02:15.513,2025-10-28 13:02:15.058,2025-10-28 13:02:15.992,0.9729,28.86,546.6
ARDG_AQUA bream 580gr 30 sm  281025 1254002.csv,3983,3964,4002,2025-10-28 13:02:17.223,2025-10-28 13:02:16.745,2025-10-28 13:02:17.687,0.9745,31.66,600.8
ARDG_AQUA bream 580gr 30 sm  281025 1254002.csv,4081,4062,4100,2025-10-28 13:02:19.671,2025-10-28 13:02:19.191,2025-10-28 13:02:20.150,0.9775,31.24,554.9
ARDG_AQUA bream 580gr 30 sm  281025 1254002.csv,4139,4120,4158,2025-10-28 13:02:21.126,2025-10-28 13:02:20.649,2025-10-28 13:02:21.611,0.9782,30.09,506.5
ARDG_AQUA bream 580gr 30 sm  281025 1254002.csv,4235,4216,4254,2025-10-28 13:02:23.564,2025-10-28 13:02:23.068,2025-10-28 13:02:24.007,0.9749,29.07,491.4
ARDG_AQUA bream 580gr 30 sm  281025 1254002.csv,4301,4282,4320,2025-10-28 13:02:25.174,2025-10-28 13:02:24.710,2025-10-28 13:02:25.653,0.9733,29.95,415.5
ARDG_AQUA bream 580gr 30 sm  281025 1254002.csv,4475,4456,4494,2025-10-28 13:02:29.548,2025-10-28 13:02:29.062,2025-10-28 13:02:30.020,0.967,30.08,516.2
ARDG_AQUA bream 580gr 30 sm  281025 1254002.csv,4541,4522,4560,2025-10-28 13:02:31.186,2025-10-28 13:02:30.707,2025-10-28 13:02:31.667,0.9745,30.15,547.6
ARDG_AQUA bream 580gr 30 sm  281025 1254002.csv,4629,4610,4648,2025-10-28 13:02:33.396,2025-10-28 13:02:32.915,2025-10-28 13:02:33.875,0.9759,29.85,489.4
ARDG_AQUA bream 580gr 30 sm  281025 1254002.csv,4719,4700,4738,2025-10-28 13:02:35.651,2025-10-28 13:02:35.170,2025-10-28 13:02:36.141,0.9692,32.17,603.4
ARDG_AQUA bream 580gr 30 sm  281025 1254002.csv,4811,4792,4830,2025-10-28 13:02:37.954,2025-10-28 13:02:37.474,2025-10-28 13:02:38.418,0.9808,30.73,557.0
ARDG_AQUA bream 580gr 30 sm  281025 1254002.csv,4883,4864,4902,2025-10-28 13:02:39.746,2025-10-28 13:02:39.282,2025-10-28 13:02:40.223,0.9783,30.31,564.5
ARDG_AQUA bream 580gr 30 sm  281025 1254002.csv,4969,4950,4988,2025-10-28 13:02:41.906,2025-10-28 13:02:41.426,2025-10-28 13:02:42.384,0.5014,27.67,454.5
ARDG_AQUA bream 580gr 30 sm  281025 1254002.csv,4989,4970,5008,2025-10-28 13:02:42.401,2025-10-28 13:02:41.937,2025-10-28 13:02:42.881,0.9771,29.05,394.5
ARDG_AQUA bream 580gr 30 sm  281025 1254002.csv,5079,5060,5098,2025-10-28 13:02:44.657,2025-10-28 13:02:44.177,2025-10-28 13:02:45.136,0.962,31.84,546.2
ARDG_AQUA bream 580gr 30 sm  281025 1254002.csv,5197,5178,5216,2025-10-28 13:02:47.629,2025-10-28 13:02:47.135,2025-10-28 13:02:48.095,0.9781,31.42,573.1
ARDG_AQUA bream 580gr 30 sm  281025 1254002.csv,5295,5276,5314,2025-10-28 13:02:50.074,2025-10-28 13:02:49.605,2025-10-28 13:02:50.570,0.9591,30.94,569.4
ARDG_AQUA bream 580gr 30 sm  281025 1254002.csv,5429,5410,5448,2025-10-28 13:02:53.421,2025-10-28 13:02:52.942,2025-10-28 13:02:53.902,0.9446,26.67,375.7
ARDG_AQUA bream 580gr 30 sm  281025 1254002.csv,5449,5430,5468,2025-10-28 13:02:53.917,2025-10-28 13:02:53.454,2025-10-28 13:02:54.402,0.9781,27.34,350.0
ARDG_AQUA bream 580gr 30 sm  281025 1254002.csv,5507,5488,5526,2025-10-28 13:02:55.374,2025-10-28 13:02:54.893,2025-10-28 13:02:55.854,0.9707,30.62,518.7
ARDG_AQUA bream 580gr 30 sm  281025 1254002.csv,5651,5632,5670,2025-10-28 13:02:58.988,2025-10-28 13:02:58.508,2025-10-28 13:02:59.452,0.9756,29.9,470.0
ARDG_AQUA bream 580gr 30 sm  281025 1254002.csv,5707,5688,5726,2025-10-28 13:03:00.379,2025-10-28 13:02:59.900,2025-10-28 13:03:00.860,0.9795,30.53,560.4
ARDG_AQUA bream 580gr 30 sm  281025 1254002.csv,5791,5772,5810,2025-10-28 13:03:02.492,2025-10-28 13:03:02.011,2025-10-28 13:03:02.954,0.9673,29.03,489.2
ARDG_AQUA bream 580gr 30 sm  281025 1254002.csv,5867,5848,5886,2025-10-28 13:03:04.394,2025-10-28 13:03:03.915,2025-10-28 13:03:04.858,0.9708,31.96,590.4
ARDG_AQUA bream 580gr 30 sm  281025 1254002.csv,5943,5924,5962,2025-10-28 13:03:06.298,2025-10-28 13:03:05.817,2025-10-28 13:03:06.762,0.9632,29.92,580.7
ARDG_AQUA bream 580gr 30 sm  281025 1254002.csv,6011,5992,6030,2025-10-28 13:03:07.994,2025-10-28 13:03:07.513,2025-10-28 13:03:08.473,0.9797,32.11,650.1
ARDG_AQUA bream 580gr 30 sm  281025 1254002.csv,6115,6096,6134,2025-10-28 13:03:10.628,2025-10-28 13:03:10.129,2025-10-28 13:03:11.077,0.9752,30.6,511.1
ARDG_AQUA bream 580gr 30 sm  281025 1254002.csv,6195,6176,6214,2025-10-28 13:03:12.600,2025-10-28 13:03:12.125,2025-10-28 13:03:13.086,0.9752,31.3,496.3
ARDG_AQUA bream 580gr 30 sm  281025 1254002.csv,6301,6282,6320,2025-10-28 13:03:15.255,2025-10-28 13:03:14.775,2025-10-28 13:03:15.735,0.9914,31.19,533.0
ARDG_AQUA bream 580gr 30 sm  281025 1254002.csv,6367,6348,6386,2025-10-28 13:03:16.904,2025-10-28 13:03:16.440,2025-10-28 13:03:17.383,0.9642,28.64,471.0
ARDG_AQUA bream 580gr 30 sm  281025 1254002.csv,6455,6436,6474,2025-10-28 13:03:19.124,2025-10-28 13:03:18.633,2025-10-28 13:03:19.593,0.9577,29.64,494.1
ARDG_AQUA bream 580gr 30 sm  281025 1254002.csv,6535,6516,6554,2025-10-28 13:03:21.110,2025-10-28 13:03:20.633,2025-10-28 13:03:21.590,0.9797,31.4,692.5
ARDG_AQUA bream 580gr 30 sm  281025 1254002.csv,6627,6608,6646,2025-10-28 13:03:23.413,2025-10-28 13:03:22.933,2025-10-28 13:03:23.893,0.9144,30.66,576.6
ARDG_AQUA bream 580gr 30 sm  281025 1254002.csv,6713,6694,6732,2025-10-28 13:03:25.577,2025-10-28 13:03:25.113,2025-10-28 13:03:26.062,0.9617,28.02,475.6
ARDG_AQUA bream 580gr 30 sm  281025 1254002.csv,6809,6790,6828,2025-10-28 13:03:27.972,2025-10-28 13:03:27.492,2025-10-28 13:03:28.451,0.9727,28.63,459.9
ARDG_AQUA bream 580gr 30 sm  281025 1254002.csv,6883,6864,6902,2025-10-28 13:03:29.827,2025-10-28 13:03:29.347,2025-10-28 13:03:30.307,0.9756,30.26,481.8
ARDG_AQUA bream 580gr 30 sm  281025 1254002.csv,7351,7332,7370,2025-10-28 13:03:41.568,2025-10-28 13:03:41.080,2025-10-28 13:03:42.014,0.9669,30.24,534.8
ARDG_AQUA bream 580gr 30 sm  281025 1254002.csv,7435,7416,7454,2025-10-28 13:03:43.648,2025-10-28 13:03:43.167,2025-10-28 13:03:44.139,0.9746,28.52,455.8
ARDG_AQUA bream 580gr 30 sm  281025 1254002.csv,7551,7532,7570,2025-10-28 13:03:46.559,2025-10-28 13:03:46.077,2025-10-28 13:03:47.021,0.9684,31.07,565.2
ARDG_AQUA bream 580gr 30 sm  281025 1254002.csv,7619,7600,7638,2025-10-28 13:03:48.251,2025-10-28 13:03:47.772,2025-10-28 13:03:48.727,0.9679,29.17,505.4
ARDG_AQUA bream 580gr 30 sm  281025 1254002.csv,7741,7722,7760,2025-10-28 13:03:51.308,2025-10-28 13:03:50.826,2025-10-28 13:03:51.786,0.9716,29.48,442.4
ARDG_AQUA bream 580gr 30 sm  281025 1254002.csv,7815,7796,7834,2025-10-28 13:03:53.161,2025-10-28 13:03:52.684,2025-10-28 13:03:53.641,0.9804,32.09,591.8
ARDG_AQUA bream 580gr 30 sm  281025 1254002.csv,7909,7890,7928,2025-10-28 13:03:55.513,2025-10-28 13:03:55.060,2025-10-28 13:03:55.993,0.9764,29.43,507.8
ARDG_AQUA bream 580gr 30 sm  281025 1254002.csv,7969,7950,7988,2025-10-28 13:03:57.017,2025-10-28 13:03:56.537,2025-10-28 13:03:57.496,0.9705,30.75,529.3
ARDG_AQUA bream 580gr 30 sm  281025 1254002.csv,8057,8038,8076,2025-10-28 13:03:59.223,2025-10-28 13:03:58.744,2025-10-28 13:03:59.689,0.9822,29.84,439.5
ARDG_AQUA bream 580gr 30 sm  281025 1254002.csv,8111,8092,8130,2025-10-28 13:04:00.579,2025-10-28 13:04:00.084,2025-10-28 13:04:01.062,0.9768,29.11,464.4
ARDG_AQUA bream 580gr 30 sm  281025 1254002.csv,8297,8278,8316,2025-10-28 13:04:05.223,2025-10-28 13:04:04.759,2025-10-28 13:04:05.701,0.9722,31.04,589.9
ARDG_AQUA bream 580gr 30 sm  281025 1254002.csv,8363,8344,8382,2025-10-28 13:04:06.885,2025-10-28 13:04:06.407,2025-10-28 13:04:07.349,0.9693,29.49,471.0
ARDG_AQUA bream 580gr 30 sm  281025 1254002.csv,8465,8446,8484,2025-10-28 13:04:09.429,2025-10-28 13:04:08.949,2025-10-28 13:04:09.908,0.9817,30.2,474.6
ARDG_AQUA bream 580gr 30 sm  281025 1254002.csv,8547,8528,8566,2025-10-28 13:04:11.477,2025-10-28 13:04:11.013,2025-10-28 13:04:11.957,0.9754,31.24,546.9
ARDG_AQUA bream 580gr 30 sm  281025 1254002.csv,8649,8630,8668,2025-10-28 13:04:14.037,2025-10-28 13:04:13.599,2025-10-28 13:04:14.515,0.9662,31.51,575.6
ARDG_AQUA bream 580gr 30 sm  281025 1254002.csv,8719,8700,8738,2025-10-28 13:04:15.796,2025-10-28 13:04:15.316,2025-10-28 13:04:16.259,0.9725,32.71,585.0
ARDG_AQUA bream 580gr 30 sm  281025 1254002.csv,8797,8778,8816,2025-10-28 13:04:17.740,2025-10-28 13:04:17.266,2025-10-28 13:04:18.226,0.9509,30.47,492.3
ARDG_AQUA bream 580gr 30 sm  281025 1254002.csv,8847,8828,8866,2025-10-28 13:04:18.995,2025-10-28 13:04:18.514,2025-10-28 13:04:19.473,0.9736,28.85,562.6
ARDG_AQUA bream 580gr 30 sm  281025 1254002.csv,8867,8848,8886,2025-10-28 13:04:19.489,2025-10-28 13:04:19.026,2025-10-28 13:04:19.970,0.6031,28.93,521.1
ARDG_AQUA bream 580gr 30 sm  281025 1254002.csv,8945,8926,8964,2025-10-28 13:04:21.442,2025-10-28 13:04:20.978,2025-10-28 13:04:21.922,0.8621,27.8,376.9
ARDG_AQUA bream 580gr 30 sm  281025 1254002.csv,8965,8946,8984,2025-10-28 13:04:21.954,2025-10-28 13:04:21.473,2025-10-28 13:04:22.417,0.9788,31.78,668.1
ARDG_AQUA bream 580gr 30 sm  281025 1254002.csv,9029,9010,9048,2025-10-28 13:04:23.552,2025-10-28 13:04:23.072,2025-10-28 13:04:24.032,0.9544,30.57,488.1
ARDG_AQUA bream 580gr 30 sm  281025 1254002.csv,9125,9106,9144,2025-10-28 13:04:25.952,2025-10-28 13:04:25.472,2025-10-28 13:04:26.432,0.9507,29.46,449.6
ARDG_AQUA bream 580gr 30 sm  281025 1254002.csv,9187,9168,9206,2025-10-28 13:04:27.503,2025-10-28 13:04:27.024,2025-10-28 13:04:27.983,0.9779,31.27,567.4
ARDG_AQUA bream 580gr 30 sm  281025 1254002.csv,9261,9242,9280,2025-10-28 13:04:29.359,2025-10-28 13:04:28.879,2025-10-28 13:04:29.839,0.9676,30.17,563.2
ARDG_AQUA bream 580gr 30 sm  281025 1254002.csv,9311,9292,9330,2025-10-28 13:04:30.611,2025-10-28 13:04:30.126,2025-10-28 13:04:31.087,0.9718,28.6,467.0
ARDG_AQUA bream 580gr 30 sm  281025 1254002.csv,9419,9400,9438,2025-10-28 13:04:33.312,2025-10-28 13:04:32.831,2025-10-28 13:04:33.790,0.9894,29.15,428.5
ARDG_AQUA bream 580gr 30 sm  281025 1254002.csv,9475,9456,9494,2025-10-28 13:04:34.717,2025-10-28 13:04:34.237,2025-10-28 13:04:35.201,0.9779,27.83,429.2
ARDG_AQUA bream 580gr 30 sm  281025 1254002.csv,9605,9586,9624,2025-10-28 13:04:37.965,2025-10-28 13:04:37.500,2025-10-28 13:04:38.444,0.9741,27.63,408.0
ARDG_AQUA bream 580gr 30 sm  281025 1254002.csv,9663,9644,9682,2025-10-28 13:04:39.420,2025-10-28 13:04:38.941,2025-10-28 13:04:39.900,0.9631,29.28,471.8
ARDG_AQUA bream 580gr 30 sm  281025 1254002.csv,9739,9720,9758,2025-10-28 13:04:41.324,2025-10-28 13:04:40.845,2025-10-28 13:04:41.804,0.9791,29.89,528.2
ARDG_AQUA bream 580gr 30 sm  281025 1254002.csv,9803,9784,9822,2025-10-28 13:04:42.924,2025-10-28 13:04:42.444,2025-10-28 13:04:43.404,0.9609,28.1,390.7
ARDG_AQUA bream 580gr 30 sm  281025 1254002.csv,10033,10014,10052,2025-10-28 13:04:48.680,2025-10-28 13:04:48.201,2025-10-28 13:04:49.163,0.9644,29.52,476.5
ARDG_AQUA bream 580gr 30 sm  281025 1254002.csv,10091,10072,10110,2025-10-28 13:04:50.154,2025-10-28 13:04:49.651,2025-10-28 13:04:50.640,0.985,30.78,539.4
ARDG_AQUA bream 580gr 30 sm  281025 1254002.csv,10191,10172,10210,2025-10-28 13:04:52.637,2025-10-28 13:04:52.168,2025-10-28 13:04:53.112,0.9746,29.85,435.5
ARDG_AQUA bream 580gr 30 sm  281025 1254002.csv,10251,10232,10270,2025-10-28 13:04:54.135,2025-10-28 13:04:53.656,2025-10-28 13:04:54.616,0.9618,29.37,498.8
ARDG_AQUA bream 580gr 30 sm  281025 1254002.csv,10319,10300,10338,2025-10-28 13:04:55.847,2025-10-28 13:04:55.367,2025-10-28 13:04:56.311,0.9828,29.7,480.2
ARDG_AQUA bream 580gr 30 sm  281025 1254002.csv,10377,10358,10396,2025-10-28 13:04:57.287,2025-10-28 13:04:56.823,2025-10-28 13:04:57.766,0.9637,29.36,523.0
ARDG_AQUA bream 580gr 30 sm  281025 1254002.csv,10437,10418,10456,2025-10-28 13:04:58.790,2025-10-28 13:04:58.310,2025-10-28 13:04:59.271,0.9548,31.11,609.9
ARDG_AQUA bream 580gr 30 sm  281025 1254002.csv,10505,10486,10524,2025-10-28 13:05:00.501,2025-10-28 13:05:00.023,2025-10-28 13:05:00.965,0.9695,29.41,509.0
ARDG_AQUA bream 580gr 30 sm  281025 1254002.csv,10585,10566,10604,2025-10-28 13:05:02.501,2025-10-28 13:05:02.022,2025-10-28 13:05:02.981,0.9625,30.27,540.2
ARDG_AQUA bream 580gr 30 sm  281025 1254002.csv,10635,10616,10654,2025-10-28 13:05:03.748,2025-10-28 13:05:03.269,2025-10-28 13:05:04.226,0.9767,31.27,537.7
ARDG_AQUA bream 580gr 30 sm  281025 1254002.csv,10655,10636,10674,2025-10-28 13:05:04.244,2025-10-28 13:05:03.785,2025-10-28 13:05:04.725,0.765,28.48,357.4
ARDG_AQUA bream 580gr 30 sm  281025 1254002.csv,11063,11044,11082,2025-10-28 13:05:14.465,2025-10-28 13:05:13.986,2025-10-28 13:05:14.946,0.9654,29.5,465.6
ARDG_AQUA bream 580gr 30 sm  281025 1254002.csv,11123,11104,11142,2025-10-28 13:05:15.969,2025-10-28 13:05:15.489,2025-10-28 13:05:16.433,0.9809,28.35,462.0
ARDG_AQUA bream 580gr 30 sm  281025 1254002.csv,11193,11174,11212,2025-10-28 13:05:17.714,2025-10-28 13:05:17.254,2025-10-28 13:05:18.193,0.953,31.41,512.4
ARDG_AQUA bream 580gr 30 sm  281025 1254002.csv,11265,11246,11284,2025-10-28 13:05:19.520,2025-10-28 13:05:19.041,2025-10-28 13:05:19.999,0.986,34.27,710.1
ARDG_AQUA bream 580gr 30 sm  281025 1254002.csv,11355,11336,11374,2025-10-28 13:05:21.776,2025-10-28 13:05:21.296,2025-10-28 13:05:22.239,0.9721,30.01,471.5
ARDG_AQUA bream 580gr 30 sm  281025 1254002.csv,11415,11396,11434,2025-10-28 13:05:23.282,2025-10-28 13:05:22.799,2025-10-28 13:05:23.740,0.9539,30.95,518.5
ARDG_AQUA bream 580gr 30 sm  281025 1254003.csv,955,936,974,2025-10-28 13:06:01.972,2025-10-28 13:06:01.492,2025-10-28 13:06:02.451,0.9576,29.88,547.6
ARDG_AQUA bream 580gr 30 sm  281025 1254003.csv,1029,1010,1048,2025-10-28 13:06:03.828,2025-10-28 13:06:03.347,2025-10-28 13:06:04.307,0.9714,28.47,427.3
ARDG_AQUA bream 580gr 30 sm  281025 1254003.csv,1185,1166,1204,2025-10-28 13:06:07.729,2025-10-28 13:06:07.249,2025-10-28 13:06:08.210,0.9779,28.73,461.8
ARDG_AQUA bream 580gr 30 sm  281025 1254003.csv,1265,1246,1284,2025-10-28 13:06:09.730,2025-10-28 13:06:09.250,2025-10-28 13:06:10.210,0.9682,27.54,441.2
ARDG_AQUA bream 580gr 30 sm  281025 1254003.csv,1349,1330,1368,2025-10-28 13:06:11.841,2025-10-28 13:06:11.362,2025-10-28 13:06:12.306,0.9702,28.26,374.1
ARDG_AQUA bream 580gr 30 sm  281025 1254003.csv,1415,1396,1434,2025-10-28 13:06:13.488,2025-10-28 13:06:13.009,2025-10-28 13:06:13.968,0.9745,28.5,444.6
ARDG_AQUA bream 580gr 30 sm  281025 1254003.csv,1507,1488,1526,2025-10-28 13:06:15.796,2025-10-28 13:06:15.312,2025-10-28 13:06:16.273,0.976,27.85,434.6
ARDG_AQUA bream 580gr 30 sm  281025 1254003.csv,1577,1558,1596,2025-10-28 13:06:17.536,2025-10-28 13:06:17.071,2025-10-28 13:06:18.015,0.9796,26.91,453.3
ARDG_AQUA bream 580gr 30 sm  281025 1254003.csv,1647,1628,1666,2025-10-28 13:06:19.295,2025-10-28 13:06:18.815,2025-10-28 13:06:19.774,0.9512,29.12,535.0
ARDG_AQUA bream 580gr 30 sm  281025 1254003.csv,1711,1692,1730,2025-10-28 13:06:20.893,2025-10-28 13:06:20.415,2025-10-28 13:06:21.373,0.977,29.34,499.2
ARDG_AQUA bream 580gr 30 sm  281025 1254003.csv,1795,1776,1814,2025-10-28 13:06:23.006,2025-10-28 13:06:22.526,2025-10-28 13:06:23.469,0.9707,28.19,390.4
ARDG_AQUA bream 580gr 30 sm  281025 1254003.csv,1865,1846,1884,2025-10-28 13:06:24.748,2025-10-28 13:06:24.267,2025-10-28 13:06:25.229,0.9703,26.88,420.2
ARDG_AQUA bream 580gr 30 sm  281025 1254003.csv,1943,1924,1962,2025-10-28 13:06:26.717,2025-10-28 13:06:26.237,2025-10-28 13:06:27.175,0.963,28.06,439.6
ARDG_AQUA bream 580gr 30 sm  281025 1254003.csv,2003,1984,2022,2025-10-28 13:06:28.204,2025-10-28 13:06:27.724,2025-10-28 13:06:28.686,0.975,28.39,469.4
ARDG_AQUA bream 580gr 30 sm  281025 1254003.csv,2085,2066,2104,2025-10-28 13:06:30.272,2025-10-28 13:06:29.788,2025-10-28 13:06:30.730,0.9807,29.18,465.9
ARDG_AQUA bream 580gr 30 sm  281025 1254003.csv,2141,2122,2160,2025-10-28 13:06:31.657,2025-10-28 13:06:31.182,2025-10-28 13:06:32.144,0.9469,29.22,451.7
ARDG_AQUA bream 580gr 30 sm  281025 1254003.csv,2243,2224,2262,2025-10-28 13:06:34.217,2025-10-28 13:06:33.737,2025-10-28 13:06:34.693,0.9697,28.85,430.1
ARDG_AQUA bream 580gr 30 sm  281025 1254003.csv,2305,2286,2324,2025-10-28 13:06:35.769,2025-10-28 13:06:35.290,2025-10-28 13:06:36.249,0.9747,29.87,525.4
ARDG_AQUA bream 580gr 30 sm  281025 1254003.csv,2379,2360,2398,2025-10-28 13:06:37.624,2025-10-28 13:06:37.156,2025-10-28 13:06:38.088,0.9066,29.62,528.0
ARDG_AQUA bream 580gr 30 sm  281025 1254003.csv,2439,2420,2458,2025-10-28 13:06:39.136,2025-10-28 13:06:38.649,2025-10-28 13:06:39.592,0.973,28.52,400.6
ARDG_AQUA bream 580gr 30 sm  281025 1254003.csv,2517,2498,2536,2025-10-28 13:06:41.080,2025-10-28 13:06:40.600,2025-10-28 13:06:41.544,0.9479,30.14,485.2
ARDG_AQUA bream 580gr 30 sm  281025 1254003.csv,2569,2550,2588,2025-10-28 13:06:42.377,2025-10-28 13:06:41.895,2025-10-28 13:06:42.856,0.9697,30.03,515.3
ARDG_AQUA bream 580gr 30 sm  281025 1254003.csv,2651,2632,2670,2025-10-28 13:06:44.424,2025-10-28 13:06:43.960,2025-10-28 13:06:44.904,0.9619,28.67,394.5
ARDG_AQUA bream 580gr 30 sm  281025 1254003.csv,2725,2706,2744,2025-10-28 13:06:46.279,2025-10-28 13:06:45.798,2025-10-28 13:06:46.758,0.9694,30.08,509.2
ARDG_AQUA bream 580gr 30 sm  281025 1254003.csv,2885,2866,2904,2025-10-28 13:06:50.293,2025-10-28 13:06:49.813,2025-10-28 13:06:50.786,0.9656,28.21,414.8
ARDG_AQUA bream 580gr 30 sm  281025 1254003.csv,2943,2924,2962,2025-10-28 13:06:51.733,2025-10-28 13:06:51.269,2025-10-28 13:06:52.212,0.9766,29.17,470.0
ARDG_AQUA bream 580gr 30 sm  281025 1254003.csv,3029,3010,3048,2025-10-28 13:06:53.892,2025-10-28 13:06:53.412,2025-10-28 13:06:54.372,0.9638,30.42,525.8
ARDG_AQUA bream 580gr 30 sm  281025 1254003.csv,3083,3064,3102,2025-10-28 13:06:55.235,2025-10-28 13:06:54.769,2025-10-28 13:06:55.716,0.9847,30.22,502.1
ARDG_AQUA bream 580gr 30 sm  281025 1254003.csv,3103,3084,3122,2025-10-28 13:06:55.747,2025-10-28 13:06:55.267,2025-10-28 13:06:56.212,0.9422,25.83,313.5
ARDG_AQUA bream 580gr 30 sm  281025 1254003.csv,3191,3172,3210,2025-10-28 13:06:57.938,2025-10-28 13:06:57.476,2025-10-28 13:06:58.420,0.9655,29.34,453.9
ARDG_AQUA bream 580gr 30 sm  281025 1254003.csv,3259,3240,3278,2025-10-28 13:06:59.672,2025-10-28 13:06:59.162,2025-10-28 13:07:00.115,0.6037,29.66,481.5
ARDG_AQUA bream 580gr 30 sm  281025 1254003.csv,3279,3260,3298,2025-10-28 13:07:00.161,2025-10-28 13:06:59.672,2025-10-28 13:07:00.627,0.9829,29.47,475.9
ARDG_AQUA bream 580gr 30 sm  281025 1254003.csv,3341,3322,3360,2025-10-28 13:07:01.711,2025-10-28 13:07:01.218,2025-10-28 13:07:02.177,0.9681,28.91,410.3
ARDG_AQUA bream 580gr 30 sm  281025 1254003.csv,3417,3398,3436,2025-10-28 13:07:03.602,2025-10-28 13:07:03.122,2025-10-28 13:07:04.081,0.9856,30.27,432.9
ARDG_AQUA bream 580gr 30 sm  281025 1254003.csv,3437,3418,3456,2025-10-28 13:07:04.097,2025-10-28 13:07:03.633,2025-10-28 13:07:04.578,0.528,25.15,201.0
ARDG_AQUA bream 580gr 30 sm  281025 1254003.csv,3469,3450,3488,2025-10-28 13:07:04.898,2025-10-28 13:07:04.433,2025-10-28 13:07:05.377,0.8277,27.44,466.2
ARDG_AQUA bream 580gr 30 sm  281025 1254003.csv,3489,3470,3508,2025-10-28 13:07:05.409,2025-10-28 13:07:04.930,2025-10-28 13:07:05.873,0.9845,28.4,475.4
ARDG_AQUA bream 580gr 30 sm  281025 1254003.csv,3541,3522,3560,2025-10-28 13:07:06.722,2025-10-28 13:07:06.213,2025-10-28 13:07:07.179,0.9759,28.17,484.2
ARDG_AQUA bream 580gr 30 sm  281025 1254003.csv,3561,3542,3580,2025-10-28 13:07:07.197,2025-10-28 13:07:06.736,2025-10-28 13:07:07.684,0.8346,25.27,391.7
ARDG_AQUA bream 580gr 30 sm  281025 1254003.csv,3631,3612,3650,2025-10-28 13:07:08.960,2025-10-28 13:07:08.480,2025-10-28 13:07:09.440,0.9398,28.66,424.8
ARDG_AQUA bream 580gr 30 sm  281025 1254003.csv,3697,3678,3716,2025-10-28 13:07:10.607,2025-10-28 13:07:10.144,2025-10-28 13:07:11.088,0.9727,28.56,495.0
ARDG_AQUA bream 580gr 30 sm  281025 1254003.csv,3831,3812,3850,2025-10-28 13:07:13.966,2025-10-28 13:07:13.486,2025-10-28 13:07:14.446,0.9662,29.01,466.2
ARDG_AQUA bream 580gr 30 sm  281025 1254003.csv,3931,3912,3950,2025-10-28 13:07:16.462,2025-10-28 13:07:15.998,2025-10-28 13:07:16.941,0.9683,28.82,483.3
ARDG_AQUA bream 580gr 30 sm  281025 1254003.csv,4009,3990,4028,2025-10-28 13:07:18.413,2025-10-28 13:07:17.949,2025-10-28 13:07:18.894,0.9627,28.89,481.3
ARDG_AQUA bream 580gr 30 sm  281025 1254003.csv,4071,4052,4090,2025-10-28 13:07:19.965,2025-10-28 13:07:19.502,2025-10-28 13:07:20.445,0.9745,29.38,485.4
ARDG_AQUA bream 580gr 30 sm  281025 1254003.csv,4175,4156,4194,2025-10-28 13:07:22.572,2025-10-28 13:07:22.093,2025-10-28 13:07:23.052,0.9803,31.99,552.2
ARDG_AQUA bream 580gr 30 sm  281025 1254003.csv,4287,4268,4306,2025-10-28 13:07:25.372,2025-10-28 13:07:24.911,2025-10-28 13:07:25.854,0.949,27.28,474.1
ARDG_AQUA bream 580gr 30 sm  281025 1254003.csv,4307,4288,4326,2025-10-28 13:07:25.884,2025-10-28 13:07:25.403,2025-10-28 13:07:26.363,0.6529,26.59,313.8
ARDG_AQUA bream 580gr 30 sm  281025 1254003.csv,4653,4634,4672,2025-10-28 13:07:34.537,2025-10-28 13:07:34.056,2025-10-28 13:07:35.016,0.9659,29.52,522.8
ARDG_AQUA bream 580gr 30 sm  281025 1254003.csv,4721,4702,4740,2025-10-28 13:07:36.258,2025-10-28 13:07:35.778,2025-10-28 13:07:36.712,0.9738,29.0,448.5
ARDG_AQUA bream 580gr 30 sm  281025 1254003.csv,4823,4804,4842,2025-10-28 13:07:38.792,2025-10-28 13:07:38.312,2025-10-28 13:07:39.285,0.9744,29.25,522.0
ARDG_AQUA bream 580gr 30 sm  281025 1254003.csv,4889,4870,4908,2025-10-28 13:07:40.440,2025-10-28 13:07:39.975,2025-10-28 13:07:40.919,0.9685,30.49,549.9
ARDG_AQUA bream 580gr 30 sm  281025 1254003.csv,4979,4960,4998,2025-10-28 13:07:42.696,2025-10-28 13:07:42.237,2025-10-28 13:07:43.212,0.9784,28.12,398.2
ARDG_AQUA bream 580gr 30 sm  281025 1254003.csv,5051,5032,5070,2025-10-28 13:07:44.502,2025-10-28 13:07:44.022,2025-10-28 13:07:44.982,0.9588,29.92,519.3
ARDG_AQUA bream 580gr 30 sm  281025 1254003.csv,5143,5124,5162,2025-10-28 13:07:46.805,2025-10-28 13:07:46.325,2025-10-28 13:07:47.284,0.9489,28.89,527.6
ARDG_AQUA bream 580gr 30 sm  281025 1254003.csv,5209,5190,5228,2025-10-28 13:07:48.452,2025-10-28 13:07:47.973,2025-10-28 13:07:48.933,0.9808,29.38,501.2
ARDG_AQUA bream 580gr 30 sm  281025 1254003.csv,5361,5342,5380,2025-10-28 13:07:52.257,2025-10-28 13:07:51.780,2025-10-28 13:07:52.765,0.9681,27.82,512.7
ARDG_AQUA bream 580gr 30 sm  281025 1254003.csv,5437,5418,5456,2025-10-28 13:07:54.162,2025-10-28 13:07:53.688,2025-10-28 13:07:54.643,0.9477,30.57,537.8
ARDG_AQUA bream 580gr 30 sm  281025 1254003.csv,5529,5510,5548,2025-10-28 13:07:56.466,2025-10-28 13:07:55.986,2025-10-28 13:07:56.947,0.9722,29.95,544.6
ARDG_AQUA bream 580gr 30 sm  281025 1254003.csv,5589,5570,5608,2025-10-28 13:07:57.969,2025-10-28 13:07:57.490,2025-10-28 13:07:58.450,0.9555,30.52,544.2
ARDG_AQUA bream 580gr 30 sm  281025 1254003.csv,5677,5658,5696,2025-10-28 13:08:00.162,2025-10-28 13:07:59.698,2025-10-28 13:08:00.642,0.9697,28.37,471.2
ARDG_AQUA bream 580gr 30 sm  281025 1254003.csv,5759,5740,5778,2025-10-28 13:08:02.230,2025-10-28 13:08:01.735,2025-10-28 13:08:02.703,0.959,28.4,487.6
ARDG_AQUA bream 580gr 30 sm  281025 1254003.csv,5895,5876,5914,2025-10-28 13:08:05.632,2025-10-28 13:08:05.152,2025-10-28 13:08:06.096,0.9751,29.14,463.8
ARDG_AQUA bream 580gr 30 sm  281025 1254003.csv,5989,5970,6008,2025-10-28 13:08:07.983,2025-10-28 13:08:07.503,2025-10-28 13:08:08.446,0.9659,30.76,552.8
ARDG_AQUA bream 580gr 30 sm  281025 1254003.csv,6081,6062,6100,2025-10-28 13:08:10.287,2025-10-28 13:08:09.807,2025-10-28 13:08:10.775,0.9721,29.98,530.3
ARDG_AQUA bream 580gr 30 sm  281025 1254003.csv,6235,6216,6254,2025-10-28 13:08:14.141,2025-10-28 13:08:13.662,2025-10-28 13:08:14.604,0.973,30.78,536.9
ARDG_AQUA bream 580gr 30 sm  281025 1254003.csv,6335,6316,6354,2025-10-28 13:08:16.637,2025-10-28 13:08:16.157,2025-10-28 13:08:17.116,0.9722,29.42,510.9
ARDG_AQUA bream 580gr 30 sm  281025 1254003.csv,6427,6408,6446,2025-10-28 13:08:18.940,2025-10-28 13:08:18.460,2025-10-28 13:08:19.419,0.968,30.53,492.8
ARDG_AQUA bream 580gr 30 sm  281025 1254003.csv,6521,6502,6540,2025-10-28 13:08:21.294,2025-10-28 13:08:20.811,2025-10-28 13:08:21.771,0.9674,28.69,410.0
ARDG_AQUA bream 580gr 30 sm  281025 1254003.csv,6613,6594,6632,2025-10-28 13:08:23.595,2025-10-28 13:08:23.114,2025-10-28 13:08:24.075,0.9724,29.91,506.4
ARDG_AQUA bream 580gr 30 sm  281025 1254003.csv,6717,6698,6736,2025-10-28 13:08:26.243,2025-10-28 13:08:25.737,2025-10-28 13:08:26.682,0.7959,29.31,596.6
ARDG_AQUA bream 580gr 30 sm  281025 1254003.csv,6737,6718,6756,2025-10-28 13:08:26.725,2025-10-28 13:08:26.243,2025-10-28 13:08:27.177,0.9731,29.66,540.5
ARDG_AQUA bream 580gr 30 sm  281025 1254003.csv,6847,6828,6866,2025-10-28 13:08:29.448,2025-10-28 13:08:28.985,2025-10-28 13:08:29.928,0.9722,30.29,529.1
ARDG_AQUA bream 580gr 30 sm  281025 1254003.csv,6943,6924,6962,2025-10-28 13:08:31.865,2025-10-28 13:08:31.384,2025-10-28 13:08:32.328,0.7467,29.71,558.8
ARDG_AQUA bream 580gr 30 sm  281025 1254003.csv,6963,6944,6982,2025-10-28 13:08:32.359,2025-10-28 13:08:31.885,2025-10-28 13:08:32.840,0.9804,30.05,566.0
ARDG_AQUA bream 580gr 30 sm  281025 1254003.csv,7027,7008,7046,2025-10-28 13:08:33.959,2025-10-28 13:08:33.480,2025-10-28 13:08:34.439,0.9675,28.76,472.7
ARDG_AQUA bream 580gr 30 sm  281025 1254003.csv,7151,7132,7170,2025-10-28 13:08:37.062,2025-10-28 13:08:36.583,2025-10-28 13:08:37.542,0.8861,27.95,407.0
ARDG_AQUA bream 580gr 30 sm  281025 1254003.csv,7233,7214,7252,2025-10-28 13:08:39.110,2025-10-28 13:08:38.645,2025-10-28 13:08:39.589,0.9695,28.71,486.3
ARDG_AQUA bream 580gr 30 sm  281025 1254003.csv,7481,7462,7500,2025-10-28 13:08:45.316,2025-10-28 13:08:44.850,2025-10-28 13:08:45.806,0.9818,28.96,458.3
ARDG_AQUA bream 580gr 30 sm  281025 1254003.csv,7545,7526,7564,2025-10-28 13:08:46.931,2025-10-28 13:08:46.452,2025-10-28 13:08:47.398,0.9645,29.82,491.6
ARDG_AQUA bream 580gr 30 sm  281025 1254003.csv,7633,7614,7652,2025-10-28 13:08:49.123,2025-10-28 13:08:48.660,2025-10-28 13:08:49.602,0.9422,28.52,467.3
ARDG_AQUA bream 580gr 30 sm  281025 1254003.csv,7681,7662,7700,2025-10-28 13:08:50.338,2025-10-28 13:08:49.859,2025-10-28 13:08:50.802,0.9727,28.59,471.5
ARDG_AQUA bream 580gr 30 sm  281025 1254003.csv,7701,7682,7720,2025-10-28 13:08:50.834,2025-10-28 13:08:50.354,2025-10-28 13:08:51.313,0.7532,25.25,328.5
ARDG_AQUA bream 580gr 30 sm  281025 1254003.csv,7775,7756,7794,2025-10-28 13:08:52.690,2025-10-28 13:08:52.210,2025-10-28 13:08:53.154,0.985,30.16,502.8
ARDG_AQUA bream 580gr 30 sm  281025 1254003.csv,7871,7852,7890,2025-10-28 13:08:55.089,2025-10-28 13:08:54.609,2025-10-28 13:08:55.568,0.9739,29.53,490.0
ARDG_AQUA bream 580gr 30 sm  281025 1254003.csv,7965,7946,7984,2025-10-28 13:08:57.441,2025-10-28 13:08:56.961,2025-10-28 13:08:57.925,0.9787,29.23,428.5
ARDG_AQUA bream 580gr 30 sm  281025 1254003.csv,8075,8056,8094,2025-10-28 13:09:00.192,2025-10-28 13:08:59.739,2025-10-28 13:09:00.672,0.9747,28.44,397.4
ARDG_AQUA bream 580gr 30 sm  281025 1254003.csv,8169,8150,8188,2025-10-28 13:09:02.543,2025-10-28 13:09:02.079,2025-10-28 13:09:03.023,0.9777,29.66,519.2
ARDG_AQUA bream 580gr 30 sm  281025 1254003.csv,8231,8212,8250,2025-10-28 13:09:04.094,2025-10-28 13:09:03.631,2025-10-28 13:09:04.574,0.9721,28.46,452.3
ARDG_AQUA bream 580gr 30 sm  281025 1254003.csv,8329,8310,8348,2025-10-28 13:09:06.557,2025-10-28 13:09:06.078,2025-10-28 13:09:07.022,0.9824,29.71,473.1
ARDG_AQUA bream 580gr 30 sm  281025 1254003.csv,8421,8402,8440,2025-10-28 13:09:08.861,2025-10-28 13:09:08.382,2025-10-28 13:09:09.324,0.9538,30.52,454.9
ARDG_AQUA bream 580gr 30 sm  281025 1254003.csv,8611,8592,8630,2025-10-28 13:09:13.612,2025-10-28 13:09:13.131,2025-10-28 13:09:14.092,0.9457,30.4,415.4
ARDG_AQUA bream 580gr 30 sm  281025 1254003.csv,8631,8612,8650,2025-10-28 13:09:14.107,2025-10-28 13:09:13.643,2025-10-28 13:09:14.587,0.9875,34.06,643.4
ARDG_AQUA bream 580gr 30 sm  281025 1254003.csv,8751,8732,8770,2025-10-28 13:09:17.115,2025-10-28 13:09:16.635,2025-10-28 13:09:17.594,0.9613,28.85,499.1
ARDG_AQUA bream 580gr 30 sm  281025 1254003.csv,8853,8834,8872,2025-10-28 13:09:19.674,2025-10-28 13:09:19.193,2025-10-28 13:09:20.137,0.9805,28.54,428.7
ARDG_AQUA bream 580gr 30 sm  281025 1254003.csv,8919,8900,8938,2025-10-28 13:09:21.321,2025-10-28 13:09:20.841,2025-10-28 13:09:21.800,0.9816,28.27,506.9
ARDG_AQUA bream 580gr 30 sm  281025 1254003.csv,8985,8966,9004,2025-10-28 13:09:22.968,2025-10-28 13:09:22.505,2025-10-28 13:09:23.449,0.9757,28.75,440.7
ARDG_AQUA bream 580gr 30 sm  281025 1254003.csv,9063,9044,9082,2025-10-28 13:09:24.922,2025-10-28 13:09:24.456,2025-10-28 13:09:25.400,0.9671,32.63,586.8
ARDG_AQUA bream 580gr 30 sm  281025 1254003.csv,9147,9128,9166,2025-10-28 13:09:27.031,2025-10-28 13:09:26.552,2025-10-28 13:09:27.494,0.9845,29.66,621.0
ARDG_AQUA bream 580gr 30 sm  281025 1254003.csv,9213,9194,9232,2025-10-28 13:09:28.679,2025-10-28 13:09:28.199,2025-10-28 13:09:29.158,0.9699,32.02,602.0
ARDG_AQUA bream 580gr 30 sm  281025 1254003.csv,9373,9354,9392,2025-10-28 13:09:32.678,2025-10-28 13:09:32.238,2025-10-28 13:09:33.158,0.9782,29.66,520.1
ARDG_AQUA bream 580gr 30 sm  281025 1254003.csv,9469,9450,9488,2025-10-28 13:09:35.092,2025-10-28 13:09:34.614,2025-10-28 13:09:35.557,0.965,30.14,460.2
ARDG_AQUA bream 580gr 30 sm  281025 1254003.csv,9747,9728,9766,2025-10-28 13:09:42.051,2025-10-28 13:09:41.572,2025-10-28 13:09:42.515,0.9893,28.52,557.8
ARDG_AQUA bream 580gr 30 sm  281025 1254003.csv,9843,9824,9862,2025-10-28 13:09:44.450,2025-10-28 13:09:43.970,2025-10-28 13:09:44.931,0.9683,26.42,460.6
ARDG_AQUA bream 580gr 30 sm  281025 1254003.csv,9947,9928,9966,2025-10-28 13:09:47.057,2025-10-28 13:09:46.578,2025-10-28 13:09:47.520,0.974,29.18,524.6
ARDG_AQUA bream 580gr 30 sm  281025 1254003.csv,10029,10010,10048,2025-10-28 13:09:49.105,2025-10-28 13:09:48.625,2025-10-28 13:09:49.584,0.9788,29.81,527.1
ARDG_AQUA bream 580gr 30 sm  281025 1254003.csv,10109,10090,10128,2025-10-28 13:09:51.104,2025-10-28 13:09:50.640,2025-10-28 13:09:51.585,0.9656,28.25,356.9
ARDG_AQUA bream 580gr 30 sm  281025 1254003.csv,10243,10224,10262,2025-10-28 13:09:54.463,2025-10-28 13:09:53.983,2025-10-28 13:09:54.943,0.9736,30.35,479.7
ARDG_AQUA bream 580gr 30 sm  281025 1254003.csv,10335,10316,10354,2025-10-28 13:09:56.768,2025-10-28 13:09:56.288,2025-10-28 13:09:57.253,0.9561,28.85,532.9
ARDG_AQUA bream 580gr 30 sm  281025 1254003.csv,10403,10384,10422,2025-10-28 13:09:58.461,2025-10-28 13:09:57.998,2025-10-28 13:09:58.940,0.9572,29.33,493.4
ARDG_AQUA bream 630gr 31cm  281025 1400002.csv,1099,1080,1118,2025-10-28 14:07:14.260,2025-10-28 14:07:13.780,2025-10-28 14:07:14.741,0.9731,28.39,488.5
ARDG_AQUA bream 630gr 31cm  281025 1400002.csv,1245,1226,1264,2025-10-28 14:07:17.909,2025-10-28 14:07:17.443,2025-10-28 14:07:18.385,0.9647,24.89,350.0
ARDG_AQUA bream 630gr 31cm  281025 1400002.csv,1345,1326,1364,2025-10-28 14:07:20.421,2025-10-28 14:07:19.938,2025-10-28 14:07:20.898,0.9707,28.63,543.9
ARDG_AQUA bream 630gr 31cm  281025 1400002.csv,1437,1418,1456,2025-10-28 14:07:22.723,2025-10-28 14:07:22.243,2025-10-28 14:07:23.201,0.9728,27.5,525.6
ARDG_AQUA bream 630gr 31cm  281025 1400002.csv,1551,1532,1570,2025-10-28 14:07:25.568,2025-10-28 14:07:25.105,2025-10-28 14:07:26.048,0.9394,29.04,484.0
ARDG_AQUA bream 630gr 31cm  281025 1400002.csv,1635,1616,1654,2025-10-28 14:07:27.681,2025-10-28 14:07:27.201,2025-10-28 14:07:28.143,0.9291,29.39,532.3
ARDG_AQUA bream 630gr 31cm  281025 1400002.csv,1695,1676,1714,2025-10-28 14:07:29.183,2025-10-28 14:07:28.703,2025-10-28 14:07:29.647,0.9289,29.6,508.4
ARDG_AQUA bream 630gr 31cm  281025 1400002.csv,1895,1876,1914,2025-10-28 14:07:34.190,2025-10-28 14:07:33.710,2025-10-28 14:07:34.655,0.8559,28.32,443.4
ARDG_AQUA bream 630gr 31cm  281025 1400002.csv,1987,1968,2006,2025-10-28 14:07:36.494,2025-10-28 14:07:36.013,2025-10-28 14:07:36.957,0.9435,29.74,461.1
ARDG_AQUA bream 630gr 31cm  281025 1400002.csv,2157,2138,2176,2025-10-28 14:07:40.747,2025-10-28 14:07:40.268,2025-10-28 14:07:41.212,0.9878,30.01,608.9
ARDG_AQUA bream 630gr 31cm  281025 1400002.csv,2285,2266,2304,2025-10-28 14:07:43.947,2025-10-28 14:07:43.466,2025-10-28 14:07:44.426,0.987,29.98,513.2
ARDG_AQUA bream 630gr 31cm  281025 1400002.csv,2477,2458,2496,2025-10-28 14:07:48.762,2025-10-28 14:07:48.282,2025-10-28 14:07:49.225,0.9595,28.41,429.6
ARDG_AQUA bream 630gr 31cm  281025 1400002.csv,2615,2596,2634,2025-10-28 14:07:52.201,2025-10-28 14:07:51.736,2025-10-28 14:07:52.681,0.983,28.22,484.0
ARDG_AQUA bream 630gr 31cm  281025 1400002.csv,2635,2616,2654,2025-10-28 14:07:52.712,2025-10-28 14:07:52.233,2025-10-28 14:07:53.192,0.591,27.35,329.3
ARDG_AQUA bream 630gr 31cm  281025 1400002.csv,2851,2832,2870,2025-10-28 14:07:58.119,2025-10-28 14:07:57.639,2025-10-28 14:07:58.598,0.9499,29.04,478.0
ARDG_AQUA bream 630gr 31cm  281025 1400002.csv,3027,3008,3046,2025-10-28 14:08:02.517,2025-10-28 14:08:02.058,2025-10-28 14:08:02.998,0.9711,29.38,488.9
ARDG_AQUA bream 630gr 31cm  281025 1400002.csv,3281,3262,3300,2025-10-28 14:08:08.884,2025-10-28 14:08:08.429,2025-10-28 14:08:09.363,0.9692,30.14,518.0
ARDG_AQUA bream 630gr 31cm  281025 1400002.csv,3453,3434,3472,2025-10-28 14:08:13.187,2025-10-28 14:08:12.706,2025-10-28 14:08:13.666,0.982,30.36,557.7
ARDG_AQUA bream 630gr 31cm  281025 1400002.csv,3623,3604,3642,2025-10-28 14:08:17.442,2025-10-28 14:08:16.960,2025-10-28 14:08:17.926,0.9351,28.72,464.9
ARDG_AQUA bream 630gr 31cm  281025 1400002.csv,3727,3708,3746,2025-10-28 14:08:20.047,2025-10-28 14:08:19.566,2025-10-28 14:08:20.513,0.9584,29.94,512.3
ARDG_AQUA bream 630gr 31cm  281025 1400002.csv,3849,3830,3868,2025-10-28 14:08:23.101,2025-10-28 14:08:22.623,2025-10-28 14:08:23.569,0.9467,28.76,434.4
ARDG_AQUA bream 630gr 31cm  281025 1400002.csv,3961,3942,3980,2025-10-28 14:08:25.903,2025-10-28 14:08:25.424,2025-10-28 14:08:26.382,0.9697,26.9,445.9
ARDG_AQUA bream 630gr 31cm  281025 1400002.csv,4103,4084,4122,2025-10-28 14:08:29.481,2025-10-28 14:08:28.975,2025-10-28 14:08:29.934,0.936,29.15,483.0
ARDG_AQUA bream 630gr 31cm  281025 1400002.csv,4221,4202,4240,2025-10-28 14:08:32.413,2025-10-28 14:08:31.934,2025-10-28 14:08:32.893,0.9655,29.38,494.5
ARDG_AQUA bream 630gr 31cm  281025 1400002.csv,4425,4406,4444,2025-10-28 14:08:37.516,2025-10-28 14:08:37.030,2025-10-28 14:08:38.007,0.9685,28.54,581.7
ARDG_AQUA bream 630gr 31cm  281025 1400002.csv,4529,4510,4548,2025-10-28 14:08:40.121,2025-10-28 14:08:39.642,2025-10-28 14:08:40.601,0.9758,28.75,494.1
ARDG_AQUA bream 630gr 31cm  281025 1400002.csv,4729,4710,4748,2025-10-28 14:08:45.129,2025-10-28 14:08:44.647,2025-10-28 14:08:45.609,0.9758,27.62,529.3
ARDG_AQUA bream 630gr 31cm  281025 1400002.csv,4823,4804,4842,2025-10-28 14:08:47.491,2025-10-28 14:08:46.999,2025-10-28 14:08:47.969,0.9766,28.08,450.0
ARDG_AQUA bream 630gr 31cm  281025 1400002.csv,4959,4940,4978,2025-10-28 14:08:50.887,2025-10-28 14:08:50.407,2025-10-28 14:08:51.366,0.9789,29.0,566.5
ARDG_AQUA bream 630gr 31cm  281025 1400002.csv,5115,5096,5134,2025-10-28 14:08:54.790,2025-10-28 14:08:54.310,2025-10-28 14:08:55.270,0.9789,29.54,501.8
ARDG_AQUA bream 630gr 31cm  281025 1400002.csv,5259,5240,5278,2025-10-28 14:08:58.389,2025-10-28 14:08:57.908,2025-10-28 14:08:58.868,0.957,28.89,483.2
ARDG_AQUA bream 630gr 31cm  281025 1400002.csv,5355,5336,5374,2025-10-28 14:09:00.788,2025-10-28 14:09:00.325,2025-10-28 14:09:01.268,0.9725,29.59,510.1
ARDG_AQUA bream 630gr 31cm  281025 1400002.csv,5483,5464,5502,2025-10-28 14:09:04.016,2025-10-28 14:09:03.523,2025-10-28 14:09:04.490,0.968,27.59,476.5
ARDG_AQUA bream 630gr 31cm  281025 1400002.csv,5567,5548,5586,2025-10-28 14:09:06.099,2025-10-28 14:09:05.616,2025-10-28 14:09:06.577,0.9736,29.25,542.5
ARDG_AQUA bream 630gr 31cm  281025 1400002.csv,5663,5644,5682,2025-10-28 14:09:08.495,2025-10-28 14:09:08.047,2025-10-28 14:09:08.983,0.9834,30.82,569.7
ARDG_AQUA bream 630gr 31cm  281025 1400002.csv,5749,5730,5768,2025-10-28 14:09:10.662,2025-10-28 14:09:10.173,2025-10-28 14:09:11.136,0.9725,29.02,428.7
ARDG_AQUA bream 630gr 31cm  281025 1400002.csv,5861,5842,5880,2025-10-28 14:09:13.456,2025-10-28 14:09:12.985,2025-10-28 14:09:13.937,0.9874,28.77,475.6
ARDG_AQUA bream 630gr 31cm  281025 1400002.csv,6003,5984,6022,2025-10-28 14:09:17.024,2025-10-28 14:09:16.542,2025-10-28 14:09:17.495,0.9731,27.71,471.9
ARDG_AQUA bream 630gr 31cm  281025 1400002.csv,6137,6118,6156,2025-10-28 14:09:20.366,2025-10-28 14:09:19.887,2025-10-28 14:09:20.846,0.9814,28.9,526.1
ARDG_AQUA bream 630gr 31cm  281025 1400002.csv,6281,6262,6300,2025-10-28 14:09:23.985,2025-10-28 14:09:23.508,2025-10-28 14:09:24.444,0.9811,29.43,556.7
ARDG_AQUA bream 630gr 31cm  281025 1400002.csv,6399,6380,6418,2025-10-28 14:09:26.924,2025-10-28 14:09:26.460,2025-10-28 14:09:27.404,0.9718,28.95,472.5
ARDG_AQUA bream 630gr 31cm  281025 1400002.csv,6593,6574,6612,2025-10-28 14:09:31.787,2025-10-28 14:09:31.307,2025-10-28 14:09:32.267,0.9655,32.25,620.7
ARDG_AQUA bream 630gr 31cm  281025 1400002.csv,6949,6930,6968,2025-10-28 14:09:40.697,2025-10-28 14:09:40.217,2025-10-28 14:09:41.175,0.9718,28.45,499.0
ARDG_AQUA bream 630gr 31cm  281025 1400002.csv,7077,7058,7096,2025-10-28 14:09:43.896,2025-10-28 14:09:43.431,2025-10-28 14:09:44.375,0.9632,29.43,494.2
ARDG_AQUA bream 630gr 31cm  281025 1400002.csv,7191,7172,7210,2025-10-28 14:09:46.759,2025-10-28 14:09:46.278,2025-10-28 14:09:47.223,0.9775,29.62,491.6
ARDG_AQUA bream 630gr 31cm  281025 1400002.csv,7255,7236,7274,2025-10-28 14:09:48.357,2025-10-28 14:09:47.878,2025-10-28 14:09:48.822,0.9861,29.35,565.6
ARDG_AQUA bream 630gr 31cm  281025 1400002.csv,7359,7340,7378,2025-10-28 14:09:50.968,2025-10-28 14:09:50.486,2025-10-28 14:09:51.428,0.8086,27.73,380.9
ARDG_AQUA bream 630gr 31cm  281025 1400002.csv,7499,7480,7518,2025-10-28 14:09:54.477,2025-10-28 14:09:53.999,2025-10-28 14:09:54.932,0.9867,31.91,634.8
ARDG_AQUA bream 630gr 31cm  281025 1400002.csv,7519,7500,7538,2025-10-28 14:09:54.983,2025-10-28 14:09:54.486,2025-10-28 14:09:55.444,0.651,26.89,381.6
ARDG_AQUA bream 630gr 31cm  281025 1400002.csv,7613,7594,7632,2025-10-28 14:09:57.315,2025-10-28 14:09:56.836,2025-10-28 14:09:57.796,0.9668,28.42,484.4
ARDG_AQUA bream 630gr 31cm  281025 1400002.csv,7717,7698,7736,2025-10-28 14:09:59.923,2025-10-28 14:09:59.442,2025-10-28 14:10:00.403,0.9742,29.11,515.6
ARDG_AQUA bream 630gr 31cm  281025 1400002.csv,7737,7718,7756,2025-10-28 14:10:00.418,2025-10-28 14:09:59.939,2025-10-28 14:10:00.897,0.6131,26.84,467.7
ARDG_AQUA bream 630gr 31cm  281025 1400002.csv,7859,7840,7878,2025-10-28 14:10:03.490,2025-10-28 14:10:03.001,2025-10-28 14:10:03.954,0.9588,29.24,486.5
ARDG_AQUA bream 630gr 31cm  281025 1400002.csv,7937,7918,7956,2025-10-28 14:10:05.425,2025-10-28 14:10:04.944,2025-10-28 14:10:05.905,0.9762,32.65,632.4
ARDG_AQUA bream 630gr 31cm  281025 1400002.csv,8075,8056,8094,2025-10-28 14:10:08.880,2025-10-28 14:10:08.400,2025-10-28 14:10:09.360,0.9676,26.85,418.8
ARDG_AQUA bream 630gr 31cm  281025 1400002.csv,8137,8118,8156,2025-10-28 14:10:10.431,2025-10-28 14:10:09.951,2025-10-28 14:10:10.911,0.9314,29.05,515.4
ARDG_AQUA bream 630gr 31cm  281025 1400002.csv,8303,8284,8322,2025-10-28 14:10:14.591,2025-10-28 14:10:14.110,2025-10-28 14:10:15.069,0.8918,28.9,440.7
ARDG_AQUA bream 630gr 31cm  281025 1400002.csv,8419,8400,8438,2025-10-28 14:10:17.501,2025-10-28 14:10:17.021,2025-10-28 14:10:17.966,0.9757,29.31,471.2
ARDG_AQUA bream 630gr 31cm  281025 1400002.csv,8551,8532,8570,2025-10-28 14:10:20.796,2025-10-28 14:10:20.316,2025-10-28 14:10:21.276,0.9885,29.94,579.0
ARDG_AQUA bream 630gr 31cm  281025 1400002.csv,8797,8778,8816,2025-10-28 14:10:26.954,2025-10-28 14:10:26.475,2025-10-28 14:10:27.434,0.5474,22.73,252.8
ARDG_AQUA bream 630gr 31cm  281025 1400002.csv,8817,8798,8836,2025-10-28 14:10:27.450,2025-10-28 14:10:27.001,2025-10-28 14:10:27.930,0.9874,30.45,622.3
ARDG_AQUA bream 630gr 31cm  281025 1400002.csv,8927,8908,8946,2025-10-28 14:10:30.201,2025-10-28 14:10:29.737,2025-10-28 14:10:30.681,0.9264,27.1,395.4
ARDG_AQUA bream 630gr 31cm  281025 1400002.csv,9051,9032,9070,2025-10-28 14:10:33.320,2025-10-28 14:10:32.841,2025-10-28 14:10:33.785,0.9706,26.76,367.0
ARDG_AQUA bream 630gr 31cm  281025 1400002.csv,9155,9136,9174,2025-10-28 14:10:35.912,2025-10-28 14:10:35.448,2025-10-28 14:10:36.391,0.9148,29.15,425.9
ARDG_AQUA bream 630gr 31cm  281025 1400002.csv,9249,9230,9268,2025-10-28 14:10:38.263,2025-10-28 14:10:37.799,2025-10-28 14:10:38.743,0.9828,29.69,577.4
ARDG_AQUA bream 630gr 31cm  281025 1400002.csv,9347,9328,9366,2025-10-28 14:10:40.727,2025-10-28 14:10:40.246,2025-10-28 14:10:41.190,0.9616,28.13,438.7
ARDG_AQUA bream 630gr 31cm  281025 1400002.csv,9435,9416,9454,2025-10-28 14:10:42.917,2025-10-28 14:10:42.454,2025-10-28 14:10:43.398,0.9618,27.85,463.9
ARDG_AQUA bream 630gr 31cm  281025 1400002.csv,9723,9704,9742,2025-10-28 14:10:50.131,2025-10-28 14:10:49.651,2025-10-28 14:10:50.611,0.9696,29.3,499.7
ARDG_AQUA bream 630gr 31cm  281025 1400002.csv,9869,9850,9888,2025-10-28 14:10:53.794,2025-10-28 14:10:53.315,2025-10-28 14:10:54.258,0.9752,29.4,430.5
ARDG_AQUA bream 630gr 31cm  281025 1400002.csv,9949,9930,9968,2025-10-28 14:10:55.793,2025-10-28 14:10:55.314,2025-10-28 14:10:56.274,0.7177,26.79,487.4
ARDG_AQUA bream 630gr 31cm  281025 1400002.csv,9969,9950,9988,2025-10-28 14:10:56.290,2025-10-28 14:10:55.810,2025-10-28 14:10:56.770,0.9827,29.14,490.2
ARDG_AQUA bream 630gr 31cm  281025 1400002.csv,10071,10052,10090,2025-10-28 14:10:58.850,2025-10-28 14:10:58.370,2025-10-28 14:10:59.313,0.9582,29.32,518.4
ARDG_AQUA bream 630gr 31cm  281025 1400002.csv,10167,10148,10186,2025-10-28 14:11:01.247,2025-10-28 14:11:00.767,2025-10-28 14:11:01.728,0.979,29.71,605.6
ARDG_AQUA bream 630gr 31cm  281025 1400002.csv,10317,10298,10336,2025-10-28 14:11:05.003,2025-10-28 14:11:04.522,2025-10-28 14:11:05.470,0.9882,28.27,503.8
ARDG_AQUA bream 630gr 31cm  281025 1400002.csv,10415,10396,10434,2025-10-28 14:11:07.455,2025-10-28 14:11:07.002,2025-10-28 14:11:07.934,0.9785,27.82,489.1
ARDG_AQUA bream 630gr 31cm  281025 1400002.csv,10513,10494,10532,2025-10-28 14:11:09.903,2025-10-28 14:11:09.438,2025-10-28 14:11:10.381,0.959,30.73,589.9
ARDG_AQUA bream 630gr 31cm  281025 1400002.csv,10619,10600,10638,2025-10-28 14:11:12.557,2025-10-28 14:11:12.092,2025-10-28 14:11:13.034,0.9733,32.05,607.6
ARDG_AQUA bream 630gr 31cm  281025 1400002.csv,10647,10628,10666,2025-10-28 14:11:13.261,2025-10-28 14:11:12.780,2025-10-28 14:11:13.740,0.5082,25.54,315.3
ARDG_AQUA bream 630gr 31cm  281025 1400002.csv,10747,10728,10766,2025-10-28 14:11:15.772,2025-10-28 14:11:15.292,2025-10-28 14:11:16.236,0.8349,28.17,434.8
ARDG_AQUA bream 630gr 31cm  281025 1400002.csv,10881,10862,10900,2025-10-28 14:11:19.114,2025-10-28 14:11:18.647,2025-10-28 14:11:19.594,0.9572,29.47,479.7
ARDG_AQUA bream 630gr 31cm  281025 1400002.csv,10971,10952,10990,2025-10-28 14:11:21.371,2025-10-28 14:11:20.890,2025-10-28 14:11:21.850,0.9801,27.7,469.8
ARDG_AQUA bream 630gr 31cm  281025 1400002.csv,11071,11052,11090,2025-10-28 14:11:23.880,2025-10-28 14:11:23.402,2025-10-28 14:11:24.344,0.9599,29.36,512.0
ARDG_AQUA bream 630gr 31cm  281025 1400002.csv,11311,11292,11330,2025-10-28 14:11:29.879,2025-10-28 14:11:29.399,2025-10-28 14:11:30.359,0.9372,28.95,528.9
ARDG_AQUA bream 680gr 33 sm  281025 1208003.csv,19,0,38,2025-10-28 12:18:23.769,2025-10-28 12:18:23.287,2025-10-28 12:18:24.248,0.9831,30.75,533.3
ARDG_AQUA bream 680gr 33 sm  281025 1208003.csv,87,68,106,2025-10-28 12:18:25.464,2025-10-28 12:18:25.000,2025-10-28 12:18:25.944,0.9879,33.89,738.0
ARDG_AQUA bream 680gr 33 sm  281025 1208003.csv,183,164,202,2025-10-28 12:18:27.879,2025-10-28 12:18:27.399,2025-10-28 12:18:28.342,0.9824,31.94,486.7
ARDG_AQUA bream 680gr 33 sm  281025 1208003.csv,271,252,290,2025-10-28 12:18:30.070,2025-10-28 12:18:29.606,2025-10-28 12:18:30.550,0.9816,34.68,692.7
ARDG_AQUA bream 680gr 33 sm  281025 1208003.csv,1439,1420,1458,2025-10-28 12:18:59.310,2025-10-28 12:18:58.831,2025-10-28 12:18:59.790,0.9903,31.19,484.5
ARDG_AQUA bream 680gr 33 sm  281025 1208003.csv,1515,1496,1534,2025-10-28 12:19:01.217,2025-10-28 12:19:00.733,2025-10-28 12:19:01.701,0.9739,30.35,538.2
ARDG_AQUA bream 680gr 33 sm  281025 1208003.csv,1621,1602,1640,2025-10-28 12:19:03.868,2025-10-28 12:19:03.389,2025-10-28 12:19:04.351,0.9851,30.0,487.9
ARDG_AQUA bream 680gr 33 sm  281025 1208003.csv,1689,1670,1708,2025-10-28 12:19:05.565,2025-10-28 12:19:05.085,2025-10-28 12:19:06.044,0.9667,31.84,581.0
ARDG_AQUA bream 680gr 33 sm  281025 1208003.csv,1771,1752,1790,2025-10-28 12:19:07.613,2025-10-28 12:19:07.149,2025-10-28 12:19:08.091,0.9784,32.75,657.1
ARDG_AQUA bream 680gr 33 sm  281025 1208003.csv,1833,1814,1852,2025-10-28 12:19:09.180,2025-10-28 12:19:08.704,2025-10-28 12:19:09.643,0.9775,31.46,631.2
ARDG_AQUA bream 680gr 33 sm  281025 1208003.csv,1915,1896,1934,2025-10-28 12:19:11.227,2025-10-28 12:19:10.763,2025-10-28 12:19:11.727,0.9875,32.7,564.6
ARDG_AQUA bream 680gr 33 sm  281025 1208003.csv,1977,1958,1996,2025-10-28 12:19:12.778,2025-10-28 12:19:12.299,2025-10-28 12:19:13.258,0.9592,33.27,621.7
ARDG_AQUA bream 680gr 33 sm  281025 1208003.csv,2075,2056,2094,2025-10-28 12:19:15.237,2025-10-28 12:19:14.755,2025-10-28 12:19:15.711,0.9885,31.13,509.4
ARDG_AQUA bream 680gr 33 sm  281025 1208003.csv,2137,2118,2156,2025-10-28 12:19:16.777,2025-10-28 12:19:16.314,2025-10-28 12:19:17.281,0.951,30.94,565.7
ARDG_AQUA bream 680gr 33 sm  281025 1208003.csv,2213,2194,2232,2025-10-28 12:19:18.680,2025-10-28 12:19:18.219,2025-10-28 12:19:19.161,0.9871,31.52,566.0
ARDG_AQUA bream 680gr 33 sm  281025 1208003.csv,2385,2366,2404,2025-10-28 12:19:22.985,2025-10-28 12:19:22.519,2025-10-28 12:19:23.464,0.9828,31.44,587.3
ARDG_AQUA bream 680gr 33 sm  281025 1208003.csv,2489,2470,2508,2025-10-28 12:19:25.592,2025-10-28 12:19:25.112,2025-10-28 12:19:26.071,0.9802,31.34,587.7
ARDG_AQUA bream 680gr 33 sm  281025 1208003.csv,2551,2532,2570,2025-10-28 12:19:27.143,2025-10-28 12:19:26.662,2025-10-28 12:19:27.623,0.9776,30.93,632.8
ARDG_AQUA bream 680gr 33 sm  281025 1208003.csv,2685,2666,2704,2025-10-28 12:19:30.502,2025-10-28 12:19:30.022,2025-10-28 12:19:30.966,0.9922,31.9,593.5
ARDG_AQUA bream 680gr 33 sm  281025 1208003.csv,2753,2734,2772,2025-10-28 12:19:32.197,2025-10-28 12:19:31.721,2025-10-28 12:19:32.677,0.9783,31.15,582.2
ARDG_AQUA bream 680gr 33 sm  281025 1208003.csv,2815,2796,2834,2025-10-28 12:19:33.749,2025-10-28 12:19:33.275,2025-10-28 12:19:34.230,0.8882,30.52,456.7
ARDG_AQUA bream 680gr 33 sm  281025 1208003.csv,2835,2816,2854,2025-10-28 12:19:34.246,2025-10-28 12:19:33.787,2025-10-28 12:19:34.727,0.988,32.04,587.0
ARDG_AQUA bream 680gr 33 sm  281025 1208003.csv,2899,2880,2918,2025-10-28 12:19:35.866,2025-10-28 12:19:35.380,2025-10-28 12:19:36.323,0.9837,33.0,652.4
ARDG_AQUA bream 680gr 33 sm  281025 1208003.csv,2999,2980,3018,2025-10-28 12:19:38.358,2025-10-28 12:19:37.874,2025-10-28 12:19:38.834,0.9873,30.12,493.0
ARDG_AQUA bream 680gr 33 sm  281025 1208003.csv,3071,3052,3090,2025-10-28 12:19:40.164,2025-10-28 12:19:39.683,2025-10-28 12:19:40.643,0.9893,34.21,732.1
ARDG_AQUA bream 680gr 33 sm  281025 1208003.csv,3171,3152,3190,2025-10-28 12:19:42.658,2025-10-28 12:19:42.196,2025-10-28 12:19:43.138,0.9805,29.07,484.8
ARDG_AQUA bream 680gr 33 sm  281025 1208003.csv,3233,3214,3252,2025-10-28 12:19:44.225,2025-10-28 12:19:43.747,2025-10-28 12:19:44.702,0.9705,32.75,632.0
ARDG_AQUA bream 680gr 33 sm  281025 1208003.csv,3313,3294,3332,2025-10-28 12:19:46.230,2025-10-28 12:19:45.746,2025-10-28 12:19:46.689,0.9881,31.05,527.4
ARDG_AQUA bream 680gr 33 sm  281025 1208003.csv,3417,3398,3436,2025-10-28 12:19:48.816,2025-10-28 12:19:48.354,2025-10-28 12:19:49.304,0.9844,31.42,599.7
ARDG_AQUA bream 680gr 33 sm  281025 1208003.csv,3607,3588,3626,2025-10-28 12:19:53.583,2025-10-28 12:19:53.103,2025-10-28 12:19:54.047,0.9848,33.11,628.9
ARDG_AQUA bream 680gr 33 sm  281025 1208003.csv,3747,3728,3766,2025-10-28 12:19:57.087,2025-10-28 12:19:56.607,2025-10-28 12:19:57.551,0.9708,35.7,668.7
ARDG_AQUA bream 680gr 33 sm  281025 1208003.csv,3831,3812,3850,2025-10-28 12:19:59.182,2025-10-28 12:19:58.701,2025-10-28 12:19:59.661,0.9843,32.02,585.8
ARDG_AQUA bream 680gr 33 sm  281025 1208003.csv,3901,3882,3920,2025-10-28 12:20:00.941,2025-10-28 12:20:00.462,2025-10-28 12:20:01.403,0.9769,33.16,627.7
ARDG_AQUA bream 680gr 33 sm  281025 1208003.csv,3985,3966,4004,2025-10-28 12:20:03.038,2025-10-28 12:20:02.556,2025-10-28 12:20:03.517,0.9798,31.58,608.4
ARDG_AQUA bream 680gr 33 sm  281025 1208003.csv,4047,4028,4066,2025-10-28 12:20:04.589,2025-10-28 12:20:04.109,2025-10-28 12:20:05.068,0.9853,33.42,632.0
ARDG_AQUA bream 680gr 33 sm  281025 1208003.csv,4067,4048,4086,2025-10-28 12:20:05.084,2025-10-28 12:20:04.620,2025-10-28 12:20:05.564,0.5586,30.61,468.9
ARDG_AQUA bream 680gr 33 sm  281025 1208003.csv,4135,4116,4154,2025-10-28 12:20:06.806,2025-10-28 12:20:06.325,2025-10-28 12:20:07.275,0.9882,31.52,595.2
ARDG_AQUA bream 680gr 33 sm  281025 1208003.csv,4193,4174,4212,2025-10-28 12:20:08.238,2025-10-28 12:20:07.771,2025-10-28 12:20:08.716,0.9725,31.74,578.1
ARDG_AQUA bream 680gr 33 sm  281025 1208003.csv,4273,4254,4292,2025-10-28 12:20:10.250,2025-10-28 12:20:09.773,2025-10-28 12:20:10.714,0.9762,33.81,650.9
ARDG_AQUA bream 680gr 33 sm  281025 1208003.csv,4383,4364,4402,2025-10-28 12:20:13.002,2025-10-28 12:20:12.522,2025-10-28 12:20:13.483,0.9758,31.44,589.5
ARDG_AQUA bream 680gr 33 sm  281025 1208003.csv,4481,4462,4500,2025-10-28 12:20:15.449,2025-10-28 12:20:14.969,2025-10-28 12:20:15.930,0.9831,32.8,558.4
ARDG_AQUA bream 680gr 33 sm  281025 1208003.csv,4543,4524,4562,2025-10-28 12:20:17.001,2025-10-28 12:20:16.521,2025-10-28 12:20:17.481,0.9545,34.19,608.1
ARDG_AQUA bream 680gr 33 sm  281025 1208003.csv,4625,4606,4644,2025-10-28 12:20:19.049,2025-10-28 12:20:18.584,2025-10-28 12:20:19.528,0.9845,30.96,580.2
ARDG_AQUA bream 680gr 33 sm  281025 1208003.csv,4697,4678,4716,2025-10-28 12:20:20.856,2025-10-28 12:20:20.376,2025-10-28 12:20:21.336,0.9785,33.79,676.4
ARDG_AQUA bream 680gr 33 sm  281025 1208003.csv,4769,4750,4788,2025-10-28 12:20:22.664,2025-10-28 12:20:22.184,2025-10-28 12:20:23.143,0.9893,32.01,527.3
ARDG_AQUA bream 680gr 33 sm  281025 1208003.csv,4889,4870,4908,2025-10-28 12:20:25.671,2025-10-28 12:20:25.190,2025-10-28 12:20:26.134,0.9851,29.42,563.3
ARDG_AQUA bream 680gr 33 sm  281025 1208003.csv,5015,4996,5034,2025-10-28 12:20:28.819,2025-10-28 12:20:28.341,2025-10-28 12:20:29.300,0.9878,32.09,580.8
ARDG_AQUA bream 680gr 33 sm  281025 1208003.csv,5091,5072,5110,2025-10-28 12:20:30.726,2025-10-28 12:20:30.273,2025-10-28 12:20:31.190,0.9843,33.02,709.5
ARDG_AQUA bream 680gr 33 sm  281025 1208003.csv,5147,5128,5166,2025-10-28 12:20:32.116,2025-10-28 12:20:31.654,2025-10-28 12:20:32.597,0.7483,26.79,363.4
ARDG_AQUA bream 680gr 33 sm  281025 1208003.csv,5169,5150,5188,2025-10-28 12:20:32.676,2025-10-28 12:20:32.196,2025-10-28 12:20:33.157,0.9869,31.31,557.2
ARDG_AQUA bream 680gr 33 sm  281025 1208003.csv,5239,5220,5258,2025-10-28 12:20:34.418,2025-10-28 12:20:33.954,2025-10-28 12:20:34.900,0.9683,34.05,579.7
ARDG_AQUA bream 680gr 33 sm  281025 1208003.csv,5331,5312,5350,2025-10-28 12:20:36.723,2025-10-28 12:20:36.291,2025-10-28 12:20:37.203,0.9766,30.84,578.5
ARDG_AQUA bream 680gr 33 sm  281025 1208003.csv,5397,5378,5416,2025-10-28 12:20:38.386,2025-10-28 12:20:37.906,2025-10-28 12:20:38.851,0.9792,32.52,571.8
ARDG_AQUA bream 680gr 33 sm  281025 1208003.csv,5737,5718,5756,2025-10-28 12:20:46.899,2025-10-28 12:20:46.416,2025-10-28 12:20:47.362,0.984,31.56,586.5
ARDG_AQUA bream 680gr 33 sm  281025 1208003.csv,5815,5796,5834,2025-10-28 12:20:48.847,2025-10-28 12:20:48.372,2025-10-28 12:20:49.310,0.9697,33.2,677.5
ARDG_AQUA bream 680gr 33 sm  281025 1208003.csv,5901,5882,5920,2025-10-28 12:20:50.991,2025-10-28 12:20:50.511,2025-10-28 12:20:51.473,0.9812,30.43,585.6
ARDG_AQUA bream 680gr 33 sm  281025 1208003.csv,6047,6028,6066,2025-10-28 12:20:54.654,2025-10-28 12:20:54.175,2025-10-28 12:20:55.119,0.976,31.58,578.4
ARDG_AQUA bream 680gr 33 sm  281025 1208003.csv,6143,6124,6162,2025-10-28 12:20:57.054,2025-10-28 12:20:56.575,2025-10-28 12:20:57.533,0.9815,33.14,652.2
ARDG_AQUA bream 680gr 33 sm  281025 1208003.csv,6207,6188,6226,2025-10-28 12:20:58.653,2025-10-28 12:20:58.173,2025-10-28 12:20:59.133,0.9764,33.06,614.9
ARDG_AQUA bream 680gr 33 sm  281025 1208003.csv,6289,6270,6308,2025-10-28 12:21:00.701,2025-10-28 12:21:00.237,2025-10-28 12:21:01.180,0.9868,31.66,594.4
ARDG_AQUA bream 680gr 33 sm  281025 1208003.csv,6343,6324,6362,2025-10-28 12:21:02.059,2025-10-28 12:21:01.579,2025-10-28 12:21:02.524,0.9638,31.2,577.3
ARDG_AQUA bream 680gr 33 sm  281025 1208003.csv,6427,6408,6446,2025-10-28 12:21:04.155,2025-10-28 12:21:03.676,2025-10-28 12:21:04.636,0.9793,33.02,582.9
ARDG_AQUA bream 680gr 33 sm  281025 1208003.csv,6483,6464,6502,2025-10-28 12:21:05.563,2025-10-28 12:21:05.083,2025-10-28 12:21:06.027,0.9517,32.28,515.3
ARDG_AQUA bream 680gr 33 sm  281025 1208003.csv,6691,6672,6710,2025-10-28 12:21:10.761,2025-10-28 12:21:10.281,2025-10-28 12:21:11.241,0.9821,32.68,619.8
ARDG_AQUA bream 680gr 33 sm  281025 1208003.csv,6751,6732,6770,2025-10-28 12:21:12.265,2025-10-28 12:21:11.785,2025-10-28 12:21:12.745,0.9786,33.43,652.6
ARDG_AQUA bream 680gr 33 sm  281025 1208003.csv,6771,6752,6790,2025-10-28 12:21:12.762,2025-10-28 12:21:12.297,2025-10-28 12:21:13.241,0.7322,31.2,550.8
ARDG_AQUA bream 680gr 33 sm  281025 1208003.csv,6833,6814,6852,2025-10-28 12:21:14.313,2025-10-28 12:21:13.859,2025-10-28 12:21:14.793,0.9873,30.91,556.3
ARDG_AQUA bream 680gr 33 sm  281025 1208003.csv,6905,6886,6924,2025-10-28 12:21:16.121,2025-10-28 12:21:15.640,2025-10-28 12:21:16.600,0.9825,33.96,661.4
ARDG_AQUA bream 680gr 33 sm  281025 1208003.csv,6925,6906,6944,2025-10-28 12:21:16.617,2025-10-28 12:21:16.152,2025-10-28 12:21:17.096,0.9459,31.56,606.5
ARDG_AQUA bream 680gr 33 sm  281025 1208003.csv,7033,7014,7052,2025-10-28 12:21:19.359,2025-10-28 12:21:18.881,2025-10-28 12:21:19.800,0.9755,30.85,547.8
ARDG_AQUA bream 680gr 33 sm  281025 1208003.csv,7113,7094,7132,2025-10-28 12:21:21.359,2025-10-28 12:21:20.884,2025-10-28 12:21:21.798,0.9826,33.25,707.5
ARDG_AQUA bream 680gr 33 sm  281025 1208003.csv,7227,7208,7246,2025-10-28 12:21:24.181,2025-10-28 12:21:23.701,2025-10-28 12:21:24.662,0.9869,31.44,516.4
ARDG_AQUA bream 680gr 33 sm  281025 1208003.csv,7325,7306,7344,2025-10-28 12:21:26.629,2025-10-28 12:21:26.150,2025-10-28 12:21:27.109,0.9802,31.72,648.4
ARDG_AQUA bream 680gr 33 sm  281025 1208003.csv,7425,7406,7444,2025-10-28 12:21:29.141,2025-10-28 12:21:28.660,2025-10-28 12:21:29.604,0.9845,31.66,616.2
ARDG_AQUA bream 680gr 33 sm  281025 1208003.csv,7507,7488,7526,2025-10-28 12:21:31.188,2025-10-28 12:21:30.708,2025-10-28 12:21:31.667,0.9896,35.4,703.2
ARDG_AQUA bream 680gr 33 sm  281025 1208003.csv,7615,7596,7634,2025-10-28 12:21:33.893,2025-10-28 12:21:33.405,2025-10-28 12:21:34.393,0.9796,31.54,599.5
ARDG_AQUA bream 680gr 33 sm  281025 1208003.csv,7703,7684,7722,2025-10-28 12:21:36.099,2025-10-28 12:21:35.619,2025-10-28 12:21:36.563,0.9849,33.75,739.5
ARDG_AQUA bream 680gr 33 sm  281025 1208003.csv,7809,7790,7828,2025-10-28 12:21:38.753,2025-10-28 12:21:38.274,2025-10-28 12:21:39.218,0.9811,31.35,593.3
ARDG_AQUA bream 680gr 33 sm  281025 1208003.csv,7913,7894,7932,2025-10-28 12:21:41.345,2025-10-28 12:21:40.893,2025-10-28 12:21:41.826,0.9743,33.2,579.6
ARDG_AQUA bream 680gr 33 sm  281025 1208003.csv,8067,8048,8086,2025-10-28 12:21:45.201,2025-10-28 12:21:44.720,2025-10-28 12:21:45.680,0.9833,31.5,601.4
ARDG_AQUA bream 680gr 33 sm  281025 1208003.csv,8141,8122,8160,2025-10-28 12:21:47.055,2025-10-28 12:21:46.576,2025-10-28 12:21:47.535,0.978,32.06,567.8
ARDG_AQUA bream 680gr 33 sm  281025 1208003.csv,8301,8282,8320,2025-10-28 12:21:51.053,2025-10-28 12:21:50.591,2025-10-28 12:21:51.534,0.9881,31.26,525.5
ARDG_AQUA bream 680gr 33 sm  281025 1208003.csv,8501,8482,8520,2025-10-28 12:21:56.061,2025-10-28 12:21:55.598,2025-10-28 12:21:56.538,0.9722,31.13,570.8
ARDG_AQUA bream 680gr 33 sm  281025 1208003.csv,8597,8578,8616,2025-10-28 12:21:58.460,2025-10-28 12:21:57.997,2025-10-28 12:21:58.950,0.9891,30.86,430.9
ARDG_AQUA bream 680gr 33 sm  281025 1208003.csv,8673,8654,8692,2025-10-28 12:22:00.407,2025-10-28 12:21:59.899,2025-10-28 12:22:00.844,0.9766,34.58,671.7
ARDG_AQUA bream 680gr 33 sm  281025 1208003.csv,8759,8740,8778,2025-10-28 12:22:02.522,2025-10-28 12:22:02.044,2025-10-28 12:22:03.000,0.9848,31.37,546.2
ARDG_AQUA bream 680gr 33 sm  281025 1208003.csv,8905,8886,8924,2025-10-28 12:22:06.170,2025-10-28 12:22:05.706,2025-10-28 12:22:06.651,0.9812,31.41,574.5
ARDG_AQUA bream 680gr 33 sm  281025 1208003.csv,9003,8984,9022,2025-10-28 12:22:08.634,2025-10-28 12:22:08.154,2025-10-28 12:22:09.097,0.9703,32.19,561.2
ARDG_AQUA bream 680gr 33 sm  281025 1208003.csv,9087,9068,9106,2025-10-28 12:22:10.729,2025-10-28 12:22:10.250,2025-10-28 12:22:11.209,0.9789,34.25,653.0
ARDG_AQUA bream 680gr 33 sm  281025 1208003.csv,9337,9318,9356,2025-10-28 12:22:16.983,2025-10-28 12:22:16.517,2025-10-28 12:22:17.472,0.9945,32.7,531.9
ARDG_AQUA bream 680gr 33 sm  281025 1208003.csv,9417,9398,9436,2025-10-28 12:22:18.982,2025-10-28 12:22:18.521,2025-10-28 12:22:19.462,0.9767,33.08,664.8
ARDG_AQUA bream 680gr 33 sm  281025 1208003.csv,9489,9470,9508,2025-10-28 12:22:20.791,2025-10-28 12:22:20.310,2025-10-28 12:22:21.271,0.982,31.92,575.9
ARDG_AQUA bream 680gr 33 sm  281025 1208003.csv,9555,9536,9574,2025-10-28 12:22:22.438,2025-10-28 12:22:21.973,2025-10-28 12:22:22.919,0.9636,33.0,639.3
ARDG_AQUA bream 680gr 33 sm  281025 1208003.csv,9633,9614,9652,2025-10-28 12:22:24.400,2025-10-28 12:22:23.926,2025-10-28 12:22:24.870,0.9853,31.94,607.8
ARDG_AQUA bream 680gr 33 sm  281025 1208003.csv,9693,9674,9712,2025-10-28 12:22:25.910,2025-10-28 12:22:25.428,2025-10-28 12:22:26.406,0.9572,33.42,644.7
ARDG_AQUA bream 680gr 33 sm  281025 1208003.csv,9767,9748,9786,2025-10-28 12:22:27.748,2025-10-28 12:22:27.269,2025-10-28 12:22:28.228,0.9781,31.44,553.9
ARDG_AQUA bream 680gr 33 sm  281025 1208003.csv,9829,9810,9848,2025-10-28 12:22:29.299,2025-10-28 12:22:28.819,2025-10-28 12:22:29.780,0.9737,33.83,601.3
ARDG_AQUA bream 680gr 33 sm  281025 1208003.csv,9913,9894,9932,2025-10-28 12:22:31.413,2025-10-28 12:22:30.934,2025-10-28 12:22:31.874,0.9792,32.76,559.1
ARDG_AQUA bream 680gr 33 sm  281025 1208003.csv,9971,9952,9990,2025-10-28 12:22:32.850,2025-10-28 12:22:32.371,2025-10-28 12:22:33.331,0.9518,33.48,568.7
ARDG_AQUA bream 680gr 33 sm  281025 1208003.csv,10051,10032,10070,2025-10-28 12:22:34.850,2025-10-28 12:22:34.422,2025-10-28 12:22:35.330,0.9698,33.07,625.9
ARDG_AQUA bream 680gr 33 sm  281025 1208003.csv,10151,10132,10170,2025-10-28 12:22:37.361,2025-10-28 12:22:36.884,2025-10-28 12:22:37.841,0.9798,34.46,664.1
ARDG_AQUA bream 680gr 33 sm  281025 1208003.csv,10285,10266,10304,2025-10-28 12:22:40.705,2025-10-28 12:22:40.241,2025-10-28 12:22:41.185,0.987,30.71,550.2
ARDG_AQUA bream 680gr 33 sm  281025 1208003.csv,10509,10490,10528,2025-10-28 12:22:46.320,2025-10-28 12:22:45.839,2025-10-28 12:22:46.799,0.9823,33.89,638.9
ARDG_AQUA bream 680gr 33 sm  281025 1208003.csv,10641,10622,10660,2025-10-28 12:22:49.614,2025-10-28 12:22:49.150,2025-10-28 12:22:50.093,0.9857,31.05,566.8
ARDG_AQUA bream 680gr 33 sm  281025 1208003.csv,10707,10688,10726,2025-10-28 12:22:51.278,2025-10-28 12:22:50.799,2025-10-28 12:22:51.743,0.9772,32.78,641.3
ARDG_AQUA bream 680gr 33 sm  281025 1208003.csv,10787,10768,10806,2025-10-28 12:22:53.277,2025-10-28 12:22:52.798,2025-10-28 12:22:53.757,0.9819,33.11,618.5
ARDG_AQUA bream 680gr 33 sm  281025 1208003.csv,10839,10820,10858,2025-10-28 12:22:54.572,2025-10-28 12:22:54.094,2025-10-28 12:22:55.055,0.9613,33.85,564.5
ARDG_AQUA bream 680gr 33 sm  281025 1208003.csv,10915,10896,10934,2025-10-28 12:22:56.475,2025-10-28 12:22:55.998,2025-10-28 12:22:56.959,0.9801,32.44,590.8
ARDG_AQUA bream 680gr 33 sm  281025 1208003.csv,10969,10950,10988,2025-10-28 12:22:57.836,2025-10-28 12:22:57.355,2025-10-28 12:22:58.299,0.9775,32.99,640.3
ARDG_AQUA bream 800gr 36cm  281025 1453002.csv,19,0,38,2025-10-28 14:59:27.398,2025-10-28 14:59:26.934,2025-10-28 14:59:27.879,0.9783,31.85,566.4
ARDG_AQUA bream 800gr 36cm  281025 1453002.csv,91,72,110,2025-10-28 14:59:29.209,2025-10-28 14:59:28.726,2025-10-28 14:59:29.688,0.9826,29.21,542.5
ARDG_AQUA bream 800gr 36cm  281025 1453002.csv,171,152,190,2025-10-28 14:59:31.205,2025-10-28 14:59:30.725,2025-10-28 14:59:31.685,0.9758,32.33,652.5
ARDG_AQUA bream 800gr 36cm  281025 1453002.csv,241,222,260,2025-10-28 14:59:32.965,2025-10-28 14:59:32.484,2025-10-28 14:59:33.428,0.9651,31.73,537.0
ARDG_AQUA bream 800gr 36cm  281025 1453002.csv,333,314,352,2025-10-28 14:59:35.268,2025-10-28 14:59:34.788,2025-10-28 14:59:35.732,0.9694,31.09,615.2
ARDG_AQUA bream 800gr 36cm  281025 1453002.csv,393,374,412,2025-10-28 14:59:36.772,2025-10-28 14:59:36.291,2025-10-28 14:59:37.235,0.9685,30.68,544.5
ARDG_AQUA bream 800gr 36cm  281025 1453002.csv,491,472,510,2025-10-28 14:59:39.213,2025-10-28 14:59:38.739,2025-10-28 14:59:39.700,0.972,31.12,588.6
ARDG_AQUA bream 800gr 36cm  281025 1453002.csv,557,538,576,2025-10-28 14:59:40.865,2025-10-28 14:59:40.386,2025-10-28 14:59:41.346,0.9607,31.15,525.3
ARDG_AQUA bream 800gr 36cm  281025 1453002.csv,669,650,688,2025-10-28 14:59:43.666,2025-10-28 14:59:43.200,2025-10-28 14:59:44.146,0.9906,32.86,609.7
ARDG_AQUA bream 800gr 36cm  281025 1453002.csv,751,732,770,2025-10-28 14:59:45.729,2025-10-28 14:59:45.250,2025-10-28 14:59:46.192,0.9778,32.22,628.8
ARDG_AQUA bream 800gr 36cm  281025 1453002.csv,839,820,858,2025-10-28 14:59:47.920,2025-10-28 14:59:47.457,2025-10-28 14:59:48.399,0.9715,32.09,587.6
ARDG_AQUA bream 800gr 36cm  281025 1453002.csv,905,886,924,2025-10-28 14:59:49.592,2025-10-28 14:59:49.104,2025-10-28 14:59:50.063,0.9807,31.71,532.3
ARDG_AQUA bream 800gr 36cm  281025 1453002.csv,991,972,1010,2025-10-28 14:59:51.726,2025-10-28 14:59:51.264,2025-10-28 14:59:52.206,0.9763,31.6,627.8
ARDG_AQUA bream 800gr 36cm  281025 1453002.csv,1073,1054,1092,2025-10-28 14:59:53.790,2025-10-28 14:59:53.310,2025-10-28 14:59:54.255,0.9783,30.46,563.6
ARDG_AQUA bream 800gr 36cm  281025 1453002.csv,1165,1146,1184,2025-10-28 14:59:56.113,2025-10-28 14:59:55.614,2025-10-28 14:59:56.557,0.9822,32.94,660.9
ARDG_AQUA bream 800gr 36cm  281025 1453002.csv,1233,1214,1252,2025-10-28 14:59:57.789,2025-10-28 14:59:57.309,2025-10-28 14:59:58.269,0.9887,32.67,581.8
ARDG_AQUA bream 800gr 36cm  281025 1453002.csv,1315,1296,1334,2025-10-28 14:59:59.836,2025-10-28 14:59:59.373,2025-10-28 15:00:00.315,0.9678,29.72,576.1
ARDG_AQUA bream 800gr 36cm  281025 1453002.csv,1373,1354,1392,2025-10-28 15:00:01.292,2025-10-28 15:00:00.828,2025-10-28 15:00:01.771,0.9739,31.02,465.1
ARDG_AQUA bream 800gr 36cm  281025 1453002.csv,1445,1426,1464,2025-10-28 15:00:03.112,2025-10-28 15:00:02.620,2025-10-28 15:00:03.577,0.9853,32.33,647.5
ARDG_AQUA bream 800gr 36cm  281025 1453002.csv,1505,1486,1524,2025-10-28 15:00:04.603,2025-10-28 15:00:04.122,2025-10-28 15:00:05.083,0.9807,30.42,496.4
ARDG_AQUA bream 800gr 36cm  281025 1453002.csv,1585,1566,1604,2025-10-28 15:00:06.601,2025-10-28 15:00:06.122,2025-10-28 15:00:07.081,0.9777,31.05,572.0
ARDG_AQUA bream 800gr 36cm  281025 1453002.csv,1661,1642,1680,2025-10-28 15:00:08.505,2025-10-28 15:00:08.049,2025-10-28 15:00:08.986,0.9658,32.13,618.1
ARDG_AQUA bream 800gr 36cm  281025 1453002.csv,1743,1724,1762,2025-10-28 15:00:10.555,2025-10-28 15:00:10.098,2025-10-28 15:00:11.048,0.9828,30.67,540.3
ARDG_AQUA bream 800gr 36cm  281025 1453002.csv,1843,1824,1862,2025-10-28 15:00:13.065,2025-10-28 15:00:12.586,2025-10-28 15:00:13.547,0.984,32.23,625.8
ARDG_AQUA bream 800gr 36cm  281025 1453002.csv,1931,1912,1950,2025-10-28 15:00:15.256,2025-10-28 15:00:14.792,2025-10-28 15:00:15.736,0.7888,33.42,627.7
ARDG_AQUA bream 800gr 36cm  281025 1453002.csv,1951,1932,1970,2025-10-28 15:00:15.768,2025-10-28 15:00:15.288,2025-10-28 15:00:16.231,0.9736,30.71,544.9
ARDG_AQUA bream 800gr 36cm  281025 1453002.csv,2035,2016,2054,2025-10-28 15:00:17.863,2025-10-28 15:00:17.383,2025-10-28 15:00:18.342,0.9873,33.15,679.8
ARDG_AQUA bream 800gr 36cm  281025 1453002.csv,2055,2036,2074,2025-10-28 15:00:18.358,2025-10-28 15:00:17.894,2025-10-28 15:00:18.838,0.6714,28.41,450.8
ARDG_AQUA bream 800gr 36cm  281025 1453002.csv,2121,2102,2140,2025-10-28 15:00:20.035,2025-10-28 15:00:19.545,2025-10-28 15:00:20.502,0.8527,30.32,618.6
ARDG_AQUA bream 800gr 36cm  281025 1453002.csv,2141,2122,2160,2025-10-28 15:00:20.534,2025-10-28 15:00:20.037,2025-10-28 15:00:20.998,0.9772,32.27,688.5
ARDG_AQUA bream 800gr 36cm  281025 1453002.csv,2227,2208,2246,2025-10-28 15:00:22.681,2025-10-28 15:00:22.205,2025-10-28 15:00:23.143,0.9779,33.64,553.8
ARDG_AQUA bream 800gr 36cm  281025 1453002.csv,2317,2298,2336,2025-10-28 15:00:24.917,2025-10-28 15:00:24.452,2025-10-28 15:00:25.396,0.97,32.52,579.5
ARDG_AQUA bream 800gr 36cm  281025 1453002.csv,2401,2382,2420,2025-10-28 15:00:27.029,2025-10-28 15:00:26.553,2025-10-28 15:00:27.503,0.9857,28.21,413.9
ARDG_AQUA bream 800gr 36cm  281025 1453002.csv,2483,2464,2502,2025-10-28 15:00:29.078,2025-10-28 15:00:28.607,2025-10-28 15:00:29.563,0.9826,30.84,579.4
ARDG_AQUA bream 800gr 36cm  281025 1453002.csv,2551,2532,2570,2025-10-28 15:00:30.786,2025-10-28 15:00:30.307,2025-10-28 15:00:31.251,0.9798,31.25,571.4
ARDG_AQUA bream 800gr 36cm  281025 1453002.csv,2633,2614,2652,2025-10-28 15:00:32.834,2025-10-28 15:00:32.355,2025-10-28 15:00:33.313,0.9837,32.01,688.9
ARDG_AQUA bream 800gr 36cm  281025 1453002.csv,2711,2692,2730,2025-10-28 15:00:34.786,2025-10-28 15:00:34.306,2025-10-28 15:00:35.265,0.9743,32.21,570.5
ARDG_AQUA bream 800gr 36cm  281025 1453002.csv,2787,2768,2806,2025-10-28 15:00:36.691,2025-10-28 15:00:36.208,2025-10-28 15:00:37.166,0.9817,34.49,669.3
ARDG_AQUA bream 800gr 36cm  281025 1453002.csv,2883,2864,2902,2025-10-28 15:00:39.095,2025-10-28 15:00:38.624,2025-10-28 15:00:39.572,0.9721,31.05,533.4
ARDG_AQUA bream 800gr 36cm  281025 1453002.csv,2971,2952,2990,2025-10-28 15:00:41.296,2025-10-28 15:00:40.816,2025-10-28 15:00:41.776,0.9777,33.47,664.7
ARDG_AQUA bream 800gr 36cm  281025 1453002.csv,3045,3026,3064,2025-10-28 15:00:43.152,2025-10-28 15:00:42.671,2025-10-28 15:00:43.611,0.9819,30.29,573.1
ARDG_AQUA bream 800gr 36cm  281025 1453002.csv,3129,3110,3148,2025-10-28 15:00:45.247,2025-10-28 15:00:44.767,2025-10-28 15:00:45.726,0.9829,33.98,696.1
ARDG_AQUA bream 800gr 36cm  281025 1453002.csv,3199,3180,3218,2025-10-28 15:00:47.006,2025-10-28 15:00:46.547,2025-10-28 15:00:47.486,0.9687,32.03,607.9
ARDG_AQUA bream 800gr 36cm  281025 1453002.csv,3281,3262,3300,2025-10-28 15:00:49.060,2025-10-28 15:00:48.566,2025-10-28 15:00:49.538,0.9732,32.38,632.2
ARDG_AQUA bream 800gr 36cm  281025 1453002.csv,3355,3336,3374,2025-10-28 15:00:50.909,2025-10-28 15:00:50.428,2025-10-28 15:00:51.389,0.9764,29.29,507.0
ARDG_AQUA bream 800gr 36cm  281025 1453002.csv,3451,3432,3470,2025-10-28 15:00:53.307,2025-10-28 15:00:52.828,2025-10-28 15:00:53.788,0.7861,31.78,559.9
ARDG_AQUA bream 800gr 36cm  281025 1453002.csv,3503,3484,3522,2025-10-28 15:00:54.618,2025-10-28 15:00:54.139,2025-10-28 15:00:55.079,0.9813,31.58,530.2
ARDG_AQUA bream 800gr 36cm  281025 1453002.csv,3601,3582,3620,2025-10-28 15:00:57.080,2025-10-28 15:00:56.582,2025-10-28 15:00:57.567,0.9727,31.61,597.8
ARDG_AQUA bream 800gr 36cm  281025 1453002.csv,3657,3638,3676,2025-10-28 15:00:58.474,2025-10-28 15:00:57.994,2025-10-28 15:00:58.939,0.9388,31.52,474.6
ARDG_AQUA bream 800gr 36cm  281025 1453002.csv,3737,3718,3756,2025-10-28 15:01:00.473,2025-10-28 15:00:59.994,2025-10-28 15:01:00.938,0.9839,32.32,706.5
ARDG_AQUA bream 800gr 36cm  281025 1453002.csv,3807,3788,3826,2025-10-28 15:01:02.218,2025-10-28 15:01:01.754,2025-10-28 15:01:02.698,0.9814,29.14,487.4
ARDG_AQUA bream 800gr 36cm  281025 1453002.csv,3883,3864,3902,2025-10-28 15:01:04.121,2025-10-28 15:01:03.641,2025-10-28 15:01:04.605,0.9709,33.01,665.7
ARDG_AQUA bream 800gr 36cm  281025 1453002.csv,3945,3926,3964,2025-10-28 15:01:05.673,2025-10-28 15:01:05.208,2025-10-28 15:01:06.152,0.9675,32.19,581.7
ARDG_AQUA bream 800gr 36cm  281025 1453002.csv,4027,4008,4046,2025-10-28 15:01:07.736,2025-10-28 15:01:07.256,2025-10-28 15:01:08.195,0.9747,34.05,662.6
ARDG_AQUA bream 800gr 36cm  281025 1453002.csv,4171,4152,4190,2025-10-28 15:01:11.334,2025-10-28 15:01:10.855,2025-10-28 15:01:11.814,0.973,33.08,677.2
ARDG_AQUA bream 800gr 36cm  281025 1453002.csv,4263,4244,4282,2025-10-28 15:01:13.639,2025-10-28 15:01:13.158,2025-10-28 15:01:14.128,0.9708,34.1,606.1
ARDG_AQUA bream 800gr 36cm  281025 1453002.csv,4357,4338,4376,2025-10-28 15:01:15.988,2025-10-28 15:01:15.510,2025-10-28 15:01:16.470,0.9793,32.61,603.7
ARDG_AQUA bream 800gr 36cm  281025 1453002.csv,4451,4432,4470,2025-10-28 15:01:18.341,2025-10-28 15:01:17.856,2025-10-28 15:01:18.820,0.9785,32.27,654.8
ARDG_AQUA bream150gr21cm  281025 1548002.csv,393,374,412,2025-10-28 15:53:47.578,2025-10-28 15:53:47.103,2025-10-28 15:53:48.057,0.9716,26.34,336.4
ARDG_AQUA bream150gr21cm  281025 1548002.csv,853,834,872,2025-10-28 15:53:59.094,2025-10-28 15:53:58.615,2025-10-28 15:53:59.592,0.8721,25.93,414.6
ARDG_AQUA bream150gr21cm  281025 1548002.csv,1001,982,1020,2025-10-28 15:54:02.805,2025-10-28 15:54:02.325,2025-10-28 15:54:03.269,0.6275,30.85,473.7
ARDG_AQUA bream150gr21cm  281025 1548002.csv,1151,1132,1170,2025-10-28 15:54:06.548,2025-10-28 15:54:06.126,2025-10-28 15:54:07.028,0.9684,30.38,474.0
ARDG_AQUA bream150gr21cm  281025 1548002.csv,1239,1220,1258,2025-10-28 15:54:08.757,2025-10-28 15:54:08.277,2025-10-28 15:54:09.231,0.9424,28.58,480.9
ARDG_AQUA bream150gr21cm  281025 1548002.csv,1399,1380,1418,2025-10-28 15:54:12.754,2025-10-28 15:54:12.292,2025-10-28 15:54:13.234,0.9023,28.92,431.4
ARDG_AQUA bream150gr21cm  281025 1548002.csv,1523,1504,1542,2025-10-28 15:54:15.857,2025-10-28 15:54:15.393,2025-10-28 15:54:16.337,0.9534,27.09,317.9
ARDG_AQUA bream150gr21cm  281025 1548002.csv,1663,1644,1682,2025-10-28 15:54:19.376,2025-10-28 15:54:18.896,2025-10-28 15:54:19.839,0.9348,25.74,333.0
ARDG_AQUA bream150gr21cm  281025 1548002.csv,1827,1808,1846,2025-10-28 15:54:23.471,2025-10-28 15:54:23.007,2025-10-28 15:54:23.952,0.946,29.39,490.9
ARDG_AQUA bream150gr21cm  281025 1548002.csv,1933,1914,1952,2025-10-28 15:54:26.125,2025-10-28 15:54:25.666,2025-10-28 15:54:26.606,0.9469,27.66,443.7
ARDG_AQUA bream150gr21cm  281025 1548002.csv,2011,1992,2030,2025-10-28 15:54:28.076,2025-10-28 15:54:27.597,2025-10-28 15:54:28.556,0.9376,27.53,368.5
ARDG_AQUA bream150gr21cm  281025 1548002.csv,2099,2080,2118,2025-10-28 15:54:30.284,2025-10-28 15:54:29.804,2025-10-28 15:54:30.767,0.6794,30.44,448.1
ARDG_AQUA bream150gr21cm  281025 1548002.csv,2223,2204,2242,2025-10-28 15:54:33.387,2025-10-28 15:54:32.908,2025-10-28 15:54:33.866,0.9426,28.48,370.9
ARDG_AQUA bream150gr21cm  281025 1548002.csv,2303,2284,2322,2025-10-28 15:54:35.386,2025-10-28 15:54:34.907,2025-10-28 15:54:35.868,0.9085,27.12,378.3
ARDG_AQUA bream150gr21cm  281025 1548002.csv,2411,2392,2430,2025-10-28 15:54:38.090,2025-10-28 15:54:37.610,2025-10-28 15:54:38.569,0.93,27.9,391.2
ARDG_AQUA bream150gr21cm  281025 1548002.csv,2661,2642,2680,2025-10-28 15:54:44.360,2025-10-28 15:54:43.881,2025-10-28 15:54:44.823,0.7463,27.98,406.5
ARDG_AQUA bream150gr21cm  281025 1548002.csv,2795,2776,2814,2025-10-28 15:54:47.731,2025-10-28 15:54:47.248,2025-10-28 15:54:48.183,0.9259,28.07,292.0
ARDG_AQUA bream150gr21cm  281025 1548002.csv,2901,2882,2920,2025-10-28 15:54:50.359,2025-10-28 15:54:49.876,2025-10-28 15:54:50.838,0.7605,27.95,416.5
ARDG_AQUA bream150gr21cm  281025 1548002.csv,3049,3030,3068,2025-10-28 15:54:54.068,2025-10-28 15:54:53.588,2025-10-28 15:54:54.549,0.6728,26.47,306.4
ARDG_AQUA bream150gr21cm  281025 1548002.csv,3131,3112,3150,2025-10-28 15:54:56.115,2025-10-28 15:54:55.635,2025-10-28 15:54:56.596,0.7962,25.87,292.0
ARDG_AQUA bream150gr21cm  281025 1548002.csv,3151,3132,3170,2025-10-28 15:54:56.611,2025-10-28 15:54:56.148,2025-10-28 15:54:57.091,0.9766,25.69,301.0
ARDG_AQUA bream150gr21cm  281025 1548002.csv,3261,3242,3280,2025-10-28 15:54:59.378,2025-10-28 15:54:58.899,2025-10-28 15:54:59.843,0.7731,27.26,453.5
ARDG_AQUA bream150gr21cm  281025 1548002.csv,3413,3394,3432,2025-10-28 15:55:03.186,2025-10-28 15:55:02.706,2025-10-28 15:55:03.649,0.8813,28.25,364.4
ARDG_AQUA bream150gr21cm  281025 1548002.csv,3515,3496,3534,2025-10-28 15:55:05.769,2025-10-28 15:55:05.268,2025-10-28 15:55:06.209,0.9455,25.92,358.8
ARDG_AQUA bream150gr21cm  281025 1548002.csv,3699,3680,3718,2025-10-28 15:55:10.336,2025-10-28 15:55:09.856,2025-10-28 15:55:10.812,0.9401,28.69,452.2
ARDG_AQUA bream150gr21cm  281025 1548002.csv,3847,3828,3866,2025-10-28 15:55:14.046,2025-10-28 15:55:13.565,2025-10-28 15:55:14.508,0.9392,26.71,350.3
ARDG_AQUA bream150gr21cm  281025 1548002.csv,4031,4012,4050,2025-10-28 15:55:18.653,2025-10-28 15:55:18.173,2025-10-28 15:55:19.116,0.9108,28.66,372.3
ARDG_AQUA bream150gr21cm  281025 1548002.csv,4541,4522,4560,2025-10-28 15:55:31.418,2025-10-28 15:55:30.939,2025-10-28 15:55:31.931,0.9546,27.81,390.2
ARDG_AQUA bream150gr21cm  281025 1548002.csv,4579,4560,4598,2025-10-28 15:55:32.361,2025-10-28 15:55:31.931,2025-10-28 15:55:32.840,0.7391,25.57,324.5
ARDG_AQUA bream150gr21cm  281025 1548002.csv,4599,4580,4618,2025-10-28 15:55:32.855,2025-10-28 15:55:32.413,2025-10-28 15:55:33.336,0.949,24.69,313.9
ARDG_AQUA bream150gr21cm  281025 1548002.csv,4623,4604,4642,2025-10-28 15:55:33.460,2025-10-28 15:55:32.986,2025-10-28 15:55:33.944,0.959,28.67,440.7
ARDG_AQUA bream150gr21cm  281025 1548002.csv,4827,4808,4846,2025-10-28 15:55:38.566,2025-10-28 15:55:38.107,2025-10-28 15:55:39.047,0.8041,28.48,398.6
ARDG_AQUA bream150gr21cm  281025 1548002.csv,5025,5006,5044,2025-10-28 15:55:43.524,2025-10-28 15:55:43.052,2025-10-28 15:55:44.030,0.8385,29.27,388.3
ARDG_AQUA bream150gr21cm  281025 1548002.csv,5183,5164,5202,2025-10-28 15:55:47.480,2025-10-28 15:55:47.012,2025-10-28 15:55:47.961,0.6406,29.94,443.4
ARDG_AQUA bream150gr21cm  281025 1548002.csv,5447,5428,5466,2025-10-28 15:55:54.096,2025-10-28 15:55:53.617,2025-10-28 15:55:54.561,0.9768,28.24,361.7
ARDG_AQUA bream150gr21cm  281025 1548002.csv,5645,5626,5664,2025-10-28 15:55:59.039,2025-10-28 15:55:58.575,2025-10-28 15:55:59.525,0.9577,26.81,331.0
ARDG_AQUA bream150gr21cm  281025 1548002.csv,5783,5764,5802,2025-10-28 15:56:02.496,2025-10-28 15:56:02.032,2025-10-28 15:56:02.975,0.9139,26.28,375.4
ARDG_AQUA bream150gr21cm  281025 1548002.csv,5805,5786,5824,2025-10-28 15:56:03.053,2025-10-28 15:56:02.571,2025-10-28 15:56:03.537,0.665,26.32,456.9
ARDG_AQUA bream150gr21cm  281025 1548002.csv,5965,5946,5984,2025-10-28 15:56:07.053,2025-10-28 15:56:06.572,2025-10-28 15:56:07.545,0.7122,27.35,442.1
ARDG_AQUA bream150gr21cm  281025 1548002.csv,6293,6274,6312,2025-10-28 15:56:15.258,2025-10-28 15:56:14.795,2025-10-28 15:56:15.738,0.7478,30.37,390.9
ARDG_AQUA bream150gr21cm  281025 1548002.csv,6591,6572,6610,2025-10-28 15:56:22.728,2025-10-28 15:56:22.249,2025-10-28 15:56:23.193,0.9631,28.32,347.3
ARDG_AQUA bream150gr21cm  281025 1548002.csv,6809,6790,6828,2025-10-28 15:56:28.183,2025-10-28 15:56:27.702,2025-10-28 15:56:28.662,0.9415,27.76,431.7
ARDG_AQUA bream150gr21cm  281025 1548002.csv,7103,7084,7122,2025-10-28 15:56:35.539,2025-10-28 15:56:35.060,2025-10-28 15:56:36.027,0.6543,27.6,387.2
ARDG_AQUA bream150gr21cm  281025 1548002.csv,7283,7264,7302,2025-10-28 15:56:40.059,2025-10-28 15:56:39.571,2025-10-28 15:56:40.515,0.9677,28.13,404.1
ARDG_AQUA bream150gr21cm  281025 1548002.csv,7419,7400,7438,2025-10-28 15:56:43.470,2025-10-28 15:56:42.987,2025-10-28 15:56:43.922,0.6738,26.4,373.5
ARDG_AQUA bream150gr21cm  281025 1548002.csv,7715,7696,7734,2025-10-28 15:56:50.864,2025-10-28 15:56:50.383,2025-10-28 15:56:51.327,0.9642,26.5,355.2
ARDG_AQUA bream150gr21cm  281025 1548002.csv,7819,7800,7838,2025-10-28 15:56:53.475,2025-10-28 15:56:52.991,2025-10-28 15:56:53.935,0.5295,28.99,448.1
ARDG_AQUA bream150gr21cm  281025 1548002.csv,7839,7820,7858,2025-10-28 15:56:53.982,2025-10-28 15:56:53.481,2025-10-28 15:56:54.431,0.9119,28.9,417.1
ARDG_AQUA bream150gr21cm  281025 1548002.csv,7941,7922,7960,2025-10-28 15:56:56.530,2025-10-28 15:56:56.045,2025-10-28 15:56:56.989,0.9527,28.11,542.6
ARDG_AQUA bream150gr21cm  281025 1548002.csv,8043,8024,8062,2025-10-28 15:56:59.069,2025-10-28 15:56:58.589,2025-10-28 15:56:59.548,0.6689,27.41,453.5
ARDG_AQUA bream150gr21cm  281025 1548002.csv,8063,8044,8082,2025-10-28 15:56:59.565,2025-10-28 15:56:59.085,2025-10-28 15:57:00.049,0.9453,26.81,416.3
ARDG_AQUA bream350 gr27cm  281025 1548002.csv,61,42,80,2025-10-28 16:06:29.984,2025-10-28 16:06:29.503,2025-10-28 16:06:30.463,0.966,28.79,450.1
ARDG_AQUA bream350 gr27cm  281025 1548002.csv,215,196,234,2025-10-28 16:06:33.839,2025-10-28 16:06:33.359,2025-10-28 16:06:34.319,0.6527,28.23,446.5
ARDG_AQUA bream350 gr27cm  281025 1548002.csv,235,216,254,2025-10-28 16:06:34.351,2025-10-28 16:06:33.872,2025-10-28 16:06:34.813,0.9628,27.32,438.6
ARDG_AQUA bream350 gr27cm  281025 1548002.csv,335,316,354,2025-10-28 16:06:36.846,2025-10-28 16:06:36.365,2025-10-28 16:06:37.331,0.9776,31.25,509.1
ARDG_AQUA bream350 gr27cm  281025 1548002.csv,457,438,476,2025-10-28 16:06:39.902,2025-10-28 16:06:39.420,2025-10-28 16:06:40.381,0.9579,30.9,426.1
ARDG_AQUA bream350 gr27cm  281025 1548002.csv,567,548,586,2025-10-28 16:06:42.652,2025-10-28 16:06:42.172,2025-10-28 16:06:43.132,0.9787,33.84,536.9
ARDG_AQUA bream350 gr27cm  281025 1548002.csv,749,730,768,2025-10-28 16:06:47.210,2025-10-28 16:06:46.731,2025-10-28 16:06:47.690,0.9861,32.21,611.5
ARDG_AQUA bream350 gr27cm  281025 1548002.csv,855,836,874,2025-10-28 16:06:49.865,2025-10-28 16:06:49.384,2025-10-28 16:06:50.356,0.9872,29.92,527.9
ARDG_AQUA bream350 gr27cm  281025 1548002.csv,985,966,1004,2025-10-28 16:06:53.113,2025-10-28 16:06:52.649,2025-10-28 16:06:53.592,0.6379,27.4,343.2
ARDG_AQUA bream350 gr27cm  281025 1548002.csv,1005,986,1024,2025-10-28 16:06:53.625,2025-10-28 16:06:53.145,2025-10-28 16:06:54.089,0.9565,27.22,500.7
ARDG_AQUA bream350 gr27cm  281025 1548002.csv,1187,1168,1206,2025-10-28 16:06:58.184,2025-10-28 16:06:57.704,2025-10-28 16:06:58.647,0.9805,30.53,477.8
ARDG_AQUA bream350 gr27cm  281025 1548002.csv,1315,1296,1334,2025-10-28 16:07:01.393,2025-10-28 16:07:00.903,2025-10-28 16:07:01.861,0.8428,28.83,450.5
ARDG_AQUA bream350 gr27cm  281025 1548002.csv,1335,1316,1354,2025-10-28 16:07:01.880,2025-10-28 16:07:01.415,2025-10-28 16:07:02.371,0.9752,31.16,493.8
ARDG_AQUA bream350 gr27cm  281025 1548002.csv,1459,1440,1478,2025-10-28 16:07:04.983,2025-10-28 16:07:04.517,2025-10-28 16:07:05.460,0.9751,29.62,479.9
ARDG_AQUA bream350 gr27cm  281025 1548002.csv,1617,1598,1636,2025-10-28 16:07:08.945,2025-10-28 16:07:08.459,2025-10-28 16:07:09.410,0.9829,31.67,641.1
ARDG_AQUA bream350 gr27cm  281025 1548002.csv,1789,1770,1808,2025-10-28 16:07:13.250,2025-10-28 16:07:12.771,2025-10-28 16:07:13.730,0.9833,30.43,573.2
ARDG_AQUA bream350 gr27cm  281025 1548002.csv,2019,2000,2038,2025-10-28 16:07:19.009,2025-10-28 16:07:18.528,2025-10-28 16:07:19.489,0.9848,29.66,421.7
ARDG_AQUA bream350 gr27cm  281025 1548002.csv,2179,2160,2198,2025-10-28 16:07:23.008,2025-10-28 16:07:22.543,2025-10-28 16:07:23.486,0.9769,28.98,443.6
ARDG_AQUA bream350 gr27cm  281025 1548002.csv,2351,2332,2370,2025-10-28 16:07:27.314,2025-10-28 16:07:26.857,2025-10-28 16:07:27.790,0.9893,30.24,458.5
ARDG_AQUA bream350 gr27cm  281025 1548002.csv,2457,2438,2476,2025-10-28 16:07:29.966,2025-10-28 16:07:29.502,2025-10-28 16:07:30.442,0.9797,30.64,542.3
ARDG_AQUA bream350 gr27cm  281025 1548002.csv,2611,2592,2630,2025-10-28 16:07:33.815,2025-10-28 16:07:33.357,2025-10-28 16:07:34.327,0.9728,31.2,523.3
ARDG_AQUA bream350 gr27cm  281025 1548002.csv,2759,2740,2778,2025-10-28 16:07:37.532,2025-10-28 16:07:37.052,2025-10-28 16:07:38.011,0.9741,29.31,448.9
ARDG_AQUA bream350 gr27cm  281025 1548002.csv,2779,2760,2798,2025-10-28 16:07:38.027,2025-10-28 16:07:37.564,2025-10-28 16:07:38.506,0.7698,27.23,467.6
ARDG_AQUA bream350 gr27cm  281025 1548002.csv,2925,2906,2944,2025-10-28 16:07:41.689,2025-10-28 16:07:41.210,2025-10-28 16:07:42.169,0.8004,28.54,433.9
ARDG_AQUA bream350 gr27cm  281025 1548002.csv,2945,2926,2964,2025-10-28 16:07:42.185,2025-10-28 16:07:41.721,2025-10-28 16:07:42.666,0.9812,29.31,512.7
ARDG_AQUA bream350 gr27cm  281025 1548002.csv,3109,3090,3128,2025-10-28 16:07:46.297,2025-10-28 16:07:45.823,2025-10-28 16:07:46.776,0.9787,31.08,537.9
ARDG_AQUA bream350 gr27cm  281025 1548002.csv,3245,3226,3264,2025-10-28 16:07:49.704,2025-10-28 16:07:49.223,2025-10-28 16:07:50.184,0.9905,30.79,487.2
ARDG_AQUA bream350 gr27cm  281025 1548002.csv,3417,3398,3436,2025-10-28 16:07:54.006,2025-10-28 16:07:53.527,2025-10-28 16:07:54.485,0.9657,30.22,463.7
ARDG_AQUA bream350 gr27cm  281025 1548002.csv,3559,3540,3578,2025-10-28 16:07:57.557,2025-10-28 16:07:57.092,2025-10-28 16:07:58.037,0.9616,32.12,557.9
ARDG_AQUA bream350 gr27cm  281025 1548002.csv,3683,3664,3702,2025-10-28 16:08:00.676,2025-10-28 16:08:00.196,2025-10-28 16:08:01.139,0.9827,31.33,474.3
ARDG_AQUA bream350 gr27cm  281025 1548002.csv,3703,3684,3722,2025-10-28 16:08:01.172,2025-10-28 16:08:00.691,2025-10-28 16:08:01.651,0.6056,30.54,480.6
ARDG_AQUA bream350 gr27cm  281025 1548002.csv,3821,3802,3840,2025-10-28 16:08:04.131,2025-10-28 16:08:03.651,2025-10-28 16:08:04.594,0.9799,31.59,591.1
ARDG_AQUA bream350 gr27cm  281025 1548002.csv,3905,3886,3924,2025-10-28 16:08:06.227,2025-10-28 16:08:05.746,2025-10-28 16:08:06.706,0.9883,30.79,543.0
ARDG_AQUA bream350 gr27cm  281025 1548002.csv,3925,3906,3944,2025-10-28 16:08:06.722,2025-10-28 16:08:06.258,2025-10-28 16:08:07.201,0.574,31.19,495.8
ARDG_AQUA bream350 gr27cm  281025 1548002.csv,4151,4132,4170,2025-10-28 16:08:12.382,2025-10-28 16:08:11.904,2025-10-28 16:08:12.877,0.968,30.82,469.7
ARDG_AQUA bream350 gr27cm  281025 1548002.csv,4319,4300,4338,2025-10-28 16:08:16.592,2025-10-28 16:08:16.111,2025-10-28 16:08:17.071,0.9647,29.52,533.3
ARDG_AQUA bream350 gr27cm  281025 1548002.csv,4339,4320,4358,2025-10-28 16:08:17.087,2025-10-28 16:08:16.623,2025-10-28 16:08:17.567,0.8802,27.3,556.1
ARDG_AQUA bream350 gr27cm  281025 1548002.csv,4365,4346,4384,2025-10-28 16:08:17.743,2025-10-28 16:08:17.263,2025-10-28 16:08:18.222,0.8534,22.23,219.7
ARDG_AQUA bream350 gr27cm  281025 1548002.csv,4497,4478,4516,2025-10-28 16:08:21.054,2025-10-28 16:08:20.575,2025-10-28 16:08:21.517,0.9517,32.42,628.2
ARDG_AQUA bream350 gr27cm  281025 1548002.csv,4665,4646,4684,2025-10-28 16:08:25.261,2025-10-28 16:08:24.780,2025-10-28 16:08:25.724,0.9752,28.43,434.2
ARDG_AQUA bream350 gr27cm  281025 1548002.csv,4685,4666,4704,2025-10-28 16:08:25.757,2025-10-28 16:08:25.276,2025-10-28 16:08:26.237,0.7612,26.75,414.6
ARDG_AQUA bream350 gr27cm  281025 1548002.csv,4827,4808,4846,2025-10-28 16:08:29.331,2025-10-28 16:08:28.845,2025-10-28 16:08:29.787,0.9739,32.27,566.2
ARDG_AQUA bream350 gr27cm  281025 1548002.csv,5293,5274,5312,2025-10-28 16:08:40.983,2025-10-28 16:08:40.497,2025-10-28 16:08:41.447,0.9707,30.48,532.2
ARDG_AQUA bream350 gr27cm  281025 1548002.csv,5433,5414,5452,2025-10-28 16:08:44.486,2025-10-28 16:08:44.006,2025-10-28 16:08:44.950,0.9666,31.81,527.2
ARDG_AQUA bream350 gr27cm  281025 1548002.csv,5557,5538,5576,2025-10-28 16:08:47.590,2025-10-28 16:08:47.109,2025-10-28 16:08:48.070,0.9827,29.76,434.7
ARDG_AQUA bream350 gr27cm  281025 1548002.csv,5579,5560,5598,2025-10-28 16:08:48.134,2025-10-28 16:08:47.653,2025-10-28 16:08:48.614,0.5905,23.76,284.8
ARDG_AQUA bream350 gr27cm  281025 1548002.csv,5685,5666,5704,2025-10-28 16:08:50.789,2025-10-28 16:08:50.317,2025-10-28 16:08:51.268,0.9514,29.56,552.8
ARDG_AQUA bream350 gr27cm  281025 1548002.csv,5843,5824,5862,2025-10-28 16:08:54.739,2025-10-28 16:08:54.275,2025-10-28 16:08:55.219,0.9739,30.54,514.1
ARDG_AQUA bream500gr 30cm  281025 1500002.csv,49,30,68,2025-10-28 15:10:54.784,2025-10-28 15:10:54.304,2025-10-28 15:10:55.247,0.95,31.99,534.5
ARDG_AQUA bream500gr 30cm  281025 1500002.csv,189,170,208,2025-10-28 15:10:58.287,2025-10-28 15:10:57.808,2025-10-28 15:10:58.750,0.6179,27.61,472.7
ARDG_AQUA bream500gr 30cm  281025 1500002.csv,209,190,228,2025-10-28 15:10:58.783,2025-10-28 15:10:58.302,2025-10-28 15:10:59.263,0.9807,31.55,550.5
ARDG_AQUA bream500gr 30cm  281025 1500002.csv,319,300,338,2025-10-28 15:11:01.533,2025-10-28 15:11:01.053,2025-10-28 15:11:02.012,0.9618,31.25,500.9
ARDG_AQUA bream500gr 30cm  281025 1500002.csv,521,502,540,2025-10-28 15:11:06.588,2025-10-28 15:11:06.108,2025-10-28 15:11:07.068,0.7156,27.45,413.0
ARDG_AQUA bream500gr 30cm  281025 1500002.csv,543,524,562,2025-10-28 15:11:07.149,2025-10-28 15:11:06.668,2025-10-28 15:11:07.612,0.9811,31.05,546.7
ARDG_AQUA bream500gr 30cm  281025 1500002.csv,739,720,758,2025-10-28 15:11:12.042,2025-10-28 15:11:11.563,2025-10-28 15:11:12.522,0.9655,31.35,480.0
ARDG_AQUA bream500gr 30cm  281025 1500002.csv,761,742,780,2025-10-28 15:11:12.602,2025-10-28 15:11:12.122,2025-10-28 15:11:13.066,0.5388,28.02,524.9
ARDG_AQUA bream500gr 30cm  281025 1500002.csv,1133,1114,1152,2025-10-28 15:11:21.922,2025-10-28 15:11:21.445,2025-10-28 15:11:22.388,0.5101,31.33,557.5
ARDG_AQUA bream500gr 30cm  281025 1500002.csv,1153,1134,1172,2025-10-28 15:11:22.407,2025-10-28 15:11:21.927,2025-10-28 15:11:22.893,0.9752,31.6,519.7
ARDG_AQUA bream500gr 30cm  281025 1500002.csv,1389,1370,1408,2025-10-28 15:11:28.310,2025-10-28 15:11:27.830,2025-10-28 15:11:28.790,0.9406,29.29,446.6
ARDG_AQUA bream500gr 30cm  281025 1500002.csv,1549,1530,1568,2025-10-28 15:11:32.309,2025-10-28 15:11:31.844,2025-10-28 15:11:32.788,0.8349,30.08,481.8
ARDG_AQUA bream500gr 30cm  281025 1500002.csv,1569,1550,1588,2025-10-28 15:11:32.820,2025-10-28 15:11:32.340,2025-10-28 15:11:33.283,0.9766,29.93,547.3
ARDG_AQUA bream500gr 30cm  281025 1500002.csv,1675,1656,1694,2025-10-28 15:11:35.459,2025-10-28 15:11:34.996,2025-10-28 15:11:35.938,0.9588,28.79,475.3
ARDG_AQUA bream500gr 30cm  281025 1500002.csv,1697,1678,1716,2025-10-28 15:11:36.020,2025-10-28 15:11:35.538,2025-10-28 15:11:36.499,0.5921,26.75,482.9
ARDG_AQUA bream500gr 30cm  281025 1500002.csv,1915,1896,1934,2025-10-28 15:11:41.473,2025-10-28 15:11:40.994,2025-10-28 15:11:41.954,0.9336,24.27,412.5
ARDG_AQUA bream500gr 30cm  281025 1500002.csv,1935,1916,1954,2025-10-28 15:11:41.968,2025-10-28 15:11:41.490,2025-10-28 15:11:42.454,0.9835,31.0,503.4
ARDG_AQUA bream500gr 30cm  281025 1500002.csv,2137,2118,2156,2025-10-28 15:11:47.024,2025-10-28 15:11:46.560,2025-10-28 15:11:47.506,0.9569,30.73,438.9
ARDG_AQUA bream500gr 30cm  281025 1500002.csv,2349,2330,2368,2025-10-28 15:11:52.334,2025-10-28 15:11:51.870,2025-10-28 15:11:52.813,0.9811,31.79,560.9
ARDG_AQUA bream500gr 30cm  281025 1500002.csv,2535,2516,2554,2025-10-28 15:11:56.989,2025-10-28 15:11:56.509,2025-10-28 15:11:57.468,0.9638,28.84,396.7
ARDG_AQUA bream500gr 30cm  281025 1500002.csv,2765,2746,2784,2025-10-28 15:12:02.747,2025-10-28 15:12:02.266,2025-10-28 15:12:03.227,0.6572,31.74,579.6
ARDG_AQUA bream500gr 30cm  281025 1500002.csv,2785,2766,2804,2025-10-28 15:12:03.242,2025-10-28 15:12:02.763,2025-10-28 15:12:03.723,0.9728,31.28,543.3
ARDG_AQUA bream500gr 30cm  281025 1500002.csv,3003,2984,3022,2025-10-28 15:12:08.696,2025-10-28 15:12:08.234,2025-10-28 15:12:09.177,0.9613,31.59,463.1
ARDG_AQUA bream500gr 30cm  281025 1500002.csv,3311,3292,3330,2025-10-28 15:12:16.412,2025-10-28 15:12:15.930,2025-10-28 15:12:16.887,0.9199,32.5,545.6
ARDG_AQUA bream500gr 30cm  281025 1500002.csv,3513,3494,3532,2025-10-28 15:12:21.460,2025-10-28 15:12:20.997,2025-10-28 15:12:21.964,0.9624,30.48,531.3
ARDG_AQUA bream500gr 30cm  281025 1500002.csv,3743,3724,3762,2025-10-28 15:12:27.219,2025-10-28 15:12:26.739,2025-10-28 15:12:27.699,0.9785,30.8,579.1
ARDG_AQUA bream500gr 30cm  281025 1500002.csv,3885,3866,3904,2025-10-28 15:12:30.771,2025-10-28 15:12:30.307,2025-10-28 15:12:31.251,0.9722,30.46,528.8
ARDG_AQUA bream500gr 30cm  281025 1500002.csv,4247,4228,4266,2025-10-28 15:12:39.839,2025-10-28 15:12:39.360,2025-10-28 15:12:40.304,0.981,31.65,588.2
ARDG_AQUA bream500gr 30cm  281025 1500002.csv,4493,4474,4512,2025-10-28 15:12:45.997,2025-10-28 15:12:45.519,2025-10-28 15:12:46.467,0.9555,31.3,450.3
ARDG_AQUA bream500gr 30cm  281025 1500002.csv,4805,4786,4824,2025-10-28 15:12:53.803,2025-10-28 15:12:53.324,2025-10-28 15:12:54.284,0.5987,24.91,468.6
ARDG_AQUA bream500gr 30cm  281025 1500002.csv,4825,4806,4844,2025-10-28 15:12:54.300,2025-10-28 15:12:53.819,2025-10-28 15:12:54.779,0.9829,29.36,521.6
ARDG_AQUA bream500gr 30cm  281025 1500002.csv,5069,5050,5088,2025-10-28 15:13:00.409,2025-10-28 15:12:59.930,2025-10-28 15:13:00.889,0.9523,30.37,419.1
ARDG_AQUA bream500gr 30cm  281025 1500002.csv,5301,5282,5320,2025-10-28 15:13:06.215,2025-10-28 15:13:05.736,2025-10-28 15:13:06.696,0.5441,29.09,517.8
ARDG_AQUA bream500gr 30cm  281025 1500002.csv,5323,5304,5342,2025-10-28 15:13:06.759,2025-10-28 15:13:06.295,2025-10-28 15:13:07.240,0.9725,30.09,542.2
ARDG_AQUA bream500gr 30cm  281025 1500002.csv,5583,5564,5602,2025-10-28 15:13:13.270,2025-10-28 15:13:12.805,2025-10-28 15:13:13.748,0.9604,30.46,414.8
ARDG_AQUA bream500gr 30cm  281025 1500002.csv,5603,5584,5622,2025-10-28 15:13:13.780,2025-10-28 15:13:13.301,2025-10-28 15:13:14.244,0.5806,26.6,377.2
ARDG_AQUA bream500gr 30cm  281025 1500002.csv,6095,6076,6114,2025-10-28 15:13:26.097,2025-10-28 15:13:25.617,2025-10-28 15:13:26.560,0.9704,30.47,515.9
ARDG_AQUA bream500gr 30cm  281025 1500002.csv,6303,6284,6322,2025-10-28 15:13:31.296,2025-10-28 15:13:30.817,2025-10-28 15:13:31.776,0.9647,27.7,444.7
ARDG_AQUA bream500gr 30cm  281025 1500002.csv,6323,6304,6342,2025-10-28 15:13:31.792,2025-10-28 15:13:31.328,2025-10-28 15:13:32.270,0.838,25.4,333.3
ARDG_AQUA bream500gr 30cm  281025 1500002.csv,6517,6498,6536,2025-10-28 15:13:36.653,2025-10-28 15:13:36.173,2025-10-28 15:13:37.134,0.972,31.9,475.3
ARDG_AQUA bream500gr 30cm  281025 1500002.csv,6653,6634,6672,2025-10-28 15:13:40.059,2025-10-28 15:13:39.579,2025-10-28 15:13:40.539,0.9614,29.42,498.6
ARDG_AQUA bream500gr 30cm  281025 1500002.csv,6863,6844,6882,2025-10-28 15:13:45.323,2025-10-28 15:13:44.843,2025-10-28 15:13:45.786,0.8103,27.75,502.5
ARDG_AQUA bream500gr 30cm  281025 1500002.csv,6883,6864,6902,2025-10-28 15:13:45.818,2025-10-28 15:13:45.337,2025-10-28 15:13:46.298,0.9724,28.61,362.6
ARDG_AQUA bream500gr 30cm  281025 1500002.csv,7149,7130,7168,2025-10-28 15:13:52.472,2025-10-28 15:13:52.022,2025-10-28 15:13:52.952,0.9543,28.93,452.9
ARDG_AQUA bream500gr 30cm  281025 1500002.csv,7169,7150,7188,2025-10-28 15:13:52.968,2025-10-28 15:13:52.522,2025-10-28 15:13:53.447,0.7697,26.85,434.9
ARDG_AQUA bream500gr 30cm  281025 1500002.csv,7309,7290,7328,2025-10-28 15:13:56.471,2025-10-28 15:13:56.012,2025-10-28 15:13:56.951,0.5895,30.54,529.3
ARDG_AQUA bream500gr 30cm  281025 1500002.csv,7331,7312,7350,2025-10-28 15:13:57.052,2025-10-28 15:13:56.561,2025-10-28 15:13:57.523,0.9781,31.26,615.5
ARDG_AQUA bream500gr 30cm  281025 1500002.csv,7543,7524,7562,2025-10-28 15:14:02.342,2025-10-28 15:14:01.860,2025-10-28 15:14:02.805,0.9378,29.56,513.0
ARDG_AQUA bream500gr 30cm  281025 1500002.csv,7569,7550,7588,2025-10-28 15:14:02.981,2025-10-28 15:14:02.529,2025-10-28 15:14:03.461,0.703,27.24,391.4
ARDG_AQUA bream500gr 30cm  281025 1500002.csv,7803,7784,7822,2025-10-28 15:14:08.834,2025-10-28 15:14:08.372,2025-10-28 15:14:09.315,0.9687,28.55,437.7
ARDG_AQUA bream500gr 30cm  281025 1500002.csv,8085,8066,8104,2025-10-28 15:14:15.905,2025-10-28 15:14:15.425,2025-10-28 15:14:16.369,0.9696,30.97,476.3
ARDG_AQUA bream500gr 30cm  281025 1500002.csv,8385,8366,8404,2025-10-28 15:14:23.406,2025-10-28 15:14:22.927,2025-10-28 15:14:23.887,0.8006,28.69,529.6
ARDG_AQUA bream500gr 30cm  281025 1500002.csv,8405,8386,8424,2025-10-28 15:14:23.902,2025-10-28 15:14:23.438,2025-10-28 15:14:24.381,0.9731,31.21,450.0
ARDG_AQUA bream500gr 30cm  281025 1500002.csv,8861,8842,8880,2025-10-28 15:14:35.323,2025-10-28 15:14:34.842,2025-10-28 15:14:35.803,0.9478,30.04,475.7
ARDG_AQUA bream500gr 30cm  281025 1500002.csv,8881,8862,8900,2025-10-28 15:14:35.820,2025-10-28 15:14:35.355,2025-10-28 15:14:36.299,0.705,27.81,413.6
ARDG_AQUA bream500gr 30cm  281025 1500002.csv,9057,9038,9076,2025-10-28 15:14:40.234,2025-10-28 15:14:39.754,2025-10-28 15:14:40.696,0.7158,29.0,519.6
ARDG_AQUA bream500gr 30cm  281025 1500002.csv,9077,9058,9096,2025-10-28 15:14:40.721,2025-10-28 15:14:40.250,2025-10-28 15:14:41.207,0.9707,28.92,569.3
ARDG_AQUA bream500gr 30cm  281025 1500002.csv,9251,9232,9270,2025-10-28 15:14:45.097,2025-10-28 15:14:44.602,2025-10-28 15:14:45.567,0.8237,31.48,409.3
ARDG_AQUA bream500gr 30cm  281025 1500002.csv,9539,9520,9558,2025-10-28 15:14:52.293,2025-10-28 15:14:51.814,2025-10-28 15:14:52.773,0.9814,29.55,527.2
ARDG_AQUA bream500gr 30cm  281025 1500002.csv,9691,9672,9710,2025-10-28 15:14:56.101,2025-10-28 15:14:55.625,2025-10-28 15:14:56.584,0.9767,28.39,523.4
ARDG_AQUA bream500gr 30cm  281025 1500002.csv,9711,9692,9730,2025-10-28 15:14:56.600,2025-10-28 15:14:56.116,2025-10-28 15:14:57.076,0.9413,27.04,513.8
ARDG_AQUA bream500gr 30cm  281025 1500002.csv,9805,9786,9824,2025-10-28 15:14:58.948,2025-10-28 15:14:58.467,2025-10-28 15:14:59.427,0.521,27.93,405.2
ARDG_AQUA bream500gr 30cm  281025 1500002.csv,9825,9806,9844,2025-10-28 15:14:59.443,2025-10-28 15:14:58.979,2025-10-28 15:14:59.923,0.9782,29.95,465.4
ARDG_AQUA bream500gr 30cm  281025 1500002.csv,9995,9976,10014,2025-10-28 15:15:03.698,2025-10-28 15:15:03.234,2025-10-28 15:15:04.177,0.9633,31.42,485.4
ARDG_AQUA bream500gr 30cm  281025 1500002.csv,10217,10198,10236,2025-10-28 15:15:09.265,2025-10-28 15:15:08.784,2025-10-28 15:15:09.727,0.948,30.2,571.0
ARDG_AQUA bream500gr 30cm  281025 1500002.csv,10413,10394,10432,2025-10-28 15:15:14.159,2025-10-28 15:15:13.694,2025-10-28 15:15:14.645,0.9709,30.25,476.4
ARDG_AQUA bream500gr 30cm  281025 1500002.csv,10433,10414,10452,2025-10-28 15:15:14.670,2025-10-28 15:15:14.190,2025-10-28 15:15:15.135,0.5664,27.02,374.4
ARDG_AQUA bream500gr 30cm  281025 1500002.csv,10565,10546,10584,2025-10-28 15:15:17.965,2025-10-28 15:15:17.486,2025-10-28 15:15:18.445,0.9752,30.46,543.2
ARDG_AQUA bream500gr 30cm  281025 1500002.csv,10701,10682,10720,2025-10-28 15:15:21.372,2025-10-28 15:15:20.893,2025-10-28 15:15:21.852,0.9398,29.39,468.2
ARDG_AQUA bream500gr 30cm  281025 1500002.csv,10721,10702,10740,2025-10-28 15:15:21.869,2025-10-28 15:15:21.404,2025-10-28 15:15:22.349,0.6001,32.79,607.3
ARDG_AQUA bream500gr 30cm  281025 1500002.csv,10879,10860,10898,2025-10-28 15:15:25.819,2025-10-28 15:15:25.356,2025-10-28 15:15:26.299,0.956,31.45,551.4
ARDG_AQUA bream500gr 30cm  281025 1500002.csv,11085,11066,11104,2025-10-28 15:15:30.986,2025-10-28 15:15:30.505,2025-10-28 15:15:31.466,0.9528,28.73,503.7
ARDG_AQUA bream500gr 30cm  281025 1500002.csv,11109,11090,11128,2025-10-28 15:15:31.578,2025-10-28 15:15:31.116,2025-10-28 15:15:32.059,0.9561,29.56,428.5
ARDG_AQUA bream500gr 30cm  281025 1500002.csv,11129,11110,11148,2025-10-28 15:15:32.092,2025-10-28 15:15:31.630,2025-10-28 15:15:32.571,0.89,26.95,434.7
ARDG_AQUA bream500gr 30cm  281025 1500002.csv,11311,11292,11330,2025-10-28 15:15:36.632,2025-10-28 15:15:36.168,2025-10-28 15:15:37.111,0.749,29.66,537.4
ARDG_AQUA bream500gr 30cm  281025 1500002.csv,11331,11312,11350,2025-10-28 15:15:37.153,2025-10-28 15:15:36.663,2025-10-28 15:15:37.606,0.9777,31.06,589.2
ARDG_AQUA bream500gr 30cm  281025 1500002.csv,11655,11636,11674,2025-10-28 15:15:45.253,2025-10-28 15:15:44.773,2025-10-28 15:15:45.719,0.9223,30.59,528.1
ARDG_AQUA bream500gr 30cm  281025 1500002.csv,11795,11776,11814,2025-10-28 15:15:48.755,2025-10-28 15:15:48.276,2025-10-28 15:15:49.221,0.7483,28.64,510.5
ARDG_AQUA bream500gr 30cm  281025 1500002.csv,11817,11798,11836,2025-10-28 15:15:49.301,2025-10-28 15:15:48.820,2025-10-28 15:15:49.779,0.9674,31.78,505.5
ARDG_AQUA bream500gr 30cm  281025 1500002.csv,11937,11918,11956,2025-10-28 15:15:52.308,2025-10-28 15:15:51.828,2025-10-28 15:15:52.786,0.9711,30.14,449.5
ARDG_AQUA bream500gr 30cm  281025 1500003.csv,135,116,154,2025-10-28 15:15:57.362,2025-10-28 15:15:56.881,2025-10-28 15:15:57.842,0.9911,28.13,441.9
ARDG_AQUA bream500gr 30cm  281025 1500003.csv,255,236,274,2025-10-28 15:16:00.369,2025-10-28 15:15:59.889,2025-10-28 15:16:00.833,0.9694,29.77,477.6
ARDG_AQUA bream500gr 30cm  281025 1500003.csv,505,486,524,2025-10-28 15:16:06.623,2025-10-28 15:16:06.150,2025-10-28 15:16:07.104,0.9845,29.42,579.7
ARDG_AQUA bream500gr 30cm  281025 1500003.csv,617,598,636,2025-10-28 15:16:09.421,2025-10-28 15:16:08.944,2025-10-28 15:16:09.901,0.9769,31.97,503.1
ARDG_AQUA bream500gr 30cm  281025 1500003.csv,771,752,790,2025-10-28 15:16:13.276,2025-10-28 15:16:12.797,2025-10-28 15:16:13.756,0.9883,30.54,559.6
ARDG_AQUA bream500gr 30cm  281025 1500003.csv,887,868,906,2025-10-28 15:16:16.188,2025-10-28 15:16:15.707,2025-10-28 15:16:16.670,0.9628,29.02,432.3
ARDG_AQUA bream500gr 30cm  281025 1500003.csv,907,888,926,2025-10-28 15:16:16.683,2025-10-28 15:16:16.203,2025-10-28 15:16:17.181,0.6266,26.8,482.5
ARDG_AQUA bream500gr 30cm  281025 1500003.csv,1025,1006,1044,2025-10-28 15:16:19.623,2025-10-28 15:16:19.164,2025-10-28 15:16:20.113,0.9735,30.97,541.2
ARDG_AQUA bream500gr 30cm  281025 1500003.csv,1555,1536,1574,2025-10-28 15:16:32.903,2025-10-28 15:16:32.423,2025-10-28 15:16:33.366,0.9624,28.73,410.9
ARDG_AQUA bream500gr 30cm  281025 1500003.csv,1671,1652,1690,2025-10-28 15:16:35.799,2025-10-28 15:16:35.334,2025-10-28 15:16:36.277,0.694,29.82,488.9
ARDG_AQUA bream500gr 30cm  281025 1500003.csv,1691,1672,1710,2025-10-28 15:16:36.310,2025-10-28 15:16:35.829,2025-10-28 15:16:36.773,0.9858,31.16,552.7
ARDG_AQUA bream500gr 30cm  281025 1500003.csv,1829,1810,1848,2025-10-28 15:16:39.746,2025-10-28 15:16:39.291,2025-10-28 15:16:40.228,0.9374,30.18,453.0
ARDG_AQUA bream500gr 30cm  281025 1500003.csv,1955,1936,1974,2025-10-28 15:16:42.916,2025-10-28 15:16:42.436,2025-10-28 15:16:43.380,0.9902,31.44,515.0
ARDG_AQUA bream500gr 30cm  281025 1500003.csv,2119,2100,2138,2025-10-28 15:16:47.011,2025-10-28 15:16:46.531,2025-10-28 15:16:47.491,0.9639,31.89,509.4
ARDG_AQUA bream500gr 30cm  281025 1500003.csv,2209,2190,2228,2025-10-28 15:16:49.266,2025-10-28 15:16:48.783,2025-10-28 15:16:49.746,0.5291,28.4,480.6
ARDG_AQUA bream500gr 30cm  281025 1500003.csv,2229,2210,2248,2025-10-28 15:16:49.758,2025-10-28 15:16:49.295,2025-10-28 15:16:50.242,0.9575,29.64,547.2
ARDG_AQUA bream500gr 30cm  281025 1500003.csv,2397,2378,2416,2025-10-28 15:16:53.968,2025-10-28 15:16:53.505,2025-10-28 15:16:54.448,0.9688,27.96,484.5
ARDG_AQUA bream500gr 30cm  281025 1500003.csv,2575,2556,2594,2025-10-28 15:16:58.436,2025-10-28 15:16:57.950,2025-10-28 15:16:58.896,0.8615,27.01,324.3
ARDG_AQUA bream500gr 30cm  281025 1500003.csv,2601,2582,2620,2025-10-28 15:16:59.070,2025-10-28 15:16:58.641,2025-10-28 15:16:59.551,0.9839,28.8,544.1
ARDG_AQUA bream500gr 30cm  281025 1500003.csv,2735,2716,2754,2025-10-28 15:17:02.430,2025-10-28 15:17:01.950,2025-10-28 15:17:02.910,0.8942,31.2,482.2
ARDG_AQUA bream500gr 30cm  281025 1500003.csv,2857,2838,2876,2025-10-28 15:17:05.485,2025-10-28 15:17:05.005,2025-10-28 15:17:05.964,0.9828,30.07,444.1
ARDG_AQUA bream500gr 30cm  281025 1500003.csv,2949,2930,2968,2025-10-28 15:17:07.788,2025-10-28 15:17:07.308,2025-10-28 15:17:08.268,0.9589,30.03,584.5
ARDG_AQUA bream500gr 30cm  281025 1500003.csv,3051,3032,3070,2025-10-28 15:17:10.348,2025-10-28 15:17:09.868,2025-10-28 15:17:10.810,0.6982,28.34,398.4
ARDG_AQUA bream500gr 30cm  281025 1500003.csv,3073,3054,3092,2025-10-28 15:17:10.891,2025-10-28 15:17:10.412,2025-10-28 15:17:11.371,0.9901,31.17,464.0
ARDG_AQUA bream500gr 30cm  281025 1500003.csv,3263,3244,3282,2025-10-28 15:17:15.641,2025-10-28 15:17:15.177,2025-10-28 15:17:16.121,0.9655,29.48,463.7
ARDG_AQUA bream500gr 30cm  281025 1500003.csv,3441,3422,3460,2025-10-28 15:17:20.105,2025-10-28 15:17:19.624,2025-10-28 15:17:20.584,0.9827,29.07,409.4
ARDG_AQUA bream500gr 30cm  281025 1500003.csv,3533,3514,3552,2025-10-28 15:17:22.408,2025-10-28 15:17:21.928,2025-10-28 15:17:22.888,0.9692,29.89,423.1
ARDG_AQUA bream500gr 30cm  281025 1500003.csv,3673,3654,3692,2025-10-28 15:17:25.912,2025-10-28 15:17:25.431,2025-10-28 15:17:26.390,0.9743,29.32,558.8
ARDG_AQUA bream500gr 30cm  281025 1500003.csv,3767,3748,3786,2025-10-28 15:17:28.263,2025-10-28 15:17:27.782,2025-10-28 15:17:28.742,0.9376,29.44,469.8
ARDG_AQUA bream500gr 30cm  281025 1500003.csv,3893,3874,3912,2025-10-28 15:17:31.413,2025-10-28 15:17:30.934,2025-10-28 15:17:31.893,0.9719,30.28,476.8
ARDG_AQUA bream500gr 30cm  281025 1500003.csv,4003,3984,4022,2025-10-28 15:17:34.165,2025-10-28 15:17:33.683,2025-10-28 15:17:34.682,0.9743,30.98,442.0
ARDG_AQUA bream556gr 30cm  281025 1500002.csv,25,6,44,2025-10-28 15:38:27.003,2025-10-28 15:38:26.503,2025-10-28 15:38:27.458,0.8756,28.33,436.0
ARDG_AQUA bream556gr 30cm  281025 1500002.csv,99,80,118,2025-10-28 15:38:28.835,2025-10-28 15:38:28.355,2025-10-28 15:38:29.298,0.9562,27.55,395.8
ARDG_AQUA bream556gr 30cm  281025 1500002.csv,241,222,260,2025-10-28 15:38:32.385,2025-10-28 15:38:31.906,2025-10-28 15:38:32.866,0.9662,29.95,425.0
ARDG_AQUA bream556gr 30cm  281025 1500002.csv,333,314,352,2025-10-28 15:38:34.689,2025-10-28 15:38:34.208,2025-10-28 15:38:35.169,0.9323,28.24,419.6
ARDG_AQUA bream556gr 30cm  281025 1500002.csv,559,540,578,2025-10-28 15:38:40.350,2025-10-28 15:38:39.871,2025-10-28 15:38:40.815,0.9659,28.6,453.0
ARDG_AQUA bream556gr 30cm  281025 1500002.csv,675,656,694,2025-10-28 15:38:43.247,2025-10-28 15:38:42.767,2025-10-28 15:38:43.726,0.9596,28.67,480.5
ARDG_AQUA bream556gr 30cm  281025 1500002.csv,781,762,800,2025-10-28 15:38:45.901,2025-10-28 15:38:45.421,2025-10-28 15:38:46.381,0.9411,27.39,476.1
ARDG_AQUA bream556gr 30cm  281025 1500002.csv,801,782,820,2025-10-28 15:38:46.396,2025-10-28 15:38:45.934,2025-10-28 15:38:46.877,0.9858,24.99,412.2
ARDG_AQUA bream556gr 30cm  281025 1500002.csv,821,802,840,2025-10-28 15:38:46.909,2025-10-28 15:38:46.430,2025-10-28 15:38:47.372,0.9664,23.31,307.9
ARDG_AQUA bream556gr 30cm  281025 1500002.csv,929,910,948,2025-10-28 15:38:49.610,2025-10-28 15:38:49.132,2025-10-28 15:38:50.079,0.9249,27.29,404.4
ARDG_AQUA bream556gr 30cm  281025 1500002.csv,1023,1004,1042,2025-10-28 15:38:51.963,2025-10-28 15:38:51.483,2025-10-28 15:38:52.428,0.9841,28.43,498.2
ARDG_AQUA bream556gr 30cm  281025 1500002.csv,1107,1088,1126,2025-10-28 15:38:54.058,2025-10-28 15:38:53.577,2025-10-28 15:38:54.536,0.9531,27.18,301.1
ARDG_AQUA bream556gr 30cm  281025 1500002.csv,1213,1194,1232,2025-10-28 15:38:56.713,2025-10-28 15:38:56.234,2025-10-28 15:38:57.188,0.9743,28.91,422.2
ARDG_AQUA bream556gr 30cm  281025 1500002.csv,1295,1276,1314,2025-10-28 15:38:58.762,2025-10-28 15:38:58.298,2025-10-28 15:38:59.242,0.8949,26.66,404.1
ARDG_AQUA bream556gr 30cm  281025 1500002.csv,1387,1368,1406,2025-10-28 15:39:01.068,2025-10-28 15:39:00.600,2025-10-28 15:39:01.550,0.9702,26.61,459.6
ARDG_AQUA bream556gr 30cm  281025 1500002.csv,1549,1530,1568,2025-10-28 15:39:05.128,2025-10-28 15:39:04.647,2025-10-28 15:39:05.614,0.9717,27.91,444.6
ARDG_AQUA bream556gr 30cm  281025 1500002.csv,1629,1610,1648,2025-10-28 15:39:07.127,2025-10-28 15:39:06.646,2025-10-28 15:39:07.616,0.9592,28.98,474.2
ARDG_AQUA bream556gr 30cm  281025 1500002.csv,1695,1676,1714,2025-10-28 15:39:08.775,2025-10-28 15:39:08.295,2025-10-28 15:39:09.255,0.9161,28.92,491.8
ARDG_AQUA bream556gr 30cm  281025 1500002.csv,1817,1798,1836,2025-10-28 15:39:11.829,2025-10-28 15:39:11.349,2025-10-28 15:39:12.309,0.9674,30.17,488.9
ARDG_AQUA bream556gr 30cm  281025 1500002.csv,1923,1904,1942,2025-10-28 15:39:14.485,2025-10-28 15:39:14.004,2025-10-28 15:39:14.964,0.959,25.15,340.2
ARDG_AQUA bream556gr 30cm  281025 1500002.csv,2001,1982,2020,2025-10-28 15:39:16.437,2025-10-28 15:39:15.956,2025-10-28 15:39:16.915,0.9627,27.74,377.7
ARDG_AQUA bream556gr 30cm  281025 1500002.csv,2071,2052,2090,2025-10-28 15:39:18.190,2025-10-28 15:39:17.716,2025-10-28 15:39:18.659,0.9224,26.33,403.9
ARDG_AQUA bream556gr 30cm  281025 1500002.csv,2189,2170,2208,2025-10-28 15:39:21.138,2025-10-28 15:39:20.674,2025-10-28 15:39:21.618,0.6079,26.04,428.5
ARDG_AQUA bream556gr 30cm  281025 1500002.csv,2209,2190,2228,2025-10-28 15:39:21.651,2025-10-28 15:39:21.167,2025-10-28 15:39:22.114,0.9685,28.71,364.6
ARDG_AQUA bream556gr 30cm  281025 1500002.csv,2319,2300,2338,2025-10-28 15:39:24.402,2025-10-28 15:39:23.921,2025-10-28 15:39:24.866,0.9373,27.05,391.9
ARDG_AQUA bream556gr 30cm  281025 1500002.csv,2507,2488,2526,2025-10-28 15:39:29.105,2025-10-28 15:39:28.624,2025-10-28 15:39:29.583,0.9652,28.84,397.0
ARDG_AQUA bream556gr 30cm  281025 1500002.csv,2605,2586,2624,2025-10-28 15:39:31.564,2025-10-28 15:39:31.104,2025-10-28 15:39:32.037,0.713,26.98,366.5
ARDG_AQUA bream556gr 30cm  281025 1500002.csv,2789,2770,2808,2025-10-28 15:39:36.158,2025-10-28 15:39:35.688,2025-10-28 15:39:36.639,0.9732,28.37,416.3
ARDG_AQUA bream556gr 30cm  281025 1500002.csv,2881,2862,2900,2025-10-28 15:39:38.461,2025-10-28 15:39:37.998,2025-10-28 15:39:38.941,0.9508,28.13,403.4
ARDG_AQUA bream556gr 30cm  281025 1500002.csv,2979,2960,2998,2025-10-28 15:39:40.925,2025-10-28 15:39:40.445,2025-10-28 15:39:41.389,0.7684,25.39,416.4
ARDG_AQUA bream556gr 30cm  281025 1500002.csv,2999,2980,3018,2025-10-28 15:39:41.420,2025-10-28 15:39:40.940,2025-10-28 15:39:41.899,0.9669,27.81,414.5
ARDG_AQUA bream556gr 30cm  281025 1500002.csv,3031,3012,3050,2025-10-28 15:39:42.228,2025-10-28 15:39:41.740,2025-10-28 15:39:42.700,0.7782,22.34,165.1
ARDG_AQUA bream556gr 30cm  281025 1500002.csv,3127,3108,3146,2025-10-28 15:39:44.620,2025-10-28 15:39:44.156,2025-10-28 15:39:45.110,0.969,27.84,386.3
ARDG_AQUA bream556gr 30cm  281025 1500002.csv,3249,3230,3268,2025-10-28 15:39:47.673,2025-10-28 15:39:47.197,2025-10-28 15:39:48.153,0.97,29.02,445.2
ARDG_AQUA bream556gr 30cm  281025 1500002.csv,3333,3314,3352,2025-10-28 15:39:49.786,2025-10-28 15:39:49.307,2025-10-28 15:39:50.249,0.9206,28.29,388.3
ARDG_AQUA bream556gr 30cm  281025 1500002.csv,3443,3424,3462,2025-10-28 15:39:52.553,2025-10-28 15:39:52.061,2025-10-28 15:39:53.062,0.7976,28.56,451.9
ARDG_AQUA bream556gr 30cm  281025 1500002.csv,3543,3524,3562,2025-10-28 15:39:55.046,2025-10-28 15:39:54.566,2025-10-28 15:39:55.552,0.9562,28.24,461.6
ARDG_AQUA bream556gr 30cm  281025 1500002.csv,3617,3598,3636,2025-10-28 15:39:56.887,2025-10-28 15:39:56.408,2025-10-28 15:39:57.368,0.9558,30.56,429.4
ARDG_AQUA bream556gr 30cm  281025 1500002.csv,3763,3744,3782,2025-10-28 15:40:00.542,2025-10-28 15:40:00.069,2025-10-28 15:40:01.058,0.9605,25.66,324.3
ARDG_AQUA bream556gr 30cm  281025 1500002.csv,3835,3816,3854,2025-10-28 15:40:02.343,2025-10-28 15:40:01.878,2025-10-28 15:40:02.823,0.9538,29.19,478.0
ARDG_AQUA bream556gr 30cm  281025 1500002.csv,3907,3888,3926,2025-10-28 15:40:04.150,2025-10-28 15:40:03.666,2025-10-28 15:40:04.630,0.9378,29.27,504.7
ARDG_AQUA bream556gr 30cm  281025 1500002.csv,4011,3992,4030,2025-10-28 15:40:06.757,2025-10-28 15:40:06.277,2025-10-28 15:40:07.237,0.9791,28.95,584.3
ARDG_AQUA bream556gr 30cm  281025 1500002.csv,4099,4080,4118,2025-10-28 15:40:08.963,2025-10-28 15:40:08.485,2025-10-28 15:40:09.427,0.9212,28.36,406.2
ARDG_AQUA bream556gr 30cm  281025 1500002.csv,4193,4174,4212,2025-10-28 15:40:11.316,2025-10-28 15:40:10.835,2025-10-28 15:40:11.779,0.9793,29.54,460.0
ARDG_AQUA bream556gr 30cm  281025 1500002.csv,4277,4258,4296,2025-10-28 15:40:13.410,2025-10-28 15:40:12.931,2025-10-28 15:40:13.890,0.9556,28.26,413.4
ARDG_AQUA bream556gr 30cm  281025 1500002.csv,4363,4344,4382,2025-10-28 15:40:15.569,2025-10-28 15:40:15.093,2025-10-28 15:40:16.067,0.9618,27.9,500.8
ARDG_AQUA bream556gr 30cm  281025 1500002.csv,4455,4436,4474,2025-10-28 15:40:17.873,2025-10-28 15:40:17.394,2025-10-28 15:40:18.338,0.9308,26.52,363.7
ARDG_AQUA bream556gr 30cm  281025 1500002.csv,4623,4604,4642,2025-10-28 15:40:22.068,2025-10-28 15:40:21.600,2025-10-28 15:40:22.549,0.9526,27.64,419.6
ARDG_AQUA bream556gr 30cm  281025 1500002.csv,4703,4684,4722,2025-10-28 15:40:24.089,2025-10-28 15:40:23.604,2025-10-28 15:40:24.568,0.9634,27.01,350.2
ARDG_AQUA bream556gr 30cm  281025 1500002.csv,4807,4788,4826,2025-10-28 15:40:26.671,2025-10-28 15:40:26.204,2025-10-28 15:40:27.150,0.9657,28.46,418.9
ARDG_AQUA bream556gr 30cm  281025 1500002.csv,4905,4886,4924,2025-10-28 15:40:29.128,2025-10-28 15:40:28.655,2025-10-28 15:40:29.593,0.9611,28.64,424.7
ARDG_AQUA bream556gr 30cm  281025 1500002.csv,4981,4962,5000,2025-10-28 15:40:31.060,2025-10-28 15:40:30.566,2025-10-28 15:40:31.501,0.9574,27.91,393.1
ARDG_AQUA bream556gr 30cm  281025 1500002.csv,5071,5052,5090,2025-10-28 15:40:33.277,2025-10-28 15:40:32.813,2025-10-28 15:40:33.757,0.9622,27.53,380.0
ARDG_AQUA bream556gr 30cm  281025 1500002.csv,5143,5124,5162,2025-10-28 15:40:35.083,2025-10-28 15:40:34.612,2025-10-28 15:40:35.557,0.6737,26.87,423.5
ARDG_AQUA bream556gr 30cm  281025 1500002.csv,5163,5144,5182,2025-10-28 15:40:35.574,2025-10-28 15:40:35.137,2025-10-28 15:40:36.068,0.9628,25.65,342.2
ARDG_AQUA bream556gr 30cm  281025 1500002.csv,5253,5234,5272,2025-10-28 15:40:37.835,2025-10-28 15:40:37.371,2025-10-28 15:40:38.316,0.9704,27.29,390.1
ARDG_AQUA bream556gr 30cm  281025 1500002.csv,5499,5480,5518,2025-10-28 15:40:43.992,2025-10-28 15:40:43.529,2025-10-28 15:40:44.473,0.9281,26.34,438.1
ARDG_AQUA bream556gr 30cm  281025 1500002.csv,5519,5500,5538,2025-10-28 15:40:44.506,2025-10-28 15:40:44.025,2025-10-28 15:40:44.968,0.9752,26.37,385.8
ARDG_AQUA bream556gr 30cm  281025 1500002.csv,5625,5606,5644,2025-10-28 15:40:47.144,2025-10-28 15:40:46.680,2025-10-28 15:40:47.629,0.9697,28.07,488.1
ARDG_AQUA bream556gr 30cm  281025 1500002.csv,5693,5674,5712,2025-10-28 15:40:48.857,2025-10-28 15:40:48.376,2025-10-28 15:40:49.335,0.7962,28.81,430.6
ARDG_AQUA bream556gr 30cm  281025 1500002.csv,5779,5760,5798,2025-10-28 15:40:50.999,2025-10-28 15:40:50.567,2025-10-28 15:40:51.479,0.9454,26.55,350.1
ARDG_AQUA bream556gr 30cm  281025 1500002.csv,5867,5848,5886,2025-10-28 15:40:53.207,2025-10-28 15:40:52.727,2025-10-28 15:40:53.687,0.9812,28.6,481.6
ARDG_AQUA bream556gr 30cm  281025 1500002.csv,5959,5940,5978,2025-10-28 15:40:55.509,2025-10-28 15:40:55.030,2025-10-28 15:40:55.989,0.9588,27.96,428.4
ARDG_AQUA bream556gr 30cm  281025 1500002.csv,6037,6018,6056,2025-10-28 15:40:57.462,2025-10-28 15:40:56.981,2025-10-28 15:40:57.942,0.9753,28.95,360.2
ARDG_AQUA bream556gr 30cm  281025 1500002.csv,6121,6102,6140,2025-10-28 15:40:59.564,2025-10-28 15:40:59.093,2025-10-28 15:41:00.062,0.9603,26.89,367.6
ARDG_AQUA bream556gr 30cm  281025 1500002.csv,6195,6176,6214,2025-10-28 15:41:01.411,2025-10-28 15:41:00.933,2025-10-28 15:41:01.891,0.9631,27.31,406.0
ARDG_AQUA bream556gr 30cm  281025 1500002.csv,6401,6382,6420,2025-10-28 15:41:06.578,2025-10-28 15:41:06.107,2025-10-28 15:41:07.060,0.9559,27.75,369.3
ARDG_AQUA bream556gr 30cm  281025 1500002.csv,6503,6484,6522,2025-10-28 15:41:09.123,2025-10-28 15:41:08.659,2025-10-28 15:41:09.613,0.8616,26.54,417.3
ARDG_AQUA bream556gr 30cm  281025 1500002.csv,6523,6504,6542,2025-10-28 15:41:09.629,2025-10-28 15:41:09.154,2025-10-28 15:41:10.096,0.9741,28.57,427.3
ARDG_AQUA bream556gr 30cm  281025 1500002.csv,6615,6596,6634,2025-10-28 15:41:11.921,2025-10-28 15:41:11.456,2025-10-28 15:41:12.401,0.954,26.33,331.9
ARDG_AQUA bream556gr 30cm  281025 1500002.csv,6709,6690,6728,2025-10-28 15:41:14.272,2025-10-28 15:41:13.808,2025-10-28 15:41:14.744,0.8123,25.47,401.9
ARDG_AQUA bream556gr 30cm  281025 1500002.csv,6731,6712,6750,2025-10-28 15:41:14.832,2025-10-28 15:41:14.352,2025-10-28 15:41:15.312,0.9668,28.92,403.6
ARDG_AQUA bream556gr 30cm  281025 1500002.csv,6837,6818,6856,2025-10-28 15:41:17.488,2025-10-28 15:41:17.008,2025-10-28 15:41:17.967,0.9594,27.65,349.1
ARDG_AQUA bream556gr 30cm  281025 1500002.csv,6923,6904,6942,2025-10-28 15:41:19.630,2025-10-28 15:41:19.166,2025-10-28 15:41:20.126,0.9718,29.65,421.4
ARDG_AQUA bream556gr 30cm  281025 1500002.csv,6995,6976,7014,2025-10-28 15:41:21.438,2025-10-28 15:41:20.959,2025-10-28 15:41:21.922,0.9692,27.54,402.8
ARDG_AQUA bream556gr 30cm  281025 1500002.csv,7075,7056,7094,2025-10-28 15:41:23.438,2025-10-28 15:41:22.974,2025-10-28 15:41:23.917,0.9628,28.17,446.6
ARDG_AQUA bream556gr 30cm  281025 1500002.csv,7219,7200,7238,2025-10-28 15:41:27.070,2025-10-28 15:41:26.573,2025-10-28 15:41:27.517,0.9596,28.48,409.7
ARDG_AQUA bream556gr 30cm  281025 1500002.csv,7297,7278,7316,2025-10-28 15:41:29.003,2025-10-28 15:41:28.524,2025-10-28 15:41:29.469,0.9726,28.79,499.7
ARDG_AQUA bream556gr 30cm  281025 1500002.csv,7379,7360,7398,2025-10-28 15:41:31.051,2025-10-28 15:41:30.571,2025-10-28 15:41:31.531,0.9517,29.32,429.1
ARDG_AQUA bream556gr 30cm  281025 1500002.csv,7475,7456,7494,2025-10-28 15:41:33.450,2025-10-28 15:41:32.971,2025-10-28 15:41:33.931,0.9709,28.32,424.2
ARDG_AQUA bream556gr 30cm  281025 1500002.csv,7567,7548,7586,2025-10-28 15:41:35.753,2025-10-28 15:41:35.274,2025-10-28 15:41:36.234,0.9549,25.8,321.4
ARDG_AQUA bream556gr 30cm  281025 1500002.csv,7643,7624,7662,2025-10-28 15:41:37.656,2025-10-28 15:41:37.177,2025-10-28 15:41:38.155,0.9579,28.89,531.1
ARDG_AQUA bream556gr 30cm  281025 1500002.csv,7697,7678,7716,2025-10-28 15:41:39.016,2025-10-28 15:41:38.536,2025-10-28 15:41:39.480,0.9555,28.54,487.6
ARDG_AQUA bream556gr 30cm  281025 1500002.csv,7787,7768,7806,2025-10-28 15:41:41.257,2025-10-28 15:41:40.792,2025-10-28 15:41:41.734,0.9652,28.98,463.0
ARDG_AQUA bream556gr 30cm  281025 1500002.csv,7849,7830,7868,2025-10-28 15:41:42.806,2025-10-28 15:41:42.342,2025-10-28 15:41:43.287,0.9354,27.22,366.3
ARDG_AQUA bream556gr 30cm  281025 1500002.csv,7935,7916,7954,2025-10-28 15:41:44.966,2025-10-28 15:41:44.487,2025-10-28 15:41:45.447,0.9704,29.6,459.0
ARDG_AQUA bream556gr 30cm  281025 1500002.csv,8001,7982,8020,2025-10-28 15:41:46.628,2025-10-28 15:41:46.160,2025-10-28 15:41:47.102,0.9674,28.88,514.9
ARDG_AQUA bream556gr 30cm  281025 1500002.csv,8179,8160,8198,2025-10-28 15:41:51.076,2025-10-28 15:41:50.596,2025-10-28 15:41:51.557,0.9654,27.56,364.9
ARDG_AQUA bream556gr 30cm  281025 1500002.csv,8257,8238,8276,2025-10-28 15:41:53.027,2025-10-28 15:41:52.547,2025-10-28 15:41:53.508,0.9622,26.92,374.5
ARDG_AQUA bream556gr 30cm  281025 1500002.csv,8355,8336,8374,2025-10-28 15:41:55.476,2025-10-28 15:41:55.011,2025-10-28 15:41:55.955,0.9417,26.72,389.3
ARDG_AQUA bream556gr 30cm  281025 1500002.csv,8423,8404,8442,2025-10-28 15:41:57.187,2025-10-28 15:41:56.706,2025-10-28 15:41:57.653,0.9605,28.86,503.8
ARDG_AQUA bream556gr 30cm  281025 1500002.csv,8537,8518,8556,2025-10-28 15:42:00.033,2025-10-28 15:41:59.554,2025-10-28 15:42:00.513,0.8135,22.99,308.0
ARDG_AQUA bream556gr 30cm  281025 1500002.csv,8557,8538,8576,2025-10-28 15:42:00.530,2025-10-28 15:42:00.067,2025-10-28 15:42:01.010,0.9813,27.07,401.4
ARDG_AQUA bream556gr 30cm  281025 1500002.csv,8637,8618,8656,2025-10-28 15:42:02.544,2025-10-28 15:42:02.065,2025-10-28 15:42:03.008,0.9789,26.93,401.0
ARDG_AQUA bream556gr 30cm  281025 1500002.csv,8713,8694,8732,2025-10-28 15:42:04.448,2025-10-28 15:42:03.969,2025-10-28 15:42:04.912,0.9694,29.53,496.9
ARDG_AQUA bream556gr 30cm  281025 1500002.csv,8799,8780,8818,2025-10-28 15:42:06.591,2025-10-28 15:42:06.111,2025-10-28 15:42:07.071,0.9703,29.52,518.8
ARDG_AQUA bream556gr 30cm  281025 1500002.csv,8877,8858,8896,2025-10-28 15:42:08.543,2025-10-28 15:42:08.063,2025-10-28 15:42:09.022,0.9535,29.91,436.9
ARDG_AQUA bream556gr 30cm  281025 1500002.csv,8945,8926,8964,2025-10-28 15:42:10.255,2025-10-28 15:42:09.774,2025-10-28 15:42:10.730,0.9482,25.22,362.6
ARDG_AQUA bream556gr 30cm  281025 1500002.csv,9101,9082,9120,2025-10-28 15:42:14.158,2025-10-28 15:42:13.676,2025-10-28 15:42:14.622,0.9665,25.33,397.1
ARDG_AQUA bream556gr 30cm  281025 1500002.csv,9189,9170,9208,2025-10-28 15:42:16.349,2025-10-28 15:42:15.885,2025-10-28 15:42:16.827,0.9753,27.31,396.7
ARDG_AQUA bream556gr 30cm  281025 1500002.csv,9269,9250,9288,2025-10-28 15:42:18.363,2025-10-28 15:42:17.883,2025-10-28 15:42:18.827,0.9718,28.72,475.7
ARDG_AQUA bream556gr 30cm  281025 1500002.csv,9339,9320,9358,2025-10-28 15:42:20.107,2025-10-28 15:42:19.649,2025-10-28 15:42:20.587,0.9727,25.88,314.0
ARDG_AQUA bream556gr 30cm  281025 1500002.csv,9433,9414,9452,2025-10-28 15:42:22.458,2025-10-28 15:42:21.996,2025-10-28 15:42:22.939,0.9763,28.59,463.4
ARDG_AQUA bream556gr 30cm  281025 1500002.csv,9503,9484,9522,2025-10-28 15:42:24.218,2025-10-28 15:42:23.738,2025-10-28 15:42:24.697,0.922,27.28,370.6
ARDG_AQUA bream556gr 30cm  281025 1500002.csv,9573,9554,9592,2025-10-28 15:42:25.962,2025-10-28 15:42:25.498,2025-10-28 15:42:26.441,0.9491,28.82,387.5
ARDG_AQUA bream556gr 30cm  281025 1500002.csv,9639,9620,9658,2025-10-28 15:42:27.625,2025-10-28 15:42:27.173,2025-10-28 15:42:28.088,0.9584,25.87,374.2
ARDG_AQUA bream556gr 30cm  281025 1500002.csv,9711,9692,9730,2025-10-28 15:42:29.416,2025-10-28 15:42:28.953,2025-10-28 15:42:29.896,0.7642,26.18,293.3
ARDG_AQUA bream556gr 30cm  281025 1500002.csv,9769,9750,9788,2025-10-28 15:42:30.872,2025-10-28 15:42:30.393,2025-10-28 15:42:31.352,0.9183,24.87,274.7
ARDG_AQUA bream556gr 30cm  281025 1500002.csv,9849,9830,9868,2025-10-28 15:42:32.871,2025-10-28 15:42:32.408,2025-10-28 15:42:33.351,0.9521,29.44,436.2
ARDG_AQUA bream556gr 30cm  281025 1500002.csv,9917,9898,9936,2025-10-28 15:42:34.584,2025-10-28 15:42:34.103,2025-10-28 15:42:35.045,0.9494,26.02,380.0
ARDG_AQUA bream556gr 30cm  281025 1500002.csv,10081,10062,10100,2025-10-28 15:42:38.677,2025-10-28 15:42:38.222,2025-10-28 15:42:39.176,0.9802,28.77,454.7
ARDG_AQUA bream556gr 30cm  281025 1500002.csv,10163,10144,10182,2025-10-28 15:42:40.741,2025-10-28 15:42:40.261,2025-10-28 15:42:41.217,0.9661,28.04,403.6
ARDG_AQUA bream556gr 30cm  281025 1500002.csv,10227,10208,10246,2025-10-28 15:42:42.340,2025-10-28 15:42:41.861,2025-10-28 15:42:42.821,0.9562,25.99,458.1
ARDG_AQUA bream556gr 30cm  281025 1500002.csv,10247,10228,10266,2025-10-28 15:42:42.836,2025-10-28 15:42:42.357,2025-10-28 15:42:43.314,0.9909,26.07,504.1
ARDG_AQUA bream556gr 30cm  281025 1500002.csv,10267,10248,10286,2025-10-28 15:42:43.332,2025-10-28 15:42:42.868,2025-10-28 15:42:43.812,0.5885,22.78,349.9
ARDG_AQUA bream556gr 30cm  281025 1500002.csv,10357,10338,10376,2025-10-28 15:42:45.589,2025-10-28 15:42:45.123,2025-10-28 15:42:46.068,0.95,28.44,446.0
ARDG_AQUA bream556gr 30cm  281025 1500002.csv,10377,10358,10396,2025-10-28 15:42:46.100,2025-10-28 15:42:45.620,2025-10-28 15:42:46.564,0.6534,25.73,346.8
ARDG_AQUA bream556gr 30cm  281025 1500002.csv,10455,10436,10474,2025-10-28 15:42:48.052,2025-10-28 15:42:47.571,2025-10-28 15:42:48.516,0.9646,27.58,395.4
ARDG_AQUA bream556gr 30cm  281025 1500002.csv,10573,10554,10592,2025-10-28 15:42:50.993,2025-10-28 15:42:50.531,2025-10-28 15:42:51.473,0.9203,29.54,451.7
ARDG_AQUA bream556gr 30cm  281025 1500002.csv,10651,10632,10670,2025-10-28 15:42:52.945,2025-10-28 15:42:52.482,2025-10-28 15:42:53.424,0.9621,28.92,437.4
ARDG_AQUA bream556gr 30cm  281025 1500002.csv,10723,10704,10742,2025-10-28 15:42:54.757,2025-10-28 15:42:54.272,2025-10-28 15:42:55.238,0.9538,28.44,433.2
ARDG_AQUA bream556gr 30cm  281025 1500002.csv,10805,10786,10824,2025-10-28 15:42:56.805,2025-10-28 15:42:56.336,2025-10-28 15:42:57.281,0.9617,27.39,400.2
ARDG_AQUA bream556gr 30cm  281025 1500002.csv,10883,10864,10902,2025-10-28 15:42:58.751,2025-10-28 15:42:58.288,2025-10-28 15:42:59.232,0.9086,25.71,348.7
ARDG_AQUA bream556gr 30cm  281025 1500002.csv,10981,10962,11000,2025-10-28 15:43:01.215,2025-10-28 15:43:00.746,2025-10-28 15:43:01.693,0.9729,29.38,499.7
ARDG_AQUA bream556gr 30cm  281025 1500002.csv,11067,11048,11086,2025-10-28 15:43:03.358,2025-10-28 15:43:02.894,2025-10-28 15:43:03.839,0.9629,28.84,461.6
ARDG_AQUA bream556gr 30cm  281025 1500002.csv,11161,11142,11180,2025-10-28 15:43:05.733,2025-10-28 15:43:05.246,2025-10-28 15:43:06.190,0.9596,28.84,370.1
ARDG_AQUA bream556gr 30cm  281025 1500002.csv,11245,11226,11264,2025-10-28 15:43:07.820,2025-10-28 15:43:07.341,2025-10-28 15:43:08.300,0.9376,28.78,437.4
ARDG_AQUA bream556gr 30cm  281025 1500002.csv,11367,11348,11386,2025-10-28 15:43:10.876,2025-10-28 15:43:10.395,2025-10-28 15:43:11.355,0.963,29.52,502.6
ARDG_AQUA bream556gr 30cm  281025 1500002.csv,11467,11448,11486,2025-10-28 15:43:13.387,2025-10-28 15:43:12.908,2025-10-28 15:43:13.850,0.9329,26.2,346.7
ARDG_AQUA bream556gr 30cm  281025 1500002.csv,11569,11550,11588,2025-10-28 15:43:15.931,2025-10-28 15:43:15.451,2025-10-28 15:43:16.410,0.9767,29.85,517.1
ARDG_AQUA bream556gr 30cm  281025 1500002.csv,11657,11638,11676,2025-10-28 15:43:18.159,2025-10-28 15:43:17.663,2025-10-28 15:43:18.617,0.9609,25.95,373.8
ARDG_AQUA bream556gr 30cm  281025 1500002.csv,11735,11716,11754,2025-10-28 15:43:20.089,2025-10-28 15:43:19.610,2025-10-28 15:43:20.569,0.9574,26.9,405.2
ARDG_AQUA bream556gr 30cm  281025 1500002.csv,11921,11902,11940,2025-10-28 15:43:24.744,2025-10-28 15:43:24.263,2025-10-28 15:43:25.224,0.9841,32.24,641.6
ARDG_AQUA bream556gr 30cm  281025 1500002.csv,11941,11922,11960,2025-10-28 15:43:25.240,2025-10-28 15:43:24.775,2025-10-28 15:43:25.726,0.7957,32.49,549.7
ARDG_AQUA bream556gr 30cm  281025 1500003.csv,127,108,146,2025-10-28 15:43:30.070,2025-10-28 15:43:29.605,2025-10-28 15:43:30.550,0.9704,31.88,598.9
ARDG_AQUA bream556gr 30cm  281025 1500003.csv,289,270,308,2025-10-28 15:43:34.175,2025-10-28 15:43:33.665,2025-10-28 15:43:34.612,0.9826,31.17,574.6
ARDG_AQUA bream556gr 30cm  281025 1500003.csv,309,290,328,2025-10-28 15:43:34.666,2025-10-28 15:43:34.177,2025-10-28 15:43:35.106,0.8353,28.31,511.5
ARDG_AQUA bream556gr 30cm  281025 1500003.csv,405,386,424,2025-10-28 15:43:37.042,2025-10-28 15:43:36.563,2025-10-28 15:43:37.506,0.9795,29.18,542.0
ARDG_AQUA bream556gr 30cm  281025 1500003.csv,467,448,486,2025-10-28 15:43:38.594,2025-10-28 15:43:38.114,2025-10-28 15:43:39.058,0.9709,29.12,546.6
ARDG_AQUA bream556gr 30cm  281025 1500003.csv,553,534,572,2025-10-28 15:43:40.737,2025-10-28 15:43:40.273,2025-10-28 15:43:41.235,0.9717,28.88,431.1
ARDG_AQUA bream556gr 30cm  281025 1500003.csv,623,604,642,2025-10-28 15:43:42.498,2025-10-28 15:43:42.018,2025-10-28 15:43:42.977,0.9481,29.86,501.2
ARDG_AQUA bream556gr 30cm  281025 1500003.csv,697,678,716,2025-10-28 15:43:44.353,2025-10-28 15:43:43.873,2025-10-28 15:43:44.816,0.9801,28.77,504.1
ARDG_AQUA bream556gr 30cm  281025 1500003.csv,761,742,780,2025-10-28 15:43:45.953,2025-10-28 15:43:45.472,2025-10-28 15:43:46.432,0.9559,29.1,433.6
ARDG_AQUA bream556gr 30cm  281025 1500003.csv,833,814,852,2025-10-28 15:43:47.768,2025-10-28 15:43:47.280,2025-10-28 15:43:48.233,0.9759,29.51,542.8
ARDG_AQUA bream556gr 30cm  281025 1500003.csv,953,934,972,2025-10-28 15:43:50.751,2025-10-28 15:43:50.286,2025-10-28 15:43:51.240,0.9626,26.72,376.5
ARDG_AQUA bream556gr 30cm  281025 1500003.csv,1051,1032,1070,2025-10-28 15:43:53.215,2025-10-28 15:43:52.734,2025-10-28 15:43:53.694,0.9796,31.11,510.2
ARDG_AQUA bream620 gr31cm  281025 1618003.csv,205,186,224,2025-10-28 16:28:48.275,2025-10-28 16:28:47.796,2025-10-28 16:28:48.739,0.7073,29.78,496.0
ARDG_AQUA bream620 gr31cm  281025 1618003.csv,227,208,246,2025-10-28 16:28:48.820,2025-10-28 16:28:48.339,2025-10-28 16:28:49.299,0.9789,31.83,647.3
ARDG_AQUA bream620 gr31cm  281025 1618003.csv,2363,2344,2382,2025-10-28 16:29:42.274,2025-10-28 16:29:41.811,2025-10-28 16:29:42.755,0.9688,30.28,583.3
ARDG_AQUA bream620 gr31cm  281025 1618003.csv,2383,2364,2402,2025-10-28 16:29:42.786,2025-10-28 16:29:42.305,2025-10-28 16:29:43.251,0.5647,27.65,506.4
ARDG_AQUA bream620 gr31cm  281025 1618003.csv,3437,3418,3456,2025-10-28 16:30:09.158,2025-10-28 16:30:08.682,2025-10-28 16:30:09.635,0.977,32.51,572.6
ARDG_AQUA bream620 gr31cm  281025 1618003.csv,3567,3548,3586,2025-10-28 16:30:12.409,2025-10-28 16:30:11.983,2025-10-28 16:30:12.890,0.9928,30.23,697.9
ARDG_AQUA bream620 gr31cm  281025 1618003.csv,3587,3568,3606,2025-10-28 16:30:12.921,2025-10-28 16:30:12.451,2025-10-28 16:30:13.385,0.8255,24.36,321.4
ARDG_AQUA bream620 gr31cm  281025 1618003.csv,3733,3714,3752,2025-10-28 16:30:16.567,2025-10-28 16:30:16.112,2025-10-28 16:30:17.049,0.9324,30.17,535.1
ARDG_AQUA bream620 gr31cm  281025 1618003.csv,3755,3736,3774,2025-10-28 16:30:17.129,2025-10-28 16:30:16.648,2025-10-28 16:30:17.590,0.9848,31.79,513.7
ARDG_AQUA bream620 gr31cm  281025 1618003.csv,3849,3830,3868,2025-10-28 16:30:19.488,2025-10-28 16:30:19.000,2025-10-28 16:30:19.969,0.9769,32.2,587.2
ARDG_AQUA bream620 gr31cm  281025 1618003.csv,3967,3948,3986,2025-10-28 16:30:22.422,2025-10-28 16:30:21.983,2025-10-28 16:30:22.903,0.9826,32.03,617.5
ARDG_AQUA bream620 gr31cm  281025 1618003.csv,4067,4048,4086,2025-10-28 16:30:24.934,2025-10-28 16:30:24.472,2025-10-28 16:30:25.398,0.9807,31.99,659.0
ARDG_AQUA bream620 gr31cm  281025 1618003.csv,4181,4162,4200,2025-10-28 16:30:27.782,2025-10-28 16:30:27.300,2025-10-28 16:30:28.261,0.9835,34.42,625.1
ARDG_AQUA bream620 gr31cm  281025 1618003.csv,4615,4596,4634,2025-10-28 16:30:38.643,2025-10-28 16:30:38.161,2025-10-28 16:30:39.120,0.9796,32.24,659.9
ARDG_AQUA bream620 gr31cm  281025 1618003.csv,4635,4616,4654,2025-10-28 16:30:39.138,2025-10-28 16:30:38.674,2025-10-28 16:30:39.620,0.681,25.37,380.3
ARDG_AQUA bream620 gr31cm  281025 1618003.csv,4777,4758,4796,2025-10-28 16:30:42.705,2025-10-28 16:30:42.224,2025-10-28 16:30:43.168,0.9722,32.52,602.5
ARDG_AQUA bream620 gr31cm  281025 1618003.csv,4921,4902,4940,2025-10-28 16:30:46.303,2025-10-28 16:30:45.824,2025-10-28 16:30:46.784,0.9834,35.25,694.1
ARDG_AQUA bream620 gr31cm  281025 1618003.csv,5021,5002,5040,2025-10-28 16:30:48.798,2025-10-28 16:30:48.335,2025-10-28 16:30:49.278,0.98,32.21,538.3
ARDG_AQUA bream620 gr31cm  281025 1618003.csv,5097,5078,5116,2025-10-28 16:30:50.701,2025-10-28 16:30:50.239,2025-10-28 16:30:51.182,0.985,32.55,617.0
ARDG_AQUA bream620 gr31cm  281025 1618003.csv,5117,5098,5136,2025-10-28 16:30:51.214,2025-10-28 16:30:50.733,2025-10-28 16:30:51.678,0.7148,26.6,486.1
ARDG_AQUA bream620 gr31cm  281025 1618003.csv,5219,5200,5238,2025-10-28 16:30:53.756,2025-10-28 16:30:53.293,2025-10-28 16:30:54.237,0.8117,30.25,552.1
ARDG_AQUA bream620 gr31cm  281025 1618003.csv,5239,5220,5258,2025-10-28 16:30:54.269,2025-10-28 16:30:53.789,2025-10-28 16:30:54.733,0.9794,31.47,593.3
ARDG_AQUA bream620 gr31cm  281025 1618003.csv,5397,5378,5416,2025-10-28 16:30:58.219,2025-10-28 16:30:57.740,2025-10-28 16:30:58.699,0.9815,32.69,622.6
ARDG_AQUA bream620 gr31cm  281025 1618003.csv,5517,5498,5536,2025-10-28 16:31:01.227,2025-10-28 16:31:00.747,2025-10-28 16:31:01.691,0.9797,32.44,606.2
ARDG_AQUA bream620 gr31cm  281025 1618003.csv,5669,5650,5688,2025-10-28 16:31:05.039,2025-10-28 16:31:04.554,2025-10-28 16:31:05.506,0.9702,29.28,518.1
ARDG_AQUA bream620 gr31cm  281025 1618003.csv,5689,5670,5708,2025-10-28 16:31:05.528,2025-10-28 16:31:05.049,2025-10-28 16:31:06.013,0.6548,25.35,365.9
ARDG_AQUA bream620 gr31cm  281025 1618003.csv,5965,5946,5984,2025-10-28 16:31:12.439,2025-10-28 16:31:11.994,2025-10-28 16:31:12.902,0.9819,32.15,627.7
ARDG_AQUA bream620 gr31cm  281025 1618003.csv,6081,6062,6100,2025-10-28 16:31:15.334,2025-10-28 16:31:14.870,2025-10-28 16:31:15.815,0.9723,31.18,605.6
ARDG_AQUA bream620 gr31cm  281025 1618003.csv,6173,6154,6192,2025-10-28 16:31:17.638,2025-10-28 16:31:17.174,2025-10-28 16:31:18.120,0.5491,31.77,580.8
ARDG_AQUA bream620 gr31cm  281025 1618003.csv,6197,6178,6216,2025-10-28 16:31:18.245,2025-10-28 16:31:17.765,2025-10-28 16:31:18.725,0.98,32.19,602.9
ARDG_AQUA bream620 gr31cm  281025 1618003.csv,6321,6302,6340,2025-10-28 16:31:21.349,2025-10-28 16:31:20.868,2025-10-28 16:31:21.829,0.9819,31.36,602.3
ARDG_AQUA bream620 gr31cm  281025 1618003.csv,6341,6322,6360,2025-10-28 16:31:21.845,2025-10-28 16:31:21.365,2025-10-28 16:31:22.325,0.8308,28.64,461.7
ARDG_AQUA bream620 gr31cm  281025 1618003.csv,6451,6432,6470,2025-10-28 16:31:24.595,2025-10-28 16:31:24.133,2025-10-28 16:31:25.079,0.9743,32.4,642.4
ARDG_AQUA bream620 gr31cm  281025 1618003.csv,6559,6540,6578,2025-10-28 16:31:27.299,2025-10-28 16:31:26.835,2025-10-28 16:31:27.778,0.9738,31.86,592.4
ARDG_AQUA bream620 gr31cm  281025 1618003.csv,6661,6642,6680,2025-10-28 16:31:29.857,2025-10-28 16:31:29.378,2025-10-28 16:31:30.337,0.832,32.95,650.1
ARDG_AQUA bream620 gr31cm  281025 1618003.csv,6681,6662,6700,2025-10-28 16:31:30.354,2025-10-28 16:31:29.891,2025-10-28 16:31:30.833,0.9738,30.65,497.7
ARDG_AQUA bream620 gr31cm  281025 1618003.csv,6763,6744,6782,2025-10-28 16:31:32.418,2025-10-28 16:31:31.937,2025-10-28 16:31:32.881,0.9815,33.86,721.8
ARDG_AQUA bream620 gr31cm  281025 1618003.csv,6837,6818,6856,2025-10-28 16:31:34.273,2025-10-28 16:31:33.792,2025-10-28 16:31:34.736,0.9477,33.6,594.8
ARDG_AQUA bream620 gr31cm  281025 1618003.csv,6911,6892,6930,2025-10-28 16:31:36.114,2025-10-28 16:31:35.648,2025-10-28 16:31:36.590,0.9767,30.92,588.9
ARDG_AQUA bream620 gr31cm  281025 1618003.csv,6993,6974,7012,2025-10-28 16:31:38.174,2025-10-28 16:31:37.695,2025-10-28 16:31:38.638,0.5703,30.73,541.2
ARDG_AQUA bream620 gr31cm  281025 1618003.csv,7013,6994,7032,2025-10-28 16:31:38.673,2025-10-28 16:31:38.191,2025-10-28 16:31:39.153,0.9784,29.1,521.2
ARDG_AQUA bream620 gr31cm  281025 1618003.csv,7119,7100,7138,2025-10-28 16:31:41.327,2025-10-28 16:31:40.846,2025-10-28 16:31:41.806,0.9868,31.67,613.6
ARDG_AQUA bream620 gr31cm  281025 1618003.csv,7221,7202,7240,2025-10-28 16:31:43.885,2025-10-28 16:31:43.406,2025-10-28 16:31:44.350,0.9854,31.19,646.4
ARDG_AQUA bream620 gr31cm  281025 1618003.csv,7333,7314,7352,2025-10-28 16:31:46.685,2025-10-28 16:31:46.205,2025-10-28 16:31:47.166,0.9788,31.82,618.2
ARDG_AQUA bream620 gr31cm  281025 1618003.csv,7459,7440,7478,2025-10-28 16:31:49.836,2025-10-28 16:31:49.356,2025-10-28 16:31:50.315,0.9629,32.79,626.0
ARDG_AQUA bream620 gr31cm  281025 1618003.csv,7545,7526,7564,2025-10-28 16:31:52.006,2025-10-28 16:31:51.514,2025-10-28 16:31:52.458,0.9811,32.08,618.5
ARDG_AQUA bream620 gr31cm  281025 1618003.csv,7649,7630,7668,2025-10-28 16:31:54.586,2025-10-28 16:31:54.123,2025-10-28 16:31:55.069,0.9787,35.8,674.2
ARDG_AQUA bream620 gr31cm  281025 1618003.csv,7719,7700,7738,2025-10-28 16:31:56.345,2025-10-28 16:31:55.866,2025-10-28 16:31:56.826,0.9672,31.58,608.0
ARDG_AQUA bream620 gr31cm  281025 1618003.csv,7841,7822,7860,2025-10-28 16:31:59.400,2025-10-28 16:31:58.922,2025-10-28 16:31:59.881,0.9796,31.99,609.7
ARDG_AQUA bream620 gr31cm  281025 1618003.csv,7913,7894,7932,2025-10-28 16:32:01.192,2025-10-28 16:32:00.729,2025-10-28 16:32:01.672,0.9818,30.37,567.7
ARDG_AQUA bream620 gr31cm  281025 1618003.csv,7989,7970,8008,2025-10-28 16:32:03.096,2025-10-28 16:32:02.631,2025-10-28 16:32:03.575,0.8372,29.82,511.4
ARDG_AQUA bream620 gr31cm  281025 1618003.csv,8009,7990,8028,2025-10-28 16:32:03.607,2025-10-28 16:32:03.128,2025-10-28 16:32:04.080,0.9783,30.15,513.3
ARDG_AQUA bream620 gr31cm  281025 1618003.csv,8085,8066,8104,2025-10-28 16:32:05.515,2025-10-28 16:32:05.031,2025-10-28 16:32:05.976,0.9689,29.98,503.9
ARDG_AQUA bream620 gr31cm  281025 1618003.csv,8193,8174,8212,2025-10-28 16:32:08.214,2025-10-28 16:32:07.735,2025-10-28 16:32:08.679,0.9779,32.91,625.2
ARDG_AQUA bream620 gr31cm  281025 1618003.csv,8257,8238,8276,2025-10-28 16:32:09.813,2025-10-28 16:32:09.334,2025-10-28 16:32:10.294,0.9798,34.0,640.3
ARDG_AQUA bream620 gr31cm  281025 1618003.csv,8337,8318,8356,2025-10-28 16:32:11.814,2025-10-28 16:32:11.333,2025-10-28 16:32:12.294,0.9734,31.45,585.5
ARDG_AQUA bream620 gr31cm  281025 1618003.csv,8417,8398,8436,2025-10-28 16:32:13.812,2025-10-28 16:32:13.332,2025-10-28 16:32:14.292,0.977,32.33,617.9
ARDG_AQUA bream620 gr31cm  281025 1618003.csv,8491,8472,8510,2025-10-28 16:32:15.671,2025-10-28 16:32:15.188,2025-10-28 16:32:16.148,0.9626,33.81,663.7
ARDG_AQUA bream620 gr31cm  281025 1618003.csv,8569,8550,8588,2025-10-28 16:32:17.619,2025-10-28 16:32:17.139,2025-10-28 16:32:18.100,0.9733,33.98,658.9
ARDG_AQUA bream620 gr31cm  281025 1618003.csv,8649,8630,8668,2025-10-28 16:32:19.619,2025-10-28 16:32:19.155,2025-10-28 16:32:20.098,0.9592,34.45,663.7
ARDG_AQUA bream620 gr31cm  281025 1618003.csv,8725,8706,8744,2025-10-28 16:32:21.525,2025-10-28 16:32:21.039,2025-10-28 16:32:22.009,0.9756,30.89,576.3
ARDG_AQUA bream620 gr31cm  281025 1618003.csv,8799,8780,8818,2025-10-28 16:32:23.378,2025-10-28 16:32:22.897,2025-10-28 16:32:23.858,0.9808,33.33,658.6
ARDG_AQUA bream620 gr31cm  281025 1618003.csv,8917,8898,8936,2025-10-28 16:32:26.336,2025-10-28 16:32:25.857,2025-10-28 16:32:26.801,0.9674,33.32,615.6
ARDG_AQUA bream620 gr31cm  281025 1618003.csv,8995,8976,9014,2025-10-28 16:32:28.289,2025-10-28 16:32:27.808,2025-10-28 16:32:28.768,0.9789,32.95,630.7
ARDG_AQUA bream620 gr31cm  281025 1618003.csv,9055,9036,9074,2025-10-28 16:32:29.792,2025-10-28 16:32:29.311,2025-10-28 16:32:30.255,0.9764,33.18,672.6
ARDG_AQUA bream620 gr31cm  281025 1618003.csv,9123,9104,9142,2025-10-28 16:32:31.522,2025-10-28 16:32:31.006,2025-10-28 16:32:31.967,0.9771,33.81,650.6
ARDG_AQUA bream620 gr31cm  281025 1618003.csv,9181,9162,9200,2025-10-28 16:32:32.942,2025-10-28 16:32:32.462,2025-10-28 16:32:33.423,0.9717,31.84,608.8
ARDG_AQUA bream620 gr31cm  281025 1618003.csv,9285,9266,9304,2025-10-28 16:32:35.549,2025-10-28 16:32:35.070,2025-10-28 16:32:36.019,0.9844,31.53,582.6
ARDG_AQUA bream620 gr31cm  281025 1618003.csv,9353,9334,9372,2025-10-28 16:32:37.246,2025-10-28 16:32:36.766,2025-10-28 16:32:37.725,0.9696,31.36,608.6
ARDG_AQUA bream620 gr31cm  281025 1618003.csv,9437,9418,9456,2025-10-28 16:32:39.357,2025-10-28 16:32:38.878,2025-10-28 16:32:39.821,0.9853,32.12,621.3
ARDG_AQUA bream620 gr31cm  281025 1618003.csv,9525,9506,9544,2025-10-28 16:32:41.548,2025-10-28 16:32:41.085,2025-10-28 16:32:42.035,0.9729,31.4,580.8
ARDG_AQUA bream620 gr31cm  281025 1618003.csv,9619,9600,9638,2025-10-28 16:32:43.900,2025-10-28 16:32:43.436,2025-10-28 16:32:44.380,0.9836,31.67,560.3
ARDG_AQUA bream620 gr31cm  281025 1618003.csv,9695,9676,9714,2025-10-28 16:32:45.802,2025-10-28 16:32:45.339,2025-10-28 16:32:46.283,0.9681,32.55,584.9
ARDG_AQUA bream620 gr31cm  281025 1618003.csv,9769,9750,9788,2025-10-28 16:32:47.659,2025-10-28 16:32:47.178,2025-10-28 16:32:48.138,0.9679,32.04,611.2
ARDG_AQUA bream620 gr31cm  281025 1618003.csv,9817,9798,9836,2025-10-28 16:32:48.858,2025-10-28 16:32:48.394,2025-10-28 16:32:49.337,0.9636,33.85,616.8
ARDG_AQUA bream620 gr31cm  281025 1618003.csv,9893,9874,9912,2025-10-28 16:32:50.761,2025-10-28 16:32:50.282,2025-10-28 16:32:51.241,0.9682,32.67,562.9
ARDG_AQUA bream620 gr31cm  281025 1618003.csv,9937,9918,9956,2025-10-28 16:32:51.864,2025-10-28 16:32:51.386,2025-10-28 16:32:52.344,0.9831,31.07,589.7
ARDG_AQUA bream620 gr31cm  281025 1618003.csv,10103,10084,10122,2025-10-28 16:32:56.048,2025-10-28 16:32:55.562,2025-10-28 16:32:56.529,0.9748,32.1,676.6
ARDG_AQUA bream620 gr31cm  281025 1618003.csv,10149,10130,10168,2025-10-28 16:32:57.177,2025-10-28 16:32:56.695,2025-10-28 16:32:57.655,0.9828,31.1,643.8
ARDG_AQUA bream620 gr31cm  281025 1618003.csv,10221,10202,10240,2025-10-28 16:32:58.983,2025-10-28 16:32:58.545,2025-10-28 16:32:59.446,0.9729,31.47,534.8
ARDG_AQUA bream620 gr31cm  281025 1618003.csv,10473,10454,10492,2025-10-28 16:33:05.285,2025-10-28 16:33:04.805,2025-10-28 16:33:05.764,0.9839,31.7,667.2
ARDG_AQUA bream620 gr31cm  281025 1618003.csv,10549,10530,10568,2025-10-28 16:33:07.188,2025-10-28 16:33:06.709,2025-10-28 16:33:07.670,0.9547,33.19,611.6
ARDG_AQUA bream620 gr31cm  281025 1618003.csv,10623,10604,10642,2025-10-28 16:33:09.045,2025-10-28 16:33:08.573,2025-10-28 16:33:09.529,0.9684,32.15,605.0
ARDG_AQUA bream620 gr31cm  281025 1618003.csv,10715,10696,10734,2025-10-28 16:33:11.348,2025-10-28 16:33:10.867,2025-10-28 16:33:11.811,0.9719,33.01,632.9
ARDG_AQUA bream620 gr31cm  281025 1618003.csv,10791,10772,10810,2025-10-28 16:33:13.251,2025-10-28 16:33:12.771,2025-10-28 16:33:13.714,0.9719,31.79,643.3
ARDG_AQUA bream620 gr31cm  281025 1618003.csv,10893,10874,10912,2025-10-28 16:33:15.793,2025-10-28 16:33:15.330,2025-10-28 16:33:16.273,0.9822,32.97,686.7
ARDG_AQUA bream620 gr31cm  281025 1618003.csv,10971,10952,10990,2025-10-28 16:33:17.744,2025-10-28 16:33:17.281,2025-10-28 16:33:18.224,0.9681,31.32,517.3
ARDG_AQUA bream620 gr31cm  281025 1618003.csv,11047,11028,11066,2025-10-28 16:33:19.652,2025-10-28 16:33:19.183,2025-10-28 16:33:20.129,0.8272,33.7,616.8
ARDG_AQUA bream620 gr31cm  281025 1618003.csv,11233,11214,11252,2025-10-28 16:33:24.303,2025-10-28 16:33:23.840,2025-10-28 16:33:24.783,0.9771,31.53,599.3
ARDG_AQUA bream620 gr31cm  281025 1618003.csv,11309,11290,11328,2025-10-28 16:33:26.205,2025-10-28 16:33:25.743,2025-10-28 16:33:26.687,0.9523,33.09,658.8
ARDG_AQUA bream620 gr31cm  281025 1618003.csv,11367,11348,11386,2025-10-28 16:33:27.659,2025-10-28 16:33:27.185,2025-10-28 16:33:28.142,0.9761,31.38,589.1
ARDG_AQUA bream620 gr31cm  281025 1618003.csv,11453,11434,11472,2025-10-28 16:33:29.821,2025-10-28 16:33:29.341,2025-10-28 16:33:30.286,0.9491,32.81,585.5
ARDG_AQUA bream620 gr31cm  281025 1618003.csv,11593,11574,11612,2025-10-28 16:33:33.324,2025-10-28 16:33:32.844,2025-10-28 16:33:33.803,0.9864,32.94,648.9
ARDG_AQUA bream620 gr31cm  281025 1618003.csv,11613,11594,11632,2025-10-28 16:33:33.818,2025-10-28 16:33:33.340,2025-10-28 16:33:34.299,0.8246,30.22,558.6
ARDG_AQUA bream620 gr31cm  281025 1618003.csv,11687,11668,11706,2025-10-28 16:33:35.675,2025-10-28 16:33:35.195,2025-10-28 16:33:36.152,0.9816,32.01,606.1
ARDG_AQUA bream620 gr31cm  281025 1618003.csv,11767,11748,11786,2025-10-28 16:33:37.672,2025-10-28 16:33:37.193,2025-10-28 16:33:38.150,0.9763,30.73,594.7
ARDG_AQUA bream620 gr31cm  281025 1618003.csv,11917,11898,11936,2025-10-28 16:33:41.433,2025-10-28 16:33:40.953,2025-10-28 16:33:41.912,0.576,30.97,606.2
ARDG_AQUA bream620 gr31cm  281025 1618003.csv,11937,11918,11956,2025-10-28 16:33:41.928,2025-10-28 16:33:41.448,2025-10-28 16:33:42.409,0.9837,31.55,597.3
ARDG_AQUA bream620 gr31cm  281025 1618004.csv,39,20,58,2025-10-28 16:33:44.488,2025-10-28 16:33:44.037,2025-10-28 16:33:44.967,0.9747,30.79,585.2
ARDG_AQUA bream620 gr31cm  281025 1618004.csv,109,90,128,2025-10-28 16:33:46.230,2025-10-28 16:33:45.768,2025-10-28 16:33:46.706,0.6779,26.42,258.0
ARDG_AQUA bream620 gr31cm  281025 1618004.csv,145,126,164,2025-10-28 16:33:47.145,2025-10-28 16:33:46.662,2025-10-28 16:33:47.617,0.9717,31.52,627.5
ARDG_AQUA bream620 gr31cm  281025 1618004.csv,185,166,204,2025-10-28 16:33:48.135,2025-10-28 16:33:47.670,2025-10-28 16:33:48.614,0.7435,28.58,462.5
ARDG_AQUA bream620 gr31cm  281025 1618004.csv,323,304,342,2025-10-28 16:33:51.587,2025-10-28 16:33:51.127,2025-10-28 16:33:52.069,0.9765,34.0,679.2
ARDG_AQUA bream620 gr31cm  281025 1618004.csv,411,392,430,2025-10-28 16:33:53.797,2025-10-28 16:33:53.316,2025-10-28 16:33:54.277,0.9468,33.21,580.7
ARDG_AQUA bream620 gr31cm  281025 1618004.csv,499,480,518,2025-10-28 16:33:56.035,2025-10-28 16:33:55.532,2025-10-28 16:33:56.484,0.9757,31.14,643.7
ARDG_AQUA bream620 gr31cm  281025 1618004.csv,583,564,602,2025-10-28 16:33:58.098,2025-10-28 16:33:57.636,2025-10-28 16:33:58.590,0.9811,33.44,666.2
ARDG_AQUA bream620 gr31cm  281025 1618004.csv,651,632,670,2025-10-28 16:33:59.810,2025-10-28 16:33:59.330,2025-10-28 16:34:00.275,0.9753,31.55,632.3
ARDG_AQUA bream620 gr31cm  281025 1618004.csv,763,744,782,2025-10-28 16:34:02.610,2025-10-28 16:34:02.130,2025-10-28 16:34:03.092,0.9575,32.67,624.8
ARDG_AQUA bream620 gr31cm  281025 1618004.csv,907,888,926,2025-10-28 16:34:06.209,2025-10-28 16:34:05.745,2025-10-28 16:34:06.687,0.9857,31.37,598.2
ARDG_AQUA bream620 gr31cm  281025 1618004.csv,1039,1020,1058,2025-10-28 16:34:09.555,2025-10-28 16:34:09.040,2025-10-28 16:34:10.000,0.9856,31.73,519.2
ARDG_AQUA bream620 gr31cm  281025 1618004.csv,1091,1072,1110,2025-10-28 16:34:10.815,2025-10-28 16:34:10.352,2025-10-28 16:34:11.296,0.9614,32.76,618.2
ARDG_AQUA bream620 gr31cm  281025 1618004.csv,1187,1168,1206,2025-10-28 16:34:13.232,2025-10-28 16:34:12.752,2025-10-28 16:34:13.694,0.9633,33.44,601.9
ARDG_AQUA bream620 gr31cm  281025 1618004.csv,1259,1240,1278,2025-10-28 16:34:15.046,2025-10-28 16:34:14.559,2025-10-28 16:34:15.542,0.9699,32.14,628.5
ARDG_AQUA bream620 gr31cm  281025 1618004.csv,1345,1326,1364,2025-10-28 16:34:17.179,2025-10-28 16:34:16.702,2025-10-28 16:34:17.662,0.9651,33.24,621.0
ARDG_AQUA bream620 gr31cm  281025 1618004.csv,1415,1396,1434,2025-10-28 16:34:18.924,2025-10-28 16:34:18.461,2025-10-28 16:34:19.404,0.9714,30.47,535.0
ARDG_AQUA bream620 gr31cm  281025 1618004.csv,1501,1482,1520,2025-10-28 16:34:21.097,2025-10-28 16:34:20.600,2025-10-28 16:34:21.562,0.9813,31.12,606.6
ARDG_AQUA bream620 gr31cm  281025 1618004.csv,1605,1586,1624,2025-10-28 16:34:23.690,2025-10-28 16:34:23.211,2025-10-28 16:34:24.153,0.9832,32.07,593.1
ARDG_AQUA bream620 gr31cm  281025 1618004.csv,1625,1606,1644,2025-10-28 16:34:24.184,2025-10-28 16:34:23.708,2025-10-28 16:34:24.666,0.9327,29.6,546.8
ARDG_AQUA bream620 gr31cm  281025 1618004.csv,1691,1672,1710,2025-10-28 16:34:25.835,2025-10-28 16:34:25.371,2025-10-28 16:34:26.314,0.9521,33.71,595.7
ARDG_AQUA bream620 gr31cm  281025 1618004.csv,1741,1722,1760,2025-10-28 16:34:27.100,2025-10-28 16:34:26.618,2025-10-28 16:34:27.562,0.9588,31.9,584.2
ARDG_AQUA bream620 gr31cm  281025 1618004.csv,1819,1800,1838,2025-10-28 16:34:29.052,2025-10-28 16:34:28.588,2025-10-28 16:34:29.528,0.9801,31.07,566.3
ARDG_AQUA bream630gr 32cm  281025 1500002.csv,57,38,76,2025-10-28 15:27:57.761,2025-10-28 15:27:57.280,2025-10-28 15:27:58.241,0.9755,31.88,550.4
ARDG_AQUA bream630gr 32cm  281025 1500002.csv,135,116,154,2025-10-28 15:27:59.711,2025-10-28 15:27:59.232,2025-10-28 15:28:00.192,0.9697,32.78,602.5
ARDG_AQUA bream630gr 32cm  281025 1500002.csv,215,196,234,2025-10-28 15:28:01.711,2025-10-28 15:28:01.232,2025-10-28 15:28:02.191,0.974,32.29,567.1
ARDG_AQUA bream630gr 32cm  281025 1500002.csv,287,268,306,2025-10-28 15:28:03.519,2025-10-28 15:28:03.038,2025-10-28 15:28:03.981,0.9723,31.44,605.5
ARDG_AQUA bream630gr 32cm  281025 1500002.csv,381,362,400,2025-10-28 15:28:05.869,2025-10-28 15:28:05.391,2025-10-28 15:28:06.350,0.9767,32.16,588.9
ARDG_AQUA bream630gr 32cm  281025 1500002.csv,461,442,480,2025-10-28 15:28:07.868,2025-10-28 15:28:07.389,2025-10-28 15:28:08.349,0.9527,31.92,586.8
ARDG_AQUA bream630gr 32cm  281025 1500002.csv,521,502,540,2025-10-28 15:28:09.372,2025-10-28 15:28:08.893,2025-10-28 15:28:09.852,0.9827,31.9,607.6
ARDG_AQUA bream630gr 32cm  281025 1500002.csv,599,580,618,2025-10-28 15:28:11.324,2025-10-28 15:28:10.844,2025-10-28 15:28:11.805,0.9892,30.48,606.3
ARDG_AQUA bream630gr 32cm  281025 1500002.csv,711,692,730,2025-10-28 15:28:14.123,2025-10-28 15:28:13.667,2025-10-28 15:28:14.603,0.9736,29.89,550.4
ARDG_AQUA bream630gr 32cm  281025 1500002.csv,805,786,824,2025-10-28 15:28:16.474,2025-10-28 15:28:16.009,2025-10-28 15:28:16.956,0.9561,34.17,598.4
ARDG_AQUA bream630gr 32cm  281025 1500002.csv,885,866,904,2025-10-28 15:28:18.504,2025-10-28 15:28:18.016,2025-10-28 15:28:18.953,0.9767,31.2,514.3
ARDG_AQUA bream630gr 32cm  281025 1500002.csv,991,972,1010,2025-10-28 15:28:21.128,2025-10-28 15:28:20.662,2025-10-28 15:28:21.608,0.9724,32.99,654.7
ARDG_AQUA bream630gr 32cm  281025 1500002.csv,1061,1042,1080,2025-10-28 15:28:22.888,2025-10-28 15:28:22.409,2025-10-28 15:28:23.369,0.9801,30.61,553.6
ARDG_AQUA bream630gr 32cm  281025 1500002.csv,1161,1142,1180,2025-10-28 15:28:25.384,2025-10-28 15:28:24.920,2025-10-28 15:28:25.863,0.9601,32.33,609.3
ARDG_AQUA bream630gr 32cm  281025 1500002.csv,1225,1206,1244,2025-10-28 15:28:27.014,2025-10-28 15:28:26.525,2025-10-28 15:28:27.463,0.9843,32.41,605.2
ARDG_AQUA bream630gr 32cm  281025 1500002.csv,1303,1284,1322,2025-10-28 15:28:28.952,2025-10-28 15:28:28.471,2025-10-28 15:28:29.414,0.9784,32.64,598.7
ARDG_AQUA bream630gr 32cm  281025 1500002.csv,1377,1358,1396,2025-10-28 15:28:30.791,2025-10-28 15:28:30.326,2025-10-28 15:28:31.270,0.9731,31.58,584.7
ARDG_AQUA bream630gr 32cm  281025 1500002.csv,1467,1448,1486,2025-10-28 15:28:33.052,2025-10-28 15:28:32.583,2025-10-28 15:28:33.539,0.9861,31.98,581.6
ARDG_AQUA bream630gr 32cm  281025 1500002.csv,1549,1530,1568,2025-10-28 15:28:35.108,2025-10-28 15:28:34.631,2025-10-28 15:28:35.597,0.9823,30.25,620.6
ARDG_AQUA bream630gr 32cm  281025 1500002.csv,1621,1602,1640,2025-10-28 15:28:36.901,2025-10-28 15:28:36.437,2025-10-28 15:28:37.380,0.9655,31.02,580.8
ARDG_AQUA bream630gr 32cm  281025 1500002.csv,1677,1658,1696,2025-10-28 15:28:38.308,2025-10-28 15:28:37.828,2025-10-28 15:28:38.789,0.9755,32.16,627.9
ARDG_AQUA bream630gr 32cm  281025 1500002.csv,1751,1732,1770,2025-10-28 15:28:40.163,2025-10-28 15:28:39.690,2025-10-28 15:28:40.626,0.9544,33.52,578.4
ARDG_AQUA bream630gr 32cm  281025 1500002.csv,1811,1792,1830,2025-10-28 15:28:41.667,2025-10-28 15:28:41.187,2025-10-28 15:28:42.143,0.9801,33.08,620.6
ARDG_AQUA bream630gr 32cm  281025 1500002.csv,1949,1930,1968,2025-10-28 15:28:45.126,2025-10-28 15:28:44.645,2025-10-28 15:28:45.589,0.9818,31.71,517.1
ARDG_AQUA bream630gr 32cm  281025 1500002.csv,2009,1990,2028,2025-10-28 15:28:46.612,2025-10-28 15:28:46.151,2025-10-28 15:28:47.088,0.9859,32.47,685.1
ARDG_AQUA bream630gr 32cm  281025 1500002.csv,2105,2086,2124,2025-10-28 15:28:49.025,2025-10-28 15:28:48.545,2025-10-28 15:28:49.489,0.9729,32.18,594.7
ARDG_AQUA bream630gr 32cm  281025 1500002.csv,2175,2156,2194,2025-10-28 15:28:50.767,2025-10-28 15:28:50.288,2025-10-28 15:28:51.247,0.9642,30.67,484.6
ARDG_AQUA bream630gr 32cm  281025 1500002.csv,2251,2232,2270,2025-10-28 15:28:52.686,2025-10-28 15:28:52.192,2025-10-28 15:28:53.150,0.9573,31.69,544.5
ARDG_AQUA bream630gr 32cm  281025 1500002.csv,2329,2310,2348,2025-10-28 15:28:54.617,2025-10-28 15:28:54.143,2025-10-28 15:28:55.114,0.9877,33.07,713.0
ARDG_AQUA bream630gr 32cm  281025 1500002.csv,2403,2384,2422,2025-10-28 15:28:56.478,2025-10-28 15:28:55.997,2025-10-28 15:28:56.959,0.9424,31.85,600.2
ARDG_AQUA bream630gr 32cm  281025 1500002.csv,2459,2440,2478,2025-10-28 15:28:57.886,2025-10-28 15:28:57.406,2025-10-28 15:28:58.349,0.9759,30.95,571.9
ARDG_AQUA bream630gr 32cm  281025 1500002.csv,2541,2522,2560,2025-10-28 15:28:59.934,2025-10-28 15:28:59.453,2025-10-28 15:29:00.412,0.9685,34.28,652.1
ARDG_AQUA bream630gr 32cm  281025 1500002.csv,2613,2594,2632,2025-10-28 15:29:01.739,2025-10-28 15:29:01.259,2025-10-28 15:29:02.204,0.9686,31.57,586.7
ARDG_AQUA bream630gr 32cm  281025 1500002.csv,2713,2694,2732,2025-10-28 15:29:04.233,2025-10-28 15:29:03.755,2025-10-28 15:29:04.716,0.9628,30.94,557.4
ARDG_AQUA bream630gr 32cm  281025 1500002.csv,2797,2778,2816,2025-10-28 15:29:06.331,2025-10-28 15:29:05.868,2025-10-28 15:29:06.810,0.9693,32.26,578.7
ARDG_AQUA bream630gr 32cm  281025 1500002.csv,2993,2974,3012,2025-10-28 15:29:11.242,2025-10-28 15:29:10.761,2025-10-28 15:29:11.722,0.9764,30.72,555.5
ARDG_AQUA bream630gr 32cm  281025 1500002.csv,3061,3042,3080,2025-10-28 15:29:12.953,2025-10-28 15:29:12.473,2025-10-28 15:29:13.416,0.9848,31.86,649.7
ARDG_AQUA bream630gr 32cm  281025 1500002.csv,3127,3108,3146,2025-10-28 15:29:14.640,2025-10-28 15:29:14.121,2025-10-28 15:29:15.080,0.9673,32.48,609.1
ARDG_AQUA bream630gr 32cm  281025 1500002.csv,3191,3172,3210,2025-10-28 15:29:16.201,2025-10-28 15:29:15.719,2025-10-28 15:29:16.685,0.9712,31.43,559.7
ARDG_AQUA bream630gr 32cm  281025 1500002.csv,3319,3300,3338,2025-10-28 15:29:19.400,2025-10-28 15:29:18.935,2025-10-28 15:29:19.879,0.9756,30.99,485.9
ARDG_AQUA bream630gr 32cm  281025 1500002.csv,3381,3362,3400,2025-10-28 15:29:20.950,2025-10-28 15:29:20.486,2025-10-28 15:29:21.430,0.9756,31.56,636.6
ARDG_AQUA bream630gr 32cm  281025 1500002.csv,3465,3446,3484,2025-10-28 15:29:23.062,2025-10-28 15:29:22.582,2025-10-28 15:29:23.525,0.9802,32.93,580.2
ARDG_AQUA bream630gr 32cm  281025 1500002.csv,3529,3510,3548,2025-10-28 15:29:24.666,2025-10-28 15:29:24.182,2025-10-28 15:29:25.161,0.9825,31.93,603.4
ARDG_AQUA bream630gr 32cm  281025 1500002.csv,3611,3592,3630,2025-10-28 15:29:26.708,2025-10-28 15:29:26.229,2025-10-28 15:29:27.192,0.5782,34.15,611.7
ARDG_AQUA bream630gr 32cm  281025 1500002.csv,3631,3612,3650,2025-10-28 15:29:27.204,2025-10-28 15:29:26.741,2025-10-28 15:29:27.684,0.9754,29.03,469.0
ARDG_AQUA bream630gr 32cm  281025 1500002.csv,3811,3792,3830,2025-10-28 15:29:31.714,2025-10-28 15:29:31.235,2025-10-28 15:29:32.205,0.9808,31.9,637.0
ARDG_AQUA bream630gr 32cm  281025 1500002.csv,3943,3924,3962,2025-10-28 15:29:35.026,2025-10-28 15:29:34.547,2025-10-28 15:29:35.491,0.982,32.91,605.8
ARDG_AQUA bream630gr 32cm  281025 1500002.csv,4017,3998,4036,2025-10-28 15:29:36.865,2025-10-28 15:29:36.402,2025-10-28 15:29:37.345,0.9732,28.81,486.7
ARDG_AQUA bream630gr 32cm  281025 1500002.csv,4105,4086,4124,2025-10-28 15:29:39.073,2025-10-28 15:29:38.593,2025-10-28 15:29:39.552,0.9649,30.34,496.6
ARDG_AQUA bream630gr 32cm  281025 1500002.csv,4169,4150,4188,2025-10-28 15:29:40.684,2025-10-28 15:29:40.211,2025-10-28 15:29:41.158,0.9812,30.17,585.6
ARDG_AQUA bream630gr 32cm  281025 1500002.csv,4255,4236,4274,2025-10-28 15:29:42.832,2025-10-28 15:29:42.350,2025-10-28 15:29:43.310,0.9756,32.73,608.8
ARDG_AQUA bream630gr 32cm  281025 1500002.csv,4343,4324,4362,2025-10-28 15:29:45.040,2025-10-28 15:29:44.559,2025-10-28 15:29:45.503,0.9857,31.32,667.0
ARDG_AQUA bream630gr 32cm  281025 1500002.csv,4435,4416,4454,2025-10-28 15:29:47.326,2025-10-28 15:29:46.863,2025-10-28 15:29:47.806,0.9727,33.53,618.2
ARDG_AQUA bream630gr 32cm  281025 1500002.csv,4539,4520,4558,2025-10-28 15:29:49.934,2025-10-28 15:29:49.454,2025-10-28 15:29:50.414,0.9844,32.17,695.4
ARDG_AQUA bream630gr 32cm  281025 1500002.csv,4559,4540,4578,2025-10-28 15:29:50.446,2025-10-28 15:29:49.966,2025-10-28 15:29:50.909,0.9449,28.13,432.8
ARDG_AQUA bream630gr 32cm  281025 1500002.csv,4793,4774,4812,2025-10-28 15:29:56.300,2025-10-28 15:29:55.820,2025-10-28 15:29:56.763,0.9464,33.44,601.9
ARDG_AQUA bream630gr 32cm  281025 1500002.csv,4873,4854,4892,2025-10-28 15:29:58.299,2025-10-28 15:29:57.820,2025-10-28 15:29:58.778,0.9665,33.5,603.5
ARDG_AQUA bream630gr 32cm  281025 1500002.csv,4949,4930,4968,2025-10-28 15:30:00.201,2025-10-28 15:29:59.719,2025-10-28 15:30:00.683,0.9848,32.75,600.6
ARDG_AQUA bream630gr 32cm  281025 1500002.csv,5019,5000,5038,2025-10-28 15:30:01.946,2025-10-28 15:30:01.483,2025-10-28 15:30:02.427,0.9765,29.71,498.9
ARDG_AQUA bream630gr 32cm  281025 1500002.csv,5113,5094,5132,2025-10-28 15:30:04.301,2025-10-28 15:30:03.833,2025-10-28 15:30:04.777,0.9504,32.57,580.1
ARDG_AQUA bream630gr 32cm  281025 1500002.csv,5211,5192,5230,2025-10-28 15:30:06.761,2025-10-28 15:30:06.281,2025-10-28 15:30:07.243,0.9804,31.74,558.7
ARDG_AQUA bream630gr 32cm  281025 1500002.csv,5301,5282,5320,2025-10-28 15:30:09.015,2025-10-28 15:30:08.535,2025-10-28 15:30:09.480,0.9781,32.5,528.6
ARDG_AQUA bream630gr 32cm  281025 1500002.csv,5399,5380,5418,2025-10-28 15:30:11.464,2025-10-28 15:30:10.984,2025-10-28 15:30:11.943,0.968,30.89,517.5
ARDG_AQUA bream630gr 32cm  281025 1500002.csv,5473,5454,5492,2025-10-28 15:30:13.317,2025-10-28 15:30:12.838,2025-10-28 15:30:13.800,0.9536,32.98,583.5
ARDG_AQUA bream630gr 32cm  281025 1500002.csv,5553,5534,5572,2025-10-28 15:30:15.316,2025-10-28 15:30:14.837,2025-10-28 15:30:15.797,0.9635,31.31,588.3
ARDG_AQUA bream630gr 32cm  281025 1500002.csv,5649,5630,5668,2025-10-28 15:30:17.727,2025-10-28 15:30:17.253,2025-10-28 15:30:18.197,0.9495,32.29,589.1
ARDG_AQUA bream630gr 32cm  281025 1500002.csv,5719,5700,5738,2025-10-28 15:30:19.477,2025-10-28 15:30:18.997,2025-10-28 15:30:19.957,0.9662,30.53,508.9
ARDG_AQUA bream630gr 32cm  281025 1500002.csv,5869,5850,5888,2025-10-28 15:30:23.260,2025-10-28 15:30:22.756,2025-10-28 15:30:23.702,0.975,31.38,537.4
