recording_file,sample_mid,is_positive,gt_length_cm,pred_length_cm,gt_weight_g,pred_weight_g,presence_prob,pred_present
ARDG_AQUA bream350 gr27cm  281025 1548002.csv,6386,0,0.0,24.2,0.0,233.1,0.1526,0
ARDG_AQUA bream 150gr 21 sm  281025 1132002.csv,4056,0,0.0,21.87,0.0,153.0,0.0,0
ARDG_AQUA bream 580gr 30 sm  281025 1254003.csv,7132,0,0.0,26.12,0.0,446.5,0.009,0
ARDG_AQUA bream 580gr 30 sm  281025 1254002.csv,2629,1,30.0,30.46,580.0,595.2,0.9773,1
ARDG_AQUA bream 390gr 26cm  281025 1325003.csv,1339,0,0.0,20.84,0.0,188.0,0.0,0
ARDG_AQUA bream620 gr31cm  281025 1618003.csv,4512,0,0.0,26.52,0.0,244.0,0.0,0
ARDG_AQUA bream620 gr31cm  281025 1618003.csv,2898,0,0.0,27.09,0.0,278.6,0.0,0
ARDG_AQUA bream500gr 30cm  281025 1500002.csv,1464,0,0.0,21.62,0.0,260.2,0.0,0
ARDG_AQUA bream 150gr 21 sm  281025 1132004.csv,8138,0,0.0,22.07,0.0,136.3,1e-04,0
ARDG_AQUA bream 150gr 21 sm  281025 1132004.csv,4338,0,0.0,23.16,0.0,159.0,0.0,0
ARDG_AQUA bream150gr21cm  281025 1548002.csv,2590,0,0.0,23.78,0.0,146.5,0.0003,0
ARDG_AQUA bream 390gr 26cm  281025 1325005.csv,463,0,0.0,23.21,0.0,239.1,0.0,0
ARDG_AQUA bream 390gr 26cm  281025 1325005.csv,10392,0,0.0,20.4,0.0,149.6,0.0412,0
ARDG_AQUA bream 150gr 21 sm  281025 1132004.csv,8114,0,0.0,22.63,0.0,140.6,0.0,0
ARDG_AQUA bream 150gr 21 sm  281025 1132004.csv,9007,1,21.0,20.97,150.0,150.4,0.9374,1
ARDG_AQUA bream 310gr 23 sm  281025 1233003.csv,947,0,0.0,20.71,0.0,112.5,0.0,0
ARDG_AQUA bream 390gr 26cm  281025 1325005.csv,9764,0,0.0,22.78,0.0,262.9,0.0,0
ARDG_AQUA bream 580gr 30 sm  281025 1254002.csv,7164,0,0.0,20.52,0.0,173.1,0.0,0
ARDG_AQUA bream 150gr 21 sm  281025 1132004.csv,3850,0,0.0,22.93,0.0,148.8,0.0,0
ARDG_AQUA bream 580gr 30 sm  281025 1254003.csv,6865,0,0.0,28.64,0.0,435.9,0.0416,0
ARDG_AQUA bream150gr21cm  281025 1548002.csv,322,0,0.0,21.62,0.0,151.1,0.0,0
ARDG_AQUA bream 150gr 21 sm  281025 1132004.csv,6215,0,0.0,23.04,0.0,162.0,0.0,0
ARDG_AQUA bream556gr 30cm  281025 1500002.csv,4482,0,0.0,28.37,0.0,479.8,0.0005,0
ARDG_AQUA bream 630gr 31cm  281025 1400002.csv,11714,0,0.0,23.75,0.0,190.7,0.0,0
ARDG_AQUA bream150gr21cm  281025 1548002.csv,3327,0,0.0,24.12,0.0,210.2,0.0,0
ARDG_AQUA bream 580gr 30 sm  281025 1254002.csv,7050,0,0.0,21.27,0.0,169.4,0.0,0
ARDG_AQUA bream 630gr 31cm  281025 1400002.csv,8636,0,0.0,23.5,0.0,151.0,0.0,0
ARDG_AQUA bream556gr 30cm  281025 1500002.csv,7603,0,0.0,24.88,0.0,205.6,0.0,0
ARDG_AQUA bream 150gr 21 sm  281025 1132004.csv,2289,0,0.0,21.76,0.0,129.1,0.0012,0
ARDG_AQUA bream620 gr31cm  281025 1618003.csv,9180,1,31.0,30.38,620.0,602.5,0.9731,1
ARDG_AQUA bream 150gr 21 sm  281025 1132002.csv,9757,0,0.0,22.32,0.0,135.0,0.0,0
ARDG_AQUA bream 150gr 21 sm  281025 1132004.csv,4324,0,0.0,23.01,0.0,155.5,0.0,0
ARDG_AQUA bream 310gr 23 sm  281025 1233002.csv,3640,1,23.0,22.54,310.0,299.2,0.9473,1
ARDG_AQUA bream500gr 30cm  281025 1500003.csv,1105,0,0.0,22.12,0.0,157.6,0.0,0
ARDG_AQUA bream150gr21cm  281025 1548002.csv,6993,0,0.0,24.17,0.0,223.9,0.0,0
ARDG_AQUA bream556gr 30cm  281025 1500002.csv,8510,0,0.0,25.32,0.0,268.3,0.0,0
ARDG_AQUA bream 280gr 24cm  281025 1425002.csv,3959,0,0.0,21.66,0.0,187.7,0.0,0
ARDG_AQUA bream 680gr 33 sm  281025 1208003.csv,11261,0,0.0,22.03,0.0,125.5,0.0,0
ARDG_AQUA bream556gr 30cm  281025 1500002.csv,9874,0,0.0,27.02,0.0,239.3,0.0,0
ARDG_AQUA bream 280gr 24cm  281025 1425002.csv,2063,0,0.0,22.61,0.0,111.1,0.0,0
ARDG_AQUA bream 580gr 30 sm  281025 1254003.csv,5373,0,0.0,31.56,0.0,516.2,0.1983,0
ARDG_AQUA bream620 gr31cm  281025 1618003.csv,5815,0,0.0,22.45,0.0,162.2,1e-04,0
ARDG_AQUA bream 390gr 26cm  281025 1325005.csv,10975,0,0.0,20.71,0.0,149.0,0.0,0
ARDG_AQUA bream 150gr 21 sm  281025 1132002.csv,7919,0,0.0,23.26,0.0,160.9,0.0,0
ARDG_AQUA bream 680gr 33 sm  281025 1208003.csv,1052,0,0.0,21.38,0.0,127.5,0.0002,0
ARDG_AQUA bream 150gr 21 sm  281025 1132002.csv,10102,0,0.0,22.59,0.0,130.4,0.0,0
ARDG_AQUA bream500gr 30cm  281025 1500002.csv,7915,0,0.0,21.4,0.0,116.5,0.0,0
ARDG_AQUA bream 580gr 30 sm  281025 1254003.csv,8476,0,0.0,22.08,0.0,91.6,0.0,0
ARDG_AQUA bream150gr21cm  281025 1548002.csv,4345,0,0.0,24.8,0.0,162.5,0.0,0
ARDG_AQUA bream 390gr 26cm  281025 1325003.csv,4870,0,0.0,20.28,0.0,162.1,0.0,0
ARDG_AQUA bream150gr21cm  281025 1548002.csv,1837,0,0.0,24.12,0.0,281.2,0.7861,1
ARDG_AQUA bream556gr 30cm  281025 1500002.csv,7906,0,0.0,27.42,0.0,472.3,1e-04,0
ARDG_AQUA bream500gr 30cm  281025 1500002.csv,4047,0,0.0,24.21,0.0,229.3,0.0,0
ARDG_AQUA bream 630gr 31cm  281025 1400002.csv,2154,1,31.0,30.72,630.0,721.5,0.9833,1
ARDG_AQUA bream 580gr 30 sm  281025 1254002.csv,11703,0,0.0,21.86,0.0,205.7,0.0,0
ARDG_AQUA bream 150gr 21 sm  281025 1132004.csv,2506,1,21.0,21.1,150.0,142.8,0.9286,1
ARDG_AQUA bream 150gr 21 sm  281025 1132004.csv,7845,0,0.0,21.05,0.0,161.5,0.6414,1
ARDG_AQUA bream 800gr 36cm  281025 1453002.csv,4253,0,0.0,35.91,0.0,689.4,0.361,0
ARDG_AQUA bream350 gr27cm  281025 1548002.csv,4388,0,0.0,23.04,0.0,212.8,0.0,0
ARDG_AQUA bream 800gr 36cm  281025 1453002.csv,2757,0,0.0,26.93,0.0,353.0,0.0,0
ARDG_AQUA bream 580gr 30 sm  281025 1254002.csv,7178,0,0.0,20.24,0.0,183.3,0.0,0
ARDG_AQUA bream 150gr 21 sm  281025 1132004.csv,2071,0,0.0,23.02,0.0,142.6,0.0,0
ARDG_AQUA bream500gr 30cm  281025 1500003.csv,2731,1,30.0,32.01,500.0,529.5,0.8759,1
ARDG_AQUA bream 630gr 31cm  281025 1400002.csv,7501,1,31.0,31.01,630.0,643.3,0.983,1
ARDG_AQUA bream556gr 30cm  281025 1500002.csv,5946,0,0.0,29.43,0.0,469.2,0.5268,1
ARDG_AQUA bream 580gr 30 sm  281025 1254003.csv,6969,1,30.0,27.65,580.0,500.7,0.9754,1
ARDG_AQUA bream556gr 30cm  281025 1500002.csv,238,1,30.0,30.85,556.0,571.8,0.9507,1
ARDG_AQUA bream150gr21cm  281025 1548002.csv,24,0,0.0,23.01,0.0,163.8,0.0,0
ARDG_AQUA bream 150gr 21 sm  281025 1132002.csv,2047,0,0.0,22.57,0.0,168.3,0.0,0
ARDG_AQUA bream556gr 30cm  281025 1500002.csv,5638,0,0.0,28.79,0.0,515.9,0.3544,0
ARDG_AQUA bream 630gr 31cm  281025 1400002.csv,11729,0,0.0,23.55,0.0,111.7,0.0,0
ARDG_AQUA bream150gr21cm  281025 1548002.csv,7617,0,0.0,24.23,0.0,175.4,0.0,0
ARDG_AQUA bream 800gr 36cm  281025 1453002.csv,3888,0,0.0,33.38,0.0,698.7,0.9557,1
ARDG_AQUA bream 390gr 26cm  281025 1325005.csv,9789,0,0.0,21.26,0.0,118.6,1e-04,0
ARDG_AQUA bream 310gr 23 sm  281025 1233002.csv,10607,0,0.0,21.63,0.0,77.9,0.0,0
ARDG_AQUA bream500gr 30cm  281025 1500002.csv,10079,0,0.0,24.44,0.0,240.7,0.0,0
ARDG_AQUA bream 580gr 30 sm  281025 1254003.csv,6580,0,0.0,20.86,0.0,136.7,0.0,0
ARDG_AQUA bream 800gr 36cm  281025 1453002.csv,4057,0,0.0,25.43,0.0,273.0,0.0,0
ARDG_AQUA bream556gr 30cm  281025 1500002.csv,6834,0,0.0,29.65,0.0,508.9,0.9715,1
ARDG_AQUA bream 390gr 26cm  281025 1325003.csv,11730,0,0.0,20.06,0.0,91.9,0.003,0
ARDG_AQUA bream 800gr 36cm  281025 1453002.csv,492,0,0.0,34.43,0.0,784.2,0.9574,1
ARDG_AQUA bream 680gr 33 sm  281025 1208003.csv,4051,1,33.0,32.53,680.0,669.5,0.9904,1
ARDG_AQUA bream 150gr 21 sm  281025 1132002.csv,12048,0,0.0,22.66,0.0,128.5,0.0,0
ARDG_AQUA bream 390gr 26cm  281025 1325005.csv,829,1,26.0,25.5,390.0,402.9,0.9736,1
ARDG_AQUA bream 580gr 30 sm  281025 1254003.csv,9587,0,0.0,20.41,0.0,147.3,0.0,0
ARDG_AQUA bream620 gr31cm  281025 1618003.csv,8090,1,31.0,29.84,620.0,501.9,0.9414,1
ARDG_AQUA bream 680gr 33 sm  281025 1208003.csv,7325,1,33.0,31.17,680.0,672.8,0.9854,1
ARDG_AQUA bream 150gr 21 sm  281025 1132004.csv,5921,0,0.0,22.7,0.0,134.7,0.0,0
ARDG_AQUA bream 390gr 26cm  281025 1325005.csv,11243,0,0.0,23.47,0.0,169.7,0.0,0
ARDG_AQUA bream 580gr 30 sm  281025 1254003.csv,9845,1,30.0,28.64,580.0,489.9,0.9628,1
ARDG_AQUA bream620 gr31cm  281025 1618004.csv,1041,1,31.0,31.53,620.0,592.8,0.9694,1
ARDG_AQUA bream500gr 30cm  281025 1500003.csv,390,0,0.0,21.85,0.0,249.4,0.0,0
ARDG_AQUA bream500gr 30cm  281025 1500002.csv,878,0,0.0,24.3,0.0,202.6,0.0,0
ARDG_AQUA bream 280gr 24cm  281025 1425002.csv,3992,0,0.0,23.64,0.0,174.9,0.0,0
ARDG_AQUA bream350 gr27cm  281025 1548002.csv,4415,0,0.0,22.55,0.0,121.3,0.0,0
ARDG_AQUA bream150gr21cm  281025 1548002.csv,8541,0,0.0,25.12,0.0,191.5,0.0,0
ARDG_AQUA bream 630gr 31cm  281025 1400002.csv,7069,1,31.0,31.76,630.0,634.9,0.9096,1
ARDG_AQUA bream 580gr 30 sm  281025 1254003.csv,3904,0,0.0,23.77,0.0,350.5,0.0,0
ARDG_AQUA bream 390gr 26cm  281025 1325003.csv,3583,0,0.0,21.27,0.0,132.0,0.0,0
ARDG_AQUA bream 680gr 33 sm  281025 1208003.csv,9190,0,0.0,22.09,0.0,172.9,0.0,0
ARDG_AQUA bream500gr 30cm  281025 1500002.csv,3200,0,0.0,24.08,0.0,215.7,0.0,0
ARDG_AQUA bream 580gr 30 sm  281025 1254003.csv,1807,0,0.0,29.19,0.0,597.9,0.88,1
ARDG_AQUA bream150gr21cm  281025 1548002.csv,3930,0,0.0,25.16,0.0,242.0,0.0,0
ARDG_AQUA bream150gr21cm  281025 1548002.csv,564,0,0.0,21.0,0.0,112.0,0.0003,0
ARDG_AQUA bream 580gr 30 sm  281025 1254003.csv,6578,0,0.0,20.91,0.0,135.1,0.0,0
ARDG_AQUA bream 150gr 21 sm  281025 1132004.csv,8644,0,0.0,22.58,0.0,156.8,0.0,0
ARDG_AQUA bream556gr 30cm  281025 1500002.csv,5009,0,0.0,25.36,0.0,297.1,0.0,0
ARDG_AQUA bream 390gr 26cm  281025 1325005.csv,6082,0,0.0,21.57,0.0,142.0,0.0,0
ARDG_AQUA bream 580gr 30 sm  281025 1254003.csv,3152,0,0.0,21.58,0.0,165.1,0.0,0
ARDG_AQUA bream 150gr 21 sm  281025 1132002.csv,6725,0,0.0,22.9,0.0,162.9,0.0,0
ARDG_AQUA bream 580gr 30 sm  281025 1254003.csv,7026,1,30.0,30.02,580.0,580.0,0.977,1
ARDG_AQUA bream500gr 30cm  281025 1500002.csv,999,0,0.0,22.88,0.0,245.2,0.0,0
ARDG_AQUA bream 580gr 30 sm  281025 1254003.csv,6579,0,0.0,21.28,0.0,142.5,0.0,0
ARDG_AQUA bream 680gr 33 sm  281025 1208003.csv,2075,1,33.0,32.98,680.0,680.1,0.9931,1
ARDG_AQUA bream620 gr31cm  281025 1618003.csv,3198,0,0.0,21.69,0.0,169.7,0.0,0
ARDG_AQUA bream 310gr 23 sm  281025 1233003.csv,1091,0,0.0,21.42,0.0,138.3,0.0,0
ARDG_AQUA bream 150gr 21 sm  281025 1132004.csv,10359,0,0.0,22.74,0.0,159.9,0.0,0
ARDG_AQUA bream620 gr31cm  281025 1618003.csv,4504,0,0.0,26.52,0.0,242.8,0.0,0
ARDG_AQUA bream 150gr 21 sm  281025 1132004.csv,10101,1,21.0,20.7,150.0,140.9,0.9356,1
ARDG_AQUA bream556gr 30cm  281025 1500002.csv,1023,1,30.0,29.74,556.0,553.6,0.9835,1
ARDG_AQUA bream500gr 30cm  281025 1500002.csv,6013,0,0.0,22.31,0.0,180.9,0.0,0
ARDG_AQUA bream 630gr 31cm  281025 1400002.csv,24,0,0.0,23.69,0.0,189.8,0.0,0
ARDG_AQUA bream 150gr 21 sm  281025 1132004.csv,3532,0,0.0,22.35,0.0,154.0,1e-04,0
ARDG_AQUA bream 280gr 24cm  281025 1425002.csv,1362,0,0.0,24.11,0.0,288.6,0.7136,1
ARDG_AQUA bream 800gr 36cm  281025 1453002.csv,3878,0,0.0,34.16,0.0,735.7,0.6619,1
ARDG_AQUA bream 390gr 26cm  281025 1325005.csv,1602,1,26.0,25.47,390.0,380.1,0.9752,1
ARDG_AQUA bream620 gr31cm  281025 1618003.csv,11689,1,31.0,30.98,620.0,594.2,0.9757,1
ARDG_AQUA bream 630gr 31cm  281025 1400002.csv,8136,1,31.0,31.47,630.0,620.9,0.9521,1
ARDG_AQUA bream 150gr 21 sm  281025 1132004.csv,6805,0,0.0,21.87,0.0,140.3,0.0002,0
ARDG_AQUA bream 150gr 21 sm  281025 1132004.csv,1339,0,0.0,22.7,0.0,165.1,0.0,0
ARDG_AQUA bream 280gr 24cm  281025 1425002.csv,1771,1,24.0,24.3,280.0,275.6,0.9535,1
ARDG_AQUA bream 150gr 21 sm  281025 1132004.csv,8249,0,0.0,22.76,0.0,149.1,0.0,0
ARDG_AQUA bream 580gr 30 sm  281025 1254003.csv,6529,0,0.0,24.17,0.0,409.5,0.6836,1
ARDG_AQUA bream150gr21cm  281025 1548002.csv,4394,0,0.0,23.4,0.0,149.3,0.0,0
ARDG_AQUA bream 390gr 26cm  281025 1325005.csv,10703,0,0.0,27.77,0.0,482.9,0.1606,0
ARDG_AQUA bream 310gr 23 sm  281025 1233002.csv,7408,1,23.0,23.72,310.0,394.1,0.9445,1
ARDG_AQUA bream 580gr 30 sm  281025 1254003.csv,5448,0,0.0,31.28,0.0,546.7,0.0628,0
ARDG_AQUA bream630gr 32cm  281025 1500002.csv,5722,1,32.0,30.56,630.0,573.8,0.9728,1
ARDG_AQUA bream 630gr 31cm  281025 1400002.csv,6842,0,0.0,24.41,0.0,169.9,0.0,0
ARDG_AQUA bream500gr 30cm  281025 1500002.csv,6023,0,0.0,21.9,0.0,148.8,0.0,0
ARDG_AQUA bream 630gr 31cm  281025 1400002.csv,4819,1,31.0,30.25,630.0,592.6,0.9798,1
ARDG_AQUA bream630gr 32cm  281025 1500002.csv,384,1,32.0,32.3,630.0,621.1,0.9766,1
ARDG_AQUA bream630gr 32cm  281025 1500002.csv,2459,1,32.0,31.08,630.0,605.1,0.9751,1
ARDG_AQUA bream 150gr 21 sm  281025 1132004.csv,475,0,0.0,21.1,0.0,136.0,0.1989,0
ARDG_AQUA bream500gr 30cm  281025 1500003.csv,1125,0,0.0,21.78,0.0,215.3,0.0,0
ARDG_AQUA bream 280gr 24cm  281025 1425002.csv,5562,0,0.0,22.69,0.0,173.4,0.0,0
ARDG_AQUA bream 150gr 21 sm  281025 1132002.csv,9999,0,0.0,22.74,0.0,152.6,0.0,0
ARDG_AQUA bream 390gr 26cm  281025 1325003.csv,11865,0,0.0,21.96,0.0,121.3,0.0002,0
ARDG_AQUA bream 630gr 31cm  281025 1400002.csv,2065,0,0.0,22.29,0.0,189.1,0.0,0
ARDG_AQUA bream 150gr 21 sm  281025 1132004.csv,2883,0,0.0,22.12,0.0,138.2,0.0,0
ARDG_AQUA bream556gr 30cm  281025 1500002.csv,3000,1,30.0,28.24,556.0,528.8,0.9606,1
ARDG_AQUA bream 150gr 21 sm  281025 1132002.csv,7917,0,0.0,23.07,0.0,164.0,0.0,0
ARDG_AQUA bream150gr21cm  281025 1548002.csv,1832,0,0.0,24.38,0.0,295.1,0.7079,1
ARDG_AQUA bream 390gr 26cm  281025 1325005.csv,5887,0,0.0,22.58,0.0,235.6,0.0,0
ARDG_AQUA bream 150gr 21 sm  281025 1132002.csv,487,0,0.0,22.71,0.0,148.5,0.0,0
ARDG_AQUA bream500gr 30cm  281025 1500002.csv,8774,0,0.0,21.86,0.0,152.4,0.0,0
ARDG_AQUA bream150gr21cm  281025 1548002.csv,925,0,0.0,23.32,0.0,196.2,0.0,0
ARDG_AQUA bream 390gr 26cm  281025 1325005.csv,3787,1,26.0,26.01,390.0,383.5,0.9717,1
ARDG_AQUA bream 680gr 33 sm  281025 1208003.csv,5969,0,0.0,20.99,0.0,145.6,0.0399,0
ARDG_AQUA bream 280gr 24cm  281025 1425002.csv,4102,0,0.0,24.43,0.0,188.2,0.0,0
ARDG_AQUA bream 150gr 21 sm  281025 1132002.csv,7396,0,0.0,22.9,0.0,150.7,0.0,0
ARDG_AQUA bream 150gr 21 sm  281025 1132002.csv,6613,0,0.0,22.94,0.0,151.1,0.0,0
ARDG_AQUA bream 800gr 36cm  281025 1453002.csv,388,0,0.0,32.74,0.0,658.1,0.9755,1
ARDG_AQUA bream 150gr 21 sm  281025 1132004.csv,10987,0,0.0,22.22,0.0,130.7,0.0,0
ARDG_AQUA bream500gr 30cm  281025 1500002.csv,5991,0,0.0,22.57,0.0,111.1,0.0,0
ARDG_AQUA bream 390gr 26cm  281025 1325005.csv,1058,1,26.0,26.69,390.0,390.0,0.9335,1
ARDG_AQUA bream150gr21cm  281025 1548002.csv,8685,0,0.0,23.78,0.0,199.3,0.0,0
ARDG_AQUA bream 310gr 23 sm  281025 1233002.csv,2583,1,23.0,23.07,310.0,304.4,0.9635,1
ARDG_AQUA bream150gr21cm  281025 1548002.csv,227,0,0.0,20.85,0.0,113.3,0.0,0
ARDG_AQUA bream 310gr 23 sm  281025 1233002.csv,9284,1,23.0,22.1,310.0,286.7,0.9776,1
ARDG_AQUA bream 800gr 36cm  281025 1453002.csv,870,0,0.0,26.4,0.0,290.7,0.0,0
ARDG_AQUA bream 150gr 21 sm  281025 1132004.csv,6305,0,0.0,22.39,0.0,155.4,0.0,0
ARDG_AQUA bream 150gr 21 sm  281025 1132004.csv,10230,0,0.0,21.59,0.0,135.4,0.0829,0
ARDG_AQUA bream 150gr 21 sm  281025 1132002.csv,7616,0,0.0,22.59,0.0,146.2,0.0,0
ARDG_AQUA bream 680gr 33 sm  281025 1208003.csv,9334,1,33.0,31.66,680.0,650.2,0.9927,1
ARDG_AQUA bream 800gr 36cm  281025 1453002.csv,3959,0,0.0,34.07,0.0,714.6,0.0246,0
ARDG_AQUA bream 630gr 31cm  281025 1400002.csv,9439,1,31.0,30.96,630.0,625.5,0.9686,1
ARDG_AQUA bream 390gr 26cm  281025 1325005.csv,10967,0,0.0,20.03,0.0,133.0,0.0,0
ARDG_AQUA bream 800gr 36cm  281025 1453002.csv,280,0,0.0,23.43,0.0,205.9,0.0,0
ARDG_AQUA bream 580gr 30 sm  281025 1254002.csv,381,1,30.0,28.47,580.0,576.1,0.9806,1
ARDG_AQUA bream 150gr 21 sm  281025 1132004.csv,2187,0,0.0,21.76,0.0,144.0,0.0003,0
ARDG_AQUA bream500gr 30cm  281025 1500002.csv,9145,0,0.0,23.52,0.0,215.6,0.0,0
ARDG_AQUA bream 680gr 33 sm  281025 1208003.csv,717,0,0.0,22.19,0.0,238.3,0.0004,0
ARDG_AQUA bream500gr 30cm  281025 1500002.csv,5788,0,0.0,23.98,0.0,204.9,0.0,0
ARDG_AQUA bream556gr 30cm  281025 1500002.csv,8335,0,0.0,27.94,0.0,519.8,0.0498,0
ARDG_AQUA bream500gr 30cm  281025 1500003.csv,1258,0,0.0,24.93,0.0,276.6,0.0,0
ARDG_AQUA bream 310gr 23 sm  281025 1233002.csv,7960,1,23.0,22.5,310.0,297.8,0.9609,1
ARDG_AQUA bream500gr 30cm  281025 1500002.csv,2461,0,0.0,21.7,0.0,188.7,0.0,0
ARDG_AQUA bream556gr 30cm  281025 1500002.csv,5645,0,0.0,29.6,0.0,453.0,0.0089,0
ARDG_AQUA bream 680gr 33 sm  281025 1208003.csv,6904,1,33.0,29.95,680.0,664.3,0.985,1
ARDG_AQUA bream 150gr 21 sm  281025 1132002.csv,11007,0,0.0,22.89,0.0,135.5,0.0,0
ARDG_AQUA bream556gr 30cm  281025 1500002.csv,5355,0,0.0,25.18,0.0,223.5,0.0,0
ARDG_AQUA bream 580gr 30 sm  281025 1254003.csv,2151,0,0.0,30.79,0.0,563.4,0.8075,1
ARDG_AQUA bream500gr 30cm  281025 1500002.csv,10103,0,0.0,22.46,0.0,194.7,0.0,0
ARDG_AQUA bream620 gr31cm  281025 1618003.csv,5803,0,0.0,22.28,0.0,182.5,0.0003,0
ARDG_AQUA bream500gr 30cm  281025 1500002.csv,5886,0,0.0,23.49,0.0,159.5,0.0,0
ARDG_AQUA bream150gr21cm  281025 1548002.csv,320,0,0.0,21.58,0.0,173.6,0.0,0
ARDG_AQUA bream 580gr 30 sm  281025 1254002.csv,5435,1,30.0,29.04,580.0,538.9,0.9677,1
ARDG_AQUA bream556gr 30cm  281025 1500002.csv,11086,0,0.0,29.72,0.0,533.6,0.0256,0
ARDG_AQUA bream620 gr31cm  281025 1618003.csv,11516,0,0.0,22.13,0.0,113.4,0.0,0
ARDG_AQUA bream150gr21cm  281025 1548002.csv,6959,0,0.0,22.25,0.0,270.5,0.0022,0
ARDG_AQUA bream630gr 32cm  281025 1500002.csv,213,1,32.0,32.15,630.0,629.3,0.9747,1
ARDG_AQUA bream150gr21cm  281025 1548002.csv,3597,0,0.0,24.93,0.0,250.1,0.0,0
ARDG_AQUA bream500gr 30cm  281025 1500002.csv,7930,0,0.0,21.9,0.0,173.4,0.0,0
ARDG_AQUA bream 680gr 33 sm  281025 1208003.csv,5814,1,33.0,32.87,680.0,686.4,0.9893,1
ARDG_AQUA bream500gr 30cm  281025 1500003.csv,5773,0,0.0,22.87,0.0,267.5,0.0,0
ARDG_AQUA bream 150gr 21 sm  281025 1132004.csv,1830,0,0.0,22.19,0.0,140.9,0.0,0
ARDG_AQUA bream556gr 30cm  281025 1500002.csv,6908,0,0.0,29.4,0.0,483.8,0.5041,1
ARDG_AQUA bream 580gr 30 sm  281025 1254003.csv,11144,0,0.0,22.91,0.0,157.0,0.0,0
ARDG_AQUA bream 340gr 27cm  281025 1415002.csv,828,0,0.0,22.1,0.0,134.6,0.0,0
ARDG_AQUA bream 680gr 33 sm  281025 1208003.csv,5507,0,0.0,22.17,0.0,184.4,0.0,0
ARDG_AQUA bream620 gr31cm  281025 1618004.csv,249,0,0.0,22.11,0.0,75.0,0.0,0
ARDG_AQUA bream500gr 30cm  281025 1500002.csv,979,0,0.0,21.93,0.0,226.0,0.0,0
ARDG_AQUA bream 390gr 26cm  281025 1325003.csv,11657,0,0.0,21.83,0.0,156.8,0.0,0
ARDG_AQUA bream556gr 30cm  281025 1500002.csv,3691,0,0.0,25.19,0.0,241.8,0.0025,0
ARDG_AQUA bream556gr 30cm  281025 1500002.csv,5025,0,0.0,27.0,0.0,294.1,0.0,0
ARDG_AQUA bream500gr 30cm  281025 1500003.csv,25,0,0.0,22.92,0.0,204.5,0.0,0
ARDG_AQUA bream556gr 30cm  281025 1500002.csv,439,0,0.0,24.56,0.0,223.6,0.0002,0
ARDG_AQUA bream500gr 30cm  281025 1500002.csv,5928,0,0.0,23.43,0.0,165.9,0.0,0
ARDG_AQUA bream556gr 30cm  281025 1500002.csv,6620,0,0.0,30.65,0.0,535.4,0.9632,1
ARDG_AQUA bream 280gr 24cm  281025 1425002.csv,4004,0,0.0,22.44,0.0,120.6,0.0,0
ARDG_AQUA bream500gr 30cm  281025 1500002.csv,8287,0,0.0,22.45,0.0,163.4,0.0,0
ARDG_AQUA bream 680gr 33 sm  281025 1208003.csv,10427,0,0.0,21.56,0.0,184.6,1e-04,0
ARDG_AQUA bream150gr21cm  281025 1548002.csv,4910,0,0.0,22.08,0.0,185.3,0.0027,0
ARDG_AQUA bream 150gr 21 sm  281025 1132004.csv,8133,0,0.0,21.97,0.0,130.7,0.0,0
ARDG_AQUA bream500gr 30cm  281025 1500002.csv,4027,0,0.0,24.89,0.0,162.8,0.0,0
ARDG_AQUA bream 580gr 30 sm  281025 1254003.csv,1935,0,0.0,28.97,0.0,552.4,0.7891,1
ARDG_AQUA bream 150gr 21 sm  281025 1132004.csv,9432,0,0.0,22.02,0.0,159.2,0.0002,0
ARDG_AQUA bream 580gr 30 sm  281025 1254002.csv,8299,1,30.0,30.82,580.0,618.7,0.9684,1
ARDG_AQUA bream 310gr 23 sm  281025 1233002.csv,4266,1,23.0,22.41,310.0,303.4,0.9505,1
ARDG_AQUA bream 150gr 21 sm  281025 1132004.csv,7501,0,0.0,23.06,0.0,144.4,0.0,0
ARDG_AQUA bream500gr 30cm  281025 1500002.csv,6020,0,0.0,22.81,0.0,198.0,0.0,0
ARDG_AQUA bream 580gr 30 sm  281025 1254002.csv,3980,1,30.0,30.21,580.0,548.2,0.9803,1
ARDG_AQUA bream500gr 30cm  281025 1500002.csv,7951,0,0.0,21.54,0.0,147.4,0.0,0
ARDG_AQUA bream 800gr 36cm  281025 1453002.csv,3945,0,0.0,35.54,0.0,778.5,0.9556,1
ARDG_AQUA bream 630gr 31cm  281025 1400002.csv,10413,1,31.0,29.48,630.0,588.5,0.9747,1
ARDG_AQUA bream 280gr 24cm  281025 1425002.csv,30,0,0.0,23.57,0.0,159.8,0.0,0
ARDG_AQUA bream 310gr 23 sm  281025 1233002.csv,8036,0,0.0,22.19,0.0,142.1,0.0,0
ARDG_AQUA bream 680gr 33 sm  281025 1208003.csv,8758,1,33.0,30.82,680.0,675.2,0.9788,1
ARDG_AQUA bream 150gr 21 sm  281025 1132002.csv,10143,0,0.0,22.24,0.0,131.8,0.0026,0
ARDG_AQUA bream150gr21cm  281025 1548002.csv,2616,0,0.0,23.91,0.0,210.8,0.0,0
ARDG_AQUA bream556gr 30cm  281025 1500002.csv,5657,0,0.0,26.79,0.0,386.0,0.0,0
ARDG_AQUA bream150gr21cm  281025 1548002.csv,5182,0,0.0,22.34,0.0,188.5,0.0584,0
ARDG_AQUA bream556gr 30cm  281025 1500002.csv,8206,0,0.0,24.36,0.0,256.4,0.048,0
ARDG_AQUA bream620 gr31cm  281025 1618003.csv,11232,1,31.0,31.03,620.0,614.5,0.9797,1
ARDG_AQUA bream630gr 32cm  281025 1500002.csv,5793,0,0.0,22.87,0.0,230.1,0.0,0
ARDG_AQUA bream 280gr 24cm  281025 1425002.csv,2641,1,24.0,24.42,280.0,269.6,0.9651,1
ARDG_AQUA bream 390gr 26cm  281025 1325003.csv,8801,1,26.0,27.15,390.0,412.6,0.9474,1
ARDG_AQUA bream630gr 32cm  281025 1500002.csv,2175,1,32.0,30.77,630.0,512.8,0.9667,1
ARDG_AQUA bream556gr 30cm  281025 1500002.csv,6980,0,0.0,28.77,0.0,555.9,0.0006,0
ARDG_AQUA bream 580gr 30 sm  281025 1254003.csv,4179,1,30.0,31.31,580.0,591.5,0.9705,1
ARDG_AQUA bream556gr 30cm  281025 1500002.csv,11721,0,0.0,29.28,0.0,519.3,0.1971,0
ARDG_AQUA bream 150gr 21 sm  281025 1132004.csv,10247,0,0.0,22.65,0.0,158.1,0.0,0
ARDG_AQUA bream556gr 30cm  281025 1500002.csv,3159,0,0.0,23.0,0.0,271.0,1e-04,0
ARDG_AQUA bream556gr 30cm  281025 1500003.csv,31,0,0.0,25.54,0.0,255.6,0.0,0
ARDG_AQUA bream556gr 30cm  281025 1500002.csv,10786,0,0.0,29.79,0.0,467.5,0.057,0
ARDG_AQUA bream 150gr 21 sm  281025 1132004.csv,9450,0,0.0,21.64,0.0,156.1,0.7492,1
ARDG_AQUA bream620 gr31cm  281025 1618003.csv,987,0,0.0,23.23,0.0,260.4,0.0,0
ARDG_AQUA bream500gr 30cm  281025 1500002.csv,2431,0,0.0,22.97,0.0,162.5,0.0,0
ARDG_AQUA bream 150gr 21 sm  281025 1132002.csv,11541,0,0.0,22.6,0.0,127.2,0.0,0
ARDG_AQUA bream 800gr 36cm  281025 1453002.csv,3882,0,0.0,34.73,0.0,752.0,0.9499,1
ARDG_AQUA bream556gr 30cm  281025 1500002.csv,5279,0,0.0,24.65,0.0,281.4,0.0014,0
ARDG_AQUA bream556gr 30cm  281025 1500002.csv,6242,0,0.0,25.45,0.0,216.8,0.0,0
ARDG_AQUA bream 800gr 36cm  281025 1453002.csv,3224,0,0.0,31.34,0.0,558.3,0.0044,0
ARDG_AQUA bream 580gr 30 sm  281025 1254002.csv,6450,0,0.0,30.22,0.0,538.4,0.9472,1
ARDG_AQUA bream 150gr 21 sm  281025 1132002.csv,7908,0,0.0,23.25,0.0,173.6,0.0,0
ARDG_AQUA bream 800gr 36cm  281025 1453002.csv,4882,0,0.0,21.97,0.0,213.9,0.0,0
ARDG_AQUA bream 800gr 36cm  281025 1453002.csv,5010,0,0.0,27.08,0.0,394.0,0.0,0
ARDG_AQUA bream 390gr 26cm  281025 1325005.csv,10768,0,0.0,26.18,0.0,369.8,0.0,0
ARDG_AQUA bream 800gr 36cm  281025 1453002.csv,3907,0,0.0,25.32,0.0,318.8,0.0,0
ARDG_AQUA bream 390gr 26cm  281025 1325005.csv,9784,0,0.0,22.29,0.0,164.5,0.0,0
ARDG_AQUA bream 150gr 21 sm  281025 1132002.csv,11863,0,0.0,22.37,0.0,136.1,0.0,0
ARDG_AQUA bream556gr 30cm  281025 1500002.csv,8159,0,0.0,27.22,0.0,418.3,0.461,0
ARDG_AQUA bream 150gr 21 sm  281025 1132002.csv,11586,0,0.0,22.81,0.0,162.0,0.0,0
ARDG_AQUA bream 580gr 30 sm  281025 1254002.csv,9190,1,30.0,30.02,580.0,582.0,0.9699,1
ARDG_AQUA bream 310gr 23 sm  281025 1233002.csv,9079,1,23.0,23.02,310.0,297.0,0.9084,1
ARDG_AQUA bream 580gr 30 sm  281025 1254002.csv,8548,1,30.0,30.06,580.0,567.8,0.9788,1
ARDG_AQUA bream 280gr 24cm  281025 1425002.csv,4237,0,0.0,25.08,0.0,254.3,0.0,0
ARDG_AQUA bream500gr 30cm  281025 1500002.csv,5980,0,0.0,22.63,0.0,164.9,0.0,0
ARDG_AQUA bream500gr 30cm  281025 1500002.csv,11491,0,0.0,21.95,0.0,227.6,0.0,0
ARDG_AQUA bream 150gr 21 sm  281025 1132002.csv,3687,0,0.0,33.76,0.0,349.3,0.0,0
ARDG_AQUA bream 280gr 24cm  281025 1425002.csv,21,0,0.0,22.42,0.0,167.7,0.0,0
ARDG_AQUA bream 580gr 30 sm  281025 1254003.csv,6650,0,0.0,21.07,0.0,220.7,0.0,0
ARDG_AQUA bream556gr 30cm  281025 1500002.csv,8273,0,0.0,28.1,0.0,517.9,0.149,0
ARDG_AQUA bream 150gr 21 sm  281025 1132004.csv,10938,0,0.0,21.4,0.0,158.8,0.0173,0
ARDG_AQUA bream500gr 30cm  281025 1500002.csv,4121,0,0.0,23.58,0.0,158.8,0.0,0
ARDG_AQUA bream 580gr 30 sm  281025 1254002.csv,666,1,30.0,31.77,580.0,596.1,0.9886,1
ARDG_AQUA bream 680gr 33 sm  281025 1208003.csv,8065,1,33.0,32.19,680.0,664.5,0.9845,1
ARDG_AQUA bream 800gr 36cm  281025 1453002.csv,915,0,0.0,34.47,0.0,710.5,0.6689,1
ARDG_AQUA bream 150gr 21 sm  281025 1132004.csv,10785,1,21.0,21.22,150.0,145.5,0.9488,1
ARDG_AQUA bream 390gr 26cm  281025 1325003.csv,11684,0,0.0,21.09,0.0,116.7,0.0,0
ARDG_AQUA bream 390gr 26cm  281025 1325005.csv,493,0,0.0,21.95,0.0,241.4,0.0,0
ARDG_AQUA bream 150gr 21 sm  281025 1132004.csv,2337,0,0.0,22.83,0.0,143.4,0.0,0
ARDG_AQUA bream500gr 30cm  281025 1500002.csv,5196,0,0.0,23.92,0.0,234.4,0.0,0
ARDG_AQUA bream620 gr31cm  281025 1618003.csv,11131,0,0.0,24.18,0.0,204.1,0.0,0
ARDG_AQUA bream 150gr 21 sm  281025 1132002.csv,10823,0,0.0,22.87,0.0,155.1,0.0,0
ARDG_AQUA bream630gr 32cm  281025 1500002.csv,2715,1,32.0,32.06,630.0,623.2,0.9623,1
ARDG_AQUA bream150gr21cm  281025 1548002.csv,2493,0,0.0,22.01,0.0,196.0,0.0,0
ARDG_AQUA bream500gr 30cm  281025 1500002.csv,5072,1,30.0,30.31,500.0,510.1,0.9466,1
ARDG_AQUA bream 630gr 31cm  281025 1400002.csv,3961,1,31.0,30.38,630.0,601.7,0.9813,1
ARDG_AQUA bream 150gr 21 sm  281025 1132004.csv,3910,0,0.0,22.26,0.0,156.1,0.0,0
ARDG_AQUA bream556gr 30cm  281025 1500002.csv,8102,0,0.0,25.5,0.0,327.7,0.0,0
ARDG_AQUA bream556gr 30cm  281025 1500002.csv,11097,0,0.0,29.03,0.0,481.9,0.0002,0
ARDG_AQUA bream 800gr 36cm  281025 1453002.csv,1362,0,0.0,32.19,0.0,715.4,0.6288,1
ARDG_AQUA bream 580gr 30 sm  281025 1254003.csv,10659,0,0.0,23.37,0.0,196.8,0.0,0
ARDG_AQUA bream 580gr 30 sm  281025 1254002.csv,11002,0,0.0,21.06,0.0,143.9,0.0,0
ARDG_AQUA bream 150gr 21 sm  281025 1132004.csv,7471,0,0.0,22.5,0.0,131.8,0.0,0
ARDG_AQUA bream 580gr 30 sm  281025 1254003.csv,5597,0,0.0,31.33,0.0,577.5,0.7931,1
ARDG_AQUA bream556gr 30cm  281025 1500002.csv,549,0,0.0,29.22,0.0,537.8,0.9329,1
ARDG_AQUA bream500gr 30cm  281025 1500002.csv,2634,0,0.0,22.65,0.0,85.6,0.0,0
ARDG_AQUA bream 150gr 21 sm  281025 1132004.csv,3536,0,0.0,22.51,0.0,150.7,0.0,0
ARDG_AQUA bream 800gr 36cm  281025 1453002.csv,3616,0,0.0,30.13,0.0,546.0,0.9048,1
ARDG_AQUA bream500gr 30cm  281025 1500003.csv,1472,0,0.0,22.52,0.0,204.9,0.0,0
ARDG_AQUA bream 310gr 23 sm  281025 1233002.csv,6559,1,23.0,22.37,310.0,300.4,0.97,1
ARDG_AQUA bream556gr 30cm  281025 1500002.csv,6027,0,0.0,28.65,0.0,479.8,0.885,1
ARDG_AQUA bream 580gr 30 sm  281025 1254002.csv,10500,1,30.0,30.97,580.0,576.0,0.98,1
ARDG_AQUA bream556gr 30cm  281025 1500002.csv,8118,0,0.0,26.69,0.0,246.7,0.0,0
ARDG_AQUA bream 390gr 26cm  281025 1325005.csv,4864,1,26.0,26.13,390.0,442.9,0.9679,1
ARDG_AQUA bream556gr 30cm  281025 1500003.csv,1171,0,0.0,20.86,0.0,119.5,0.0,0
ARDG_AQUA bream 630gr 31cm  281025 1400002.csv,4340,0,0.0,23.15,0.0,211.5,0.0,0
ARDG_AQUA bream556gr 30cm  281025 1500002.csv,11289,0,0.0,24.12,0.0,273.1,0.0006,0
ARDG_AQUA bream 150gr 21 sm  281025 1132004.csv,9354,0,0.0,22.75,0.0,127.0,0.0,0
ARDG_AQUA bream150gr21cm  281025 1548002.csv,6256,0,0.0,23.03,0.0,119.6,0.0,0
ARDG_AQUA bream556gr 30cm  281025 1500002.csv,4538,0,0.0,23.69,0.0,143.8,0.0,0
ARDG_AQUA bream350 gr27cm  281025 1548002.csv,4939,0,0.0,21.54,0.0,196.1,1e-04,0
ARDG_AQUA bream500gr 30cm  281025 1500002.csv,6969,0,0.0,23.52,0.0,100.1,0.0,0
ARDG_AQUA bream350 gr27cm  281025 1548002.csv,4286,0,0.0,23.94,0.0,309.2,1e-04,0
ARDG_AQUA bream500gr 30cm  281025 1500002.csv,11468,0,0.0,22.57,0.0,158.0,0.0,0
ARDG_AQUA bream500gr 30cm  281025 1500002.csv,8548,0,0.0,22.11,0.0,269.9,0.0,0
ARDG_AQUA bream 580gr 30 sm  281025 1254003.csv,2542,0,0.0,22.52,0.0,247.2,0.0,0
ARDG_AQUA bream 310gr 23 sm  281025 1233002.csv,3858,1,23.0,22.84,310.0,349.9,0.9029,1
ARDG_AQUA bream556gr 30cm  281025 1500002.csv,8627,0,0.0,28.05,0.0,494.9,0.9389,1
ARDG_AQUA bream350 gr27cm  281025 1548002.csv,5435,1,27.0,27.14,350.0,344.7,0.9743,1
ARDG_AQUA bream 150gr 21 sm  281025 1132004.csv,4980,0,0.0,21.29,0.0,143.7,0.0684,0
ARDG_AQUA bream350 gr27cm  281025 1548002.csv,5070,0,0.0,23.55,0.0,198.1,0.0,0
ARDG_AQUA bream500gr 30cm  281025 1500002.csv,4924,0,0.0,23.66,0.0,216.0,0.0,0
ARDG_AQUA bream 800gr 36cm  281025 1453002.csv,3898,0,0.0,26.58,0.0,408.6,0.0327,0
ARDG_AQUA bream 150gr 21 sm  281025 1132004.csv,3282,0,0.0,22.11,0.0,160.2,0.0002,0
ARDG_AQUA bream 280gr 24cm  281025 1425002.csv,4503,1,24.0,23.77,280.0,277.7,0.952,1
ARDG_AQUA bream150gr21cm  281025 1548002.csv,3768,0,0.0,24.68,0.0,264.7,0.0,0
ARDG_AQUA bream 150gr 21 sm  281025 1132004.csv,2286,0,0.0,21.92,0.0,142.9,0.0007,0
ARDG_AQUA bream 310gr 23 sm  281025 1233002.csv,1523,1,23.0,22.45,310.0,299.1,0.9584,1
ARDG_AQUA bream 150gr 21 sm  281025 1132004.csv,10346,0,0.0,22.12,0.0,147.2,0.0,0
ARDG_AQUA bream 580gr 30 sm  281025 1254003.csv,7313,0,0.0,21.33,0.0,236.7,0.0,0
ARDG_AQUA bream 800gr 36cm  281025 1453002.csv,4934,0,0.0,24.58,0.0,224.2,0.0,0
ARDG_AQUA bream500gr 30cm  281025 1500002.csv,9159,0,0.0,21.91,0.0,149.8,0.0,0
ARDG_AQUA bream 390gr 26cm  281025 1325003.csv,11643,0,0.0,23.14,0.0,169.9,0.0,0
ARDG_AQUA bream630gr 32cm  281025 1500002.csv,6025,0,0.0,24.51,0.0,202.9,0.0,0
ARDG_AQUA bream500gr 30cm  281025 1500003.csv,1182,0,0.0,23.81,0.0,270.5,0.0,0
ARDG_AQUA bream 150gr 21 sm  281025 1132002.csv,11781,0,0.0,22.57,0.0,148.8,0.0,0
ARDG_AQUA bream 310gr 23 sm  281025 1233002.csv,97,0,0.0,20.58,0.0,166.5,0.0018,0
ARDG_AQUA bream 280gr 24cm  281025 1425002.csv,3628,1,24.0,23.87,280.0,276.3,0.9756,1
ARDG_AQUA bream 580gr 30 sm  281025 1254003.csv,1857,0,0.0,28.4,0.0,546.3,0.972,1
ARDG_AQUA bream556gr 30cm  281025 1500002.csv,8199,0,0.0,25.99,0.0,303.1,0.3905,0
ARDG_AQUA bream 150gr 21 sm  281025 1132004.csv,11581,0,0.0,22.7,0.0,129.2,0.0,0
ARDG_AQUA bream 630gr 31cm  281025 1400002.csv,6682,0,0.0,23.35,0.0,165.6,0.0,0
ARDG_AQUA bream556gr 30cm  281025 1500002.csv,8122,0,0.0,25.66,0.0,210.3,0.0,0
ARDG_AQUA bream 580gr 30 sm  281025 1254003.csv,4032,0,0.0,23.02,0.0,249.1,0.0,0
ARDG_AQUA bream 150gr 21 sm  281025 1132002.csv,9501,0,0.0,22.21,0.0,135.2,0.0,0
ARDG_AQUA bream150gr21cm  281025 1548002.csv,594,0,0.0,21.1,0.0,198.4,0.0,0
ARDG_AQUA bream500gr 30cm  281025 1500002.csv,9824,1,30.0,29.08,500.0,484.8,0.9743,1
ARDG_AQUA bream 680gr 33 sm  281025 1208003.csv,1914,1,33.0,32.06,680.0,710.6,0.9885,1
ARDG_AQUA bream 150gr 21 sm  281025 1132002.csv,7145,0,0.0,22.51,0.0,130.3,0.0,0
ARDG_AQUA bream 580gr 30 sm  281025 1254003.csv,1119,0,0.0,21.66,0.0,127.8,0.0,0
ARDG_AQUA bream 340gr 27cm  281025 1415002.csv,644,0,0.0,25.31,0.0,406.0,0.7734,1
ARDG_AQUA bream 630gr 31cm  281025 1400002.csv,3616,1,31.0,31.39,630.0,595.0,0.6886,1
ARDG_AQUA bream 630gr 31cm  281025 1400002.csv,11534,0,0.0,22.91,0.0,220.8,0.0,0
ARDG_AQUA bream620 gr31cm  281025 1618003.csv,10219,1,31.0,31.18,620.0,598.6,0.9713,1
ARDG_AQUA bream500gr 30cm  281025 1500002.csv,2660,0,0.0,22.53,0.0,178.1,0.0,0
ARDG_AQUA bream 280gr 24cm  281025 1425002.csv,4669,0,0.0,23.66,0.0,289.3,0.004,0
ARDG_AQUA bream 390gr 26cm  281025 1325005.csv,11998,0,0.0,20.45,0.0,146.8,1e-04,0
ARDG_AQUA bream 630gr 31cm  281025 1400002.csv,2707,0,0.0,23.29,0.0,93.6,0.0,0
ARDG_AQUA bream 310gr 23 sm  281025 1233002.csv,10547,0,0.0,21.45,0.0,181.6,0.0,0
ARDG_AQUA bream 150gr 21 sm  281025 1132004.csv,2110,0,0.0,22.17,0.0,136.8,0.0,0
ARDG_AQUA bream 680gr 33 sm  281025 1208003.csv,402,0,0.0,21.51,0.0,158.2,0.0008,0
ARDG_AQUA bream 150gr 21 sm  281025 1132002.csv,9966,0,0.0,21.85,0.0,142.6,0.0023,0
ARDG_AQUA bream 310gr 23 sm  281025 1233003.csv,863,0,0.0,20.96,0.0,92.2,0.0,0
ARDG_AQUA bream 310gr 23 sm  281025 1233002.csv,5694,1,23.0,22.43,310.0,303.3,0.9274,1
ARDG_AQUA bream 150gr 21 sm  281025 1132004.csv,1744,0,0.0,22.43,0.0,148.8,0.0,0
ARDG_AQUA bream 310gr 23 sm  281025 1233003.csv,450,1,23.0,24.34,310.0,350.5,0.9813,1
ARDG_AQUA bream 580gr 30 sm  281025 1254002.csv,3916,1,30.0,29.56,580.0,596.8,0.9732,1
ARDG_AQUA bream 150gr 21 sm  281025 1132004.csv,6071,0,0.0,22.92,0.0,156.3,0.0,0
ARDG_AQUA bream 150gr 21 sm  281025 1132004.csv,10669,1,21.0,20.81,150.0,151.9,0.9385,1
ARDG_AQUA bream 150gr 21 sm  281025 1132004.csv,2051,0,0.0,20.96,0.0,139.0,0.3109,0
ARDG_AQUA bream620 gr31cm  281025 1618003.csv,514,0,0.0,22.37,0.0,212.8,1e-04,0
ARDG_AQUA bream556gr 30cm  281025 1500002.csv,7374,0,0.0,30.21,0.0,590.1,0.9155,1
ARDG_AQUA bream 680gr 33 sm  281025 1208003.csv,9001,1,33.0,31.54,680.0,612.5,0.9655,1
ARDG_AQUA bream556gr 30cm  281025 1500002.csv,651,0,0.0,26.12,0.0,374.6,0.0,0
ARDG_AQUA bream620 gr31cm  281025 1618003.csv,96,0,0.0,22.21,0.0,173.0,0.0,0
ARDG_AQUA bream556gr 30cm  281025 1500002.csv,7553,0,0.0,29.09,0.0,533.7,0.0428,0
ARDG_AQUA bream 150gr 21 sm  281025 1132004.csv,2312,0,0.0,22.46,0.0,128.5,0.0,0
ARDG_AQUA bream500gr 30cm  281025 1500002.csv,4347,0,0.0,23.4,0.0,263.0,0.0,0
ARDG_AQUA bream 630gr 31cm  281025 1400002.csv,199,0,0.0,22.87,0.0,194.7,0.0,0
ARDG_AQUA bream500gr 30cm  281025 1500002.csv,4943,0,0.0,26.95,0.0,324.7,0.0,0
ARDG_AQUA bream150gr21cm  281025 1548002.csv,5972,1,21.0,22.59,150.0,225.9,0.8963,1
ARDG_AQUA bream 150gr 21 sm  281025 1132004.csv,952,0,0.0,22.73,0.0,136.2,0.0,0
ARDG_AQUA bream556gr 30cm  281025 1500002.csv,901,0,0.0,23.87,0.0,171.4,0.0,0
ARDG_AQUA bream620 gr31cm  281025 1618003.csv,10627,1,31.0,31.48,620.0,600.7,0.9362,1
ARDG_AQUA bream556gr 30cm  281025 1500002.csv,4470,0,0.0,29.62,0.0,450.7,0.0635,0
ARDG_AQUA bream 150gr 21 sm  281025 1132004.csv,7700,0,0.0,21.81,0.0,137.5,1e-04,0
ARDG_AQUA bream 580gr 30 sm  281025 1254003.csv,5071,0,0.0,29.79,0.0,464.9,0.0061,0
ARDG_AQUA bream 800gr 36cm  281025 1453002.csv,2631,1,36.0,35.93,800.0,786.1,0.9835,1
ARDG_AQUA bream500gr 30cm  281025 1500002.csv,8535,0,0.0,21.57,0.0,269.3,0.0,0
ARDG_AQUA bream150gr21cm  281025 1548002.csv,5337,0,0.0,20.37,0.0,72.3,0.0,0
ARDG_AQUA bream 800gr 36cm  281025 1453002.csv,3993,0,0.0,24.46,0.0,312.7,0.0,0
ARDG_AQUA bream556gr 30cm  281025 1500002.csv,559,0,0.0,30.85,0.0,566.0,0.9665,1
ARDG_AQUA bream500gr 30cm  281025 1500002.csv,5688,0,0.0,23.67,0.0,211.4,0.0,0
ARDG_AQUA bream 150gr 21 sm  281025 1132004.csv,151,0,0.0,22.47,0.0,153.7,0.0,0
ARDG_AQUA bream 150gr 21 sm  281025 1132004.csv,4757,0,0.0,21.38,0.0,156.8,0.5598,1
ARDG_AQUA bream 390gr 26cm  281025 1325005.csv,315,0,0.0,20.46,0.0,117.5,0.0,0
ARDG_AQUA bream 390gr 26cm  281025 1325005.csv,9589,1,26.0,26.54,390.0,382.1,0.9488,1
ARDG_AQUA bream150gr21cm  281025 1548002.csv,6204,0,0.0,22.29,0.0,217.0,0.0,0
ARDG_AQUA bream150gr21cm  281025 1548002.csv,7628,0,0.0,25.52,0.0,228.7,0.0,0
ARDG_AQUA bream350 gr27cm  281025 1548002.csv,6988,0,0.0,24.69,0.0,158.7,0.0,0
ARDG_AQUA bream500gr 30cm  281025 1500002.csv,11565,0,0.0,20.62,0.0,189.2,0.0,0
ARDG_AQUA bream 390gr 26cm  281025 1325005.csv,10704,0,0.0,27.89,0.0,485.8,0.2224,0
ARDG_AQUA bream 630gr 31cm  281025 1400002.csv,11513,0,0.0,21.46,0.0,170.4,0.0,0
ARDG_AQUA bream 630gr 31cm  281025 1400002.csv,6795,0,0.0,21.8,0.0,172.2,0.0,0
ARDG_AQUA bream150gr21cm  281025 1548002.csv,1808,0,0.0,22.13,0.0,211.9,0.0002,0
ARDG_AQUA bream 150gr 21 sm  281025 1132002.csv,9309,0,0.0,23.21,0.0,139.0,0.0,0
ARDG_AQUA bream 800gr 36cm  281025 1453002.csv,1309,0,0.0,33.56,0.0,706.9,0.8927,1
ARDG_AQUA bream 680gr 33 sm  281025 1208003.csv,11409,0,0.0,21.62,0.0,203.3,0.0002,0
ARDG_AQUA bream 150gr 21 sm  281025 1132004.csv,7840,0,0.0,20.63,0.0,135.0,0.8815,1
ARDG_AQUA bream 580gr 30 sm  281025 1254003.csv,8778,0,0.0,25.07,0.0,280.2,0.0,0
ARDG_AQUA bream 630gr 31cm  281025 1400002.csv,6950,1,31.0,30.92,630.0,581.2,0.9812,1
ARDG_AQUA bream 150gr 21 sm  281025 1132004.csv,376,0,0.0,21.67,0.0,137.3,0.5372,1
ARDG_AQUA bream 150gr 21 sm  281025 1132004.csv,10927,0,0.0,20.87,0.0,145.8,0.7296,1
ARDG_AQUA bream556gr 30cm  281025 1500002.csv,2267,0,0.0,24.47,0.0,214.7,0.0052,0
ARDG_AQUA bream500gr 30cm  281025 1500002.csv,5427,0,0.0,24.0,0.0,205.2,0.0,0
ARDG_AQUA bream 800gr 36cm  281025 1453002.csv,1607,0,0.0,24.96,0.0,330.9,0.0047,0
ARDG_AQUA bream620 gr31cm  281025 1618003.csv,9285,1,31.0,30.74,620.0,619.3,0.9797,1
ARDG_AQUA bream620 gr31cm  281025 1618003.csv,9939,1,31.0,30.56,620.0,600.5,0.9731,1
ARDG_AQUA bream 150gr 21 sm  281025 1132002.csv,2294,0,0.0,22.8,0.0,149.8,0.0,0
ARDG_AQUA bream 390gr 26cm  281025 1325005.csv,6112,0,0.0,21.23,0.0,118.4,0.0,0
ARDG_AQUA bream556gr 30cm  281025 1500002.csv,1484,0,0.0,23.28,0.0,188.8,0.0,0
ARDG_AQUA bream 580gr 30 sm  281025 1254002.csv,486,1,30.0,29.57,580.0,537.0,0.978,1
ARDG_AQUA bream 390gr 26cm  281025 1325005.csv,121,0,0.0,20.33,0.0,128.6,0.0,0
ARDG_AQUA bream500gr 30cm  281025 1500002.csv,5820,0,0.0,22.41,0.0,226.7,0.0,0
ARDG_AQUA bream620 gr31cm  281025 1618003.csv,118,0,0.0,21.64,0.0,199.5,0.0,0
ARDG_AQUA bream 150gr 21 sm  281025 1132004.csv,11019,0,0.0,20.99,0.0,132.4,0.7938,1
ARDG_AQUA bream150gr21cm  281025 1548002.csv,163,0,0.0,19.89,0.0,101.0,0.0,0
ARDG_AQUA bream556gr 30cm  281025 1500002.csv,8531,0,0.0,25.36,0.0,373.2,0.1778,0
ARDG_AQUA bream630gr 32cm  281025 1500002.csv,4771,0,0.0,29.9,0.0,522.3,0.0257,0
ARDG_AQUA bream556gr 30cm  281025 1500003.csv,51,0,0.0,26.15,0.0,183.3,0.0,0
ARDG_AQUA bream 580gr 30 sm  281025 1254002.csv,4633,1,30.0,30.36,580.0,571.5,0.9759,1
ARDG_AQUA bream556gr 30cm  281025 1500002.csv,4478,0,0.0,28.96,0.0,500.4,0.006,0
ARDG_AQUA bream556gr 30cm  281025 1500002.csv,4652,0,0.0,25.34,0.0,112.6,0.0,0
ARDG_AQUA bream 630gr 31cm  281025 1400002.csv,1800,0,0.0,22.28,0.0,157.6,0.0,0
ARDG_AQUA bream 150gr 21 sm  281025 1132004.csv,4993,0,0.0,21.37,0.0,136.7,0.1306,0
ARDG_AQUA bream 630gr 31cm  281025 1400002.csv,4311,0,0.0,24.4,0.0,251.7,0.0,0
ARDG_AQUA bream620 gr31cm  281025 1618003.csv,11051,1,31.0,31.63,620.0,616.2,0.6245,1
ARDG_AQUA bream556gr 30cm  281025 1500002.csv,7168,0,0.0,25.71,0.0,289.0,0.0,0
ARDG_AQUA bream500gr 30cm  281025 1500002.csv,5315,1,30.0,29.65,500.0,485.3,0.9536,1
ARDG_AQUA bream620 gr31cm  281025 1618003.csv,470,0,0.0,21.44,0.0,205.7,0.0,0
ARDG_AQUA bream 390gr 26cm  281025 1325003.csv,11635,0,0.0,22.98,0.0,208.3,0.0,0
ARDG_AQUA bream556gr 30cm  281025 1500002.csv,10974,1,30.0,29.0,556.0,548.0,0.9601,1
ARDG_AQUA bream630gr 32cm  281025 1500002.csv,6055,0,0.0,22.06,0.0,171.1,0.0,0
ARDG_AQUA bream500gr 30cm  281025 1500002.csv,4366,0,0.0,23.14,0.0,235.4,0.0,0
ARDG_AQUA bream 580gr 30 sm  281025 1254002.csv,999,0,0.0,20.97,0.0,119.4,0.0,0
ARDG_AQUA bream150gr21cm  281025 1548002.csv,7201,0,0.0,22.42,0.0,179.6,0.0,0
ARDG_AQUA bream 630gr 31cm  281025 1400002.csv,11555,0,0.0,23.42,0.0,190.2,0.0,0
ARDG_AQUA bream630gr 32cm  281025 1500002.csv,3700,0,0.0,24.01,0.0,163.2,0.0,0
ARDG_AQUA bream 580gr 30 sm  281025 1254002.csv,166,1,30.0,30.04,580.0,556.6,0.9773,1
ARDG_AQUA bream 580gr 30 sm  281025 1254002.csv,3283,1,30.0,29.66,580.0,554.8,0.9751,1
ARDG_AQUA bream 310gr 23 sm  281025 1233002.csv,2487,1,23.0,22.81,310.0,299.4,0.9553,1
ARDG_AQUA bream 150gr 21 sm  281025 1132004.csv,838,1,21.0,20.97,150.0,144.5,0.8949,1
ARDG_AQUA bream 580gr 30 sm  281025 1254003.csv,11409,0,0.0,21.12,0.0,159.7,0.0,0
ARDG_AQUA bream 630gr 31cm  281025 1400002.csv,8415,1,31.0,32.74,630.0,649.1,0.9802,1
ARDG_AQUA bream500gr 30cm  281025 1500003.csv,4933,0,0.0,23.21,0.0,270.4,0.0,0
ARDG_AQUA bream500gr 30cm  281025 1500003.csv,3671,1,30.0,28.88,500.0,500.8,0.9776,1
ARDG_AQUA bream500gr 30cm  281025 1500002.csv,413,0,0.0,24.28,0.0,221.4,0.0,0
ARDG_AQUA bream 630gr 31cm  281025 1400002.csv,7935,1,31.0,32.81,630.0,649.4,0.9816,1
ARDG_AQUA bream500gr 30cm  281025 1500002.csv,4100,0,0.0,25.67,0.0,291.3,0.0,0
ARDG_AQUA bream 580gr 30 sm  281025 1254003.csv,1900,0,0.0,22.76,0.0,152.7,0.0,0
ARDG_AQUA bream150gr21cm  281025 1548002.csv,1446,0,0.0,22.85,0.0,169.6,0.0,0
ARDG_AQUA bream 580gr 30 sm  281025 1254002.csv,9660,1,30.0,28.37,580.0,558.8,0.9697,1
ARDG_AQUA bream 390gr 26cm  281025 1325005.csv,4404,0,0.0,23.47,0.0,220.0,0.0,0
ARDG_AQUA bream 310gr 23 sm  281025 1233002.csv,7228,1,23.0,22.59,310.0,299.8,0.9742,1
ARDG_AQUA bream 580gr 30 sm  281025 1254003.csv,6585,0,0.0,20.8,0.0,149.0,0.0,0
ARDG_AQUA bream 310gr 23 sm  281025 1233002.csv,7090,1,23.0,23.5,310.0,299.0,0.9589,1
ARDG_AQUA bream 150gr 21 sm  281025 1132004.csv,6632,1,21.0,20.53,150.0,145.4,0.9523,1
ARDG_AQUA bream 310gr 23 sm  281025 1233002.csv,10499,0,0.0,20.98,0.0,134.8,0.0,0
ARDG_AQUA bream 150gr 21 sm  281025 1132004.csv,5657,0,0.0,22.81,0.0,165.1,0.0,0
ARDG_AQUA bream 390gr 26cm  281025 1325005.csv,7030,1,26.0,26.37,390.0,387.0,0.9619,1
ARDG_AQUA bream 580gr 30 sm  281025 1254002.csv,3352,0,0.0,21.39,0.0,121.1,0.0,0
ARDG_AQUA bream 580gr 30 sm  281025 1254002.csv,11939,0,0.0,22.28,0.0,130.2,0.0,0
ARDG_AQUA bream 150gr 21 sm  281025 1132004.csv,11036,0,0.0,22.7,0.0,143.1,0.0,0
ARDG_AQUA bream 580gr 30 sm  281025 1254002.csv,11561,0,0.0,20.92,0.0,103.9,0.0,0
ARDG_AQUA bream 630gr 31cm  281025 1400002.csv,5565,1,31.0,31.07,630.0,628.1,0.9804,1
ARDG_AQUA bream630gr 32cm  281025 1500002.csv,6710,0,0.0,21.81,0.0,129.7,0.0,0
ARDG_AQUA bream150gr21cm  281025 1548002.csv,8202,0,0.0,24.81,0.0,164.7,0.0,0
ARDG_AQUA bream150gr21cm  281025 1548002.csv,1827,0,0.0,22.9,0.0,285.6,0.9383,1
ARDG_AQUA bream 150gr 21 sm  281025 1132004.csv,1852,0,0.0,22.81,0.0,133.1,0.0,0
ARDG_AQUA bream 580gr 30 sm  281025 1254003.csv,727,0,0.0,23.02,0.0,173.5,0.0,0
ARDG_AQUA bream556gr 30cm  281025 1500002.csv,7924,0,0.0,30.2,0.0,559.1,0.7666,1
ARDG_AQUA bream630gr 32cm  281025 1500002.csv,2885,0,0.0,25.33,0.0,304.0,0.0,0
ARDG_AQUA bream 310gr 23 sm  281025 1233002.csv,7884,0,0.0,21.03,0.0,125.2,0.0,0
ARDG_AQUA bream150gr21cm  281025 1548002.csv,8523,0,0.0,23.69,0.0,202.2,0.0,0
ARDG_AQUA bream 580gr 30 sm  281025 1254003.csv,167,0,0.0,21.07,0.0,186.2,0.0,0
ARDG_AQUA bream500gr 30cm  281025 1500002.csv,5914,0,0.0,23.42,0.0,192.1,0.0,0
ARDG_AQUA bream556gr 30cm  281025 1500002.csv,2621,0,0.0,28.71,0.0,472.1,0.1637,0
ARDG_AQUA bream500gr 30cm  281025 1500002.csv,7675,0,0.0,22.84,0.0,145.8,0.0,0
ARDG_AQUA bream 310gr 23 sm  281025 1233002.csv,8151,0,0.0,21.11,0.0,155.9,0.0,0
ARDG_AQUA bream 800gr 36cm  281025 1453002.csv,2760,0,0.0,28.98,0.0,451.6,1e-04,0
ARDG_AQUA bream350 gr27cm  281025 1548002.csv,5176,0,0.0,23.45,0.0,163.3,0.0,0
ARDG_AQUA bream 680gr 33 sm  281025 1208003.csv,11185,0,0.0,21.93,0.0,253.6,0.0,0
ARDG_AQUA bream 280gr 24cm  281025 1425002.csv,4746,0,0.0,22.65,0.0,232.9,0.1306,0
ARDG_AQUA bream500gr 30cm  281025 1500003.csv,4189,0,0.0,25.29,0.0,182.7,0.0,0
ARDG_AQUA bream 150gr 21 sm  281025 1132004.csv,2839,0,0.0,21.6,0.0,116.7,0.0098,0
ARDG_AQUA bream620 gr31cm  281025 1618003.csv,4437,0,0.0,24.17,0.0,350.9,0.0349,0
ARDG_AQUA bream 630gr 31cm  281025 1400002.csv,10884,1,31.0,31.75,630.0,620.8,0.9764,1
ARDG_AQUA bream 580gr 30 sm  281025 1254003.csv,7323,0,0.0,20.72,0.0,236.2,0.0,0
ARDG_AQUA bream500gr 30cm  281025 1500002.csv,10295,0,0.0,21.54,0.0,199.7,0.0,0
ARDG_AQUA bream 580gr 30 sm  281025 1254002.csv,11707,0,0.0,21.57,0.0,204.6,0.0,0
ARDG_AQUA bream 390gr 26cm  281025 1325005.csv,273,0,0.0,21.17,0.0,225.4,0.0,0
ARDG_AQUA bream 580gr 30 sm  281025 1254002.csv,8222,0,0.0,20.55,0.0,212.9,0.0,0
ARDG_AQUA bream620 gr31cm  281025 1618003.csv,646,0,0.0,25.07,0.0,272.0,0.0,0
ARDG_AQUA bream 280gr 24cm  281025 1425002.csv,1212,0,0.0,24.13,0.0,366.2,0.4479,0
ARDG_AQUA bream 580gr 30 sm  281025 1254003.csv,7391,0,0.0,23.61,0.0,123.1,0.0,0
ARDG_AQUA bream 580gr 30 sm  281025 1254003.csv,2333,0,0.0,24.99,0.0,400.2,0.0,0
ARDG_AQUA bream350 gr27cm  281025 1548002.csv,4963,0,0.0,20.94,0.0,174.6,0.0319,0
ARDG_AQUA bream556gr 30cm  281025 1500002.csv,9844,0,0.0,30.88,0.0,557.5,0.7961,1
ARDG_AQUA bream 630gr 31cm  281025 1400002.csv,9868,1,31.0,31.49,630.0,622.4,0.9796,1
ARDG_AQUA bream556gr 30cm  281025 1500003.csv,949,1,30.0,29.37,556.0,555.2,0.9686,1
ARDG_AQUA bream 630gr 31cm  281025 1400002.csv,11238,0,0.0,22.6,0.0,165.6,0.0,0
ARDG_AQUA bream 310gr 23 sm  281025 1233002.csv,3171,1,23.0,22.64,310.0,303.7,0.9548,1
ARDG_AQUA bream350 gr27cm  281025 1548002.csv,5563,1,27.0,27.11,350.0,339.8,0.9043,1
ARDG_AQUA bream 390gr 26cm  281025 1325005.csv,5412,1,26.0,26.48,390.0,380.8,0.9769,1
ARDG_AQUA bream150gr21cm  281025 1548002.csv,4707,0,0.0,27.2,0.0,445.2,0.0756,0
ARDG_AQUA bream150gr21cm  281025 1548002.csv,2578,0,0.0,23.67,0.0,108.8,0.0,0
ARDG_AQUA bream 150gr 21 sm  281025 1132004.csv,6377,0,0.0,21.43,0.0,129.0,0.5577,1
ARDG_AQUA bream 150gr 21 sm  281025 1132004.csv,10378,0,0.0,22.34,0.0,159.6,0.0,0
ARDG_AQUA bream 150gr 21 sm  281025 1132002.csv,11606,0,0.0,22.56,0.0,140.3,0.0,0
ARDG_AQUA bream 680gr 33 sm  281025 1208003.csv,5331,1,33.0,31.93,680.0,656.6,0.9863,1
ARDG_AQUA bream 800gr 36cm  281025 1453002.csv,4628,0,0.0,22.61,0.0,115.8,0.0,0
ARDG_AQUA bream150gr21cm  281025 1548002.csv,523,0,0.0,23.6,0.0,199.8,0.0,0
ARDG_AQUA bream 150gr 21 sm  281025 1132004.csv,960,0,0.0,22.37,0.0,130.1,0.0,0
ARDG_AQUA bream556gr 30cm  281025 1500003.csv,1443,0,0.0,24.95,0.0,189.5,0.0,0
ARDG_AQUA bream 580gr 30 sm  281025 1254003.csv,35,0,0.0,20.97,0.0,175.4,0.0,0
ARDG_AQUA bream500gr 30cm  281025 1500002.csv,2642,0,0.0,20.53,0.0,46.3,0.0,0
ARDG_AQUA bream556gr 30cm  281025 1500002.csv,6860,0,0.0,27.0,0.0,396.9,0.0109,0
ARDG_AQUA bream 580gr 30 sm  281025 1254003.csv,7387,0,0.0,23.39,0.0,121.7,0.0,0
ARDG_AQUA bream556gr 30cm  281025 1500002.csv,5253,0,0.0,30.37,0.0,582.1,0.9719,1
ARDG_AQUA bream556gr 30cm  281025 1500002.csv,8597,0,0.0,25.1,0.0,212.1,0.0,0
ARDG_AQUA bream556gr 30cm  281025 1500002.csv,9659,0,0.0,25.45,0.0,389.8,0.4448,0
ARDG_AQUA bream 580gr 30 sm  281025 1254002.csv,4375,0,0.0,21.8,0.0,294.3,0.0,0
ARDG_AQUA bream 580gr 30 sm  281025 1254003.csv,7232,1,30.0,29.25,580.0,551.2,0.9772,1
ARDG_AQUA bream500gr 30cm  281025 1500002.csv,640,0,0.0,20.61,0.0,72.6,0.0,0
ARDG_AQUA bream 580gr 30 sm  281025 1254002.csv,10908,0,0.0,21.12,0.0,270.2,0.0,0
ARDG_AQUA bream500gr 30cm  281025 1500002.csv,8765,0,0.0,22.06,0.0,169.5,0.0,0
ARDG_AQUA bream 390gr 26cm  281025 1325005.csv,11186,0,0.0,20.68,0.0,97.1,0.0,0
ARDG_AQUA bream500gr 30cm  281025 1500002.csv,2218,0,0.0,23.03,0.0,171.6,0.0,0
ARDG_AQUA bream 580gr 30 sm  281025 1254002.csv,8053,1,30.0,30.23,580.0,498.9,0.9735,1
ARDG_AQUA bream620 gr31cm  281025 1618003.csv,10796,1,31.0,31.49,620.0,621.3,0.9363,1
ARDG_AQUA bream 680gr 33 sm  281025 1208003.csv,9226,0,0.0,22.05,0.0,172.8,0.0,0
ARDG_AQUA bream350 gr27cm  281025 1548002.csv,4366,0,0.0,20.92,0.0,173.7,0.2801,0
ARDG_AQUA bream 150gr 21 sm  281025 1132004.csv,5399,0,0.0,22.81,0.0,132.4,0.0,0
ARDG_AQUA bream 310gr 23 sm  281025 1233002.csv,6338,0,0.0,20.88,0.0,96.8,0.0,0
ARDG_AQUA bream 390gr 26cm  281025 1325005.csv,6212,0,0.0,21.42,0.0,227.2,0.0,0
ARDG_AQUA bream 310gr 23 sm  281025 1233002.csv,5604,1,23.0,22.98,310.0,302.4,0.939,1
ARDG_AQUA bream556gr 30cm  281025 1500002.csv,1561,0,0.0,28.72,0.0,552.2,0.7293,1
ARDG_AQUA bream 310gr 23 sm  281025 1233003.csv,1267,0,0.0,22.54,0.0,142.1,0.0,0
ARDG_AQUA bream 580gr 30 sm  281025 1254002.csv,8631,0,0.0,27.51,0.0,498.8,0.0042,0
ARDG_AQUA bream556gr 30cm  281025 1500002.csv,5305,0,0.0,24.66,0.0,322.5,1e-04,0
ARDG_AQUA bream500gr 30cm  281025 1500002.csv,1284,0,0.0,21.69,0.0,239.1,1e-04,0
ARDG_AQUA bream 310gr 23 sm  281025 1233002.csv,3969,0,0.0,23.1,0.0,237.3,0.0201,0
ARDG_AQUA bream 800gr 36cm  281025 1453002.csv,3264,0,0.0,31.9,0.0,658.7,0.0302,0
ARDG_AQUA bream 390gr 26cm  281025 1325005.csv,6222,0,0.0,21.59,0.0,194.5,0.0,0
ARDG_AQUA bream 150gr 21 sm  281025 1132002.csv,10152,0,0.0,22.51,0.0,148.9,0.0,0
ARDG_AQUA bream150gr21cm  281025 1548002.csv,2091,0,0.0,23.94,0.0,229.6,1e-04,0
ARDG_AQUA bream620 gr31cm  281025 1618004.csv,2660,0,0.0,22.71,0.0,212.1,0.0,0
ARDG_AQUA bream500gr 30cm  281025 1500002.csv,9330,0,0.0,21.25,0.0,103.1,0.0,0
ARDG_AQUA bream 150gr 21 sm  281025 1132002.csv,8870,1,21.0,21.02,150.0,138.9,0.8769,1
ARDG_AQUA bream500gr 30cm  281025 1500002.csv,9402,0,0.0,22.33,0.0,169.5,0.0,0
ARDG_AQUA bream556gr 30cm  281025 1500002.csv,11863,0,0.0,30.06,0.0,634.9,0.002,0
ARDG_AQUA bream500gr 30cm  281025 1500002.csv,1026,0,0.0,25.18,0.0,237.1,0.0,0
ARDG_AQUA bream 340gr 27cm  281025 1415002.csv,1966,0,0.0,23.77,0.0,197.2,0.0,0
ARDG_AQUA bream620 gr31cm  281025 1618003.csv,4341,0,0.0,26.38,0.0,312.5,0.0,0
ARDG_AQUA bream150gr21cm  281025 1548002.csv,318,0,0.0,21.85,0.0,154.6,0.0,0
ARDG_AQUA bream556gr 30cm  281025 1500003.csv,843,1,30.0,29.75,556.0,560.2,0.9358,1
ARDG_AQUA bream 580gr 30 sm  281025 1254002.csv,8627,0,0.0,27.02,0.0,454.3,1e-04,0
ARDG_AQUA bream 800gr 36cm  281025 1453002.csv,406,0,0.0,34.73,0.0,733.7,0.3306,0
ARDG_AQUA bream 310gr 23 sm  281025 1233002.csv,10715,0,0.0,21.48,0.0,180.1,0.0,0
ARDG_AQUA bream556gr 30cm  281025 1500002.csv,5939,0,0.0,27.7,0.0,433.2,0.0,0
ARDG_AQUA bream 580gr 30 sm  281025 1254002.csv,11260,1,30.0,29.21,580.0,577.2,0.9652,1
ARDG_AQUA bream 580gr 30 sm  281025 1254002.csv,9422,1,30.0,31.97,580.0,579.7,0.983,1
ARDG_AQUA bream 150gr 21 sm  281025 1132004.csv,10931,0,0.0,20.89,0.0,152.0,0.1453,0
ARDG_AQUA bream 580gr 30 sm  281025 1254003.csv,2727,1,30.0,29.34,580.0,570.5,0.9615,1
ARDG_AQUA bream556gr 30cm  281025 1500002.csv,7897,0,0.0,24.53,0.0,343.1,0.0,0
ARDG_AQUA bream500gr 30cm  281025 1500002.csv,1057,0,0.0,23.35,0.0,158.8,0.0,0
ARDG_AQUA bream500gr 30cm  281025 1500002.csv,3647,0,0.0,26.38,0.0,309.7,0.0,0
ARDG_AQUA bream 390gr 26cm  281025 1325005.csv,7106,1,26.0,25.89,390.0,377.6,0.9629,1
ARDG_AQUA bream150gr21cm  281025 1548002.csv,7415,1,21.0,20.55,150.0,197.2,0.8226,1
ARDG_AQUA bream 310gr 23 sm  281025 1233002.csv,10406,0,0.0,21.55,0.0,102.7,0.0,0
ARDG_AQUA bream556gr 30cm  281025 1500002.csv,8290,0,0.0,25.59,0.0,390.3,0.0,0
ARDG_AQUA bream 310gr 23 sm  281025 1233002.csv,4973,1,23.0,23.06,310.0,305.5,0.9433,1
ARDG_AQUA bream 680gr 33 sm  281025 1208003.csv,11717,0,0.0,22.05,0.0,162.3,0.0,0
ARDG_AQUA bream 390gr 26cm  281025 1325003.csv,11748,0,0.0,21.41,0.0,137.0,0.0002,0
ARDG_AQUA bream630gr 32cm  281025 1500002.csv,2613,1,32.0,31.54,630.0,636.1,0.967,1
ARDG_AQUA bream 580gr 30 sm  281025 1254003.csv,1403,0,0.0,27.55,0.0,530.9,0.9565,1
ARDG_AQUA bream 280gr 24cm  281025 1425002.csv,563,0,0.0,24.7,0.0,163.0,0.0,0
ARDG_AQUA bream 390gr 26cm  281025 1325005.csv,6217,0,0.0,22.28,0.0,213.6,0.0,0
ARDG_AQUA bream 580gr 30 sm  281025 1254002.csv,10897,0,0.0,21.2,0.0,192.4,0.0,0
ARDG_AQUA bream 390gr 26cm  281025 1325005.csv,11557,0,0.0,21.43,0.0,159.4,0.0,0
ARDG_AQUA bream 580gr 30 sm  281025 1254002.csv,7259,0,0.0,21.67,0.0,210.4,0.0,0
ARDG_AQUA bream620 gr31cm  281025 1618003.csv,6204,1,31.0,30.03,620.0,621.6,0.8116,1
ARDG_AQUA bream 580gr 30 sm  281025 1254003.csv,283,0,0.0,23.25,0.0,158.5,0.0,0
ARDG_AQUA bream 390gr 26cm  281025 1325005.csv,27,0,0.0,23.46,0.0,188.8,0.0,0
ARDG_AQUA bream 150gr 21 sm  281025 1132004.csv,1737,0,0.0,22.42,0.0,141.7,0.0,0
ARDG_AQUA bream 580gr 30 sm  281025 1254003.csv,4031,0,0.0,22.65,0.0,273.4,0.0,0
ARDG_AQUA bream 280gr 24cm  281025 1425002.csv,1240,0,0.0,25.99,0.0,355.1,0.2383,0
ARDG_AQUA bream 580gr 30 sm  281025 1254003.csv,7602,0,0.0,25.02,0.0,364.3,0.0,0
ARDG_AQUA bream 580gr 30 sm  281025 1254003.csv,8466,0,0.0,22.29,0.0,173.1,0.0,0
ARDG_AQUA bream620 gr31cm  281025 1618003.csv,547,0,0.0,21.07,0.0,214.0,0.0117,0
ARDG_AQUA bream620 gr31cm  281025 1618003.csv,1438,0,0.0,21.63,0.0,218.5,0.0,0
ARDG_AQUA bream 630gr 31cm  281025 1400002.csv,8663,0,0.0,23.22,0.0,189.4,0.0,0
ARDG_AQUA bream150gr21cm  281025 1548002.csv,5212,0,0.0,23.11,0.0,123.5,0.0,0
ARDG_AQUA bream 580gr 30 sm  281025 1254003.csv,2209,0,0.0,23.66,0.0,364.4,0.0,0
ARDG_AQUA bream630gr 32cm  281025 1500002.csv,5990,0,0.0,23.34,0.0,215.6,0.0,0
ARDG_AQUA bream 150gr 21 sm  281025 1132002.csv,11540,0,0.0,22.18,0.0,122.1,0.0,0
ARDG_AQUA bream556gr 30cm  281025 1500002.csv,5129,0,0.0,27.62,0.0,512.9,0.0067,0
ARDG_AQUA bream620 gr31cm  281025 1618003.csv,877,0,0.0,20.7,0.0,127.3,0.0,0
ARDG_AQUA bream 150gr 21 sm  281025 1132002.csv,7169,0,0.0,22.58,0.0,157.4,0.0,0
ARDG_AQUA bream 680gr 33 sm  281025 1208003.csv,6049,1,33.0,33.2,680.0,645.4,0.9921,1
ARDG_AQUA bream 340gr 27cm  281025 1415002.csv,546,0,0.0,28.93,0.0,420.1,0.0124,0
ARDG_AQUA bream 150gr 21 sm  281025 1132002.csv,6653,0,0.0,22.85,0.0,133.3,0.0,0
ARDG_AQUA bream 580gr 30 sm  281025 1254002.csv,8717,1,30.0,30.17,580.0,568.1,0.9774,1
ARDG_AQUA bream 390gr 26cm  281025 1325005.csv,6032,0,0.0,20.82,0.0,122.6,0.0,0
ARDG_AQUA bream 580gr 30 sm  281025 1254002.csv,3363,0,0.0,22.64,0.0,253.1,0.0,0
ARDG_AQUA bream620 gr31cm  281025 1618004.csv,2464,0,0.0,21.86,0.0,145.2,0.0,0
ARDG_AQUA bream620 gr31cm  281025 1618003.csv,10315,0,0.0,20.84,0.0,109.8,1e-04,0
ARDG_AQUA bream150gr21cm  281025 1548002.csv,1660,1,21.0,21.19,150.0,159.0,0.9456,1
ARDG_AQUA bream556gr 30cm  281025 1500002.csv,5953,0,0.0,30.51,0.0,563.9,0.9722,1
ARDG_AQUA bream556gr 30cm  281025 1500003.csv,402,1,30.0,29.95,556.0,560.5,0.9784,1
ARDG_AQUA bream 580gr 30 sm  281025 1254002.csv,7093,0,0.0,20.52,0.0,70.5,0.0,0
ARDG_AQUA bream 580gr 30 sm  281025 1254003.csv,7547,0,0.0,30.43,0.0,574.5,0.9526,1
ARDG_AQUA bream 390gr 26cm  281025 1325005.csv,243,0,0.0,22.21,0.0,159.2,0.0,0
ARDG_AQUA bream 580gr 30 sm  281025 1254003.csv,2241,0,0.0,29.39,0.0,549.0,0.9652,1
ARDG_AQUA bream556gr 30cm  281025 1500002.csv,11733,0,0.0,30.53,0.0,553.8,0.9646,1
ARDG_AQUA bream 580gr 30 sm  281025 1254003.csv,8509,0,0.0,23.92,0.0,160.7,0.0,0
ARDG_AQUA bream 150gr 21 sm  281025 1132004.csv,2791,0,0.0,22.57,0.0,154.3,0.0,0
ARDG_AQUA bream 390gr 26cm  281025 1325005.csv,11593,0,0.0,23.93,0.0,234.3,0.0,0
ARDG_AQUA bream 310gr 23 sm  281025 1233002.csv,10271,0,0.0,21.68,0.0,110.5,0.0,0
ARDG_AQUA bream 390gr 26cm  281025 1325003.csv,4276,0,0.0,24.89,0.0,253.5,0.0,0
ARDG_AQUA bream 150gr 21 sm  281025 1132004.csv,4291,0,0.0,21.86,0.0,133.2,0.0035,0
ARDG_AQUA bream 150gr 21 sm  281025 1132002.csv,11759,0,0.0,23.19,0.0,164.8,0.0,0
ARDG_AQUA bream 580gr 30 sm  281025 1254002.csv,10832,0,0.0,23.81,0.0,273.9,0.0,0
ARDG_AQUA bream 150gr 21 sm  281025 1132004.csv,2268,0,0.0,21.67,0.0,150.7,0.012,0
ARDG_AQUA bream 150gr 21 sm  281025 1132002.csv,5428,1,21.0,20.46,150.0,153.3,0.9232,1
ARDG_AQUA bream556gr 30cm  281025 1500002.csv,4905,1,30.0,30.78,556.0,559.3,0.97,1
ARDG_AQUA bream 150gr 21 sm  281025 1132002.csv,4992,0,0.0,22.78,0.0,140.8,0.0,0
ARDG_AQUA bream556gr 30cm  281025 1500002.csv,8208,0,0.0,23.38,0.0,255.2,0.0138,0
ARDG_AQUA bream620 gr31cm  281025 1618003.csv,3162,0,0.0,23.02,0.0,223.9,0.0,0
ARDG_AQUA bream556gr 30cm  281025 1500002.csv,4642,0,0.0,25.9,0.0,256.1,0.0088,0
ARDG_AQUA bream 280gr 24cm  281025 1425002.csv,5331,0,0.0,24.24,0.0,180.2,0.0,0
ARDG_AQUA bream150gr21cm  281025 1548002.csv,1926,1,21.0,22.96,150.0,214.8,0.9603,1
ARDG_AQUA bream 390gr 26cm  281025 1325005.csv,2917,1,26.0,26.94,390.0,391.2,0.9748,1
ARDG_AQUA bream 280gr 24cm  281025 1425002.csv,4146,0,0.0,21.83,0.0,162.1,0.0,0
ARDG_AQUA bream620 gr31cm  281025 1618003.csv,4382,0,0.0,27.21,0.0,314.5,0.0,0
ARDG_AQUA bream 800gr 36cm  281025 1453002.csv,839,0,0.0,34.41,0.0,731.9,0.9662,1
ARDG_AQUA bream556gr 30cm  281025 1500003.csv,208,0,0.0,25.73,0.0,217.0,0.0,0
ARDG_AQUA bream 390gr 26cm  281025 1325003.csv,9381,1,26.0,26.9,390.0,383.5,0.9556,1
ARDG_AQUA bream 580gr 30 sm  281025 1254002.csv,8467,1,30.0,30.34,580.0,579.7,0.9762,1
ARDG_AQUA bream 580gr 30 sm  281025 1254002.csv,5296,1,30.0,30.86,580.0,596.8,0.9726,1
ARDG_AQUA bream350 gr27cm  281025 1548002.csv,4945,0,0.0,21.7,0.0,195.8,0.0006,0
ARDG_AQUA bream150gr21cm  281025 1548002.csv,41,0,0.0,23.44,0.0,204.0,0.0,0
ARDG_AQUA bream556gr 30cm  281025 1500002.csv,3459,0,0.0,25.25,0.0,334.6,0.4881,0
ARDG_AQUA bream 280gr 24cm  281025 1425002.csv,1507,0,0.0,26.29,0.0,294.6,0.0,0
ARDG_AQUA bream 680gr 33 sm  281025 1208003.csv,4481,1,33.0,33.15,680.0,667.2,0.9875,1
ARDG_AQUA bream 580gr 30 sm  281025 1254002.csv,4392,0,0.0,21.66,0.0,173.7,0.0,0
ARDG_AQUA bream 630gr 31cm  281025 1400002.csv,3132,0,0.0,22.94,0.0,150.6,0.0,0
ARDG_AQUA bream500gr 30cm  281025 1500002.csv,7712,0,0.0,25.06,0.0,150.4,0.0,0
ARDG_AQUA bream620 gr31cm  281025 1618003.csv,261,0,0.0,24.23,0.0,312.3,0.9116,1
ARDG_AQUA bream 150gr 21 sm  281025 1132004.csv,6815,0,0.0,21.36,0.0,137.9,0.0501,0
ARDG_AQUA bream556gr 30cm  281025 1500002.csv,485,0,0.0,23.78,0.0,140.0,0.0,0
ARDG_AQUA bream556gr 30cm  281025 1500002.csv,11535,0,0.0,26.85,0.0,320.4,0.0,0
ARDG_AQUA bream 580gr 30 sm  281025 1254002.csv,5707,1,30.0,30.04,580.0,569.2,0.9792,1
ARDG_AQUA bream500gr 30cm  281025 1500002.csv,2896,0,0.0,23.76,0.0,273.4,0.0,0
ARDG_AQUA bream 150gr 21 sm  281025 1132004.csv,2183,0,0.0,21.29,0.0,143.7,0.0028,0
ARDG_AQUA bream630gr 32cm  281025 1500002.csv,4667,0,0.0,21.3,0.0,196.8,0.0005,0
ARDG_AQUA bream 150gr 21 sm  281025 1132004.csv,9750,1,21.0,20.33,150.0,128.6,0.5495,1
ARDG_AQUA bream 310gr 23 sm  281025 1233002.csv,2150,0,0.0,23.18,0.0,259.2,0.7182,1
ARDG_AQUA bream500gr 30cm  281025 1500002.csv,7913,0,0.0,21.03,0.0,126.0,0.0,0
ARDG_AQUA bream 280gr 24cm  281025 1425002.csv,4711,0,0.0,29.77,0.0,478.4,0.0131,0
ARDG_AQUA bream556gr 30cm  281025 1500002.csv,11256,0,0.0,32.35,0.0,639.8,0.6936,1
ARDG_AQUA bream 280gr 24cm  281025 1425002.csv,1476,0,0.0,23.93,0.0,133.6,0.0,0
ARDG_AQUA bream 800gr 36cm  281025 1453002.csv,3929,0,0.0,28.14,0.0,525.9,0.0002,0
ARDG_AQUA bream350 gr27cm  281025 1548002.csv,6015,0,0.0,23.9,0.0,189.0,0.0,0
ARDG_AQUA bream500gr 30cm  281025 1500002.csv,2266,0,0.0,20.31,0.0,155.0,1e-04,0
ARDG_AQUA bream 280gr 24cm  281025 1425002.csv,1239,0,0.0,25.98,0.0,364.5,0.3467,0
ARDG_AQUA bream 680gr 33 sm  281025 1208003.csv,5483,0,0.0,22.03,0.0,197.3,0.0,0
ARDG_AQUA bream 630gr 31cm  281025 1400002.csv,754,0,0.0,21.0,0.0,99.9,0.0,0
ARDG_AQUA bream 150gr 21 sm  281025 1132004.csv,8650,0,0.0,22.38,0.0,157.2,0.0,0
ARDG_AQUA bream556gr 30cm  281025 1500002.csv,6633,0,0.0,28.57,0.0,500.8,0.0882,0
ARDG_AQUA bream 580gr 30 sm  281025 1254003.csv,1415,0,0.0,30.53,0.0,541.3,0.9729,1
ARDG_AQUA bream 390gr 26cm  281025 1325003.csv,7380,1,26.0,26.39,390.0,380.2,0.9683,1
ARDG_AQUA bream 580gr 30 sm  281025 1254003.csv,3832,1,30.0,30.21,580.0,543.6,0.9665,1
ARDG_AQUA bream 390gr 26cm  281025 1325005.csv,10666,0,0.0,21.06,0.0,214.7,0.0,0
ARDG_AQUA bream 390gr 26cm  281025 1325005.csv,1831,1,26.0,26.28,390.0,382.7,0.9769,1
ARDG_AQUA bream 580gr 30 sm  281025 1254002.csv,1503,0,0.0,21.44,0.0,274.4,0.0,0
ARDG_AQUA bream 800gr 36cm  281025 1453002.csv,3928,0,0.0,27.12,0.0,457.9,0.0002,0
ARDG_AQUA bream 310gr 23 sm  281025 1233002.csv,10808,0,0.0,21.87,0.0,136.9,0.0,0
ARDG_AQUA bream 580gr 30 sm  281025 1254002.csv,9306,0,0.0,29.15,0.0,611.5,0.952,1
ARDG_AQUA bream556gr 30cm  281025 1500002.csv,5427,0,0.0,25.27,0.0,223.8,0.0,0
ARDG_AQUA bream 390gr 26cm  281025 1325005.csv,6487,0,0.0,20.28,0.0,102.4,0.0,0
ARDG_AQUA bream 680gr 33 sm  281025 1208003.csv,10914,1,33.0,32.92,680.0,666.2,0.9857,1
ARDG_AQUA bream 390gr 26cm  281025 1325005.csv,5294,1,26.0,26.15,390.0,374.3,0.9623,1
ARDG_AQUA bream620 gr31cm  281025 1618004.csv,49,1,31.0,30.98,620.0,602.1,0.818,1
ARDG_AQUA bream556gr 30cm  281025 1500002.csv,925,0,0.0,31.35,0.0,517.9,0.9444,1
ARDG_AQUA bream620 gr31cm  281025 1618003.csv,11306,1,31.0,31.97,620.0,637.5,0.9186,1
ARDG_AQUA bream 580gr 30 sm  281025 1254002.csv,3585,1,30.0,31.12,580.0,592.1,0.9686,1
ARDG_AQUA bream150gr21cm  281025 1548002.csv,5117,0,0.0,23.08,0.0,214.5,0.0002,0
ARDG_AQUA bream 580gr 30 sm  281025 1254003.csv,2304,0,0.0,31.1,0.0,560.5,0.9732,1
ARDG_AQUA bream150gr21cm  281025 1548002.csv,1795,0,0.0,22.26,0.0,104.3,0.0,0
ARDG_AQUA bream 150gr 21 sm  281025 1132002.csv,11796,0,0.0,22.88,0.0,137.6,0.0,0
ARDG_AQUA bream150gr21cm  281025 1548002.csv,4396,0,0.0,23.16,0.0,152.8,0.0,0
ARDG_AQUA bream 580gr 30 sm  281025 1254002.csv,10972,0,0.0,22.07,0.0,261.0,0.0,0
ARDG_AQUA bream150gr21cm  281025 1548002.csv,2726,0,0.0,23.27,0.0,303.6,0.0612,0
ARDG_AQUA bream 580gr 30 sm  281025 1254002.csv,3829,1,30.0,29.51,580.0,583.4,0.9832,1
ARDG_AQUA bream620 gr31cm  281025 1618003.csv,635,0,0.0,24.71,0.0,298.1,0.0,0
ARDG_AQUA bream556gr 30cm  281025 1500002.csv,3299,0,0.0,24.8,0.0,264.9,0.0,0
ARDG_AQUA bream556gr 30cm  281025 1500002.csv,5721,0,0.0,23.29,0.0,282.3,0.0,0
ARDG_AQUA bream 800gr 36cm  281025 1453002.csv,3045,1,36.0,34.63,800.0,776.3,0.9846,1
ARDG_AQUA bream556gr 30cm  281025 1500002.csv,2366,0,0.0,27.03,0.0,365.3,0.0,0
ARDG_AQUA bream 580gr 30 sm  281025 1254003.csv,5763,0,0.0,29.72,0.0,517.8,0.943,1
ARDG_AQUA bream 580gr 30 sm  281025 1254003.csv,7149,0,0.0,30.07,0.0,509.5,0.8183,1
ARDG_AQUA bream 150gr 21 sm  281025 1132002.csv,7408,0,0.0,23.02,0.0,151.1,0.0,0
ARDG_AQUA bream 580gr 30 sm  281025 1254003.csv,4477,0,0.0,22.05,0.0,215.6,0.0,0
ARDG_AQUA bream150gr21cm  281025 1548002.csv,623,0,0.0,22.35,0.0,145.1,0.0002,0
ARDG_AQUA bream 580gr 30 sm  281025 1254003.csv,4054,0,0.0,23.67,0.0,376.5,0.0,0
ARDG_AQUA bream556gr 30cm  281025 1500002.csv,11199,0,0.0,25.24,0.0,225.0,0.0,0
ARDG_AQUA bream500gr 30cm  281025 1500002.csv,5761,0,0.0,25.94,0.0,222.7,0.0,0
ARDG_AQUA bream 280gr 24cm  281025 1425002.csv,4201,0,0.0,21.79,0.0,93.8,0.0,0
ARDG_AQUA bream 680gr 33 sm  281025 1208003.csv,8404,0,0.0,21.8,0.0,176.6,0.0,0
ARDG_AQUA bream 150gr 21 sm  281025 1132004.csv,8649,0,0.0,22.66,0.0,170.0,0.0,0
ARDG_AQUA bream 800gr 36cm  281025 1453002.csv,4626,0,0.0,22.37,0.0,154.5,0.0,0
ARDG_AQUA bream 680gr 33 sm  281025 1208003.csv,837,0,0.0,21.25,0.0,144.4,0.0056,0
ARDG_AQUA bream 150gr 21 sm  281025 1132004.csv,5232,1,21.0,20.42,150.0,140.6,0.9569,1
ARDG_AQUA bream 580gr 30 sm  281025 1254002.csv,1055,0,0.0,19.59,0.0,112.4,0.0,0
ARDG_AQUA bream556gr 30cm  281025 1500002.csv,10620,0,0.0,26.12,0.0,382.6,0.0,0
ARDG_AQUA bream 630gr 31cm  281025 1400002.csv,2776,0,0.0,25.88,0.0,273.2,0.0,0
ARDG_AQUA bream630gr 32cm  281025 1500002.csv,5397,1,32.0,31.78,630.0,621.9,0.9691,1
ARDG_AQUA bream500gr 30cm  281025 1500002.csv,8583,0,0.0,21.88,0.0,136.4,0.0,0
ARDG_AQUA bream 580gr 30 sm  281025 1254003.csv,7382,0,0.0,22.27,0.0,97.9,0.0,0
ARDG_AQUA bream500gr 30cm  281025 1500002.csv,8586,0,0.0,23.3,0.0,165.3,0.0,0
ARDG_AQUA bream 390gr 26cm  281025 1325005.csv,1909,1,26.0,26.43,390.0,417.8,0.8844,1
ARDG_AQUA bream556gr 30cm  281025 1500002.csv,10876,0,0.0,29.28,0.0,493.6,0.9158,1
ARDG_AQUA bream 150gr 21 sm  281025 1132004.csv,3934,0,0.0,22.39,0.0,137.5,0.0,0
ARDG_AQUA bream 580gr 30 sm  281025 1254003.csv,2174,0,0.0,28.85,0.0,514.2,1e-04,0
ARDG_AQUA bream 580gr 30 sm  281025 1254003.csv,691,0,0.0,23.01,0.0,174.3,0.0,0
ARDG_AQUA bream620 gr31cm  281025 1618004.csv,2300,0,0.0,21.62,0.0,167.5,0.0,0
ARDG_AQUA bream 150gr 21 sm  281025 1132004.csv,7967,1,21.0,20.32,150.0,141.3,0.9535,1
ARDG_AQUA bream556gr 30cm  281025 1500002.csv,8344,0,0.0,29.79,0.0,575.7,0.6765,1
ARDG_AQUA bream 680gr 33 sm  281025 1208003.csv,4132,1,33.0,32.28,680.0,674.4,0.9895,1
ARDG_AQUA bream 150gr 21 sm  281025 1132004.csv,1588,0,0.0,23.41,0.0,142.7,0.0,0
ARDG_AQUA bream350 gr27cm  281025 1548002.csv,1621,1,27.0,27.21,350.0,435.9,0.9755,1
ARDG_AQUA bream 580gr 30 sm  281025 1254003.csv,1132,0,0.0,22.3,0.0,154.7,0.0,0
ARDG_AQUA bream556gr 30cm  281025 1500002.csv,5993,0,0.0,25.24,0.0,275.6,0.0,0
ARDG_AQUA bream500gr 30cm  281025 1500003.csv,1313,0,0.0,22.76,0.0,205.5,0.0,0
ARDG_AQUA bream500gr 30cm  281025 1500002.csv,8206,0,0.0,22.41,0.0,231.4,0.0,0
ARDG_AQUA bream 150gr 21 sm  281025 1132004.csv,11313,0,0.0,24.41,0.0,322.5,0.114,0
ARDG_AQUA bream620 gr31cm  281025 1618003.csv,4329,0,0.0,25.33,0.0,255.7,0.0,0
ARDG_AQUA bream556gr 30cm  281025 1500003.csv,1452,0,0.0,24.48,0.0,239.9,0.0,0
ARDG_AQUA bream556gr 30cm  281025 1500002.csv,905,0,0.0,24.51,0.0,157.5,0.0,0
ARDG_AQUA bream150gr21cm  281025 1548002.csv,27,0,0.0,23.68,0.0,176.2,0.0,0
ARDG_AQUA bream 390gr 26cm  281025 1325003.csv,11474,1,26.0,27.07,390.0,379.4,0.9592,1
ARDG_AQUA bream 150gr 21 sm  281025 1132004.csv,9843,0,0.0,22.42,0.0,158.9,0.0,0
ARDG_AQUA bream 280gr 24cm  281025 1425002.csv,4959,0,0.0,24.11,0.0,323.7,0.0284,0
ARDG_AQUA bream 630gr 31cm  281025 1400002.csv,6835,0,0.0,22.22,0.0,194.2,0.0003,0
ARDG_AQUA bream 280gr 24cm  281025 1425002.csv,56,0,0.0,26.79,0.0,320.0,0.0,0
ARDG_AQUA bream350 gr27cm  281025 1548002.csv,2175,1,27.0,26.76,350.0,342.5,0.9777,1
ARDG_AQUA bream 280gr 24cm  281025 1425002.csv,2390,0,0.0,26.51,0.0,244.0,0.0,0
ARDG_AQUA bream150gr21cm  281025 1548002.csv,7601,0,0.0,23.21,0.0,130.1,0.0,0
ARDG_AQUA bream620 gr31cm  281025 1618003.csv,1724,0,0.0,22.96,0.0,326.4,0.0,0
ARDG_AQUA bream500gr 30cm  281025 1500002.csv,1563,1,30.0,29.94,500.0,511.4,0.9575,1
ARDG_AQUA bream 150gr 21 sm  281025 1132004.csv,8680,0,0.0,20.98,0.0,226.7,0.951,1
ARDG_AQUA bream 150gr 21 sm  281025 1132004.csv,1331,0,0.0,22.66,0.0,160.9,0.0,0
ARDG_AQUA bream 630gr 31cm  281025 1400002.csv,11307,1,31.0,31.45,630.0,627.6,0.9647,1
ARDG_AQUA bream556gr 30cm  281025 1500002.csv,7748,0,0.0,24.14,0.0,242.5,0.0,0
ARDG_AQUA bream 630gr 31cm  281025 1400002.csv,11654,0,0.0,21.96,0.0,149.9,0.0,0
ARDG_AQUA bream630gr 32cm  281025 1500002.csv,1616,1,32.0,32.17,630.0,630.8,0.9707,1
ARDG_AQUA bream 580gr 30 sm  281025 1254003.csv,5103,0,0.0,21.05,0.0,186.0,0.0,0
ARDG_AQUA bream 150gr 21 sm  281025 1132004.csv,4334,0,0.0,23.35,0.0,158.1,0.0,0
ARDG_AQUA bream 630gr 31cm  281025 1400002.csv,8217,0,0.0,23.64,0.0,245.3,0.0,0
ARDG_AQUA bream500gr 30cm  281025 1500002.csv,1232,0,0.0,23.36,0.0,258.7,0.0,0
ARDG_AQUA bream500gr 30cm  281025 1500003.csv,2497,0,0.0,25.34,0.0,285.1,0.0,0
ARDG_AQUA bream150gr21cm  281025 1548002.csv,1449,0,0.0,23.5,0.0,216.1,0.0,0
ARDG_AQUA bream 310gr 23 sm  281025 1233002.csv,10286,0,0.0,21.15,0.0,96.2,0.0,0
ARDG_AQUA bream 680gr 33 sm  281025 1208003.csv,6285,1,33.0,32.53,680.0,664.8,0.9909,1
ARDG_AQUA bream556gr 30cm  281025 1500002.csv,5393,0,0.0,25.58,0.0,277.0,0.0,0
ARDG_AQUA bream 150gr 21 sm  281025 1132004.csv,10243,0,0.0,22.65,0.0,159.7,0.0,0
ARDG_AQUA bream 390gr 26cm  281025 1325005.csv,83,0,0.0,21.64,0.0,184.5,0.0,0
ARDG_AQUA bream556gr 30cm  281025 1500002.csv,7608,0,0.0,26.55,0.0,247.9,0.0,0
ARDG_AQUA bream 580gr 30 sm  281025 1254002.csv,11015,0,0.0,20.44,0.0,141.1,0.0,0
ARDG_AQUA bream 340gr 27cm  281025 1415002.csv,179,1,27.0,26.52,340.0,336.9,0.9592,1
ARDG_AQUA bream 150gr 21 sm  281025 1132004.csv,2116,0,0.0,22.29,0.0,140.5,0.0,0
ARDG_AQUA bream 390gr 26cm  281025 1325005.csv,1475,1,26.0,27.01,390.0,388.2,0.9708,1
ARDG_AQUA bream 630gr 31cm  281025 1400002.csv,11813,0,0.0,20.66,0.0,137.0,0.0,0
ARDG_AQUA bream 580gr 30 sm  281025 1254003.csv,111,0,0.0,21.87,0.0,147.8,0.0,0
ARDG_AQUA bream350 gr27cm  281025 1548002.csv,6708,0,0.0,24.51,0.0,200.0,0.0,0
ARDG_AQUA bream500gr 30cm  281025 1500003.csv,5589,0,0.0,24.38,0.0,288.7,0.0,0
ARDG_AQUA bream 630gr 31cm  281025 1400002.csv,224,0,0.0,24.45,0.0,166.1,0.0,0
ARDG_AQUA bream150gr21cm  281025 1548002.csv,1047,0,0.0,20.88,0.0,134.2,1e-04,0
ARDG_AQUA bream 580gr 30 sm  281025 1254002.csv,4383,0,0.0,22.3,0.0,231.6,0.0,0
ARDG_AQUA bream 150gr 21 sm  281025 1132004.csv,9294,0,0.0,22.64,0.0,142.0,0.0,0
ARDG_AQUA bream 680gr 33 sm  281025 1208003.csv,657,0,0.0,21.67,0.0,171.7,0.0,0
ARDG_AQUA bream 150gr 21 sm  281025 1132004.csv,3592,0,0.0,22.84,0.0,155.3,0.0,0
ARDG_AQUA bream 680gr 33 sm  281025 1208003.csv,6832,1,33.0,32.54,680.0,656.4,0.9837,1
ARDG_AQUA bream556gr 30cm  281025 1500002.csv,8209,0,0.0,24.33,0.0,203.3,0.0019,0
ARDG_AQUA bream500gr 30cm  281025 1500002.csv,1388,1,30.0,29.82,500.0,483.3,0.9532,1
ARDG_AQUA bream350 gr27cm  281025 1548002.csv,2257,0,0.0,23.15,0.0,165.1,0.0,0
ARDG_AQUA bream 310gr 23 sm  281025 1233002.csv,457,0,0.0,21.36,0.0,155.0,0.0,0
ARDG_AQUA bream500gr 30cm  281025 1500002.csv,7067,0,0.0,23.49,0.0,226.8,0.0,0
ARDG_AQUA bream 150gr 21 sm  281025 1132004.csv,7720,0,0.0,22.55,0.0,134.6,0.0,0
ARDG_AQUA bream556gr 30cm  281025 1500002.csv,8147,0,0.0,25.47,0.0,415.4,0.0371,0
ARDG_AQUA bream500gr 30cm  281025 1500002.csv,11525,0,0.0,22.01,0.0,191.4,0.0,0
ARDG_AQUA bream 680gr 33 sm  281025 1208003.csv,5519,0,0.0,21.76,0.0,162.0,0.0012,0
ARDG_AQUA bream500gr 30cm  281025 1500002.csv,1268,0,0.0,20.85,0.0,165.4,0.0002,0
ARDG_AQUA bream 150gr 21 sm  281025 1132004.csv,11017,0,0.0,21.27,0.0,128.4,0.7231,1
ARDG_AQUA bream 680gr 33 sm  281025 1208003.csv,6608,0,0.0,21.47,0.0,148.3,0.0009,0
ARDG_AQUA bream 310gr 23 sm  281025 1233002.csv,11625,1,23.0,23.07,310.0,303.7,0.9671,1
ARDG_AQUA bream 580gr 30 sm  281025 1254003.csv,1147,0,0.0,22.38,0.0,197.8,0.0,0
ARDG_AQUA bream 800gr 36cm  281025 1453002.csv,1605,0,0.0,25.9,0.0,362.5,0.0232,0
ARDG_AQUA bream556gr 30cm  281025 1500002.csv,4298,0,0.0,27.09,0.0,481.0,0.0058,0
ARDG_AQUA bream500gr 30cm  281025 1500003.csv,504,1,30.0,29.07,500.0,579.3,0.9801,1
ARDG_AQUA bream350 gr27cm  281025 1548002.csv,5098,0,0.0,22.62,0.0,161.2,0.0,0
ARDG_AQUA bream 150gr 21 sm  281025 1132004.csv,1860,0,0.0,22.65,0.0,136.0,0.0,0
ARDG_AQUA bream 150gr 21 sm  281025 1132004.csv,2143,0,0.0,22.76,0.0,160.6,0.0,0
ARDG_AQUA bream630gr 32cm  281025 1500002.csv,1055,1,32.0,31.65,630.0,616.6,0.9767,1
ARDG_AQUA bream 390gr 26cm  281025 1325003.csv,6588,0,0.0,19.65,0.0,194.5,0.0007,0
ARDG_AQUA bream500gr 30cm  281025 1500002.csv,3312,1,30.0,30.24,500.0,483.9,0.9511,1
ARDG_AQUA bream 680gr 33 sm  281025 1208003.csv,7033,1,33.0,30.77,680.0,603.9,0.9794,1
ARDG_AQUA bream500gr 30cm  281025 1500002.csv,4114,0,0.0,24.16,0.0,140.0,0.0,0
ARDG_AQUA bream 150gr 21 sm  281025 1132002.csv,1397,0,0.0,22.44,0.0,143.2,0.0,0
ARDG_AQUA bream 680gr 33 sm  281025 1208003.csv,11057,0,0.0,21.8,0.0,188.7,0.0,0
ARDG_AQUA bream 150gr 21 sm  281025 1132004.csv,5537,0,0.0,23.18,0.0,152.7,0.0,0
ARDG_AQUA bream 630gr 31cm  281025 1400002.csv,964,0,0.0,21.57,0.0,228.0,0.0,0
ARDG_AQUA bream 390gr 26cm  281025 1325005.csv,8364,1,26.0,25.78,390.0,377.9,0.9731,1
ARDG_AQUA bream 280gr 24cm  281025 1425002.csv,1310,0,0.0,24.64,0.0,311.9,0.9394,1
ARDG_AQUA bream500gr 30cm  281025 1500002.csv,7072,0,0.0,24.58,0.0,228.3,0.0,0
ARDG_AQUA bream 280gr 24cm  281025 1425002.csv,1388,0,0.0,26.7,0.0,463.4,0.9191,1
ARDG_AQUA bream150gr21cm  281025 1548002.csv,611,0,0.0,22.93,0.0,234.9,0.0,0
ARDG_AQUA bream620 gr31cm  281025 1618003.csv,4508,0,0.0,26.54,0.0,255.4,0.0,0
ARDG_AQUA bream 580gr 30 sm  281025 1254002.csv,10005,0,0.0,26.39,0.0,371.2,0.0,0
ARDG_AQUA bream 150gr 21 sm  281025 1132004.csv,9160,1,21.0,20.98,150.0,144.9,0.8668,1
ARDG_AQUA bream150gr21cm  281025 1548002.csv,2222,1,21.0,21.2,150.0,142.7,0.9307,1
ARDG_AQUA bream 150gr 21 sm  281025 1132004.csv,10192,0,0.0,22.26,0.0,160.1,0.0,0
ARDG_AQUA bream 580gr 30 sm  281025 1254003.csv,7385,0,0.0,23.08,0.0,134.3,0.0,0
ARDG_AQUA bream 310gr 23 sm  281025 1233002.csv,6139,1,23.0,23.06,310.0,309.8,0.9469,1
ARDG_AQUA bream500gr 30cm  281025 1500002.csv,7650,0,0.0,22.82,0.0,161.6,0.0,0
ARDG_AQUA bream350 gr27cm  281025 1548002.csv,658,0,0.0,20.42,0.0,77.7,0.0017,0
ARDG_AQUA bream 580gr 30 sm  281025 1254003.csv,8430,0,0.0,29.43,0.0,549.0,0.2664,0
ARDG_AQUA bream 800gr 36cm  281025 1453002.csv,3593,0,0.0,33.41,0.0,721.5,0.4467,0
ARDG_AQUA bream500gr 30cm  281025 1500002.csv,3954,0,0.0,24.02,0.0,267.2,0.0,0
ARDG_AQUA bream556gr 30cm  281025 1500002.csv,1113,0,0.0,31.85,0.0,494.9,0.956,1
ARDG_AQUA bream 680gr 33 sm  281025 1208003.csv,482,0,0.0,21.47,0.0,244.0,0.0003,0
ARDG_AQUA bream 310gr 23 sm  281025 1233002.csv,214,0,0.0,21.38,0.0,141.9,0.0,0
ARDG_AQUA bream 580gr 30 sm  281025 1254003.csv,203,0,0.0,24.06,0.0,225.0,0.0,0
ARDG_AQUA bream350 gr27cm  281025 1548002.csv,5175,0,0.0,22.38,0.0,228.2,0.0,0
ARDG_AQUA bream 580gr 30 sm  281025 1254003.csv,9288,0,0.0,20.56,0.0,92.3,0.0,0
ARDG_AQUA bream 630gr 31cm  281025 1400002.csv,9552,0,0.0,24.26,0.0,240.3,0.0,0
ARDG_AQUA bream556gr 30cm  281025 1500002.csv,7831,0,0.0,26.2,0.0,299.8,0.0,0
ARDG_AQUA bream 800gr 36cm  281025 1453002.csv,4087,0,0.0,22.83,0.0,172.7,0.0,0
ARDG_AQUA bream 680gr 33 sm  281025 1208003.csv,8140,1,33.0,30.95,680.0,632.5,0.9846,1
ARDG_AQUA bream 150gr 21 sm  281025 1132004.csv,97,0,0.0,22.41,0.0,175.7,0.0,0
ARDG_AQUA bream 630gr 31cm  281025 1400002.csv,8206,0,0.0,22.17,0.0,191.5,0.0,0
ARDG_AQUA bream150gr21cm  281025 1548002.csv,2505,0,0.0,21.9,0.0,165.5,0.0,0
ARDG_AQUA bream500gr 30cm  281025 1500002.csv,5156,0,0.0,24.68,0.0,160.1,0.0,0
ARDG_AQUA bream 150gr 21 sm  281025 1132004.csv,5645,0,0.0,22.68,0.0,168.7,0.0,0
ARDG_AQUA bream 580gr 30 sm  281025 1254002.csv,9942,0,0.0,20.36,0.0,139.2,0.0,0
ARDG_AQUA bream500gr 30cm  281025 1500002.csv,5504,0,0.0,23.27,0.0,228.2,0.0,0
ARDG_AQUA bream 150gr 21 sm  281025 1132002.csv,10018,0,0.0,22.58,0.0,140.0,0.0,0
ARDG_AQUA bream556gr 30cm  281025 1500002.csv,9124,0,0.0,26.44,0.0,292.6,0.0,0
ARDG_AQUA bream 580gr 30 sm  281025 1254003.csv,3943,0,0.0,28.05,0.0,469.9,0.5184,1
ARDG_AQUA bream 150gr 21 sm  281025 1132004.csv,8134,0,0.0,21.99,0.0,131.2,0.0,0
ARDG_AQUA bream500gr 30cm  281025 1500002.csv,2620,0,0.0,23.79,0.0,182.2,0.0,0
ARDG_AQUA bream556gr 30cm  281025 1500002.csv,5789,0,0.0,29.83,0.0,517.3,0.4389,0
ARDG_AQUA bream620 gr31cm  281025 1618003.csv,10360,0,0.0,23.17,0.0,197.3,0.0,0
ARDG_AQUA bream 150gr 21 sm  281025 1132004.csv,2121,0,0.0,22.26,0.0,136.6,0.0,0
ARDG_AQUA bream556gr 30cm  281025 1500002.csv,6290,0,0.0,24.75,0.0,311.9,0.0,0
ARDG_AQUA bream 680gr 33 sm  281025 1208003.csv,11821,0,0.0,22.46,0.0,177.4,0.0,0
ARDG_AQUA bream 280gr 24cm  281025 1425002.csv,4100,0,0.0,24.42,0.0,166.3,0.0,0
ARDG_AQUA bream 580gr 30 sm  281025 1254003.csv,4082,0,0.0,31.72,0.0,564.3,0.4141,0
ARDG_AQUA bream556gr 30cm  281025 1500002.csv,1564,0,0.0,27.15,0.0,505.7,0.272,0
ARDG_AQUA bream556gr 30cm  281025 1500002.csv,1565,0,0.0,26.92,0.0,516.4,0.182,0
ARDG_AQUA bream500gr 30cm  281025 1500002.csv,3105,0,0.0,21.02,0.0,172.1,0.0,0
ARDG_AQUA bream 280gr 24cm  281025 1425002.csv,3705,1,24.0,24.08,280.0,271.0,0.9639,1
ARDG_AQUA bream620 gr31cm  281025 1618003.csv,3745,1,31.0,31.2,620.0,626.5,0.9756,1
ARDG_AQUA bream500gr 30cm  281025 1500002.csv,2046,0,0.0,22.63,0.0,134.5,0.0,0
ARDG_AQUA bream556gr 30cm  281025 1500002.csv,6267,0,0.0,25.8,0.0,319.9,0.0,0
ARDG_AQUA bream 150gr 21 sm  281025 1132004.csv,9393,0,0.0,22.39,0.0,170.4,0.0,0
ARDG_AQUA bream556gr 30cm  281025 1500002.csv,6858,0,0.0,27.63,0.0,438.0,0.0272,0
ARDG_AQUA bream500gr 30cm  281025 1500002.csv,8007,0,0.0,21.81,0.0,124.3,0.0,0
ARDG_AQUA bream500gr 30cm  281025 1500002.csv,4117,0,0.0,23.81,0.0,137.7,0.0,0
ARDG_AQUA bream 150gr 21 sm  281025 1132004.csv,3272,0,0.0,21.9,0.0,151.8,0.2339,0
ARDG_AQUA bream 580gr 30 sm  281025 1254003.csv,4018,0,0.0,28.14,0.0,558.0,0.9296,1
ARDG_AQUA bream150gr21cm  281025 1548002.csv,1442,0,0.0,22.55,0.0,185.3,0.0,0
ARDG_AQUA bream500gr 30cm  281025 1500002.csv,882,0,0.0,23.55,0.0,214.0,0.0,0
ARDG_AQUA bream 630gr 31cm  281025 1400002.csv,11681,0,0.0,22.53,0.0,184.9,0.0,0
ARDG_AQUA bream 310gr 23 sm  281025 1233002.csv,6708,0,0.0,21.06,0.0,162.7,0.0,0
ARDG_AQUA bream500gr 30cm  281025 1500003.csv,1325,0,0.0,23.76,0.0,240.3,0.0,0
ARDG_AQUA bream 310gr 23 sm  281025 1233002.csv,5432,0,0.0,21.75,0.0,168.6,0.0,0
ARDG_AQUA bream556gr 30cm  281025 1500002.csv,1508,0,0.0,22.86,0.0,211.6,0.0002,0
ARDG_AQUA bream 630gr 31cm  281025 1400002.csv,8225,0,0.0,24.53,0.0,274.4,0.0,0
ARDG_AQUA bream556gr 30cm  281025 1500002.csv,10885,0,0.0,29.35,0.0,491.0,0.9178,1
ARDG_AQUA bream 150gr 21 sm  281025 1132002.csv,1046,0,0.0,22.98,0.0,142.0,0.0,0
ARDG_AQUA bream 150gr 21 sm  281025 1132004.csv,10991,0,0.0,22.31,0.0,115.3,0.0,0
ARDG_AQUA bream150gr21cm  281025 1548002.csv,567,0,0.0,22.11,0.0,157.5,1e-04,0
ARDG_AQUA bream 390gr 26cm  281025 1325003.csv,1570,0,0.0,21.13,0.0,148.3,0.0,0
ARDG_AQUA bream 310gr 23 sm  281025 1233002.csv,8203,0,0.0,21.52,0.0,319.3,0.2211,0
ARDG_AQUA bream556gr 30cm  281025 1500002.csv,8939,0,0.0,27.37,0.0,502.1,0.9008,1
ARDG_AQUA bream 150gr 21 sm  281025 1132004.csv,7754,0,0.0,22.25,0.0,146.7,0.0,0
ARDG_AQUA bream 390gr 26cm  281025 1325005.csv,7886,0,0.0,20.45,0.0,194.2,0.0004,0
ARDG_AQUA bream 310gr 23 sm  281025 1233002.csv,6482,0,0.0,21.33,0.0,234.8,0.0,0
ARDG_AQUA bream350 gr27cm  281025 1548002.csv,4964,0,0.0,21.62,0.0,127.0,0.0018,0
ARDG_AQUA bream 630gr 31cm  281025 1400002.csv,6395,1,31.0,30.98,630.0,624.0,0.9825,1
ARDG_AQUA bream500gr 30cm  281025 1500002.csv,6508,1,30.0,29.51,500.0,480.7,0.9492,1
ARDG_AQUA bream 390gr 26cm  281025 1325003.csv,9540,0,0.0,22.77,0.0,226.9,0.0,0
ARDG_AQUA bream 340gr 27cm  281025 1415002.csv,2116,0,0.0,23.12,0.0,212.5,0.0,0
ARDG_AQUA bream 680gr 33 sm  281025 1208003.csv,5587,0,0.0,21.2,0.0,152.9,0.0,0
ARDG_AQUA bream630gr 32cm  281025 1500002.csv,4720,0,0.0,22.82,0.0,209.5,0.0,0
ARDG_AQUA bream500gr 30cm  281025 1500002.csv,8659,0,0.0,25.11,0.0,253.6,0.0,0
ARDG_AQUA bream 150gr 21 sm  281025 1132002.csv,8537,1,21.0,21.13,150.0,148.8,0.8221,1
ARDG_AQUA bream350 gr27cm  281025 1548002.csv,2843,0,0.0,23.22,0.0,198.6,0.0,0
ARDG_AQUA bream 630gr 31cm  281025 1400002.csv,6863,0,0.0,23.19,0.0,237.0,0.0,0
ARDG_AQUA bream 280gr 24cm  281025 1425002.csv,4143,0,0.0,22.52,0.0,122.6,0.0,0
ARDG_AQUA bream 310gr 23 sm  281025 1233002.csv,2057,1,23.0,23.66,310.0,304.4,0.8677,1
ARDG_AQUA bream 150gr 21 sm  281025 1132004.csv,8187,0,0.0,22.8,0.0,148.1,0.0,0
ARDG_AQUA bream 390gr 26cm  281025 1325005.csv,3967,1,26.0,26.05,390.0,390.6,0.9781,1
ARDG_AQUA bream 580gr 30 sm  281025 1254002.csv,2522,1,30.0,29.28,580.0,565.7,0.8938,1
ARDG_AQUA bream150gr21cm  281025 1548002.csv,5434,1,21.0,22.08,150.0,146.3,0.9531,1
ARDG_AQUA bream 150gr 21 sm  281025 1132002.csv,6681,0,0.0,22.25,0.0,126.3,0.0002,0
ARDG_AQUA bream 150gr 21 sm  281025 1132002.csv,11787,0,0.0,22.58,0.0,126.2,0.0,0
ARDG_AQUA bream350 gr27cm  281025 1548002.csv,3415,1,27.0,26.66,350.0,352.0,0.9656,1
ARDG_AQUA bream 150gr 21 sm  281025 1132004.csv,10332,0,0.0,21.59,0.0,149.1,0.002,0
ARDG_AQUA bream 680gr 33 sm  281025 1208003.csv,9761,1,33.0,32.74,680.0,664.0,0.9766,1
ARDG_AQUA bream 280gr 24cm  281025 1425002.csv,537,0,0.0,23.46,0.0,199.4,0.0,0
ARDG_AQUA bream620 gr31cm  281025 1618004.csv,2340,0,0.0,24.26,0.0,220.6,0.0,0
ARDG_AQUA bream150gr21cm  281025 1548002.csv,4331,0,0.0,23.22,0.0,180.3,0.0,0
ARDG_AQUA bream 310gr 23 sm  281025 1233002.csv,7665,1,23.0,23.18,310.0,308.0,0.9741,1
ARDG_AQUA bream 630gr 31cm  281025 1400002.csv,2733,0,0.0,21.36,0.0,59.2,0.0,0
ARDG_AQUA bream 390gr 26cm  281025 1325005.csv,6397,0,0.0,20.44,0.0,237.8,0.0,0
ARDG_AQUA bream 280gr 24cm  281025 1425002.csv,4140,0,0.0,21.92,0.0,112.1,0.0,0
ARDG_AQUA bream 800gr 36cm  281025 1453002.csv,2880,1,36.0,35.14,800.0,800.6,0.9796,1
ARDG_AQUA bream 310gr 23 sm  281025 1233002.csv,1814,1,23.0,24.31,310.0,388.6,0.9582,1
ARDG_AQUA bream500gr 30cm  281025 1500002.csv,4411,0,0.0,24.23,0.0,255.3,0.0,0
ARDG_AQUA bream556gr 30cm  281025 1500002.csv,11131,0,0.0,26.21,0.0,408.6,0.0,0
ARDG_AQUA bream 630gr 31cm  281025 1400002.csv,3186,0,0.0,23.41,0.0,271.0,0.0,0
ARDG_AQUA bream 630gr 31cm  281025 1400002.csv,2697,0,0.0,23.55,0.0,130.0,0.0,0
ARDG_AQUA bream 150gr 21 sm  281025 1132002.csv,7367,0,0.0,22.72,0.0,149.0,0.0,0
ARDG_AQUA bream 680gr 33 sm  281025 1208003.csv,5620,0,0.0,21.56,0.0,138.4,0.0,0
ARDG_AQUA bream 150gr 21 sm  281025 1132004.csv,3820,0,0.0,22.78,0.0,135.4,0.0,0
ARDG_AQUA bream 680gr 33 sm  281025 1208003.csv,2387,1,33.0,32.47,680.0,674.9,0.9864,1
ARDG_AQUA bream 390gr 26cm  281025 1325003.csv,349,0,0.0,21.68,0.0,226.4,0.0011,0
ARDG_AQUA bream500gr 30cm  281025 1500002.csv,5452,0,0.0,21.88,0.0,150.7,0.0,0
ARDG_AQUA bream556gr 30cm  281025 1500002.csv,5199,0,0.0,24.3,0.0,299.6,0.0,0
ARDG_AQUA bream 150gr 21 sm  281025 1132004.csv,2111,0,0.0,22.02,0.0,134.5,0.0,0
ARDG_AQUA bream556gr 30cm  281025 1500002.csv,1197,0,0.0,31.53,0.0,635.3,0.0253,0
ARDG_AQUA bream 150gr 21 sm  281025 1132002.csv,10695,0,0.0,22.17,0.0,133.7,0.0,0
ARDG_AQUA bream 680gr 33 sm  281025 1208003.csv,5577,0,0.0,21.41,0.0,148.3,1e-04,0
ARDG_AQUA bream556gr 30cm  281025 1500002.csv,573,0,0.0,26.71,0.0,515.1,0.8314,1
ARDG_AQUA bream 310gr 23 sm  281025 1233002.csv,4361,1,23.0,22.63,310.0,312.4,0.9564,1
ARDG_AQUA bream 630gr 31cm  281025 1400002.csv,4530,1,31.0,31.17,630.0,621.3,0.9814,1
ARDG_AQUA bream 680gr 33 sm  281025 1208003.csv,6485,1,33.0,32.18,680.0,666.5,0.9869,1
ARDG_AQUA bream 580gr 30 sm  281025 1254002.csv,2936,1,30.0,29.67,580.0,577.8,0.9838,1
ARDG_AQUA bream 150gr 21 sm  281025 1132004.csv,268,0,0.0,26.43,0.0,182.2,0.0247,0
ARDG_AQUA bream556gr 30cm  281025 1500003.csv,759,1,30.0,31.14,556.0,550.0,0.9643,1
ARDG_AQUA bream 580gr 30 sm  281025 1254003.csv,4475,0,0.0,22.19,0.0,216.2,0.0,0
ARDG_AQUA bream556gr 30cm  281025 1500003.csv,1240,0,0.0,19.97,0.0,103.7,0.0,0
ARDG_AQUA bream 310gr 23 sm  281025 1233002.csv,3973,0,0.0,23.53,0.0,208.5,0.0031,0
ARDG_AQUA bream500gr 30cm  281025 1500002.csv,9697,1,30.0,28.42,500.0,528.4,0.9734,1
ARDG_AQUA bream500gr 30cm  281025 1500002.csv,7556,1,30.0,29.49,500.0,489.3,0.5344,1
ARDG_AQUA bream620 gr31cm  281025 1618003.csv,4259,0,0.0,25.39,0.0,299.1,0.0,0
ARDG_AQUA bream 800gr 36cm  281025 1453002.csv,1753,0,0.0,33.26,0.0,697.5,0.9465,1
ARDG_AQUA bream 680gr 33 sm  281025 1208003.csv,862,0,0.0,21.32,0.0,177.8,0.0014,0
ARDG_AQUA bream 390gr 26cm  281025 1325003.csv,11564,1,26.0,25.7,390.0,385.5,0.945,1
ARDG_AQUA bream 580gr 30 sm  281025 1254003.csv,8075,0,0.0,30.2,0.0,532.7,0.976,1
ARDG_AQUA bream556gr 30cm  281025 1500002.csv,1313,0,0.0,28.8,0.0,480.3,0.0564,0
ARDG_AQUA bream 580gr 30 sm  281025 1254002.csv,10922,0,0.0,21.4,0.0,271.8,0.0,0
ARDG_AQUA bream 280gr 24cm  281025 1425002.csv,1213,0,0.0,24.41,0.0,361.5,0.3389,0
ARDG_AQUA bream 680gr 33 sm  281025 1208003.csv,9157,0,0.0,21.96,0.0,173.6,0.0,0
ARDG_AQUA bream620 gr31cm  281025 1618003.csv,10349,0,0.0,23.54,0.0,204.7,0.0,0
ARDG_AQUA bream 150gr 21 sm  281025 1132004.csv,4427,1,21.0,20.54,150.0,143.6,0.947,1
ARDG_AQUA bream 580gr 30 sm  281025 1254002.csv,4081,1,30.0,31.33,580.0,583.7,0.9681,1
ARDG_AQUA bream500gr 30cm  281025 1500003.csv,5749,0,0.0,23.07,0.0,222.3,0.0,0
ARDG_AQUA bream 150gr 21 sm  281025 1132004.csv,922,0,0.0,22.68,0.0,154.1,0.0,0
ARDG_AQUA bream620 gr31cm  281025 1618003.csv,10313,0,0.0,20.72,0.0,97.3,0.0,0
ARDG_AQUA bream500gr 30cm  281025 1500002.csv,2238,0,0.0,21.61,0.0,168.1,0.0,0
ARDG_AQUA bream556gr 30cm  281025 1500002.csv,11052,0,0.0,27.57,0.0,457.9,0.0004,0
ARDG_AQUA bream350 gr27cm  281025 1548002.csv,6379,0,0.0,23.18,0.0,208.9,0.0673,0
ARDG_AQUA bream150gr21cm  281025 1548002.csv,3279,0,0.0,22.45,0.0,227.0,0.0032,0
ARDG_AQUA bream 150gr 21 sm  281025 1132004.csv,2943,0,0.0,22.49,0.0,171.2,0.0302,0
ARDG_AQUA bream 280gr 24cm  281025 1425002.csv,1370,0,0.0,24.73,0.0,366.6,0.6262,1
ARDG_AQUA bream 800gr 36cm  281025 1453002.csv,1766,0,0.0,25.27,0.0,394.1,0.0,0
ARDG_AQUA bream 680gr 33 sm  281025 1208003.csv,4767,1,33.0,32.98,680.0,671.4,0.9915,1
ARDG_AQUA bream 680gr 33 sm  281025 1208003.csv,10357,0,0.0,22.02,0.0,145.0,0.0,0
ARDG_AQUA bream 150gr 21 sm  281025 1132004.csv,6828,0,0.0,21.08,0.0,151.3,0.4233,0
ARDG_AQUA bream 630gr 31cm  281025 1400002.csv,2393,0,0.0,22.89,0.0,106.6,0.0,0
ARDG_AQUA bream350 gr27cm  281025 1548002.csv,5014,0,0.0,23.53,0.0,109.4,0.0,0
ARDG_AQUA bream 580gr 30 sm  281025 1254003.csv,1578,1,30.0,29.36,580.0,573.6,0.9815,1
ARDG_AQUA bream500gr 30cm  281025 1500002.csv,5226,0,0.0,25.66,0.0,353.6,0.0,0
ARDG_AQUA bream556gr 30cm  281025 1500002.csv,433,0,0.0,23.72,0.0,284.5,1e-04,0
ARDG_AQUA bream556gr 30cm  281025 1500002.csv,10846,0,0.0,24.31,0.0,206.6,0.0,0
ARDG_AQUA bream 150gr 21 sm  281025 1132002.csv,10285,1,21.0,20.8,150.0,136.1,0.9127,1
ARDG_AQUA bream500gr 30cm  281025 1500003.csv,1235,0,0.0,25.88,0.0,395.6,0.0,0
ARDG_AQUA bream500gr 30cm  281025 1500002.csv,10126,0,0.0,22.96,0.0,176.9,0.0,0
ARDG_AQUA bream500gr 30cm  281025 1500002.csv,4081,0,0.0,24.15,0.0,211.5,0.0,0
ARDG_AQUA bream150gr21cm  281025 1548002.csv,4351,0,0.0,24.48,0.0,220.1,0.0,0
ARDG_AQUA bream 150gr 21 sm  281025 1132002.csv,5609,0,0.0,21.53,0.0,135.7,0.0725,0
ARDG_AQUA bream500gr 30cm  281025 1500002.csv,871,0,0.0,24.3,0.0,187.7,0.0,0
ARDG_AQUA bream 680gr 33 sm  281025 1208003.csv,3606,1,33.0,32.07,680.0,659.4,0.9882,1
ARDG_AQUA bream556gr 30cm  281025 1500003.csv,1264,0,0.0,22.54,0.0,149.4,0.0,0
ARDG_AQUA bream 150gr 21 sm  281025 1132004.csv,1856,0,0.0,22.73,0.0,129.2,0.0,0
ARDG_AQUA bream 280gr 24cm  281025 1425002.csv,2528,0,0.0,23.68,0.0,149.7,0.0,0
ARDG_AQUA bream 150gr 21 sm  281025 1132002.csv,8967,0,0.0,22.84,0.0,150.4,0.0,0
ARDG_AQUA bream620 gr31cm  281025 1618003.csv,6459,1,31.0,31.48,620.0,615.5,0.9581,1
ARDG_AQUA bream 580gr 30 sm  281025 1254003.csv,5982,0,0.0,30.05,0.0,584.6,0.9595,1
ARDG_AQUA bream 580gr 30 sm  281025 1254002.csv,7095,0,0.0,20.8,0.0,73.5,0.0,0
ARDG_AQUA bream 580gr 30 sm  281025 1254003.csv,4067,0,0.0,26.81,0.0,498.6,0.9086,1
ARDG_AQUA bream 680gr 33 sm  281025 1208003.csv,5165,1,33.0,32.53,680.0,675.5,0.9828,1
ARDG_AQUA bream 630gr 31cm  281025 1400002.csv,3858,1,31.0,28.43,630.0,610.8,0.9666,1
ARDG_AQUA bream 390gr 26cm  281025 1325003.csv,11147,1,26.0,25.95,390.0,379.0,0.9732,1
ARDG_AQUA bream500gr 30cm  281025 1500002.csv,8517,0,0.0,24.84,0.0,179.5,0.0,0
ARDG_AQUA bream 390gr 26cm  281025 1325003.csv,11848,0,0.0,21.04,0.0,176.4,0.0004,0
ARDG_AQUA bream500gr 30cm  281025 1500003.csv,1410,0,0.0,23.02,0.0,246.0,0.0,0
ARDG_AQUA bream 150gr 21 sm  281025 1132004.csv,4027,1,21.0,20.3,150.0,133.3,0.9631,1
ARDG_AQUA bream 390gr 26cm  281025 1325003.csv,11899,0,0.0,23.62,0.0,178.2,0.0,0
ARDG_AQUA bream150gr21cm  281025 1548002.csv,5518,0,0.0,24.04,0.0,202.4,0.0,0
ARDG_AQUA bream 390gr 26cm  281025 1325005.csv,159,0,0.0,23.44,0.0,167.8,0.0,0
ARDG_AQUA bream556gr 30cm  281025 1500003.csv,1181,0,0.0,21.24,0.0,96.6,0.0,0
ARDG_AQUA bream556gr 30cm  281025 1500002.csv,8527,0,0.0,24.98,0.0,337.2,0.0147,0
ARDG_AQUA bream 150gr 21 sm  281025 1132004.csv,2927,0,0.0,22.8,0.0,186.9,0.0,0
ARDG_AQUA bream 150gr 21 sm  281025 1132002.csv,10811,0,0.0,22.65,0.0,140.4,0.0,0
ARDG_AQUA bream350 gr27cm  281025 1548002.csv,3108,1,27.0,27.7,350.0,372.3,0.974,1
ARDG_AQUA bream150gr21cm  281025 1548002.csv,494,0,0.0,23.49,0.0,193.4,0.0,0
ARDG_AQUA bream500gr 30cm  281025 1500002.csv,7922,0,0.0,21.58,0.0,139.7,0.0,0
ARDG_AQUA bream630gr 32cm  281025 1500002.csv,3532,1,32.0,32.08,630.0,626.5,0.9788,1
ARDG_AQUA bream150gr21cm  281025 1548002.csv,224,0,0.0,21.17,0.0,107.4,0.0,0
ARDG_AQUA bream 800gr 36cm  281025 1453002.csv,4250,0,0.0,35.12,0.0,712.1,0.1071,0
ARDG_AQUA bream556gr 30cm  281025 1500002.csv,6440,0,0.0,24.12,0.0,275.6,0.0,0
ARDG_AQUA bream 580gr 30 sm  281025 1254003.csv,10759,0,0.0,20.4,0.0,205.7,0.0,0
ARDG_AQUA bream630gr 32cm  281025 1500002.csv,26,0,0.0,21.85,0.0,160.6,0.0,0
ARDG_AQUA bream 580gr 30 sm  281025 1254002.csv,9599,1,30.0,28.79,580.0,568.5,0.9761,1
ARDG_AQUA bream620 gr31cm  281025 1618003.csv,10356,0,0.0,23.0,0.0,208.9,0.0,0
ARDG_AQUA bream556gr 30cm  281025 1500002.csv,1183,0,0.0,28.27,0.0,454.4,0.0,0
ARDG_AQUA bream 150gr 21 sm  281025 1132004.csv,5765,0,0.0,22.39,0.0,150.9,0.0,0
ARDG_AQUA bream 310gr 23 sm  281025 1233002.csv,727,0,0.0,21.72,0.0,128.3,0.0,0
ARDG_AQUA bream556gr 30cm  281025 1500003.csv,1271,0,0.0,23.01,0.0,173.1,0.0,0
ARDG_AQUA bream556gr 30cm  281025 1500002.csv,8320,0,0.0,25.28,0.0,345.0,0.0,0
ARDG_AQUA bream 580gr 30 sm  281025 1254002.csv,5868,1,30.0,31.43,580.0,567.5,0.9781,1
ARDG_AQUA bream150gr21cm  281025 1548002.csv,6100,0,0.0,25.85,0.0,300.7,0.0,0
ARDG_AQUA bream350 gr27cm  281025 1548002.csv,5143,0,0.0,22.92,0.0,204.8,0.0,0
ARDG_AQUA bream630gr 32cm  281025 1500002.csv,3379,1,32.0,30.76,630.0,593.9,0.9791,1
ARDG_AQUA bream 390gr 26cm  281025 1325005.csv,11201,0,0.0,20.66,0.0,148.2,0.0,0
ARDG_AQUA bream500gr 30cm  281025 1500002.csv,4734,0,0.0,21.98,0.0,253.3,0.0,0
ARDG_AQUA bream556gr 30cm  281025 1500002.csv,1492,0,0.0,23.86,0.0,190.5,0.0,0
ARDG_AQUA bream 580gr 30 sm  281025 1254002.csv,10249,1,30.0,29.12,580.0,554.9,0.967,1
ARDG_AQUA bream350 gr27cm  281025 1548002.csv,5198,0,0.0,22.99,0.0,105.5,0.0,0
ARDG_AQUA bream556gr 30cm  281025 1500002.csv,8427,1,30.0,29.73,556.0,577.5,0.9681,1
ARDG_AQUA bream 800gr 36cm  281025 1453002.csv,5018,0,0.0,25.82,0.0,302.1,0.0,0
ARDG_AQUA bream 150gr 21 sm  281025 1132002.csv,3399,0,0.0,22.75,0.0,120.4,0.0,0
ARDG_AQUA bream620 gr31cm  281025 1618004.csv,1608,1,31.0,30.12,620.0,623.0,0.9777,1
ARDG_AQUA bream630gr 32cm  281025 1500002.csv,5651,1,32.0,32.65,630.0,622.4,0.9549,1
ARDG_AQUA bream556gr 30cm  281025 1500002.csv,6259,0,0.0,27.05,0.0,319.1,0.0,0
ARDG_AQUA bream150gr21cm  281025 1548002.csv,1520,1,21.0,21.19,150.0,143.6,0.9419,1
ARDG_AQUA bream 630gr 31cm  281025 1400002.csv,11190,0,0.0,25.25,0.0,225.6,0.0,0
ARDG_AQUA bream620 gr31cm  281025 1618003.csv,1999,0,0.0,24.6,0.0,259.2,0.0,0
ARDG_AQUA bream 680gr 33 sm  281025 1208003.csv,10706,1,33.0,33.05,680.0,675.3,0.9905,1
ARDG_AQUA bream 310gr 23 sm  281025 1233002.csv,5193,0,0.0,21.05,0.0,118.1,1e-04,0
ARDG_AQUA bream 340gr 27cm  281025 1415002.csv,986,1,27.0,26.46,340.0,330.5,0.9677,1
ARDG_AQUA bream 630gr 31cm  281025 1400002.csv,2760,0,0.0,24.61,0.0,210.4,0.0,0
ARDG_AQUA bream500gr 30cm  281025 1500002.csv,5809,0,0.0,22.12,0.0,166.6,0.0,0
ARDG_AQUA bream 390gr 26cm  281025 1325005.csv,7758,1,26.0,25.93,390.0,371.1,0.9572,1
ARDG_AQUA bream500gr 30cm  281025 1500002.csv,5832,0,0.0,23.2,0.0,227.0,0.0,0
ARDG_AQUA bream500gr 30cm  281025 1500002.csv,5694,0,0.0,22.23,0.0,172.8,0.0,0
ARDG_AQUA bream 150gr 21 sm  281025 1132004.csv,10365,0,0.0,22.75,0.0,146.8,0.0,0
ARDG_AQUA bream 310gr 23 sm  281025 1233002.csv,8045,0,0.0,21.7,0.0,125.4,0.0,0
ARDG_AQUA bream500gr 30cm  281025 1500002.csv,4927,0,0.0,24.87,0.0,253.1,0.0,0
ARDG_AQUA bream 310gr 23 sm  281025 1233002.csv,4879,0,0.0,21.33,0.0,166.1,0.0,0
ARDG_AQUA bream500gr 30cm  281025 1500002.csv,8654,0,0.0,24.66,0.0,278.4,0.0,0
ARDG_AQUA bream150gr21cm  281025 1548002.csv,544,0,0.0,22.39,0.0,193.9,0.0,0
ARDG_AQUA bream 150gr 21 sm  281025 1132004.csv,11525,0,0.0,22.77,0.0,146.5,0.0,0
ARDG_AQUA bream 310gr 23 sm  281025 1233002.csv,10295,0,0.0,21.61,0.0,104.2,0.0,0
ARDG_AQUA bream 800gr 36cm  281025 1453002.csv,2550,1,36.0,35.52,800.0,796.6,0.9839,1
ARDG_AQUA bream 580gr 30 sm  281025 1254003.csv,1854,0,0.0,27.41,0.0,545.9,0.9499,1
ARDG_AQUA bream 680gr 33 sm  281025 1208003.csv,6562,0,0.0,21.63,0.0,151.9,1e-04,0
ARDG_AQUA bream150gr21cm  281025 1548002.csv,257,0,0.0,21.41,0.0,105.2,0.0,0
ARDG_AQUA bream 150gr 21 sm  281025 1132004.csv,4660,1,21.0,20.88,150.0,187.5,0.9531,1
ARDG_AQUA bream150gr21cm  281025 1548002.csv,582,0,0.0,20.18,0.0,173.0,1e-04,0
ARDG_AQUA bream556gr 30cm  281025 1500002.csv,10573,0,0.0,32.19,0.0,617.9,0.9575,1
ARDG_AQUA bream 580gr 30 sm  281025 1254003.csv,2563,0,0.0,27.62,0.0,580.6,0.9074,1
ARDG_AQUA bream150gr21cm  281025 1548002.csv,7170,0,0.0,20.14,0.0,88.7,0.0,0
ARDG_AQUA bream 280gr 24cm  281025 1425002.csv,2941,1,24.0,23.63,280.0,279.2,0.9593,1
ARDG_AQUA bream 150gr 21 sm  281025 1132004.csv,1158,1,21.0,20.67,150.0,155.3,0.9401,1
ARDG_AQUA bream150gr21cm  281025 1548002.csv,4254,0,0.0,22.98,0.0,143.6,0.0,0
ARDG_AQUA bream 150gr 21 sm  281025 1132002.csv,6005,1,21.0,20.86,150.0,119.4,0.92,1
ARDG_AQUA bream620 gr31cm  281025 1618004.csv,2044,0,0.0,26.36,0.0,306.1,0.0,0
ARDG_AQUA bream 390gr 26cm  281025 1325005.csv,575,0,0.0,22.24,0.0,174.9,0.0,0
ARDG_AQUA bream 580gr 30 sm  281025 1254003.csv,11429,0,0.0,21.48,0.0,219.6,0.0,0
ARDG_AQUA bream 150gr 21 sm  281025 1132004.csv,5483,0,0.0,22.53,0.0,139.5,0.0,0
ARDG_AQUA bream 150gr 21 sm  281025 1132002.csv,9130,1,21.0,21.01,150.0,145.0,0.9281,1
ARDG_AQUA bream556gr 30cm  281025 1500002.csv,7299,1,30.0,30.98,556.0,543.8,0.9838,1
ARDG_AQUA bream 580gr 30 sm  281025 1254003.csv,1887,0,0.0,24.27,0.0,321.5,0.0,0
ARDG_AQUA bream 280gr 24cm  281025 1425002.csv,1897,1,24.0,24.12,280.0,272.7,0.9591,1
ARDG_AQUA bream150gr21cm  281025 1548002.csv,4182,0,0.0,24.85,0.0,245.0,0.0,0
ARDG_AQUA bream 150gr 21 sm  281025 1132004.csv,10268,0,0.0,22.38,0.0,139.1,0.0,0
ARDG_AQUA bream 310gr 23 sm  281025 1233002.csv,8924,1,23.0,22.32,310.0,301.4,0.9723,1
ARDG_AQUA bream 280gr 24cm  281025 1425002.csv,5241,0,0.0,22.45,0.0,112.0,0.0,0
ARDG_AQUA bream 310gr 23 sm  281025 1233002.csv,2773,1,23.0,23.51,310.0,285.7,0.9134,1
ARDG_AQUA bream556gr 30cm  281025 1500002.csv,9969,0,0.0,25.1,0.0,226.2,0.0,0
ARDG_AQUA bream556gr 30cm  281025 1500002.csv,8238,0,0.0,24.98,0.0,342.7,0.0007,0
ARDG_AQUA bream 630gr 31cm  281025 1400002.csv,6747,0,0.0,23.83,0.0,229.9,0.0,0
ARDG_AQUA bream 150gr 21 sm  281025 1132002.csv,10017,0,0.0,22.83,0.0,143.3,0.0,0
ARDG_AQUA bream500gr 30cm  281025 1500002.csv,1067,0,0.0,24.32,0.0,161.4,0.0,0
ARDG_AQUA bream 310gr 23 sm  281025 1233002.csv,8177,0,0.0,21.68,0.0,286.0,0.0,0
ARDG_AQUA bream500gr 30cm  281025 1500002.csv,6311,1,30.0,29.94,500.0,486.8,0.9445,1
ARDG_AQUA bream 630gr 31cm  281025 1400002.csv,2069,0,0.0,23.13,0.0,219.4,0.0,0
ARDG_AQUA bream 630gr 31cm  281025 1400002.csv,10171,1,31.0,28.75,630.0,738.6,0.9809,1
ARDG_AQUA bream 580gr 30 sm  281025 1254003.csv,11544,0,0.0,22.39,0.0,150.8,0.0,0
ARDG_AQUA bream150gr21cm  281025 1548002.csv,7629,0,0.0,25.51,0.0,227.8,0.0,0
ARDG_AQUA bream 150gr 21 sm  281025 1132004.csv,8691,0,0.0,21.79,0.0,174.4,0.0597,0
ARDG_AQUA bream 680gr 33 sm  281025 1208003.csv,3233,1,33.0,33.0,680.0,671.4,0.9888,1
ARDG_AQUA bream 580gr 30 sm  281025 1254003.csv,355,0,0.0,23.87,0.0,193.8,0.0,0
ARDG_AQUA bream500gr 30cm  281025 1500003.csv,3438,1,30.0,29.07,500.0,497.1,0.9724,1
ARDG_AQUA bream150gr21cm  281025 1548002.csv,4337,0,0.0,23.62,0.0,162.7,0.0,0
ARDG_AQUA bream 390gr 26cm  281025 1325005.csv,2088,1,26.0,26.17,390.0,389.4,0.8967,1
ARDG_AQUA bream 580gr 30 sm  281025 1254003.csv,615,0,0.0,23.91,0.0,259.2,0.0,0
ARDG_AQUA bream150gr21cm  281025 1548002.csv,1364,0,0.0,22.88,0.0,128.4,0.0,0
ARDG_AQUA bream620 gr31cm  281025 1618003.csv,5877,0,0.0,23.29,0.0,260.8,0.0,0
ARDG_AQUA bream 150gr 21 sm  281025 1132004.csv,11016,0,0.0,21.6,0.0,142.3,0.7383,1
ARDG_AQUA bream150gr21cm  281025 1548002.csv,4639,0,0.0,28.69,0.0,513.9,0.0198,0
ARDG_AQUA bream 150gr 21 sm  281025 1132004.csv,1746,0,0.0,22.47,0.0,142.8,0.0,0
ARDG_AQUA bream 580gr 30 sm  281025 1254003.csv,5090,0,0.0,21.23,0.0,329.2,0.0,0
ARDG_AQUA bream 280gr 24cm  281025 1425002.csv,1246,0,0.0,27.0,0.0,371.5,0.1527,0
ARDG_AQUA bream 630gr 31cm  281025 1400002.csv,11897,0,0.0,24.19,0.0,288.5,0.0,0
ARDG_AQUA bream350 gr27cm  281025 1548002.csv,6134,0,0.0,24.98,0.0,193.6,0.0,0
ARDG_AQUA bream 800gr 36cm  281025 1453002.csv,2318,0,0.0,35.38,0.0,742.3,0.9702,1
ARDG_AQUA bream 580gr 30 sm  281025 1254002.csv,11869,0,0.0,21.87,0.0,232.5,0.0,0
ARDG_AQUA bream 340gr 27cm  281025 1415002.csv,1451,0,0.0,24.46,0.0,253.1,0.0,0
ARDG_AQUA bream 280gr 24cm  281025 1425002.csv,5418,0,0.0,22.03,0.0,176.0,0.0,0
ARDG_AQUA bream500gr 30cm  281025 1500002.csv,8312,0,0.0,22.07,0.0,138.5,0.0,0
ARDG_AQUA bream 390gr 26cm  281025 1325003.csv,11889,0,0.0,21.3,0.0,100.3,0.0,0
ARDG_AQUA bream 390gr 26cm  281025 1325003.csv,6591,0,0.0,20.17,0.0,180.7,1e-04,0
ARDG_AQUA bream 150gr 21 sm  281025 1132002.csv,4002,0,0.0,23.57,0.0,204.3,0.0,0
ARDG_AQUA bream 340gr 27cm  281025 1415002.csv,568,0,0.0,27.06,0.0,380.7,0.0142,0
ARDG_AQUA bream556gr 30cm  281025 1500002.csv,6924,0,0.0,31.44,0.0,561.8,0.9714,1
ARDG_AQUA bream 310gr 23 sm  281025 1233002.csv,8184,0,0.0,21.11,0.0,211.8,0.0,0
ARDG_AQUA bream150gr21cm  281025 1548002.csv,5176,0,0.0,21.99,0.0,204.6,0.0205,0
ARDG_AQUA bream 580gr 30 sm  281025 1254003.csv,5414,0,0.0,22.26,0.0,328.2,0.0,0
ARDG_AQUA bream 680gr 33 sm  281025 1208003.csv,8414,0,0.0,21.46,0.0,172.1,0.0,0
ARDG_AQUA bream620 gr31cm  281025 1618003.csv,4349,0,0.0,26.45,0.0,341.6,0.0,0
ARDG_AQUA bream556gr 30cm  281025 1500003.csv,1414,0,0.0,22.24,0.0,162.8,0.0,0
ARDG_AQUA bream500gr 30cm  281025 1500002.csv,8197,0,0.0,21.65,0.0,113.0,0.0,0
ARDG_AQUA bream500gr 30cm  281025 1500002.csv,3391,0,0.0,21.94,0.0,191.6,0.0,0
ARDG_AQUA bream 580gr 30 sm  281025 1254003.csv,4512,0,0.0,23.26,0.0,189.0,0.0,0
ARDG_AQUA bream150gr21cm  281025 1548002.csv,940,0,0.0,22.54,0.0,172.2,0.0,0
ARDG_AQUA bream150gr21cm  281025 1548002.csv,5883,0,0.0,23.06,0.0,180.8,0.0,0
ARDG_AQUA bream 680gr 33 sm  281025 1208003.csv,3487,0,0.0,20.95,0.0,134.2,1e-04,0
ARDG_AQUA bream 310gr 23 sm  281025 1233002.csv,406,0,0.0,21.62,0.0,134.5,0.0,0
ARDG_AQUA bream 280gr 24cm  281025 1425002.csv,1334,0,0.0,22.72,0.0,289.9,0.6161,1
ARDG_AQUA bream 150gr 21 sm  281025 1132002.csv,8955,0,0.0,22.55,0.0,135.4,0.0,0
ARDG_AQUA bream500gr 30cm  281025 1500002.csv,3651,0,0.0,26.59,0.0,320.0,0.0,0
ARDG_AQUA bream 800gr 36cm  281025 1453002.csv,4028,0,0.0,35.76,0.0,747.5,0.9788,1
ARDG_AQUA bream 580gr 30 sm  281025 1254002.csv,11605,0,0.0,22.44,0.0,171.0,0.0,0
ARDG_AQUA bream 580gr 30 sm  281025 1254002.csv,9894,0,0.0,23.04,0.0,221.8,0.0,0
ARDG_AQUA bream556gr 30cm  281025 1500002.csv,11053,0,0.0,27.55,0.0,504.0,0.0072,0
ARDG_AQUA bream 580gr 30 sm  281025 1254002.csv,11493,0,0.0,22.2,0.0,190.2,0.0,0
ARDG_AQUA bream 580gr 30 sm  281025 1254003.csv,4431,0,0.0,22.41,0.0,291.8,0.0,0
ARDG_AQUA bream556gr 30cm  281025 1500002.csv,6253,0,0.0,27.77,0.0,287.9,0.0,0
ARDG_AQUA bream 390gr 26cm  281025 1325005.csv,11725,0,0.0,22.53,0.0,156.2,0.0,0
ARDG_AQUA bream 680gr 33 sm  281025 1208003.csv,3312,1,33.0,33.13,680.0,677.1,0.991,1
ARDG_AQUA bream500gr 30cm  281025 1500002.csv,10100,0,0.0,21.42,0.0,235.3,0.0,0
ARDG_AQUA bream 150gr 21 sm  281025 1132004.csv,9382,0,0.0,21.93,0.0,141.6,0.0002,0
ARDG_AQUA bream150gr21cm  281025 1548002.csv,4674,0,0.0,27.86,0.0,492.6,0.0026,0
ARDG_AQUA bream150gr21cm  281025 1548002.csv,2723,0,0.0,21.74,0.0,282.9,0.4237,0
ARDG_AQUA bream556gr 30cm  281025 1500003.csv,128,1,30.0,31.58,556.0,596.3,0.9606,1
ARDG_AQUA bream 580gr 30 sm  281025 1254002.csv,7086,0,0.0,21.01,0.0,67.7,0.0,0
ARDG_AQUA bream 580gr 30 sm  281025 1254002.csv,7225,0,0.0,23.03,0.0,138.8,0.0,0
ARDG_AQUA bream500gr 30cm  281025 1500002.csv,5590,1,30.0,30.01,500.0,482.4,0.9484,1
ARDG_AQUA bream 630gr 31cm  281025 1400002.csv,4606,0,0.0,24.16,0.0,330.4,0.0,0
ARDG_AQUA bream 800gr 36cm  281025 1453002.csv,1720,0,0.0,29.3,0.0,571.4,0.0003,0
ARDG_AQUA bream 580gr 30 sm  281025 1254003.csv,1506,1,30.0,29.26,580.0,569.1,0.9684,1
ARDG_AQUA bream 310gr 23 sm  281025 1233002.csv,8474,1,23.0,23.75,310.0,300.6,0.8511,1
ARDG_AQUA bream350 gr27cm  281025 1548002.csv,856,1,27.0,27.0,350.0,343.1,0.9785,1
ARDG_AQUA bream 150gr 21 sm  281025 1132004.csv,2813,0,0.0,22.38,0.0,181.8,0.0,0
ARDG_AQUA bream 630gr 31cm  281025 1400002.csv,3362,0,0.0,24.33,0.0,238.9,0.0,0
ARDG_AQUA bream500gr 30cm  281025 1500002.csv,10089,0,0.0,22.71,0.0,217.1,0.0,0
ARDG_AQUA bream556gr 30cm  281025 1500003.csv,1482,0,0.0,23.51,0.0,168.9,0.0,0
ARDG_AQUA bream 280gr 24cm  281025 1425002.csv,1369,0,0.0,24.85,0.0,322.1,0.6717,1
ARDG_AQUA bream 150gr 21 sm  281025 1132004.csv,11917,0,0.0,22.29,0.0,135.5,0.0,0
ARDG_AQUA bream150gr21cm  281025 1548002.csv,920,0,0.0,23.88,0.0,262.5,0.0,0
ARDG_AQUA bream 310gr 23 sm  281025 1233002.csv,8091,0,0.0,20.25,0.0,91.5,0.0,0
ARDG_AQUA bream 580gr 30 sm  281025 1254003.csv,5808,0,0.0,21.11,0.0,118.3,0.0,0
ARDG_AQUA bream 390gr 26cm  281025 1325003.csv,11407,1,26.0,26.44,390.0,377.4,0.9532,1
ARDG_AQUA bream 680gr 33 sm  281025 1208003.csv,2304,0,0.0,21.91,0.0,151.1,0.0,0
ARDG_AQUA bream 150gr 21 sm  281025 1132004.csv,7687,0,0.0,22.25,0.0,151.7,1e-04,0
ARDG_AQUA bream 150gr 21 sm  281025 1132002.csv,9694,0,0.0,22.95,0.0,153.9,0.0,0
ARDG_AQUA bream 580gr 30 sm  281025 1254002.csv,1244,0,0.0,23.64,0.0,292.2,0.0,0
ARDG_AQUA bream 680gr 33 sm  281025 1208003.csv,787,0,0.0,21.37,0.0,151.1,0.0003,0
ARDG_AQUA bream 280gr 24cm  281025 1425002.csv,4213,0,0.0,23.49,0.0,109.0,0.0,0
ARDG_AQUA bream556gr 30cm  281025 1500002.csv,11543,0,0.0,29.35,0.0,487.9,0.0,0
ARDG_AQUA bream 580gr 30 sm  281025 1254003.csv,9949,1,30.0,29.32,580.0,577.6,0.9668,1
ARDG_AQUA bream 580gr 30 sm  281025 1254003.csv,7775,1,30.0,31.43,580.0,589.9,0.9844,1
ARDG_AQUA bream 580gr 30 sm  281025 1254003.csv,1143,0,0.0,22.33,0.0,180.3,0.0,0
ARDG_AQUA bream150gr21cm  281025 1548002.csv,5574,0,0.0,23.5,0.0,136.2,0.0,0
ARDG_AQUA bream 150gr 21 sm  281025 1132004.csv,11293,0,0.0,23.46,0.0,359.6,0.9593,1
ARDG_AQUA bream 150gr 21 sm  281025 1132004.csv,1795,0,0.0,23.79,0.0,133.0,0.0,0
ARDG_AQUA bream500gr 30cm  281025 1500003.csv,1330,0,0.0,24.61,0.0,300.2,0.0,0
ARDG_AQUA bream 390gr 26cm  281025 1325005.csv,11551,0,0.0,21.29,0.0,169.4,0.0,0
ARDG_AQUA bream 580gr 30 sm  281025 1254003.csv,4757,0,0.0,21.18,0.0,211.7,0.0,0
ARDG_AQUA bream 580gr 30 sm  281025 1254003.csv,5416,0,0.0,22.92,0.0,339.5,0.0,0
ARDG_AQUA bream620 gr31cm  281025 1618003.csv,9525,1,31.0,30.94,620.0,581.9,0.9741,1
ARDG_AQUA bream 390gr 26cm  281025 1325005.csv,9752,0,0.0,22.18,0.0,306.5,0.0,0
ARDG_AQUA bream 390gr 26cm  281025 1325005.csv,11192,0,0.0,20.68,0.0,98.9,0.0,0
ARDG_AQUA bream 150gr 21 sm  281025 1132004.csv,8223,0,0.0,22.15,0.0,152.7,0.0,0
ARDG_AQUA bream 580gr 30 sm  281025 1254003.csv,255,0,0.0,21.24,0.0,141.6,0.0,0
ARDG_AQUA bream 680gr 33 sm  281025 1208003.csv,11405,0,0.0,21.73,0.0,186.2,0.0,0
ARDG_AQUA bream 580gr 30 sm  281025 1254003.csv,11089,0,0.0,21.9,0.0,223.5,0.0,0
ARDG_AQUA bream500gr 30cm  281025 1500002.csv,2886,0,0.0,21.94,0.0,239.3,0.0,0
ARDG_AQUA bream 310gr 23 sm  281025 1233002.csv,4899,0,0.0,21.67,0.0,193.5,0.0,0
ARDG_AQUA bream 310gr 23 sm  281025 1233002.csv,9914,1,23.0,24.39,310.0,309.2,0.9312,1
ARDG_AQUA bream 310gr 23 sm  281025 1233002.csv,8081,0,0.0,20.22,0.0,88.1,0.0,0
ARDG_AQUA bream500gr 30cm  281025 1500002.csv,10411,1,30.0,30.39,500.0,516.6,0.973,1
ARDG_AQUA bream 310gr 23 sm  281025 1233002.csv,7594,1,23.0,22.44,310.0,296.2,0.9378,1
ARDG_AQUA bream620 gr31cm  281025 1618004.csv,2612,0,0.0,24.72,0.0,252.8,0.0,0
ARDG_AQUA bream 280gr 24cm  281025 1425002.csv,1639,1,24.0,24.58,280.0,315.5,0.9527,1
ARDG_AQUA bream556gr 30cm  281025 1500002.csv,11893,0,0.0,30.83,0.0,763.4,0.0009,0
ARDG_AQUA bream150gr21cm  281025 1548002.csv,5229,0,0.0,23.1,0.0,141.6,0.0,0
ARDG_AQUA bream 390gr 26cm  281025 1325005.csv,5587,0,0.0,21.09,0.0,169.9,1e-04,0
ARDG_AQUA bream 310gr 23 sm  281025 1233002.csv,4901,0,0.0,21.41,0.0,191.0,0.0,0
ARDG_AQUA bream620 gr31cm  281025 1618003.csv,2365,1,31.0,29.69,620.0,591.2,0.9736,1
ARDG_AQUA bream 280gr 24cm  281025 1425002.csv,33,0,0.0,22.83,0.0,153.8,0.0,0
ARDG_AQUA bream 800gr 36cm  281025 1453002.csv,3921,0,0.0,26.09,0.0,384.8,0.0,0
ARDG_AQUA bream 580gr 30 sm  281025 1254002.csv,6367,1,30.0,28.37,580.0,554.0,0.9716,1
ARDG_AQUA bream 310gr 23 sm  281025 1233002.csv,3084,1,23.0,21.77,310.0,286.8,0.9673,1
ARDG_AQUA bream 630gr 31cm  281025 1400002.csv,8814,1,31.0,30.57,630.0,616.4,0.9857,1
ARDG_AQUA bream556gr 30cm  281025 1500002.csv,7930,0,0.0,31.67,0.0,604.7,0.9632,1
ARDG_AQUA bream 150gr 21 sm  281025 1132004.csv,3924,0,0.0,22.42,0.0,141.3,0.0,0
ARDG_AQUA bream 310gr 23 sm  281025 1233002.csv,3551,1,23.0,25.05,310.0,352.4,0.9256,1
ARDG_AQUA bream 150gr 21 sm  281025 1132004.csv,10487,0,0.0,20.96,0.0,141.6,0.8199,1
ARDG_AQUA bream350 gr27cm  281025 1548002.csv,4498,1,27.0,27.16,350.0,340.2,0.9483,1
ARDG_AQUA bream 390gr 26cm  281025 1325005.csv,7599,1,26.0,26.29,390.0,387.8,0.9423,1
ARDG_AQUA bream 800gr 36cm  281025 1453002.csv,3229,0,0.0,30.09,0.0,491.7,0.0006,0
ARDG_AQUA bream 630gr 31cm  281025 1400002.csv,6689,0,0.0,23.52,0.0,151.4,0.0,0
ARDG_AQUA bream 680gr 33 sm  281025 1208003.csv,10970,1,33.0,32.37,680.0,669.8,0.9837,1
ARDG_AQUA bream 580gr 30 sm  281025 1254002.csv,6718,1,30.0,29.98,580.0,530.7,0.9611,1
ARDG_AQUA bream500gr 30cm  281025 1500002.csv,2462,0,0.0,22.76,0.0,216.9,0.0,0
ARDG_AQUA bream 310gr 23 sm  281025 1233002.csv,11539,1,23.0,22.79,310.0,307.9,0.9676,1
ARDG_AQUA bream 680gr 33 sm  281025 1208003.csv,4269,1,33.0,32.96,680.0,666.0,0.9834,1
ARDG_AQUA bream150gr21cm  281025 1548002.csv,4116,0,0.0,20.61,0.0,156.8,0.0,0
ARDG_AQUA bream 280gr 24cm  281025 1425002.csv,3017,1,24.0,24.13,280.0,278.0,0.965,1
ARDG_AQUA bream620 gr31cm  281025 1618003.csv,6674,1,31.0,31.63,620.0,614.0,0.947,1
ARDG_AQUA bream 340gr 27cm  281025 1415002.csv,590,0,0.0,26.31,0.0,325.7,0.0215,0
ARDG_AQUA bream 390gr 26cm  281025 1325003.csv,9066,1,26.0,26.23,390.0,374.1,0.9806,1
ARDG_AQUA bream556gr 30cm  281025 1500002.csv,5933,0,0.0,28.15,0.0,398.6,0.0,0
ARDG_AQUA bream 150gr 21 sm  281025 1132004.csv,8177,0,0.0,22.44,0.0,145.4,0.0,0
ARDG_AQUA bream 150gr 21 sm  281025 1132004.csv,930,0,0.0,22.89,0.0,161.4,0.0,0
ARDG_AQUA bream556gr 30cm  281025 1500002.csv,1241,0,0.0,23.88,0.0,197.0,0.0,0
ARDG_AQUA bream 390gr 26cm  281025 1325005.csv,3424,0,0.0,22.13,0.0,269.9,0.0,0
ARDG_AQUA bream 340gr 27cm  281025 1415002.csv,1075,1,27.0,27.63,340.0,362.9,0.9482,1
ARDG_AQUA bream 150gr 21 sm  281025 1132004.csv,8234,0,0.0,22.16,0.0,151.5,0.0,0
ARDG_AQUA bream556gr 30cm  281025 1500002.csv,10627,0,0.0,28.8,0.0,541.0,0.002,0
ARDG_AQUA bream 390gr 26cm  281025 1325003.csv,7145,1,26.0,25.86,390.0,376.6,0.9684,1
ARDG_AQUA bream 390gr 26cm  281025 1325005.csv,4073,1,26.0,26.59,390.0,377.5,0.971,1
ARDG_AQUA bream500gr 30cm  281025 1500002.csv,11084,1,30.0,28.98,500.0,474.1,0.9376,1
ARDG_AQUA bream 580gr 30 sm  281025 1254003.csv,259,0,0.0,21.79,0.0,146.6,0.0,0
ARDG_AQUA bream 580gr 30 sm  281025 1254003.csv,5795,0,0.0,21.86,0.0,192.7,0.0,0
ARDG_AQUA bream 150gr 21 sm  281025 1132004.csv,2805,0,0.0,22.46,0.0,154.2,0.0,0
ARDG_AQUA bream500gr 30cm  281025 1500003.csv,1368,0,0.0,23.74,0.0,126.9,0.0,0
ARDG_AQUA bream 800gr 36cm  281025 1453002.csv,3214,0,0.0,34.77,0.0,682.2,0.2025,0
ARDG_AQUA bream 390gr 26cm  281025 1325005.csv,11638,0,0.0,20.84,0.0,165.3,0.0,0
ARDG_AQUA bream 150gr 21 sm  281025 1132004.csv,2220,0,0.0,23.52,0.0,162.5,0.0,0
ARDG_AQUA bream350 gr27cm  281025 1548002.csv,3008,0,0.0,25.76,0.0,223.3,0.0,0
ARDG_AQUA bream150gr21cm  281025 1548002.csv,5219,0,0.0,22.36,0.0,138.9,0.0,0
ARDG_AQUA bream500gr 30cm  281025 1500003.csv,1397,0,0.0,24.06,0.0,254.8,0.0,0
ARDG_AQUA bream 630gr 31cm  281025 1400002.csv,4640,0,0.0,23.12,0.0,101.4,0.0,0
ARDG_AQUA bream 630gr 31cm  281025 1400002.csv,2284,1,31.0,31.31,630.0,621.6,0.989,1
ARDG_AQUA bream 150gr 21 sm  281025 1132002.csv,10659,0,0.0,22.83,0.0,121.9,0.0,0
ARDG_AQUA bream500gr 30cm  281025 1500002.csv,6204,0,0.0,23.02,0.0,153.5,0.0,0
ARDG_AQUA bream500gr 30cm  281025 1500002.csv,6181,0,0.0,24.57,0.0,158.2,0.0,0
ARDG_AQUA bream500gr 30cm  281025 1500002.csv,2629,0,0.0,21.52,0.0,125.4,0.0,0
ARDG_AQUA bream500gr 30cm  281025 1500002.csv,4344,0,0.0,23.97,0.0,293.9,0.0,0
ARDG_AQUA bream500gr 30cm  281025 1500002.csv,5418,0,0.0,24.56,0.0,246.9,0.0,0
ARDG_AQUA bream 280gr 24cm  281025 1425002.csv,4032,0,0.0,22.31,0.0,87.7,0.0,0
ARDG_AQUA bream 390gr 26cm  281025 1325005.csv,4288,1,26.0,27.91,390.0,440.8,0.9691,1
ARDG_AQUA bream 680gr 33 sm  281025 1208003.csv,10376,0,0.0,21.84,0.0,155.0,0.0,0
ARDG_AQUA bream556gr 30cm  281025 1500003.csv,1189,0,0.0,22.98,0.0,165.8,0.0,0
ARDG_AQUA bream 280gr 24cm  281025 1425002.csv,1478,0,0.0,23.61,0.0,155.2,0.0,0
ARDG_AQUA bream 390gr 26cm  281025 1325005.csv,559,0,0.0,22.23,0.0,209.2,0.0,0
ARDG_AQUA bream 680gr 33 sm  281025 1208003.csv,2301,0,0.0,21.57,0.0,161.5,0.0,0
ARDG_AQUA bream150gr21cm  281025 1548002.csv,891,0,0.0,24.92,0.0,328.2,0.0,0
ARDG_AQUA bream556gr 30cm  281025 1500002.csv,2114,0,0.0,27.44,0.0,230.8,0.0,0
ARDG_AQUA bream500gr 30cm  281025 1500002.csv,5179,0,0.0,24.46,0.0,298.5,0.0,0
ARDG_AQUA bream500gr 30cm  281025 1500003.csv,769,1,30.0,30.06,500.0,469.2,0.9827,1
ARDG_AQUA bream 310gr 23 sm  281025 1233002.csv,887,1,23.0,21.51,310.0,262.3,0.9592,1
ARDG_AQUA bream 310gr 23 sm  281025 1233002.csv,10080,1,23.0,22.95,310.0,300.2,0.968,1
ARDG_AQUA bream150gr21cm  281025 1548002.csv,6330,0,0.0,23.37,0.0,212.5,0.0,0
ARDG_AQUA bream 580gr 30 sm  281025 1254002.csv,5943,1,30.0,29.39,580.0,585.6,0.9637,1
ARDG_AQUA bream 150gr 21 sm  281025 1132002.csv,7175,0,0.0,22.44,0.0,152.8,0.0,0
ARDG_AQUA bream 390gr 26cm  281025 1325005.csv,10283,1,26.0,26.03,390.0,387.0,0.9082,1
ARDG_AQUA bream 150gr 21 sm  281025 1132002.csv,10124,0,0.0,21.77,0.0,141.1,0.3457,0
ARDG_AQUA bream 280gr 24cm  281025 1425002.csv,5013,0,0.0,23.5,0.0,228.0,0.0,0
ARDG_AQUA bream150gr21cm  281025 1548002.csv,2654,0,0.0,22.52,0.0,222.2,0.9103,1
ARDG_AQUA bream500gr 30cm  281025 1500002.csv,3178,0,0.0,24.59,0.0,271.6,0.0,0
ARDG_AQUA bream150gr21cm  281025 1548002.csv,7550,0,0.0,23.61,0.0,268.5,0.0,0
ARDG_AQUA bream 310gr 23 sm  281025 1233002.csv,4624,1,23.0,22.56,310.0,301.2,0.969,1
ARDG_AQUA bream 150gr 21 sm  281025 1132004.csv,10482,0,0.0,21.14,0.0,150.4,0.3906,0
ARDG_AQUA bream 680gr 33 sm  281025 1208003.csv,7225,1,33.0,31.82,680.0,644.1,0.9829,1
ARDG_AQUA bream 630gr 31cm  281025 1400002.csv,6469,0,0.0,22.49,0.0,248.8,0.0,0
ARDG_AQUA bream 580gr 30 sm  281025 1254002.csv,4140,1,30.0,29.85,580.0,617.4,0.9788,1
ARDG_AQUA bream 150gr 21 sm  281025 1132004.csv,7711,0,0.0,22.66,0.0,144.6,0.0,0
ARDG_AQUA bream 580gr 30 sm  281025 1254003.csv,1428,0,0.0,27.79,0.0,432.2,0.3208,0
ARDG_AQUA bream 150gr 21 sm  281025 1132002.csv,6697,0,0.0,21.25,0.0,127.6,0.0244,0
ARDG_AQUA bream 150gr 21 sm  281025 1132004.csv,9317,0,0.0,21.18,0.0,154.7,0.8491,1
ARDG_AQUA bream500gr 30cm  281025 1500002.csv,629,0,0.0,20.37,0.0,98.5,0.0,0
ARDG_AQUA bream150gr21cm  281025 1548002.csv,960,0,0.0,23.49,0.0,243.4,0.0,0
ARDG_AQUA bream 390gr 26cm  281025 1325005.csv,10476,1,26.0,26.84,390.0,386.4,0.9675,1
ARDG_AQUA bream500gr 30cm  281025 1500002.csv,10982,0,0.0,21.84,0.0,219.4,0.0,0
ARDG_AQUA bream350 gr27cm  281025 1548002.csv,1101,0,0.0,26.28,0.0,200.2,0.0,0
ARDG_AQUA bream 580gr 30 sm  281025 1254003.csv,4421,0,0.0,22.37,0.0,175.3,0.0,0
ARDG_AQUA bream500gr 30cm  281025 1500002.csv,8299,0,0.0,21.06,0.0,116.5,0.0,0
ARDG_AQUA bream 150gr 21 sm  281025 1132004.csv,2216,0,0.0,23.43,0.0,165.8,0.0,0
ARDG_AQUA bream620 gr31cm  281025 1618003.csv,9892,1,31.0,31.14,620.0,613.2,0.9636,1
ARDG_AQUA bream 680gr 33 sm  281025 1208003.csv,6428,1,33.0,32.36,680.0,664.3,0.9858,1
ARDG_AQUA bream150gr21cm  281025 1548002.csv,4121,0,0.0,21.68,0.0,107.3,0.0,0
ARDG_AQUA bream 150gr 21 sm  281025 1132004.csv,4544,1,21.0,21.15,150.0,141.9,0.9246,1
ARDG_AQUA bream 800gr 36cm  281025 1453002.csv,3608,0,0.0,33.67,0.0,786.4,0.9464,1
ARDG_AQUA bream 310gr 23 sm  281025 1233002.csv,2128,0,0.0,21.39,0.0,272.3,0.0038,0
ARDG_AQUA bream 150gr 21 sm  281025 1132002.csv,9679,0,0.0,22.75,0.0,135.9,0.0,0
ARDG_AQUA bream 580gr 30 sm  281025 1254003.csv,11139,0,0.0,22.77,0.0,155.6,0.0,0
ARDG_AQUA bream 580gr 30 sm  281025 1254003.csv,6871,0,0.0,25.77,0.0,385.2,0.0008,0
ARDG_AQUA bream556gr 30cm  281025 1500002.csv,7392,0,0.0,30.69,0.0,544.1,0.8417,1
ARDG_AQUA bream 150gr 21 sm  281025 1132004.csv,8653,0,0.0,22.25,0.0,155.4,0.0,0
ARDG_AQUA bream 310gr 23 sm  281025 1233002.csv,6968,1,23.0,23.06,310.0,304.9,0.8041,1
ARDG_AQUA bream 630gr 31cm  281025 1400002.csv,8639,0,0.0,22.19,0.0,143.3,0.0,0
ARDG_AQUA bream500gr 30cm  281025 1500002.csv,10303,0,0.0,22.43,0.0,203.0,0.0,0
ARDG_AQUA bream 310gr 23 sm  281025 1233002.csv,427,0,0.0,21.9,0.0,155.6,0.0,0
ARDG_AQUA bream556gr 30cm  281025 1500002.csv,11489,0,0.0,28.35,0.0,488.5,0.0959,0
ARDG_AQUA bream 310gr 23 sm  281025 1233002.csv,2219,1,23.0,23.09,310.0,342.8,0.8228,1
ARDG_AQUA bream 630gr 31cm  281025 1400002.csv,8695,0,0.0,21.62,0.0,125.1,0.0,0
ARDG_AQUA bream 150gr 21 sm  281025 1132002.csv,7628,0,0.0,22.36,0.0,141.5,0.0,0
ARDG_AQUA bream 580gr 30 sm  281025 1254003.csv,1844,0,0.0,23.62,0.0,373.6,1e-04,0
ARDG_AQUA bream150gr21cm  281025 1548002.csv,4409,0,0.0,23.67,0.0,183.3,0.0,0
ARDG_AQUA bream 150gr 21 sm  281025 1132004.csv,6557,0,0.0,22.68,0.0,160.7,0.0,0
ARDG_AQUA bream350 gr27cm  281025 1548002.csv,2462,1,27.0,26.87,350.0,353.5,0.971,1
ARDG_AQUA bream 310gr 23 sm  281025 1233003.csv,795,0,0.0,21.89,0.0,234.4,0.0,0
ARDG_AQUA bream556gr 30cm  281025 1500002.csv,11114,0,0.0,23.91,0.0,196.7,0.0,0
ARDG_AQUA bream500gr 30cm  281025 1500002.csv,8271,0,0.0,22.2,0.0,231.3,0.0,0
ARDG_AQUA bream 580gr 30 sm  281025 1254002.csv,4478,1,30.0,30.7,580.0,584.4,0.9688,1
ARDG_AQUA bream500gr 30cm  281025 1500002.csv,3098,0,0.0,21.38,0.0,144.2,0.0,0
ARDG_AQUA bream556gr 30cm  281025 1500002.csv,2171,0,0.0,27.4,0.0,403.6,0.0,0
ARDG_AQUA bream 150gr 21 sm  281025 1132004.csv,4726,0,0.0,23.07,0.0,144.2,0.0,0
ARDG_AQUA bream 150gr 21 sm  281025 1132004.csv,2329,0,0.0,22.66,0.0,162.8,0.0,0
ARDG_AQUA bream 630gr 31cm  281025 1400002.csv,9343,1,31.0,30.78,630.0,611.8,0.9668,1
ARDG_AQUA bream150gr21cm  281025 1548002.csv,3769,0,0.0,25.02,0.0,294.6,0.0,0
ARDG_AQUA bream 310gr 23 sm  281025 1233002.csv,10625,0,0.0,21.8,0.0,149.5,0.0,0
ARDG_AQUA bream 280gr 24cm  281025 1425002.csv,1514,0,0.0,25.63,0.0,324.0,0.0,0
ARDG_AQUA bream556gr 30cm  281025 1500002.csv,1308,0,0.0,29.67,0.0,567.6,0.3045,0
ARDG_AQUA bream500gr 30cm  281025 1500003.csv,685,0,0.0,25.31,0.0,253.5,0.0,0
ARDG_AQUA bream 150gr 21 sm  281025 1132002.csv,8950,0,0.0,22.37,0.0,125.9,0.0,0
ARDG_AQUA bream 630gr 31cm  281025 1400002.csv,9507,0,0.0,24.56,0.0,163.3,0.0,0
ARDG_AQUA bream 150gr 21 sm  281025 1132004.csv,6113,0,0.0,22.48,0.0,159.0,0.0,0
ARDG_AQUA bream 280gr 24cm  281025 1425002.csv,3543,1,24.0,24.41,280.0,267.6,0.9462,1
ARDG_AQUA bream 390gr 26cm  281025 1325005.csv,10593,1,26.0,26.38,390.0,390.3,0.9582,1
ARDG_AQUA bream 580gr 30 sm  281025 1254003.csv,8458,0,0.0,22.32,0.0,160.7,0.0,0
ARDG_AQUA bream 580gr 30 sm  281025 1254003.csv,7476,1,30.0,30.24,580.0,562.6,0.967,1
ARDG_AQUA bream 150gr 21 sm  281025 1132004.csv,2796,0,0.0,22.44,0.0,148.9,0.0,0
ARDG_AQUA bream 390gr 26cm  281025 1325003.csv,8677,1,26.0,24.14,390.0,376.1,0.8345,1
ARDG_AQUA bream150gr21cm  281025 1548002.csv,2903,1,21.0,22.36,150.0,153.7,0.9195,1
ARDG_AQUA bream 580gr 30 sm  281025 1254003.csv,6592,0,0.0,22.18,0.0,221.7,0.0,0
ARDG_AQUA bream 150gr 21 sm  281025 1132002.csv,5544,0,0.0,23.0,0.0,153.9,0.0,0
ARDG_AQUA bream 580gr 30 sm  281025 1254003.csv,6242,0,0.0,30.73,0.0,562.0,0.9102,1
ARDG_AQUA bream556gr 30cm  281025 1500002.csv,11847,0,0.0,30.14,0.0,613.9,0.0064,0
ARDG_AQUA bream556gr 30cm  281025 1500002.csv,7837,0,0.0,27.27,0.0,373.6,0.0427,0
ARDG_AQUA bream 800gr 36cm  281025 1453002.csv,4255,0,0.0,36.81,0.0,730.6,0.6647,1
ARDG_AQUA bream 630gr 31cm  281025 1400002.csv,2379,0,0.0,22.69,0.0,143.2,0.0,0
ARDG_AQUA bream500gr 30cm  281025 1500002.csv,2441,0,0.0,21.27,0.0,238.3,0.0,0
ARDG_AQUA bream620 gr31cm  281025 1618003.csv,9693,1,31.0,30.26,620.0,591.8,0.9716,1
ARDG_AQUA bream 150gr 21 sm  281025 1132002.csv,2554,0,0.0,22.73,0.0,152.3,0.0,0
ARDG_AQUA bream500gr 30cm  281025 1500002.csv,11401,0,0.0,23.14,0.0,181.4,0.0,0
ARDG_AQUA bream 800gr 36cm  281025 1453002.csv,2403,1,36.0,34.04,800.0,696.7,0.9868,1
ARDG_AQUA bream 580gr 30 sm  281025 1254003.csv,7963,1,30.0,30.5,580.0,571.0,0.9834,1
ARDG_AQUA bream150gr21cm  281025 1548002.csv,8862,0,0.0,24.77,0.0,220.4,0.0,0
ARDG_AQUA bream556gr 30cm  281025 1500002.csv,6526,1,30.0,29.77,556.0,572.2,0.9616,1
ARDG_AQUA bream350 gr27cm  281025 1548002.csv,4988,0,0.0,23.24,0.0,192.0,0.0,0
ARDG_AQUA bream500gr 30cm  281025 1500002.csv,2257,0,0.0,20.33,0.0,100.7,0.0,0
ARDG_AQUA bream556gr 30cm  281025 1500002.csv,1703,0,0.0,31.54,0.0,584.6,0.8313,1
ARDG_AQUA bream500gr 30cm  281025 1500003.csv,1160,0,0.0,24.39,0.0,280.5,0.0,0
ARDG_AQUA bream 310gr 23 sm  281025 1233002.csv,10535,0,0.0,21.6,0.0,166.3,0.0,0
ARDG_AQUA bream150gr21cm  281025 1548002.csv,6224,0,0.0,21.55,0.0,210.7,0.0,0
ARDG_AQUA bream500gr 30cm  281025 1500002.csv,1681,1,30.0,29.42,500.0,508.0,0.9667,1
ARDG_AQUA bream 580gr 30 sm  281025 1254002.csv,6977,0,0.0,23.04,0.0,233.4,0.0,0
ARDG_AQUA bream 580gr 30 sm  281025 1254003.csv,5680,1,30.0,30.16,580.0,586.5,0.9703,1
ARDG_AQUA bream 280gr 24cm  281025 1425002.csv,4198,0,0.0,21.95,0.0,111.3,0.0,0
ARDG_AQUA bream620 gr31cm  281025 1618003.csv,11120,0,0.0,23.61,0.0,199.0,0.0,0
ARDG_AQUA bream556gr 30cm  281025 1500002.csv,11163,0,0.0,30.92,0.0,549.7,0.9659,1
ARDG_AQUA bream 150gr 21 sm  281025 1132004.csv,265,0,0.0,26.9,0.0,170.5,0.0261,0
ARDG_AQUA bream 150gr 21 sm  281025 1132004.csv,10993,0,0.0,22.38,0.0,123.6,0.0,0
ARDG_AQUA bream 280gr 24cm  281025 1425002.csv,2228,0,0.0,20.73,0.0,145.9,0.0,0
ARDG_AQUA bream556gr 30cm  281025 1500002.csv,5159,0,0.0,30.94,0.0,595.7,0.9634,1
ARDG_AQUA bream 390gr 26cm  281025 1325005.csv,9859,1,26.0,26.03,390.0,385.2,0.9693,1
ARDG_AQUA bream 340gr 27cm  281025 1415002.csv,442,0,0.0,25.07,0.0,277.0,0.0215,0
ARDG_AQUA bream 630gr 31cm  281025 1400002.csv,3282,1,31.0,31.29,630.0,600.8,0.9782,1
ARDG_AQUA bream 580gr 30 sm  281025 1254003.csv,5342,0,0.0,25.35,0.0,493.2,0.017,0
ARDG_AQUA bream 390gr 26cm  281025 1325005.csv,10678,0,0.0,21.6,0.0,309.4,0.0043,0
ARDG_AQUA bream556gr 30cm  281025 1500003.csv,1431,0,0.0,23.95,0.0,178.3,0.0,0
ARDG_AQUA bream 150gr 21 sm  281025 1132004.csv,10357,0,0.0,22.69,0.0,150.7,0.0,0
ARDG_AQUA bream 390gr 26cm  281025 1325005.csv,9345,1,26.0,26.28,390.0,381.4,0.9133,1
ARDG_AQUA bream500gr 30cm  281025 1500003.csv,3897,1,30.0,29.77,500.0,469.9,0.9614,1
ARDG_AQUA bream500gr 30cm  281025 1500002.csv,7162,1,30.0,29.8,500.0,490.4,0.9015,1
ARDG_AQUA bream 150gr 21 sm  281025 1132002.csv,10487,0,0.0,21.62,0.0,146.0,0.0045,0
ARDG_AQUA bream500gr 30cm  281025 1500002.csv,3103,0,0.0,20.84,0.0,100.9,0.0,0
ARDG_AQUA bream620 gr31cm  281025 1618003.csv,316,0,0.0,23.97,0.0,206.4,0.0,0
ARDG_AQUA bream556gr 30cm  281025 1500003.csv,1448,0,0.0,24.83,0.0,237.1,0.0,0
ARDG_AQUA bream 800gr 36cm  281025 1453002.csv,1347,0,0.0,24.74,0.0,328.0,1e-04,0
ARDG_AQUA bream 390gr 26cm  281025 1325005.csv,10368,0,0.0,22.21,0.0,119.3,0.0,0
ARDG_AQUA bream556gr 30cm  281025 1500002.csv,1930,0,0.0,28.72,0.0,468.8,0.727,1
ARDG_AQUA bream150gr21cm  281025 1548002.csv,498,0,0.0,23.0,0.0,220.8,0.0,0
ARDG_AQUA bream500gr 30cm  281025 1500002.csv,6098,1,30.0,28.66,500.0,525.1,0.9578,1
ARDG_AQUA bream 680gr 33 sm  281025 1208003.csv,1518,1,33.0,32.77,680.0,665.3,0.9839,1
ARDG_AQUA bream556gr 30cm  281025 1500002.csv,1464,0,0.0,23.85,0.0,205.7,0.0,0
ARDG_AQUA bream 280gr 24cm  281025 1425002.csv,3170,1,24.0,24.34,280.0,259.8,0.9445,1
ARDG_AQUA bream350 gr27cm  281025 1548002.csv,141,0,0.0,22.63,0.0,190.0,0.0,0
ARDG_AQUA bream 150gr 21 sm  281025 1132004.csv,3886,0,0.0,22.91,0.0,152.1,0.0,0
ARDG_AQUA bream 150gr 21 sm  281025 1132004.csv,3736,0,0.0,22.85,0.0,168.8,0.0,0
ARDG_AQUA bream 150gr 21 sm  281025 1132002.csv,9034,0,0.0,22.45,0.0,144.6,0.0,0
ARDG_AQUA bream500gr 30cm  281025 1500003.csv,5429,0,0.0,20.51,0.0,165.5,0.0,0
ARDG_AQUA bream556gr 30cm  281025 1500002.csv,5121,0,0.0,27.04,0.0,430.1,1e-04,0
ARDG_AQUA bream556gr 30cm  281025 1500002.csv,6041,0,0.0,31.61,0.0,572.3,0.979,1
ARDG_AQUA bream 580gr 30 sm  281025 1254002.csv,6008,1,30.0,30.29,580.0,573.5,0.9673,1
ARDG_AQUA bream556gr 30cm  281025 1500003.csv,472,1,30.0,28.78,556.0,541.4,0.9586,1
ARDG_AQUA bream 680gr 33 sm  281025 1208003.csv,8302,1,33.0,32.17,680.0,671.0,0.9908,1
ARDG_AQUA bream500gr 30cm  281025 1500002.csv,977,0,0.0,21.87,0.0,183.6,0.0,0
ARDG_AQUA bream 800gr 36cm  281025 1453002.csv,2699,0,0.0,29.4,0.0,574.3,0.0604,0
ARDG_AQUA bream620 gr31cm  281025 1618003.csv,2858,0,0.0,22.23,0.0,285.5,0.0,0
ARDG_AQUA bream 680gr 33 sm  281025 1208003.csv,11137,0,0.0,21.93,0.0,155.9,1e-04,0
ARDG_AQUA bream 800gr 36cm  281025 1453002.csv,3803,1,36.0,34.67,800.0,717.1,0.9867,1
ARDG_AQUA bream 390gr 26cm  281025 1325003.csv,10005,1,26.0,25.82,390.0,377.6,0.9691,1
ARDG_AQUA bream150gr21cm  281025 1548002.csv,1151,1,21.0,23.77,150.0,233.9,0.9724,1
ARDG_AQUA bream 310gr 23 sm  281025 1233002.csv,10901,0,0.0,21.47,0.0,126.7,0.0,0
ARDG_AQUA bream 310gr 23 sm  281025 1233002.csv,10292,0,0.0,21.32,0.0,95.3,0.0,0
ARDG_AQUA bream 390gr 26cm  281025 1325005.csv,6322,0,0.0,21.39,0.0,172.1,0.0,0
ARDG_AQUA bream150gr21cm  281025 1548002.csv,7115,0,0.0,22.96,0.0,212.6,0.0005,0
ARDG_AQUA bream500gr 30cm  281025 1500002.csv,5415,0,0.0,23.81,0.0,191.3,0.0,0
ARDG_AQUA bream500gr 30cm  281025 1500002.csv,6784,0,0.0,22.8,0.0,207.5,0.0,0
ARDG_AQUA bream350 gr27cm  281025 1548002.csv,4229,0,0.0,23.59,0.0,217.7,0.0,0
ARDG_AQUA bream630gr 32cm  281025 1500002.csv,6195,0,0.0,23.85,0.0,184.9,0.0,0
ARDG_AQUA bream556gr 30cm  281025 1500002.csv,5666,0,0.0,28.69,0.0,466.6,0.0,0
ARDG_AQUA bream 340gr 27cm  281025 1415002.csv,604,0,0.0,26.18,0.0,320.6,0.0355,0
ARDG_AQUA bream 630gr 31cm  281025 1400002.csv,6709,0,0.0,25.8,0.0,156.4,0.0,0
ARDG_AQUA bream 150gr 21 sm  281025 1132002.csv,12031,0,0.0,22.36,0.0,107.0,0.0,0
ARDG_AQUA bream 150gr 21 sm  281025 1132004.csv,2887,0,0.0,22.29,0.0,130.4,0.0,0
ARDG_AQUA bream620 gr31cm  281025 1618003.csv,4391,0,0.0,25.18,0.0,306.3,0.0,0
ARDG_AQUA bream 580gr 30 sm  281025 1254003.csv,4756,0,0.0,21.32,0.0,229.7,0.0,0
ARDG_AQUA bream500gr 30cm  281025 1500002.csv,8759,0,0.0,22.47,0.0,205.0,0.0,0
ARDG_AQUA bream 150gr 21 sm  281025 1132002.csv,4974,0,0.0,22.73,0.0,149.3,0.0,0
ARDG_AQUA bream 150gr 21 sm  281025 1132004.csv,3240,0,0.0,22.5,0.0,162.3,0.0,0
ARDG_AQUA bream556gr 30cm  281025 1500002.csv,1129,0,0.0,32.62,0.0,536.2,0.1745,0
ARDG_AQUA bream556gr 30cm  281025 1500002.csv,7660,0,0.0,27.25,0.0,410.4,0.0375,0
ARDG_AQUA bream 580gr 30 sm  281025 1254003.csv,1923,0,0.0,27.54,0.0,513.7,0.0033,0
ARDG_AQUA bream630gr 32cm  281025 1500002.csv,4636,0,0.0,23.51,0.0,240.3,1e-04,0
ARDG_AQUA bream 150gr 21 sm  281025 1132002.csv,9854,1,21.0,20.95,150.0,144.4,0.9592,1
ARDG_AQUA bream630gr 32cm  281025 1500002.csv,6265,0,0.0,27.75,0.0,273.6,0.0,0
ARDG_AQUA bream 150gr 21 sm  281025 1132004.csv,3872,0,0.0,22.73,0.0,143.9,0.0,0
ARDG_AQUA bream556gr 30cm  281025 1500002.csv,1216,0,0.0,30.97,0.0,618.3,0.9794,1
ARDG_AQUA bream 310gr 23 sm  281025 1233002.csv,4875,0,0.0,21.31,0.0,170.6,0.0,0
ARDG_AQUA bream 150gr 21 sm  281025 1132004.csv,7457,0,0.0,22.54,0.0,145.4,0.0,0
ARDG_AQUA bream 580gr 30 sm  281025 1254003.csv,8498,0,0.0,23.53,0.0,162.9,0.0,0
ARDG_AQUA bream500gr 30cm  281025 1500002.csv,5188,0,0.0,23.09,0.0,285.6,0.0,0
ARDG_AQUA bream500gr 30cm  281025 1500002.csv,7328,1,30.0,29.65,500.0,501.9,0.9627,1
ARDG_AQUA bream500gr 30cm  281025 1500002.csv,3215,0,0.0,22.31,0.0,202.6,0.0,0
ARDG_AQUA bream 580gr 30 sm  281025 1254003.csv,6603,0,0.0,26.51,0.0,425.0,0.8862,1
ARDG_AQUA bream 580gr 30 sm  281025 1254002.csv,9477,1,30.0,29.73,580.0,551.6,0.9821,1
ARDG_AQUA bream 150gr 21 sm  281025 1132002.csv,10042,0,0.0,22.56,0.0,146.8,0.0,0
ARDG_AQUA bream 280gr 24cm  281025 1425002.csv,2492,0,0.0,21.36,0.0,100.2,0.0,0
ARDG_AQUA bream 390gr 26cm  281025 1325005.csv,11866,0,0.0,19.75,0.0,146.2,0.0,0
ARDG_AQUA bream556gr 30cm  281025 1500002.csv,7734,0,0.0,23.55,0.0,310.2,0.0003,0
ARDG_AQUA bream556gr 30cm  281025 1500002.csv,3811,0,0.0,30.02,0.0,540.9,0.0019,0
ARDG_AQUA bream 580gr 30 sm  281025 1254003.csv,3081,1,30.0,30.15,580.0,553.4,0.9813,1
ARDG_AQUA bream 580gr 30 sm  281025 1254002.csv,9961,0,0.0,20.63,0.0,187.6,0.0,0
ARDG_AQUA bream556gr 30cm  281025 1500002.csv,9939,0,0.0,25.7,0.0,378.7,0.0681,0
ARDG_AQUA bream500gr 30cm  281025 1500002.csv,8255,0,0.0,21.89,0.0,129.6,0.0,0
ARDG_AQUA bream150gr21cm  281025 1548002.csv,6334,0,0.0,23.15,0.0,237.2,0.0,0
ARDG_AQUA bream350 gr27cm  281025 1548002.csv,4382,0,0.0,22.19,0.0,197.3,0.0171,0
ARDG_AQUA bream556gr 30cm  281025 1500002.csv,7104,0,0.0,24.22,0.0,223.3,0.0,0
ARDG_AQUA bream500gr 30cm  281025 1500002.csv,4244,1,30.0,29.37,500.0,477.1,0.9532,1
ARDG_AQUA bream 390gr 26cm  281025 1325003.csv,8370,1,26.0,27.23,390.0,375.7,0.9671,1
ARDG_AQUA bream500gr 30cm  281025 1500003.csv,5693,0,0.0,24.97,0.0,180.7,0.0,0
ARDG_AQUA bream500gr 30cm  281025 1500003.csv,1369,0,0.0,24.04,0.0,114.4,0.0,0
ARDG_AQUA bream 150gr 21 sm  281025 1132002.csv,4623,0,0.0,19.24,0.0,129.6,0.0002,0
ARDG_AQUA bream500gr 30cm  281025 1500002.csv,3428,0,0.0,23.12,0.0,177.9,0.0,0
ARDG_AQUA bream150gr21cm  281025 1548002.csv,499,0,0.0,22.74,0.0,195.0,0.0,0
ARDG_AQUA bream 150gr 21 sm  281025 1132002.csv,7390,0,0.0,22.91,0.0,140.1,0.0,0
ARDG_AQUA bream500gr 30cm  281025 1500003.csv,4069,0,0.0,23.08,0.0,148.8,0.0,0
ARDG_AQUA bream150gr21cm  281025 1548002.csv,8433,0,0.0,21.91,0.0,140.6,0.0,0
ARDG_AQUA bream620 gr31cm  281025 1618004.csv,1413,1,31.0,29.35,620.0,596.8,0.949,1
ARDG_AQUA bream 630gr 31cm  281025 1400002.csv,1097,1,31.0,30.77,630.0,615.1,0.9792,1
ARDG_AQUA bream 310gr 23 sm  281025 1233002.csv,10346,0,0.0,21.65,0.0,146.2,0.0,0
ARDG_AQUA bream500gr 30cm  281025 1500002.csv,887,0,0.0,23.76,0.0,153.4,0.0,0
ARDG_AQUA bream 150gr 21 sm  281025 1132004.csv,3247,0,0.0,22.38,0.0,140.1,0.0004,0
ARDG_AQUA bream 150gr 21 sm  281025 1132004.csv,11429,0,0.0,22.96,0.0,127.2,0.0,0
ARDG_AQUA bream556gr 30cm  281025 1500002.csv,11473,0,0.0,28.49,0.0,477.8,0.9506,1
ARDG_AQUA bream 150gr 21 sm  281025 1132004.csv,8674,0,0.0,21.58,0.0,212.6,0.9478,1
ARDG_AQUA bream 310gr 23 sm  281025 1233002.csv,5782,1,23.0,24.0,310.0,320.8,0.9546,1
ARDG_AQUA bream 580gr 30 sm  281025 1254003.csv,8486,0,0.0,22.05,0.0,104.6,0.0,0
ARDG_AQUA bream 150gr 21 sm  281025 1132002.csv,9689,0,0.0,22.69,0.0,141.1,0.0,0
ARDG_AQUA bream 150gr 21 sm  281025 1132004.csv,10362,0,0.0,22.73,0.0,159.0,0.0,0
ARDG_AQUA bream 580gr 30 sm  281025 1254002.csv,10088,1,30.0,29.96,580.0,556.9,0.9854,1
ARDG_AQUA bream150gr21cm  281025 1548002.csv,3851,1,21.0,21.61,150.0,150.2,0.9441,1
ARDG_AQUA bream 580gr 30 sm  281025 1254003.csv,1153,0,0.0,22.53,0.0,186.7,0.0,0
ARDG_AQUA bream 580gr 30 sm  281025 1254003.csv,8463,0,0.0,21.97,0.0,161.7,0.0,0
ARDG_AQUA bream556gr 30cm  281025 1500003.csv,290,1,30.0,30.35,556.0,535.2,0.9809,1
ARDG_AQUA bream 280gr 24cm  281025 1425002.csv,465,1,24.0,26.4,280.0,339.2,0.9689,1
ARDG_AQUA bream 280gr 24cm  281025 1425002.csv,5289,0,0.0,23.23,0.0,184.9,0.0,0
ARDG_AQUA bream 150gr 21 sm  281025 1132004.csv,5004,0,0.0,21.27,0.0,117.5,0.3173,0
ARDG_AQUA bream 580gr 30 sm  281025 1254002.csv,9127,1,30.0,30.96,580.0,570.2,0.9415,1
ARDG_AQUA bream556gr 30cm  281025 1500002.csv,3803,0,0.0,28.76,0.0,371.9,0.0,0
ARDG_AQUA bream 340gr 27cm  281025 1415002.csv,854,0,0.0,24.66,0.0,208.2,0.0,0
ARDG_AQUA bream500gr 30cm  281025 1500002.csv,4989,0,0.0,25.14,0.0,198.7,0.0,0
ARDG_AQUA bream 310gr 23 sm  281025 1233003.csv,1059,0,0.0,22.32,0.0,110.7,0.0,0
ARDG_AQUA bream 150gr 21 sm  281025 1132004.csv,2209,0,0.0,22.96,0.0,142.7,0.0,0
ARDG_AQUA bream 280gr 24cm  281025 1425002.csv,5163,0,0.0,24.61,0.0,249.8,0.0,0
ARDG_AQUA bream556gr 30cm  281025 1500003.csv,1377,0,0.0,22.36,0.0,72.1,0.0,0
ARDG_AQUA bream 390gr 26cm  281025 1325005.csv,11944,0,0.0,21.46,0.0,190.2,0.0,0
ARDG_AQUA bream 630gr 31cm  281025 1400002.csv,11180,0,0.0,24.09,0.0,247.0,0.0,0
ARDG_AQUA bream 630gr 31cm  281025 1400002.csv,11768,0,0.0,22.16,0.0,185.9,0.0,0
ARDG_AQUA bream556gr 30cm  281025 1500002.csv,8799,1,30.0,31.3,556.0,640.1,0.9734,1
ARDG_AQUA bream 150gr 21 sm  281025 1132002.csv,11881,0,0.0,22.58,0.0,143.1,0.0,0
ARDG_AQUA bream556gr 30cm  281025 1500002.csv,5625,0,0.0,29.85,0.0,556.8,0.9714,1
ARDG_AQUA bream 630gr 31cm  281025 1400002.csv,8219,0,0.0,24.4,0.0,261.5,0.0,0
ARDG_AQUA bream630gr 32cm  281025 1500002.csv,3715,0,0.0,25.89,0.0,312.6,0.0,0
ARDG_AQUA bream 580gr 30 sm  281025 1254003.csv,6647,0,0.0,21.97,0.0,262.6,0.0018,0
ARDG_AQUA bream 150gr 21 sm  281025 1132004.csv,8295,0,0.0,23.06,0.0,152.2,0.0,0
ARDG_AQUA bream 580gr 30 sm  281025 1254002.csv,10761,0,0.0,20.35,0.0,236.8,0.0,0
ARDG_AQUA bream 580gr 30 sm  281025 1254002.csv,11671,0,0.0,21.88,0.0,237.2,0.0,0
ARDG_AQUA bream 580gr 30 sm  281025 1254003.csv,2314,0,0.0,31.31,0.0,592.4,0.485,0
ARDG_AQUA bream 580gr 30 sm  281025 1254003.csv,8750,0,0.0,29.68,0.0,554.3,0.9605,1
ARDG_AQUA bream 390gr 26cm  281025 1325005.csv,10728,0,0.0,25.84,0.0,444.6,0.9547,1
ARDG_AQUA bream500gr 30cm  281025 1500003.csv,1953,1,30.0,29.66,500.0,502.8,0.9786,1
ARDG_AQUA bream 800gr 36cm  281025 1453002.csv,4562,0,0.0,26.51,0.0,227.5,0.0,0
ARDG_AQUA bream630gr 32cm  281025 1500002.csv,5138,0,0.0,24.95,0.0,240.3,0.0,0
ARDG_AQUA bream 150gr 21 sm  281025 1132002.csv,7905,0,0.0,23.14,0.0,162.2,0.0,0
ARDG_AQUA bream 580gr 30 sm  281025 1254003.csv,11279,0,0.0,21.17,0.0,112.4,0.0,0
ARDG_AQUA bream350 gr27cm  281025 1548002.csv,4376,0,0.0,21.52,0.0,198.2,0.1859,0
ARDG_AQUA bream 280gr 24cm  281025 1425002.csv,5496,0,0.0,24.71,0.0,214.8,0.0,0
ARDG_AQUA bream 150gr 21 sm  281025 1132004.csv,11301,0,0.0,23.62,0.0,380.0,0.447,0
ARDG_AQUA bream 150gr 21 sm  281025 1132002.csv,11536,0,0.0,22.22,0.0,121.2,0.0,0
ARDG_AQUA bream 310gr 23 sm  281025 1233002.csv,5540,1,23.0,23.62,310.0,345.3,0.972,1
ARDG_AQUA bream 680gr 33 sm  281025 1208003.csv,1974,1,33.0,32.06,680.0,693.5,0.9855,1
ARDG_AQUA bream 390gr 26cm  281025 1325003.csv,7500,1,26.0,25.32,390.0,396.0,0.9532,1
ARDG_AQUA bream150gr21cm  281025 1548002.csv,5570,0,0.0,23.42,0.0,126.9,0.0,0
ARDG_AQUA bream 280gr 24cm  281025 1425002.csv,858,1,24.0,24.97,280.0,322.6,0.9353,1
ARDG_AQUA bream 280gr 24cm  281025 1425002.csv,4719,0,0.0,29.61,0.0,465.2,0.0099,0
ARDG_AQUA bream500gr 30cm  281025 1500002.csv,3517,1,30.0,29.78,500.0,532.9,0.947,1
ARDG_AQUA bream556gr 30cm  281025 1500002.csv,5387,0,0.0,25.91,0.0,270.9,0.0,0
ARDG_AQUA bream 150gr 21 sm  281025 1132004.csv,10264,0,0.0,22.4,0.0,143.9,0.0,0
ARDG_AQUA bream 310gr 23 sm  281025 1233002.csv,8159,0,0.0,21.83,0.0,203.2,0.0,0
ARDG_AQUA bream150gr21cm  281025 1548002.csv,5268,0,0.0,26.01,0.0,245.6,0.0,0
ARDG_AQUA bream 280gr 24cm  281025 1425002.csv,4156,0,0.0,22.14,0.0,170.7,0.0,0
ARDG_AQUA bream500gr 30cm  281025 1500002.csv,450,0,0.0,24.98,0.0,209.7,0.0,0
ARDG_AQUA bream556gr 30cm  281025 1500002.csv,3391,0,0.0,22.27,0.0,189.9,0.0,0
ARDG_AQUA bream 580gr 30 sm  281025 1254002.csv,7163,0,0.0,20.88,0.0,161.7,0.0,0
ARDG_AQUA bream 150gr 21 sm  281025 1132004.csv,11849,0,0.0,22.91,0.0,141.6,0.0,0
ARDG_AQUA bream 310gr 23 sm  281025 1233002.csv,358,0,0.0,21.95,0.0,193.6,0.0,0
ARDG_AQUA bream 580gr 30 sm  281025 1254003.csv,8331,1,30.0,30.27,580.0,561.1,0.9783,1
ARDG_AQUA bream 150gr 21 sm  281025 1132004.csv,9303,0,0.0,22.85,0.0,153.3,0.0,0
ARDG_AQUA bream150gr21cm  281025 1548002.csv,7522,0,0.0,20.4,0.0,101.2,0.0,0
ARDG_AQUA bream 580gr 30 sm  281025 1254002.csv,9984,0,0.0,21.58,0.0,149.4,0.0,0
ARDG_AQUA bream556gr 30cm  281025 1500002.csv,11297,0,0.0,23.13,0.0,271.1,0.0,0
ARDG_AQUA bream620 gr31cm  281025 1618003.csv,5516,1,31.0,31.61,620.0,599.3,0.9702,1
ARDG_AQUA bream556gr 30cm  281025 1500002.csv,5367,0,0.0,24.84,0.0,200.2,0.0,0
ARDG_AQUA bream350 gr27cm  281025 1548002.csv,5191,0,0.0,22.85,0.0,180.8,0.0,0
ARDG_AQUA bream150gr21cm  281025 1548002.csv,4613,0,0.0,26.5,0.0,317.4,0.8083,1
ARDG_AQUA bream150gr21cm  281025 1548002.csv,649,0,0.0,25.0,0.0,271.2,0.0,0
ARDG_AQUA bream 580gr 30 sm  281025 1254003.csv,5291,0,0.0,23.53,0.0,243.0,0.0,0
ARDG_AQUA bream 280gr 24cm  281025 1425002.csv,5448,0,0.0,24.53,0.0,283.3,0.0,0
ARDG_AQUA bream500gr 30cm  281025 1500002.csv,3230,0,0.0,24.36,0.0,212.0,0.0,0
ARDG_AQUA bream350 gr27cm  281025 1548002.csv,1884,0,0.0,24.5,0.0,211.1,0.0,0
ARDG_AQUA bream500gr 30cm  281025 1500002.csv,7436,0,0.0,23.35,0.0,383.2,0.0,0
ARDG_AQUA bream350 gr27cm  281025 1548002.csv,4005,0,0.0,24.4,0.0,180.2,0.0,0
ARDG_AQUA bream 150gr 21 sm  281025 1132004.csv,2193,0,0.0,22.24,0.0,144.1,0.0,0
ARDG_AQUA bream 630gr 31cm  281025 1400002.csv,5665,1,31.0,30.86,630.0,644.8,0.9829,1
ARDG_AQUA bream 580gr 30 sm  281025 1254003.csv,399,0,0.0,21.83,0.0,237.2,0.0,0
ARDG_AQUA bream 580gr 30 sm  281025 1254003.csv,2593,0,0.0,31.09,0.0,481.3,0.0075,0
ARDG_AQUA bream 630gr 31cm  281025 1400002.csv,6736,0,0.0,24.91,0.0,237.4,0.0,0
ARDG_AQUA bream 630gr 31cm  281025 1400002.csv,11621,0,0.0,21.12,0.0,200.7,0.0,0
ARDG_AQUA bream 630gr 31cm  281025 1400002.csv,4332,0,0.0,23.25,0.0,174.0,0.0,0
ARDG_AQUA bream 280gr 24cm  281025 1425002.csv,1271,0,0.0,27.11,0.0,371.4,0.0642,0
ARDG_AQUA bream 150gr 21 sm  281025 1132004.csv,4346,0,0.0,22.93,0.0,147.5,0.0,0
ARDG_AQUA bream556gr 30cm  281025 1500002.csv,577,0,0.0,26.56,0.0,499.1,0.8318,1
ARDG_AQUA bream 310gr 23 sm  281025 1233002.csv,8389,1,23.0,23.02,310.0,306.3,0.9712,1
ARDG_AQUA bream556gr 30cm  281025 1500002.csv,8336,0,0.0,28.03,0.0,565.8,0.1123,0
ARDG_AQUA bream620 gr31cm  281025 1618003.csv,4488,0,0.0,25.56,0.0,280.6,0.0,0
ARDG_AQUA bream 150gr 21 sm  281025 1132004.csv,3664,0,0.0,22.34,0.0,124.9,0.0,0
ARDG_AQUA bream 390gr 26cm  281025 1325003.csv,9539,0,0.0,23.31,0.0,196.2,0.0,0
ARDG_AQUA bream 680gr 33 sm  281025 1208003.csv,8418,0,0.0,21.8,0.0,174.6,0.0,0
ARDG_AQUA bream 310gr 23 sm  281025 1233003.csv,281,1,23.0,22.92,310.0,309.5,0.9601,1
ARDG_AQUA bream 150gr 21 sm  281025 1132004.csv,10437,0,0.0,22.68,0.0,157.0,0.0,0
ARDG_AQUA bream620 gr31cm  281025 1618003.csv,10980,1,31.0,30.23,620.0,504.2,0.8299,1
ARDG_AQUA bream 680gr 33 sm  281025 1208003.csv,10367,0,0.0,21.83,0.0,128.1,0.0,0
ARDG_AQUA bream 800gr 36cm  281025 1453002.csv,872,0,0.0,26.12,0.0,247.7,0.0,0
ARDG_AQUA bream 310gr 23 sm  281025 1233002.csv,5213,0,0.0,21.67,0.0,177.0,0.0,0
ARDG_AQUA bream 800gr 36cm  281025 1453002.csv,4916,0,0.0,25.26,0.0,313.3,0.0,0
ARDG_AQUA bream 680gr 33 sm  281025 1208003.csv,9828,1,33.0,31.35,680.0,660.4,0.9853,1
ARDG_AQUA bream 680gr 33 sm  281025 1208003.csv,7805,1,33.0,32.26,680.0,663.4,0.9721,1
ARDG_AQUA bream 390gr 26cm  281025 1325005.csv,8771,1,26.0,25.55,390.0,384.6,0.9782,1
ARDG_AQUA bream150gr21cm  281025 1548002.csv,283,0,0.0,21.49,0.0,127.3,0.0,0
ARDG_AQUA bream 150gr 21 sm  281025 1132004.csv,4879,1,21.0,20.94,150.0,125.6,0.9295,1
ARDG_AQUA bream 390gr 26cm  281025 1325005.csv,229,0,0.0,22.66,0.0,264.2,0.0,0
ARDG_AQUA bream 390gr 26cm  281025 1325005.csv,6577,0,0.0,21.01,0.0,89.8,0.0,0
ARDG_AQUA bream630gr 32cm  281025 1500002.csv,3467,1,32.0,31.58,630.0,618.5,0.9717,1
ARDG_AQUA bream 390gr 26cm  281025 1325003.csv,11893,0,0.0,21.78,0.0,124.1,0.0,0
ARDG_AQUA bream 150gr 21 sm  281025 1132002.csv,11279,0,0.0,22.01,0.0,141.2,0.0,0
ARDG_AQUA bream556gr 30cm  281025 1500003.csv,1362,0,0.0,21.89,0.0,82.8,0.0,0
ARDG_AQUA bream500gr 30cm  281025 1500002.csv,5838,0,0.0,23.79,0.0,188.9,0.0,0
ARDG_AQUA bream 800gr 36cm  281025 1453002.csv,322,0,0.0,32.28,0.0,637.8,0.1806,0
ARDG_AQUA bream556gr 30cm  281025 1500002.csv,2905,0,0.0,27.87,0.0,491.1,0.0015,0
ARDG_AQUA bream 150gr 21 sm  281025 1132002.csv,10072,0,0.0,23.09,0.0,133.3,0.0,0
ARDG_AQUA bream 580gr 30 sm  281025 1254003.csv,2179,0,0.0,27.33,0.0,397.2,0.0,0
ARDG_AQUA bream 150gr 21 sm  281025 1132004.csv,2907,0,0.0,23.39,0.0,153.6,0.0,0
ARDG_AQUA bream 630gr 31cm  281025 1400002.csv,6790,0,0.0,22.64,0.0,182.9,0.0,0
ARDG_AQUA bream 150gr 21 sm  281025 1132004.csv,11010,0,0.0,21.58,0.0,139.3,0.2422,0
ARDG_AQUA bream 340gr 27cm  281025 1415002.csv,614,0,0.0,26.35,0.0,305.9,0.0129,0
ARDG_AQUA bream500gr 30cm  281025 1500002.csv,4633,0,0.0,22.3,0.0,179.5,0.0,0
ARDG_AQUA bream556gr 30cm  281025 1500002.csv,4118,0,0.0,28.52,0.0,549.6,0.0138,0
ARDG_AQUA bream 630gr 31cm  281025 1400002.csv,1812,0,0.0,22.75,0.0,188.7,0.0,0
ARDG_AQUA bream 580gr 30 sm  281025 1254002.csv,608,1,30.0,31.18,580.0,577.9,0.9785,1
ARDG_AQUA bream630gr 32cm  281025 1500002.csv,4341,1,32.0,31.46,630.0,620.2,0.9819,1
ARDG_AQUA bream500gr 30cm  281025 1500002.csv,4108,0,0.0,25.24,0.0,242.7,0.0,0
ARDG_AQUA bream500gr 30cm  281025 1500003.csv,3532,1,30.0,30.51,500.0,510.2,0.966,1
ARDG_AQUA bream 150gr 21 sm  281025 1132004.csv,367,0,0.0,21.41,0.0,140.5,0.6588,1
ARDG_AQUA bream150gr21cm  281025 1548002.csv,509,0,0.0,23.82,0.0,175.5,0.0,0
ARDG_AQUA bream620 gr31cm  281025 1618003.csv,4917,1,31.0,33.06,620.0,647.0,0.9793,1
ARDG_AQUA bream 150gr 21 sm  281025 1132002.csv,10139,0,0.0,21.89,0.0,131.4,0.0179,0
ARDG_AQUA bream 390gr 26cm  281025 1325005.csv,10039,1,26.0,24.78,390.0,381.1,0.9676,1
ARDG_AQUA bream 800gr 36cm  281025 1453002.csv,1682,0,0.0,36.06,0.0,667.4,1e-04,0
ARDG_AQUA bream620 gr31cm  281025 1618003.csv,2486,0,0.0,22.06,0.0,186.3,0.0021,0
ARDG_AQUA bream630gr 32cm  281025 1500002.csv,62,0,0.0,30.81,0.0,557.6,0.9739,1
ARDG_AQUA bream 150gr 21 sm  281025 1132004.csv,2295,0,0.0,22.15,0.0,133.6,0.0,0
ARDG_AQUA bream 310gr 23 sm  281025 1233002.csv,5194,0,0.0,21.09,0.0,142.1,1e-04,0
ARDG_AQUA bream556gr 30cm  281025 1500002.csv,7793,0,0.0,30.56,0.0,571.2,0.9638,1
ARDG_AQUA bream350 gr27cm  281025 1548002.csv,6036,0,0.0,24.66,0.0,185.5,0.0,0
ARDG_AQUA bream 580gr 30 sm  281025 1254002.csv,11763,0,0.0,20.89,0.0,143.7,0.0,0
ARDG_AQUA bream 390gr 26cm  281025 1325005.csv,213,0,0.0,21.25,0.0,189.7,0.0,0
ARDG_AQUA bream556gr 30cm  281025 1500002.csv,7889,0,0.0,23.44,0.0,239.9,0.0,0
ARDG_AQUA bream500gr 30cm  281025 1500002.csv,4617,0,0.0,25.16,0.0,332.3,0.0,0
ARDG_AQUA bream 150gr 21 sm  281025 1132004.csv,3700,0,0.0,22.94,0.0,130.3,0.0,0
ARDG_AQUA bream 580gr 30 sm  281025 1254003.csv,6597,0,0.0,23.12,0.0,326.6,0.0002,0
ARDG_AQUA bream 580gr 30 sm  281025 1254002.csv,835,1,30.0,28.53,580.0,576.9,0.9762,1
ARDG_AQUA bream 680gr 33 sm  281025 1208003.csv,9914,1,33.0,32.22,680.0,665.8,0.9796,1
ARDG_AQUA bream150gr21cm  281025 1548002.csv,5646,1,21.0,21.94,150.0,209.3,0.9473,1
ARDG_AQUA bream 150gr 21 sm  281025 1132002.csv,5711,1,21.0,20.85,150.0,143.8,0.881,1
ARDG_AQUA bream630gr 32cm  281025 1500002.csv,1808,1,32.0,31.6,630.0,645.5,0.9757,1
ARDG_AQUA bream 390gr 26cm  281025 1325003.csv,10946,1,26.0,25.58,390.0,366.8,0.9704,1
ARDG_AQUA bream630gr 32cm  281025 1500002.csv,6255,0,0.0,27.4,0.0,298.7,0.0,0
ARDG_AQUA bream 580gr 30 sm  281025 1254003.csv,4025,0,0.0,24.83,0.0,399.1,0.4127,0
ARDG_AQUA bream 310gr 23 sm  281025 1233002.csv,11396,1,23.0,22.72,310.0,303.0,0.9753,1
ARDG_AQUA bream 580gr 30 sm  281025 1254003.csv,10333,1,30.0,29.41,580.0,565.7,0.9289,1
ARDG_AQUA bream 580gr 30 sm  281025 1254002.csv,2133,0,0.0,20.75,0.0,169.6,0.0,0
ARDG_AQUA bream150gr21cm  281025 1548002.csv,5556,0,0.0,23.37,0.0,144.6,0.0,0
ARDG_AQUA bream500gr 30cm  281025 1500002.csv,5399,0,0.0,21.78,0.0,136.4,0.0,0
ARDG_AQUA bream 800gr 36cm  281025 1453002.csv,3944,0,0.0,35.83,0.0,784.0,0.9662,1
ARDG_AQUA bream500gr 30cm  281025 1500002.csv,7016,0,0.0,24.0,0.0,213.7,0.0,0
ARDG_AQUA bream556gr 30cm  281025 1500002.csv,3171,0,0.0,23.17,0.0,213.6,0.0,0
ARDG_AQUA bream 150gr 21 sm  281025 1132004.csv,2341,0,0.0,22.86,0.0,141.3,0.0,0
ARDG_AQUA bream150gr21cm  281025 1548002.csv,4539,1,21.0,21.67,150.0,153.7,0.9664,1
ARDG_AQUA bream556gr 30cm  281025 1500002.csv,10841,0,0.0,24.79,0.0,227.9,0.0,0
ARDG_AQUA bream 150gr 21 sm  281025 1132004.csv,5435,0,0.0,21.54,0.0,141.0,0.0003,0
ARDG_AQUA bream 800gr 36cm  281025 1453002.csv,1402,0,0.0,27.12,0.0,314.5,0.0,0
ARDG_AQUA bream620 gr31cm  281025 1618003.csv,9768,1,31.0,31.63,620.0,629.0,0.9618,1
ARDG_AQUA bream620 gr31cm  281025 1618003.csv,7837,1,31.0,31.6,620.0,617.8,0.9753,1
ARDG_AQUA bream 150gr 21 sm  281025 1132004.csv,10338,0,0.0,21.92,0.0,151.2,0.0004,0
ARDG_AQUA bream556gr 30cm  281025 1500003.csv,1056,1,30.0,29.1,556.0,571.4,0.9092,1
ARDG_AQUA bream500gr 30cm  281025 1500002.csv,10302,0,0.0,22.23,0.0,181.2,0.0,0
ARDG_AQUA bream 150gr 21 sm  281025 1132004.csv,9453,0,0.0,21.39,0.0,132.1,0.6343,1
ARDG_AQUA bream556gr 30cm  281025 1500002.csv,6002,0,0.0,24.22,0.0,286.9,0.0,0
ARDG_AQUA bream150gr21cm  281025 1548002.csv,3963,0,0.0,24.66,0.0,266.7,0.0,0
ARDG_AQUA bream 150gr 21 sm  281025 1132004.csv,2368,0,0.0,21.58,0.0,155.9,0.2132,0
ARDG_AQUA bream 280gr 24cm  281025 1425002.csv,4968,0,0.0,23.59,0.0,307.3,0.4208,0
ARDG_AQUA bream 630gr 31cm  281025 1400002.csv,3157,0,0.0,24.18,0.0,167.0,0.0,0
ARDG_AQUA bream150gr21cm  281025 1548002.csv,141,0,0.0,22.45,0.0,188.2,0.0,0
ARDG_AQUA bream500gr 30cm  281025 1500002.csv,8524,0,0.0,21.77,0.0,163.8,0.0,0
ARDG_AQUA bream556gr 30cm  281025 1500002.csv,2648,0,0.0,25.43,0.0,327.3,0.0,0
ARDG_AQUA bream 390gr 26cm  281025 1325005.csv,4399,0,0.0,22.9,0.0,213.1,1e-04,0
ARDG_AQUA bream500gr 30cm  281025 1500002.csv,10139,0,0.0,24.47,0.0,242.3,0.0,0
ARDG_AQUA bream 150gr 21 sm  281025 1132004.csv,2070,0,0.0,22.97,0.0,141.9,0.0,0
ARDG_AQUA bream 310gr 23 sm  281025 1233002.csv,4095,1,23.0,22.82,310.0,306.5,0.9227,1
ARDG_AQUA bream 580gr 30 sm  281025 1254003.csv,5208,1,30.0,30.54,580.0,590.0,0.979,1
ARDG_AQUA bream 280gr 24cm  281025 1425002.csv,239,1,24.0,23.99,280.0,273.6,0.9661,1
ARDG_AQUA bream 390gr 26cm  281025 1325005.csv,6933,1,26.0,27.14,390.0,373.9,0.9737,1
ARDG_AQUA bream556gr 30cm  281025 1500002.csv,3639,0,0.0,27.57,0.0,387.0,0.6229,1
ARDG_AQUA bream 580gr 30 sm  281025 1254003.csv,6738,1,30.0,30.0,580.0,585.9,0.9758,1
ARDG_AQUA bream150gr21cm  281025 1548002.csv,2581,0,0.0,22.52,0.0,150.9,0.0,0
ARDG_AQUA bream500gr 30cm  281025 1500003.csv,1438,0,0.0,22.92,0.0,209.3,0.0,0
ARDG_AQUA bream 580gr 30 sm  281025 1254003.csv,4093,0,0.0,30.09,0.0,533.6,0.0734,0
ARDG_AQUA bream620 gr31cm  281025 1618003.csv,9054,1,31.0,31.13,620.0,618.1,0.9748,1
ARDG_AQUA bream 390gr 26cm  281025 1325005.csv,7207,1,26.0,26.18,390.0,382.5,0.9636,1
ARDG_AQUA bream500gr 30cm  281025 1500002.csv,8545,0,0.0,22.58,0.0,299.1,0.0,0
ARDG_AQUA bream 310gr 23 sm  281025 1233002.csv,5467,0,0.0,21.7,0.0,117.7,0.0,0
ARDG_AQUA bream 150gr 21 sm  281025 1132002.csv,12036,0,0.0,22.67,0.0,129.4,0.0,0
ARDG_AQUA bream500gr 30cm  281025 1500002.csv,10086,0,0.0,21.9,0.0,222.6,0.0,0
ARDG_AQUA bream 580gr 30 sm  281025 1254003.csv,2331,0,0.0,26.51,0.0,431.5,0.0,0
ARDG_AQUA bream 310gr 23 sm  281025 1233003.csv,1375,0,0.0,22.49,0.0,203.8,0.0,0
ARDG_AQUA bream556gr 30cm  281025 1500002.csv,6226,0,0.0,24.43,0.0,315.8,0.0,0
ARDG_AQUA bream620 gr31cm  281025 1618004.csv,912,1,31.0,29.81,620.0,598.1,0.9732,1
ARDG_AQUA bream630gr 32cm  281025 1500002.csv,2923,0,0.0,23.33,0.0,223.8,1e-04,0
ARDG_AQUA bream630gr 32cm  281025 1500002.csv,6460,0,0.0,22.36,0.0,154.7,0.0,0
ARDG_AQUA bream 310gr 23 sm  281025 1233002.csv,9835,1,23.0,22.58,310.0,301.9,0.9373,1
ARDG_AQUA bream 580gr 30 sm  281025 1254002.csv,7351,1,30.0,30.22,580.0,581.0,0.9697,1
ARDG_AQUA bream 150gr 21 sm  281025 1132002.csv,565,0,0.0,23.21,0.0,138.8,0.0,0
ARDG_AQUA bream150gr21cm  281025 1548002.csv,5896,0,0.0,24.12,0.0,199.5,0.0,0
ARDG_AQUA bream556gr 30cm  281025 1500002.csv,1112,0,0.0,30.97,0.0,529.8,0.9614,1
ARDG_AQUA bream 340gr 27cm  281025 1415002.csv,1561,0,0.0,23.64,0.0,242.8,0.0,0
ARDG_AQUA bream 150gr 21 sm  281025 1132004.csv,7815,0,0.0,22.24,0.0,141.5,0.0003,0
ARDG_AQUA bream620 gr31cm  281025 1618003.csv,2518,0,0.0,22.85,0.0,180.6,0.0,0
ARDG_AQUA bream150gr21cm  281025 1548002.csv,1258,1,21.0,23.5,150.0,230.0,0.5725,1
ARDG_AQUA bream 310gr 23 sm  281025 1233002.csv,1202,1,23.0,22.55,310.0,319.8,0.9624,1
ARDG_AQUA bream 390gr 26cm  281025 1325005.csv,9944,1,26.0,26.77,390.0,375.3,0.9806,1
ARDG_AQUA bream500gr 30cm  281025 1500002.csv,1065,0,0.0,23.95,0.0,136.8,0.0,0
ARDG_AQUA bream 150gr 21 sm  281025 1132004.csv,5023,0,0.0,21.19,0.0,123.3,0.0014,0
ARDG_AQUA bream 150gr 21 sm  281025 1132004.csv,2171,0,0.0,20.86,0.0,122.2,0.4384,0
ARDG_AQUA bream556gr 30cm  281025 1500002.csv,5229,0,0.0,23.88,0.0,346.5,0.0002,0
ARDG_AQUA bream 150gr 21 sm  281025 1132002.csv,8414,1,21.0,20.84,150.0,147.4,0.9585,1
ARDG_AQUA bream 150gr 21 sm  281025 1132004.csv,7846,0,0.0,20.89,0.0,148.7,0.408,0
ARDG_AQUA bream 150gr 21 sm  281025 1132002.csv,11095,0,0.0,22.75,0.0,142.8,0.0,0
ARDG_AQUA bream 580gr 30 sm  281025 1254003.csv,5068,0,0.0,30.15,0.0,498.8,0.0261,0
ARDG_AQUA bream150gr21cm  281025 1548002.csv,1369,0,0.0,22.94,0.0,180.7,1e-04,0
ARDG_AQUA bream556gr 30cm  281025 1500002.csv,1185,0,0.0,29.02,0.0,560.4,0.0,0
ARDG_AQUA bream 340gr 27cm  281025 1415002.csv,1181,0,0.0,25.07,0.0,221.0,0.0,0
ARDG_AQUA bream 580gr 30 sm  281025 1254003.csv,7307,0,0.0,22.17,0.0,266.9,0.0,0
ARDG_AQUA bream 150gr 21 sm  281025 1132004.csv,6119,0,0.0,22.74,0.0,169.7,0.0,0
ARDG_AQUA bream 150gr 21 sm  281025 1132002.csv,7151,0,0.0,22.44,0.0,139.3,0.0,0
ARDG_AQUA bream 280gr 24cm  281025 1425002.csv,1417,0,0.0,31.32,0.0,706.0,0.9848,1
ARDG_AQUA bream 280gr 24cm  281025 1425002.csv,3411,1,24.0,24.1,280.0,280.4,0.9461,1
ARDG_AQUA bream 630gr 31cm  281025 1400002.csv,6005,1,31.0,29.42,630.0,613.1,0.9815,1
ARDG_AQUA bream 800gr 36cm  281025 1453002.csv,3251,0,0.0,27.14,0.0,360.5,0.0,0
ARDG_AQUA bream150gr21cm  281025 1548002.csv,8874,0,0.0,23.81,0.0,180.7,0.0,0
ARDG_AQUA bream350 gr27cm  281025 1548002.csv,6876,0,0.0,22.3,0.0,186.0,0.0,0
ARDG_AQUA bream 580gr 30 sm  281025 1254002.csv,7738,1,30.0,30.66,580.0,584.3,0.9614,1
ARDG_AQUA bream 800gr 36cm  281025 1453002.csv,1947,1,36.0,35.83,800.0,789.8,0.975,1
ARDG_AQUA bream 310gr 23 sm  281025 1233003.csv,623,0,0.0,20.42,0.0,122.0,0.0,0
ARDG_AQUA bream 150gr 21 sm  281025 1132004.csv,8673,0,0.0,22.13,0.0,219.0,0.9297,1
ARDG_AQUA bream 580gr 30 sm  281025 1254002.csv,10937,0,0.0,22.58,0.0,216.9,0.0,0
ARDG_AQUA bream556gr 30cm  281025 1500002.csv,2177,0,0.0,28.1,0.0,487.5,0.0015,0
ARDG_AQUA bream 580gr 30 sm  281025 1254003.csv,8473,0,0.0,22.28,0.0,135.7,0.0,0
ARDG_AQUA bream 800gr 36cm  281025 1453002.csv,4047,0,0.0,27.07,0.0,469.5,1e-04,0
ARDG_AQUA bream 310gr 23 sm  281025 1233002.csv,8155,0,0.0,21.46,0.0,189.9,0.0,0
ARDG_AQUA bream556gr 30cm  281025 1500002.csv,8321,0,0.0,25.53,0.0,322.4,0.0,0
ARDG_AQUA bream 580gr 30 sm  281025 1254002.csv,3107,1,30.0,30.54,580.0,587.5,0.9673,1
ARDG_AQUA bream 150gr 21 sm  281025 1132004.csv,9536,1,21.0,20.65,150.0,149.9,0.9349,1
ARDG_AQUA bream 630gr 31cm  281025 1400002.csv,2375,0,0.0,22.65,0.0,150.2,0.0,0
ARDG_AQUA bream 680gr 33 sm  281025 1208003.csv,6754,1,33.0,33.6,680.0,679.9,0.9894,1
ARDG_AQUA bream 280gr 24cm  281025 1425002.csv,4164,0,0.0,22.74,0.0,184.4,0.0,0
ARDG_AQUA bream 150gr 21 sm  281025 1132004.csv,754,0,0.0,22.52,0.0,154.1,0.0,0
ARDG_AQUA bream150gr21cm  281025 1548002.csv,654,0,0.0,25.53,0.0,283.1,0.0,0
ARDG_AQUA bream 390gr 26cm  281025 1325003.csv,4144,0,0.0,21.14,0.0,149.5,0.0,0
ARDG_AQUA bream556gr 30cm  281025 1500002.csv,10787,0,0.0,29.87,0.0,487.7,0.0494,0
ARDG_AQUA bream 280gr 24cm  281025 1425002.csv,1322,0,0.0,23.15,0.0,270.7,0.9513,1
ARDG_AQUA bream150gr21cm  281025 1548002.csv,4893,0,0.0,24.23,0.0,115.8,0.0,0
ARDG_AQUA bream 150gr 21 sm  281025 1132002.csv,9047,0,0.0,22.64,0.0,150.2,0.0,0
ARDG_AQUA bream 630gr 31cm  281025 1400002.csv,9532,0,0.0,23.39,0.0,179.7,0.0,0
ARDG_AQUA bream556gr 30cm  281025 1500002.csv,1193,0,0.0,31.2,0.0,656.3,0.0038,0
ARDG_AQUA bream 150gr 21 sm  281025 1132002.csv,3804,0,0.0,31.98,0.0,395.3,0.0,0
ARDG_AQUA bream 800gr 36cm  281025 1453002.csv,3276,0,0.0,34.36,0.0,734.0,0.7656,1
ARDG_AQUA bream620 gr31cm  281025 1618004.csv,2444,0,0.0,22.37,0.0,140.1,0.0,0
ARDG_AQUA bream 280gr 24cm  281025 1425002.csv,733,1,24.0,23.95,280.0,271.8,0.9721,1
ARDG_AQUA bream350 gr27cm  281025 1548002.csv,6540,0,0.0,24.16,0.0,245.9,0.0,0
ARDG_AQUA bream150gr21cm  281025 1548002.csv,5161,0,0.0,21.45,0.0,222.5,0.1437,0
ARDG_AQUA bream 280gr 24cm  281025 1425002.csv,4307,1,24.0,24.35,280.0,325.2,0.7001,1
ARDG_AQUA bream 150gr 21 sm  281025 1132004.csv,2091,0,0.0,23.1,0.0,125.5,0.0,0
ARDG_AQUA bream 150gr 21 sm  281025 1132004.csv,5999,0,0.0,22.46,0.0,139.1,0.0,0
ARDG_AQUA bream556gr 30cm  281025 1500002.csv,1255,0,0.0,23.45,0.0,151.2,0.0,0
ARDG_AQUA bream620 gr31cm  281025 1618004.csv,2472,0,0.0,23.55,0.0,180.8,0.0,0
ARDG_AQUA bream 680gr 33 sm  281025 1208003.csv,4886,1,33.0,33.12,680.0,667.1,0.9923,1
ARDG_AQUA bream150gr21cm  281025 1548002.csv,5517,0,0.0,24.63,0.0,172.2,0.0,0
ARDG_AQUA bream 280gr 24cm  281025 1425002.csv,4124,0,0.0,24.28,0.0,149.4,0.0,0
ARDG_AQUA bream 580gr 30 sm  281025 1254003.csv,1909,0,0.0,21.81,0.0,277.4,0.0,0
ARDG_AQUA bream 580gr 30 sm  281025 1254003.csv,1374,0,0.0,23.87,0.0,393.6,0.0,0
ARDG_AQUA bream556gr 30cm  281025 1500002.csv,8084,0,0.0,22.91,0.0,268.9,0.0,0
ARDG_AQUA bream556gr 30cm  281025 1500002.csv,8192,0,0.0,26.77,0.0,419.4,0.8848,1
ARDG_AQUA bream 390gr 26cm  281025 1325005.csv,6232,0,0.0,19.34,0.0,153.1,0.0,0
ARDG_AQUA bream556gr 30cm  281025 1500002.csv,5517,1,30.0,29.38,556.0,548.6,0.9714,1
ARDG_AQUA bream350 gr27cm  281025 1548002.csv,4262,0,0.0,23.24,0.0,221.6,0.0,0
ARDG_AQUA bream 150gr 21 sm  281025 1132004.csv,2859,0,0.0,22.49,0.0,126.5,0.0,0
ARDG_AQUA bream350 gr27cm  281025 1548002.csv,5114,0,0.0,22.42,0.0,112.5,0.0,0
ARDG_AQUA bream 680gr 33 sm  281025 1208003.csv,1262,0,0.0,21.71,0.0,116.7,1e-04,0
ARDG_AQUA bream 630gr 31cm  281025 1400002.csv,2066,0,0.0,23.18,0.0,185.9,0.0,0
ARDG_AQUA bream 150gr 21 sm  281025 1132004.csv,7812,0,0.0,22.38,0.0,134.6,0.0,0
ARDG_AQUA bream556gr 30cm  281025 1500002.csv,1109,0,0.0,30.65,0.0,482.9,0.9746,1
ARDG_AQUA bream 580gr 30 sm  281025 1254002.csv,1125,0,0.0,20.55,0.0,138.8,0.0,0
ARDG_AQUA bream 150gr 21 sm  281025 1132004.csv,2309,0,0.0,22.28,0.0,147.9,0.0,0
ARDG_AQUA bream350 gr27cm  281025 1548002.csv,4663,1,27.0,26.86,350.0,345.3,0.9392,1
ARDG_AQUA bream500gr 30cm  281025 1500002.csv,7062,0,0.0,22.22,0.0,147.4,0.0,0
ARDG_AQUA bream 150gr 21 sm  281025 1132004.csv,8740,0,0.0,22.33,0.0,158.2,0.0,0
ARDG_AQUA bream556gr 30cm  281025 1500002.csv,8221,0,0.0,25.01,0.0,142.3,0.0,0
ARDG_AQUA bream 580gr 30 sm  281025 1254003.csv,5398,0,0.0,21.54,0.0,219.4,0.0,0
ARDG_AQUA bream 390gr 26cm  281025 1325003.csv,5266,0,0.0,23.07,0.0,216.0,0.0,0
ARDG_AQUA bream 150gr 21 sm  281025 1132004.csv,9308,0,0.0,22.28,0.0,177.1,1e-04,0
ARDG_AQUA bream 340gr 27cm  281025 1415002.csv,1841,0,0.0,21.69,0.0,163.4,0.0,0
ARDG_AQUA bream 150gr 21 sm  281025 1132004.csv,11042,0,0.0,22.69,0.0,152.7,0.0,0
ARDG_AQUA bream 680gr 33 sm  281025 1208003.csv,9223,0,0.0,22.51,0.0,134.4,0.0,0
ARDG_AQUA bream620 gr31cm  281025 1618003.csv,4459,0,0.0,23.44,0.0,270.5,0.0184,0
ARDG_AQUA bream 580gr 30 sm  281025 1254003.csv,10514,0,0.0,23.65,0.0,176.6,0.0,0
ARDG_AQUA bream 580gr 30 sm  281025 1254003.csv,11099,0,0.0,22.6,0.0,166.9,0.0,0
ARDG_AQUA bream 310gr 23 sm  281025 1233002.csv,10322,0,0.0,21.52,0.0,155.1,0.0,0
ARDG_AQUA bream 280gr 24cm  281025 1425002.csv,4778,0,0.0,24.93,0.0,253.5,0.0,0
ARDG_AQUA bream620 gr31cm  281025 1618003.csv,2646,0,0.0,21.96,0.0,115.7,0.0,0
ARDG_AQUA bream556gr 30cm  281025 1500002.csv,585,0,0.0,26.14,0.0,350.6,0.0078,0
ARDG_AQUA bream556gr 30cm  281025 1500002.csv,607,0,0.0,27.15,0.0,374.4,0.0,0
ARDG_AQUA bream 310gr 23 sm  281025 1233002.csv,10436,0,0.0,21.2,0.0,164.9,0.0,0
ARDG_AQUA bream556gr 30cm  281025 1500003.csv,1150,0,0.0,21.23,0.0,121.7,0.0,0
ARDG_AQUA bream 630gr 31cm  281025 1400002.csv,11169,0,0.0,22.6,0.0,222.3,0.0,0
ARDG_AQUA bream350 gr27cm  281025 1548002.csv,5069,0,0.0,24.19,0.0,198.6,0.0,0
ARDG_AQUA bream 580gr 30 sm  281025 1254003.csv,6507,0,0.0,31.19,0.0,586.5,0.8177,1
ARDG_AQUA bream500gr 30cm  281025 1500002.csv,1834,0,0.0,25.38,0.0,198.8,0.0,0
ARDG_AQUA bream 150gr 21 sm  281025 1132002.csv,6986,1,21.0,20.9,150.0,152.8,0.3528,0
ARDG_AQUA bream 310gr 23 sm  281025 1233002.csv,5396,0,0.0,21.29,0.0,151.1,0.0,0
ARDG_AQUA bream 580gr 30 sm  281025 1254003.csv,8411,0,0.0,29.79,0.0,514.2,0.904,1
ARDG_AQUA bream556gr 30cm  281025 1500002.csv,6643,0,0.0,27.6,0.0,438.0,0.0003,0
ARDG_AQUA bream 580gr 30 sm  281025 1254002.csv,7011,0,0.0,21.99,0.0,213.4,0.0,0
ARDG_AQUA bream 150gr 21 sm  281025 1132004.csv,8728,0,0.0,22.84,0.0,146.2,0.0,0
ARDG_AQUA bream 680gr 33 sm  281025 1208003.csv,8228,0,0.0,21.94,0.0,184.7,0.0,0
ARDG_AQUA bream556gr 30cm  281025 1500002.csv,9824,0,0.0,29.2,0.0,473.7,0.0005,0
ARDG_AQUA bream 310gr 23 sm  281025 1233002.csv,4453,1,23.0,22.71,310.0,298.8,0.9635,1
ARDG_AQUA bream556gr 30cm  281025 1500002.csv,7384,0,0.0,32.16,0.0,621.9,0.9585,1
ARDG_AQUA bream 800gr 36cm  281025 1453002.csv,1838,1,36.0,35.46,800.0,796.1,0.9884,1
ARDG_AQUA bream630gr 32cm  281025 1500002.csv,4705,0,0.0,23.17,0.0,177.6,0.0,0
ARDG_AQUA bream556gr 30cm  281025 1500002.csv,5784,0,0.0,30.43,0.0,499.2,0.8455,1
ARDG_AQUA bream556gr 30cm  281025 1500002.csv,8210,0,0.0,23.25,0.0,232.8,0.007,0
ARDG_AQUA bream 390gr 26cm  281025 1325005.csv,6227,0,0.0,21.6,0.0,129.7,0.0,0
ARDG_AQUA bream 800gr 36cm  281025 1453002.csv,857,0,0.0,26.65,0.0,387.5,0.0,0
ARDG_AQUA bream556gr 30cm  281025 1500002.csv,19,0,0.0,30.83,0.0,570.5,0.7305,1
ARDG_AQUA bream 390gr 26cm  281025 1325005.csv,6467,0,0.0,21.27,0.0,113.5,0.0,0
ARDG_AQUA bream 390gr 26cm  281025 1325005.csv,10708,0,0.0,27.96,0.0,521.5,0.3673,0
ARDG_AQUA bream556gr 30cm  281025 1500002.csv,2597,0,0.0,29.89,0.0,576.2,0.9009,1
ARDG_AQUA bream620 gr31cm  281025 1618003.csv,2630,0,0.0,23.22,0.0,160.7,0.0,0
ARDG_AQUA bream 150gr 21 sm  281025 1132002.csv,9288,0,0.0,23.47,0.0,145.0,0.0,0
ARDG_AQUA bream 580gr 30 sm  281025 1254003.csv,4534,0,0.0,21.98,0.0,247.4,0.0,0
ARDG_AQUA bream 310gr 23 sm  281025 1233003.csv,1387,0,0.0,22.07,0.0,143.1,0.0,0
ARDG_AQUA bream 390gr 26cm  281025 1325003.csv,7000,1,26.0,26.88,390.0,402.3,0.9677,1
ARDG_AQUA bream150gr21cm  281025 1548002.csv,207,0,0.0,19.14,0.0,105.5,0.0,0
ARDG_AQUA bream 150gr 21 sm  281025 1132002.csv,7951,0,0.0,22.26,0.0,153.1,0.0,0
ARDG_AQUA bream 800gr 36cm  281025 1453002.csv,668,1,36.0,36.1,800.0,786.3,0.9887,1
ARDG_AQUA bream500gr 30cm  281025 1500002.csv,5722,0,0.0,23.87,0.0,250.3,0.0,0
ARDG_AQUA bream 580gr 30 sm  281025 1254003.csv,7386,0,0.0,22.62,0.0,97.4,0.0,0
ARDG_AQUA bream150gr21cm  281025 1548002.csv,222,0,0.0,20.98,0.0,136.7,0.0,0
ARDG_AQUA bream500gr 30cm  281025 1500002.csv,10217,1,30.0,29.19,500.0,513.4,0.9471,1
ARDG_AQUA bream 390gr 26cm  281025 1325003.csv,9885,1,26.0,26.15,390.0,393.4,0.9253,1
ARDG_AQUA bream 390gr 26cm  281025 1325003.csv,11886,0,0.0,21.23,0.0,126.7,1e-04,0
ARDG_AQUA bream 150gr 21 sm  281025 1132004.csv,11357,0,0.0,19.77,0.0,144.2,0.6405,1
ARDG_AQUA bream500gr 30cm  281025 1500002.csv,1147,1,30.0,30.03,500.0,480.7,0.9535,1
ARDG_AQUA bream 280gr 24cm  281025 1425002.csv,2348,0,0.0,21.96,0.0,177.0,0.0,0
ARDG_AQUA bream 680gr 33 sm  281025 1208003.csv,5478,0,0.0,21.83,0.0,191.7,0.0,0
ARDG_AQUA bream 630gr 31cm  281025 1400002.csv,64,0,0.0,24.21,0.0,218.3,0.0,0
ARDG_AQUA bream 150gr 21 sm  281025 1132004.csv,9401,0,0.0,22.62,0.0,158.2,0.0,0
ARDG_AQUA bream 390gr 26cm  281025 1325003.csv,6884,1,26.0,24.98,390.0,336.2,0.9718,1
ARDG_AQUA bream620 gr31cm  281025 1618003.csv,4482,0,0.0,25.21,0.0,239.9,0.0064,0
ARDG_AQUA bream556gr 30cm  281025 1500002.csv,11795,0,0.0,26.67,0.0,514.0,0.1749,0
ARDG_AQUA bream500gr 30cm  281025 1500003.csv,1317,0,0.0,22.22,0.0,188.1,0.0,0
ARDG_AQUA bream150gr21cm  281025 1548002.csv,3283,0,0.0,23.04,0.0,235.5,0.0014,0
ARDG_AQUA bream 150gr 21 sm  281025 1132004.csv,8313,0,0.0,22.87,0.0,119.3,0.0,0
ARDG_AQUA bream 150gr 21 sm  281025 1132002.csv,10875,0,0.0,22.79,0.0,147.4,0.0,0
ARDG_AQUA bream 800gr 36cm  281025 1453002.csv,314,0,0.0,30.05,0.0,541.9,0.0122,0
ARDG_AQUA bream 800gr 36cm  281025 1453002.csv,4770,0,0.0,24.75,0.0,217.7,0.0,0
ARDG_AQUA bream630gr 32cm  281025 1500002.csv,2867,0,0.0,26.1,0.0,267.9,0.0,0
ARDG_AQUA bream150gr21cm  281025 1548002.csv,6088,0,0.0,25.38,0.0,270.2,0.0,0
ARDG_AQUA bream 580gr 30 sm  281025 1254003.csv,8770,0,0.0,28.89,0.0,480.9,0.0106,0
ARDG_AQUA bream 680gr 33 sm  281025 1208003.csv,5470,0,0.0,22.1,0.0,192.3,0.0,0
ARDG_AQUA bream150gr21cm  281025 1548002.csv,8538,0,0.0,24.6,0.0,189.9,0.0,0
ARDG_AQUA bream500gr 30cm  281025 1500002.csv,5185,0,0.0,24.22,0.0,284.1,0.0,0
ARDG_AQUA bream 280gr 24cm  281025 1425002.csv,2414,0,0.0,23.25,0.0,159.3,0.0,0
ARDG_AQUA bream 580gr 30 sm  281025 1254002.csv,8216,0,0.0,21.1,0.0,237.5,0.0,0
ARDG_AQUA bream 680gr 33 sm  281025 1208003.csv,5392,1,33.0,32.88,680.0,670.7,0.9901,1
ARDG_AQUA bream556gr 30cm  281025 1500002.csv,2883,0,0.0,31.55,0.0,611.1,0.9624,1
ARDG_AQUA bream150gr21cm  281025 1548002.csv,7844,1,21.0,21.6,150.0,140.9,0.9127,1
ARDG_AQUA bream 310gr 23 sm  281025 1233002.csv,11693,1,23.0,24.38,310.0,305.8,0.9692,1
ARDG_AQUA bream556gr 30cm  281025 1500002.csv,5975,0,0.0,29.97,0.0,531.6,0.0054,0
ARDG_AQUA bream 150gr 21 sm  281025 1132004.csv,8645,0,0.0,22.72,0.0,179.9,0.0,0
ARDG_AQUA bream500gr 30cm  281025 1500003.csv,4373,0,0.0,25.05,0.0,306.9,0.0,0
ARDG_AQUA bream 150gr 21 sm  281025 1132004.csv,8200,0,0.0,23.1,0.0,170.7,0.0,0
ARDG_AQUA bream 390gr 26cm  281025 1325003.csv,9803,1,26.0,26.18,390.0,382.9,0.9676,1
ARDG_AQUA bream 280gr 24cm  281025 1425002.csv,4211,0,0.0,23.53,0.0,93.7,0.0,0
ARDG_AQUA bream 150gr 21 sm  281025 1132004.csv,2936,0,0.0,22.65,0.0,176.6,1e-04,0
ARDG_AQUA bream 580gr 30 sm  281025 1254003.csv,4884,1,30.0,31.44,580.0,595.4,0.9729,1
ARDG_AQUA bream500gr 30cm  281025 1500002.csv,3203,0,0.0,22.7,0.0,197.3,0.0,0
ARDG_AQUA bream350 gr27cm  281025 1548002.csv,236,1,27.0,24.74,350.0,336.3,0.9678,1
ARDG_AQUA bream 630gr 31cm  281025 1400002.csv,11145,0,0.0,22.7,0.0,177.1,0.0,0
ARDG_AQUA bream630gr 32cm  281025 1500002.csv,3320,1,32.0,31.18,630.0,618.0,0.9776,1
ARDG_AQUA bream 150gr 21 sm  281025 1132004.csv,2860,0,0.0,22.54,0.0,158.6,0.0,0
ARDG_AQUA bream 800gr 36cm  281025 1453002.csv,222,0,0.0,25.23,0.0,405.3,0.0002,0
ARDG_AQUA bream 390gr 26cm  281025 1325003.csv,2560,0,0.0,24.13,0.0,181.9,0.0,0
ARDG_AQUA bream500gr 30cm  281025 1500002.csv,7954,0,0.0,21.84,0.0,150.3,0.0,0
ARDG_AQUA bream350 gr27cm  281025 1548002.csv,3991,0,0.0,23.23,0.0,137.6,0.0,0
ARDG_AQUA bream 580gr 30 sm  281025 1254003.csv,1789,0,0.0,30.29,0.0,622.1,0.8277,1
ARDG_AQUA bream 680gr 33 sm  281025 1208003.csv,4543,1,33.0,32.32,680.0,671.1,0.9838,1
ARDG_AQUA bream 310gr 23 sm  281025 1233003.csv,146,1,23.0,22.7,310.0,258.6,0.9563,1
ARDG_AQUA bream 630gr 31cm  281025 1400002.csv,4338,0,0.0,23.28,0.0,183.2,0.0,0
ARDG_AQUA bream620 gr31cm  281025 1618003.csv,6558,1,31.0,31.42,620.0,594.6,0.9758,1
ARDG_AQUA bream 580gr 30 sm  281025 1254002.csv,3360,0,0.0,22.79,0.0,202.4,0.0,0
ARDG_AQUA bream500gr 30cm  281025 1500002.csv,4129,0,0.0,25.4,0.0,197.9,0.0,0
ARDG_AQUA bream630gr 32cm  281025 1500002.csv,5207,1,32.0,31.49,630.0,625.9,0.9713,1
ARDG_AQUA bream350 gr27cm  281025 1548002.csv,4823,1,27.0,26.97,350.0,348.6,0.9578,1
ARDG_AQUA bream620 gr31cm  281025 1618003.csv,6909,1,31.0,29.39,620.0,556.7,0.9712,1
ARDG_AQUA bream 150gr 21 sm  281025 1132004.csv,8148,0,0.0,22.36,0.0,151.3,0.0,0
ARDG_AQUA bream 630gr 31cm  281025 1400002.csv,429,0,0.0,24.36,0.0,249.3,0.0,0
ARDG_AQUA bream630gr 32cm  281025 1500002.csv,6660,0,0.0,24.32,0.0,172.8,0.0,0
ARDG_AQUA bream630gr 32cm  281025 1500002.csv,5133,0,0.0,25.81,0.0,267.3,0.0,0
ARDG_AQUA bream 150gr 21 sm  281025 1132002.csv,6665,0,0.0,22.92,0.0,130.8,0.0,0
ARDG_AQUA bream 800gr 36cm  281025 1453002.csv,3127,1,36.0,35.98,800.0,784.2,0.9725,1
ARDG_AQUA bream 280gr 24cm  281025 1425002.csv,1541,0,0.0,23.38,0.0,201.4,0.0,0
ARDG_AQUA bream 680gr 33 sm  281025 1208003.csv,8427,0,0.0,22.06,0.0,169.7,1e-04,0
ARDG_AQUA bream500gr 30cm  281025 1500002.csv,444,0,0.0,24.41,0.0,240.2,0.0,0
ARDG_AQUA bream500gr 30cm  281025 1500002.csv,8294,0,0.0,21.49,0.0,85.9,0.0,0
ARDG_AQUA bream 310gr 23 sm  281025 1233002.csv,8182,0,0.0,21.5,0.0,212.1,0.0,0
ARDG_AQUA bream 630gr 31cm  281025 1400002.csv,9540,0,0.0,24.8,0.0,231.1,0.0,0
ARDG_AQUA bream500gr 30cm  281025 1500002.csv,5497,0,0.0,23.51,0.0,234.9,0.0,0
ARDG_AQUA bream500gr 30cm  281025 1500002.csv,7981,0,0.0,24.36,0.0,159.9,0.0,0
ARDG_AQUA bream 630gr 31cm  281025 1400002.csv,1551,1,31.0,30.99,630.0,614.9,0.9663,1
ARDG_AQUA bream 630gr 31cm  281025 1400002.csv,4424,1,31.0,30.95,630.0,667.3,0.9749,1
ARDG_AQUA bream 310gr 23 sm  281025 1233002.csv,6780,1,23.0,22.86,310.0,307.8,0.9307,1
ARDG_AQUA bream 150gr 21 sm  281025 1132004.csv,10452,0,0.0,22.78,0.0,131.8,0.0,0
ARDG_AQUA bream 150gr 21 sm  281025 1132004.csv,8611,0,0.0,22.54,0.0,151.6,0.0,0
ARDG_AQUA bream 280gr 24cm  281025 1425002.csv,4121,0,0.0,24.7,0.0,154.1,0.0,0
ARDG_AQUA bream 150gr 21 sm  281025 1132004.csv,11577,0,0.0,22.67,0.0,124.9,0.0,0
ARDG_AQUA bream500gr 30cm  281025 1500002.csv,3406,0,0.0,22.15,0.0,160.7,0.0,0
ARDG_AQUA bream 580gr 30 sm  281025 1254002.csv,11933,0,0.0,22.24,0.0,187.9,0.0,0
ARDG_AQUA bream 800gr 36cm  281025 1453002.csv,1600,0,0.0,27.43,0.0,439.6,0.8421,1
ARDG_AQUA bream556gr 30cm  281025 1500002.csv,10623,0,0.0,28.55,0.0,497.5,0.0,0
ARDG_AQUA bream150gr21cm  281025 1548002.csv,579,0,0.0,21.03,0.0,174.5,1e-04,0
ARDG_AQUA bream 150gr 21 sm  281025 1132002.csv,9517,0,0.0,22.55,0.0,157.7,0.0,0
ARDG_AQUA bream 310gr 23 sm  281025 1233002.csv,5925,1,23.0,23.34,310.0,301.8,0.8507,1
ARDG_AQUA bream 390gr 26cm  281025 1325005.csv,5947,0,0.0,21.83,0.0,151.7,0.0,0
ARDG_AQUA bream 150gr 21 sm  281025 1132004.csv,2272,0,0.0,21.54,0.0,141.3,0.0326,0
ARDG_AQUA bream556gr 30cm  281025 1500002.csv,11657,0,0.0,28.5,0.0,509.5,0.9654,1
ARDG_AQUA bream556gr 30cm  281025 1500003.csv,1299,0,0.0,23.73,0.0,200.8,0.0,0
ARDG_AQUA bream 150gr 21 sm  281025 1132004.csv,9231,0,0.0,23.01,0.0,136.4,0.0,0
ARDG_AQUA bream 150gr 21 sm  281025 1132002.csv,10355,1,21.0,20.72,150.0,132.2,0.9474,1
ARDG_AQUA bream150gr21cm  281025 1548002.csv,7502,0,0.0,22.62,0.0,152.7,0.0,0
ARDG_AQUA bream500gr 30cm  281025 1500002.csv,3228,0,0.0,23.95,0.0,222.3,0.0,0
ARDG_AQUA bream 150gr 21 sm  281025 1132002.csv,10184,0,0.0,22.94,0.0,144.4,0.0,0
ARDG_AQUA bream500gr 30cm  281025 1500002.csv,10072,0,0.0,24.44,0.0,236.5,0.0,0
ARDG_AQUA bream 150gr 21 sm  281025 1132004.csv,10244,0,0.0,22.69,0.0,160.7,0.0,0
ARDG_AQUA bream 150gr 21 sm  281025 1132004.csv,7676,0,0.0,22.75,0.0,158.6,0.0,0
ARDG_AQUA bream620 gr31cm  281025 1618003.csv,3570,1,31.0,30.41,620.0,680.7,0.9876,1
ARDG_AQUA bream556gr 30cm  281025 1500002.csv,1390,1,30.0,29.72,556.0,542.4,0.9741,1
ARDG_AQUA bream150gr21cm  281025 1548002.csv,5784,1,21.0,21.12,150.0,144.7,0.9424,1
ARDG_AQUA bream 580gr 30 sm  281025 1254003.csv,8521,0,0.0,23.24,0.0,165.0,0.0,0
ARDG_AQUA bream 150gr 21 sm  281025 1132002.csv,10104,0,0.0,22.57,0.0,132.1,0.0,0
ARDG_AQUA bream500gr 30cm  281025 1500003.csv,1568,1,30.0,29.77,500.0,506.8,0.4698,0
ARDG_AQUA bream150gr21cm  281025 1548002.csv,5528,0,0.0,24.02,0.0,159.9,0.0,0
ARDG_AQUA bream 310gr 23 sm  281025 1233002.csv,4523,1,23.0,22.68,310.0,305.8,0.9661,1
ARDG_AQUA bream620 gr31cm  281025 1618003.csv,4469,0,0.0,23.61,0.0,256.5,0.1014,0
ARDG_AQUA bream 390gr 26cm  281025 1325005.csv,10702,0,0.0,27.57,0.0,479.0,0.0917,0
ARDG_AQUA bream150gr21cm  281025 1548002.csv,3237,0,0.0,24.29,0.0,193.0,0.0,0
ARDG_AQUA bream 340gr 27cm  281025 1415002.csv,1531,0,0.0,21.66,0.0,79.4,0.0,0
ARDG_AQUA bream 310gr 23 sm  281025 1233002.csv,5410,0,0.0,22.64,0.0,215.0,0.0,0
ARDG_AQUA bream 310gr 23 sm  281025 1233002.csv,9450,1,23.0,22.51,310.0,307.0,0.9732,1
ARDG_AQUA bream500gr 30cm  281025 1500002.csv,5757,0,0.0,25.33,0.0,219.5,0.0,0
ARDG_AQUA bream 580gr 30 sm  281025 1254002.csv,8110,1,30.0,29.18,580.0,581.3,0.9791,1
ARDG_AQUA bream 800gr 36cm  281025 1453002.csv,3973,0,0.0,27.09,0.0,435.1,0.0,0
ARDG_AQUA bream 680gr 33 sm  281025 1208003.csv,9971,1,33.0,31.65,680.0,673.6,0.9833,1
ARDG_AQUA bream556gr 30cm  281025 1500002.csv,2300,0,0.0,24.72,0.0,309.8,0.0007,0
ARDG_AQUA bream 630gr 31cm  281025 1400002.csv,11236,0,0.0,22.53,0.0,152.9,0.0,0
ARDG_AQUA bream500gr 30cm  281025 1500002.csv,4001,0,0.0,24.15,0.0,178.6,0.0,0
ARDG_AQUA bream150gr21cm  281025 1548002.csv,5170,0,0.0,22.34,0.0,177.1,0.007,0
ARDG_AQUA bream 150gr 21 sm  281025 1132004.csv,8191,0,0.0,23.15,0.0,146.8,0.0,0
ARDG_AQUA bream 580gr 30 sm  281025 1254002.csv,3420,0,0.0,21.46,0.0,244.6,0.0,0
ARDG_AQUA bream 580gr 30 sm  281025 1254002.csv,8204,0,0.0,21.22,0.0,214.7,0.0,0
ARDG_AQUA bream 580gr 30 sm  281025 1254003.csv,8762,0,0.0,30.78,0.0,573.9,0.4687,0
ARDG_AQUA bream 580gr 30 sm  281025 1254003.csv,7110,0,0.0,20.1,0.0,90.8,0.0,0
ARDG_AQUA bream630gr 32cm  281025 1500002.csv,3127,1,32.0,32.25,630.0,620.8,0.9697,1
ARDG_AQUA bream 630gr 31cm  281025 1400002.csv,3110,0,0.0,24.07,0.0,139.0,0.0,0
ARDG_AQUA bream500gr 30cm  281025 1500002.csv,1816,0,0.0,24.28,0.0,183.2,0.0,0
ARDG_AQUA bream620 gr31cm  281025 1618004.csv,836,0,0.0,23.58,0.0,210.7,0.0,0
ARDG_AQUA bream556gr 30cm  281025 1500003.csv,1206,0,0.0,24.98,0.0,152.2,0.0,0
ARDG_AQUA bream556gr 30cm  281025 1500002.csv,2588,0,0.0,27.25,0.0,374.9,1e-04,0
ARDG_AQUA bream150gr21cm  281025 1548002.csv,4423,0,0.0,23.63,0.0,243.2,0.0,0
ARDG_AQUA bream150gr21cm  281025 1548002.csv,7630,0,0.0,24.75,0.0,230.2,0.0,0
ARDG_AQUA bream 580gr 30 sm  281025 1254003.csv,1801,0,0.0,30.1,0.0,604.6,0.9619,1
ARDG_AQUA bream500gr 30cm  281025 1500003.csv,2503,0,0.0,24.91,0.0,226.3,0.0,0
ARDG_AQUA bream150gr21cm  281025 1548002.csv,7614,0,0.0,24.55,0.0,193.6,0.0,0
ARDG_AQUA bream 800gr 36cm  281025 1453002.csv,4451,1,36.0,35.78,800.0,799.0,0.985,1
ARDG_AQUA bream556gr 30cm  281025 1500002.csv,1511,0,0.0,23.86,0.0,141.3,1e-04,0
ARDG_AQUA bream 340gr 27cm  281025 1415002.csv,1251,0,0.0,23.74,0.0,212.1,0.0,0
ARDG_AQUA bream 580gr 30 sm  281025 1254003.csv,7365,0,0.0,22.0,0.0,149.4,0.0,0
ARDG_AQUA bream 150gr 21 sm  281025 1132004.csv,5699,0,0.0,22.52,0.0,156.5,0.0,0
ARDG_AQUA bream 580gr 30 sm  281025 1254003.csv,8169,1,30.0,29.86,580.0,583.4,0.9745,1
ARDG_AQUA bream350 gr27cm  281025 1548002.csv,4979,0,0.0,22.22,0.0,220.7,0.0032,0
ARDG_AQUA bream 580gr 30 sm  281025 1254003.csv,11384,0,0.0,21.53,0.0,149.3,0.0,0
ARDG_AQUA bream500gr 30cm  281025 1500002.csv,7933,0,0.0,22.2,0.0,149.9,0.0,0
ARDG_AQUA bream 150gr 21 sm  281025 1132002.csv,10058,0,0.0,22.53,0.0,146.3,0.0,0
ARDG_AQUA bream620 gr31cm  281025 1618003.csv,5966,1,31.0,30.96,620.0,587.6,0.9655,1
ARDG_AQUA bream 680gr 33 sm  281025 1208003.csv,6570,0,0.0,20.91,0.0,158.9,0.0018,0
ARDG_AQUA bream 310gr 23 sm  281025 1233002.csv,307,0,0.0,21.79,0.0,178.6,0.0,0
ARDG_AQUA bream 630gr 31cm  281025 1400002.csv,7723,1,31.0,29.08,630.0,578.4,0.9719,1
ARDG_AQUA bream 800gr 36cm  281025 1453002.csv,1156,0,0.0,33.98,0.0,699.2,0.388,0
ARDG_AQUA bream 800gr 36cm  281025 1453002.csv,4062,0,0.0,25.07,0.0,233.6,0.0,0
ARDG_AQUA bream 630gr 31cm  281025 1400002.csv,2704,0,0.0,22.77,0.0,137.5,0.0,0
ARDG_AQUA bream 630gr 31cm  281025 1400002.csv,8717,0,0.0,22.62,0.0,189.4,0.0,0
ARDG_AQUA bream 390gr 26cm  281025 1325005.csv,10747,0,0.0,24.59,0.0,440.3,0.0334,0
ARDG_AQUA bream150gr21cm  281025 1548002.csv,874,0,0.0,22.71,0.0,217.7,0.0003,0
ARDG_AQUA bream500gr 30cm  281025 1500003.csv,1831,1,30.0,30.56,500.0,521.9,0.8657,1
ARDG_AQUA bream 280gr 24cm  281025 1425002.csv,4745,0,0.0,22.79,0.0,247.7,0.0717,0
ARDG_AQUA bream 150gr 21 sm  281025 1132002.csv,8186,0,0.0,23.0,0.0,134.5,0.0,0
ARDG_AQUA bream 150gr 21 sm  281025 1132002.csv,7083,0,0.0,22.94,0.0,164.5,0.0,0
ARDG_AQUA bream 580gr 30 sm  281025 1254002.csv,11709,0,0.0,21.6,0.0,245.7,0.0,0
ARDG_AQUA bream620 gr31cm  281025 1618003.csv,10347,0,0.0,23.47,0.0,192.9,0.0,0
ARDG_AQUA bream150gr21cm  281025 1548002.csv,6666,0,0.0,22.62,0.0,251.2,0.0,0
ARDG_AQUA bream500gr 30cm  281025 1500002.csv,6231,0,0.0,21.68,0.0,121.4,0.0,0
ARDG_AQUA bream556gr 30cm  281025 1500002.csv,5735,0,0.0,22.94,0.0,186.0,0.0,0
ARDG_AQUA bream 150gr 21 sm  281025 1132004.csv,9440,0,0.0,21.81,0.0,163.0,0.0254,0
ARDG_AQUA bream 150gr 21 sm  281025 1132004.csv,11365,0,0.0,19.62,0.0,114.0,0.0118,0
ARDG_AQUA bream 580gr 30 sm  281025 1254003.csv,1884,0,0.0,25.95,0.0,374.0,1e-04,0
ARDG_AQUA bream 630gr 31cm  281025 1400002.csv,6781,0,0.0,23.74,0.0,240.2,0.0,0
ARDG_AQUA bream 150gr 21 sm  281025 1132002.csv,7922,0,0.0,23.0,0.0,169.3,0.0,0
ARDG_AQUA bream500gr 30cm  281025 1500002.csv,651,0,0.0,22.06,0.0,134.7,0.0,0
ARDG_AQUA bream500gr 30cm  281025 1500002.csv,3389,0,0.0,21.61,0.0,195.5,0.0,0
ARDG_AQUA bream 800gr 36cm  281025 1453002.csv,881,0,0.0,27.06,0.0,435.1,0.0,0
ARDG_AQUA bream150gr21cm  281025 1548002.csv,1588,0,0.0,21.45,0.0,103.1,0.0,0
ARDG_AQUA bream 800gr 36cm  281025 1453002.csv,3269,0,0.0,32.65,0.0,641.4,0.0338,0
ARDG_AQUA bream 310gr 23 sm  281025 1233002.csv,6270,1,23.0,23.11,310.0,303.1,0.9439,1
ARDG_AQUA bream630gr 32cm  281025 1500002.csv,4015,1,32.0,30.28,630.0,616.3,0.9707,1
ARDG_AQUA bream556gr 30cm  281025 1500002.csv,7568,0,0.0,29.6,0.0,470.2,0.95,1
ARDG_AQUA bream 150gr 21 sm  281025 1132004.csv,8667,0,0.0,21.39,0.0,168.6,0.1048,0
ARDG_AQUA bream 800gr 36cm  281025 1453002.csv,548,0,0.0,33.6,0.0,728.5,0.9394,1
ARDG_AQUA bream 390gr 26cm  281025 1325005.csv,11560,0,0.0,20.72,0.0,127.2,0.0,0
ARDG_AQUA bream150gr21cm  281025 1548002.csv,4735,0,0.0,24.65,0.0,225.8,0.0,0
ARDG_AQUA bream 390gr 26cm  281025 1325005.csv,11067,1,26.0,25.7,390.0,368.4,0.972,1
ARDG_AQUA bream 310gr 23 sm  281025 1233002.csv,10418,0,0.0,21.04,0.0,91.1,0.0,0
ARDG_AQUA bream500gr 30cm  281025 1500003.csv,1188,0,0.0,24.24,0.0,294.5,0.0,0
ARDG_AQUA bream 150gr 21 sm  281025 1132004.csv,8224,0,0.0,22.34,0.0,159.0,0.0,0
ARDG_AQUA bream 280gr 24cm  281025 1425002.csv,3961,0,0.0,21.99,0.0,185.0,0.0,0
ARDG_AQUA bream 580gr 30 sm  281025 1254003.csv,3165,0,0.0,27.33,0.0,500.5,0.0061,0
ARDG_AQUA bream 580gr 30 sm  281025 1254003.csv,9212,1,30.0,30.72,580.0,586.0,0.9457,1
ARDG_AQUA bream620 gr31cm  281025 1618003.csv,8992,1,31.0,31.6,620.0,597.6,0.9687,1
ARDG_AQUA bream 680gr 33 sm  281025 1208003.csv,7109,1,33.0,31.75,680.0,670.2,0.9842,1
ARDG_AQUA bream 580gr 30 sm  281025 1254002.csv,2818,1,30.0,29.42,580.0,524.2,0.977,1
ARDG_AQUA bream 800gr 36cm  281025 1453002.csv,890,0,0.0,29.43,0.0,553.1,0.0,0
ARDG_AQUA bream150gr21cm  281025 1548002.csv,65,0,0.0,22.51,0.0,269.7,0.0,0
ARDG_AQUA bream 580gr 30 sm  281025 1254003.csv,9470,1,30.0,30.36,580.0,565.0,0.9735,1
ARDG_AQUA bream 150gr 21 sm  281025 1132004.csv,10353,0,0.0,22.24,0.0,141.7,0.0,0
ARDG_AQUA bream556gr 30cm  281025 1500002.csv,1914,0,0.0,27.78,0.0,532.6,0.9695,1
ARDG_AQUA bream620 gr31cm  281025 1618004.csv,2116,0,0.0,23.59,0.0,166.2,0.0,0
ARDG_AQUA bream500gr 30cm  281025 1500002.csv,8744,0,0.0,22.69,0.0,173.9,0.0,0
ARDG_AQUA bream 630gr 31cm  281025 1400002.csv,7619,1,31.0,28.26,630.0,549.1,0.9316,1
ARDG_AQUA bream500gr 30cm  281025 1500002.csv,5951,0,0.0,23.23,0.0,260.7,0.0,0
ARDG_AQUA bream 390gr 26cm  281025 1325003.csv,2362,0,0.0,19.45,0.0,122.5,0.0005,0
ARDG_AQUA bream630gr 32cm  281025 1500002.csv,4946,1,32.0,31.84,630.0,669.9,0.981,1
ARDG_AQUA bream 150gr 21 sm  281025 1132004.csv,2826,0,0.0,21.42,0.0,157.1,0.0262,0
ARDG_AQUA bream 310gr 23 sm  281025 1233002.csv,5391,0,0.0,22.09,0.0,167.4,0.0,0
ARDG_AQUA bream 150gr 21 sm  281025 1132004.csv,5525,0,0.0,22.79,0.0,156.8,0.0,0
ARDG_AQUA bream 150gr 21 sm  281025 1132002.csv,7395,0,0.0,22.88,0.0,129.2,0.0,0
ARDG_AQUA bream500gr 30cm  281025 1500002.csv,7646,0,0.0,23.1,0.0,167.0,0.0,0
ARDG_AQUA bream500gr 30cm  281025 1500002.csv,404,0,0.0,23.63,0.0,175.9,0.0,0
ARDG_AQUA bream150gr21cm  281025 1548002.csv,4242,0,0.0,20.94,0.0,72.8,0.0014,0
ARDG_AQUA bream 580gr 30 sm  281025 1254002.csv,9945,0,0.0,20.22,0.0,158.0,0.0,0
ARDG_AQUA bream 390gr 26cm  281025 1325005.csv,5161,1,26.0,25.28,390.0,384.6,0.9706,1
ARDG_AQUA bream 280gr 24cm  281025 1425002.csv,1207,0,0.0,23.95,0.0,311.4,0.0541,0
ARDG_AQUA bream 580gr 30 sm  281025 1254002.csv,4386,0,0.0,22.51,0.0,236.4,0.0,0
ARDG_AQUA bream 580gr 30 sm  281025 1254002.csv,9738,1,30.0,30.25,580.0,565.5,0.9772,1
ARDG_AQUA bream630gr 32cm  281025 1500002.csv,2897,0,0.0,23.48,0.0,235.8,0.0,0
ARDG_AQUA bream 580gr 30 sm  281025 1254002.csv,7013,0,0.0,21.43,0.0,215.6,0.0,0
ARDG_AQUA bream150gr21cm  281025 1548002.csv,4428,0,0.0,23.44,0.0,216.9,0.0006,0
ARDG_AQUA bream620 gr31cm  281025 1618004.csv,1932,0,0.0,23.66,0.0,215.4,0.0,0
ARDG_AQUA bream 580gr 30 sm  281025 1254003.csv,10674,0,0.0,24.16,0.0,335.1,0.0,0
ARDG_AQUA bream350 gr27cm  281025 1548002.csv,4993,0,0.0,22.38,0.0,172.1,1e-04,0
ARDG_AQUA bream556gr 30cm  281025 1500002.csv,7126,0,0.0,24.59,0.0,275.0,0.0,0
ARDG_AQUA bream 150gr 21 sm  281025 1132004.csv,6209,0,0.0,22.95,0.0,147.6,0.0,0
ARDG_AQUA bream 800gr 36cm  281025 1453002.csv,1418,0,0.0,29.9,0.0,493.1,0.0,0
ARDG_AQUA bream620 gr31cm  281025 1618003.csv,3436,1,31.0,31.58,620.0,575.0,0.9771,1
ARDG_AQUA bream 580gr 30 sm  281025 1254002.csv,9281,0,0.0,21.9,0.0,254.6,0.0,0
ARDG_AQUA bream 680gr 33 sm  281025 1208003.csv,1686,1,33.0,31.14,680.0,658.7,0.9834,1
ARDG_AQUA bream 150gr 21 sm  281025 1132004.csv,2192,0,0.0,22.11,0.0,145.7,0.0,0
ARDG_AQUA bream150gr21cm  281025 1548002.csv,5561,0,0.0,24.16,0.0,165.5,0.0,0
ARDG_AQUA bream 150gr 21 sm  281025 1132004.csv,10193,0,0.0,22.3,0.0,153.7,1e-04,0
ARDG_AQUA bream 390gr 26cm  281025 1325005.csv,10775,0,0.0,24.75,0.0,253.9,0.0,0
ARDG_AQUA bream 580gr 30 sm  281025 1254002.csv,7059,0,0.0,21.15,0.0,142.5,0.0,0
ARDG_AQUA bream556gr 30cm  281025 1500002.csv,8537,0,0.0,26.55,0.0,418.6,0.5975,1
ARDG_AQUA bream 310gr 23 sm  281025 1233003.csv,1371,0,0.0,21.97,0.0,206.8,0.0,0
ARDG_AQUA bream 150gr 21 sm  281025 1132002.csv,11960,1,21.0,20.76,150.0,145.4,0.9717,1
ARDG_AQUA bream 150gr 21 sm  281025 1132004.csv,2059,0,0.0,21.7,0.0,136.2,0.0004,0
ARDG_AQUA bream 150gr 21 sm  281025 1132004.csv,10426,0,0.0,22.89,0.0,154.5,0.0,0
ARDG_AQUA bream 580gr 30 sm  281025 1254003.csv,9286,0,0.0,20.74,0.0,88.0,0.0,0
ARDG_AQUA bream620 gr31cm  281025 1618003.csv,2766,0,0.0,23.25,0.0,172.3,0.0,0
ARDG_AQUA bream500gr 30cm  281025 1500002.csv,2017,0,0.0,23.69,0.0,262.3,0.0,0
ARDG_AQUA bream 680gr 33 sm  281025 1208003.csv,7987,0,0.0,21.96,0.0,127.1,0.0,0
ARDG_AQUA bream 800gr 36cm  281025 1453002.csv,2711,0,0.0,35.02,0.0,742.8,0.9794,1
ARDG_AQUA bream 150gr 21 sm  281025 1132002.csv,11802,0,0.0,22.72,0.0,137.7,0.0,0
ARDG_AQUA bream556gr 30cm  281025 1500002.csv,6942,0,0.0,26.08,0.0,378.8,0.0151,0
ARDG_AQUA bream 150gr 21 sm  281025 1132004.csv,1378,0,0.0,22.94,0.0,171.4,0.0,0
ARDG_AQUA bream350 gr27cm  281025 1548002.csv,748,1,27.0,27.62,350.0,403.6,0.9765,1
ARDG_AQUA bream500gr 30cm  281025 1500003.csv,898,1,30.0,30.66,500.0,526.1,0.5923,1
ARDG_AQUA bream620 gr31cm  281025 1618003.csv,5883,0,0.0,23.51,0.0,300.3,0.0,0
ARDG_AQUA bream 800gr 36cm  281025 1453002.csv,4988,0,0.0,24.27,0.0,262.7,0.0,0
ARDG_AQUA bream630gr 32cm  281025 1500002.csv,3059,1,32.0,31.59,630.0,622.7,0.9774,1
ARDG_AQUA bream630gr 32cm  281025 1500002.csv,6905,0,0.0,22.13,0.0,201.0,0.0,0
ARDG_AQUA bream556gr 30cm  281025 1500002.csv,8700,0,0.0,30.81,0.0,551.1,0.0642,0
ARDG_AQUA bream 680gr 33 sm  281025 1208003.csv,10421,0,0.0,21.84,0.0,161.5,0.0,0
ARDG_AQUA bream 800gr 36cm  281025 1453002.csv,1692,0,0.0,30.78,0.0,474.4,0.0,0
ARDG_AQUA bream 580gr 30 sm  281025 1254003.csv,7372,0,0.0,22.08,0.0,98.7,0.0,0
ARDG_AQUA bream620 gr31cm  281025 1618003.csv,2730,0,0.0,22.01,0.0,214.2,0.0,0
ARDG_AQUA bream556gr 30cm  281025 1500002.csv,9059,0,0.0,22.51,0.0,208.9,0.0,0
ARDG_AQUA bream 150gr 21 sm  281025 1132004.csv,11040,0,0.0,22.63,0.0,147.2,0.0,0
ARDG_AQUA bream556gr 30cm  281025 1500002.csv,1560,0,0.0,29.1,0.0,540.2,0.7337,1
ARDG_AQUA bream556gr 30cm  281025 1500002.csv,6283,0,0.0,24.25,0.0,345.0,0.0,0
ARDG_AQUA bream 150gr 21 sm  281025 1132004.csv,8203,0,0.0,23.21,0.0,155.4,0.0,0
ARDG_AQUA bream556gr 30cm  281025 1500003.csv,1218,0,0.0,22.01,0.0,82.1,0.0,0
ARDG_AQUA bream 150gr 21 sm  281025 1132004.csv,6089,0,0.0,22.69,0.0,146.0,0.0,0
ARDG_AQUA bream556gr 30cm  281025 1500002.csv,515,0,0.0,27.54,0.0,277.3,0.0,0
ARDG_AQUA bream 630gr 31cm  281025 1400002.csv,8926,1,31.0,28.67,630.0,516.5,0.911,1
ARDG_AQUA bream350 gr27cm  281025 1548002.csv,7002,0,0.0,24.52,0.0,184.5,0.0,0
ARDG_AQUA bream 150gr 21 sm  281025 1132004.csv,2872,0,0.0,22.31,0.0,158.5,0.0,0
ARDG_AQUA bream 150gr 21 sm  281025 1132004.csv,2688,1,21.0,20.29,150.0,146.1,0.9114,1
ARDG_AQUA bream620 gr31cm  281025 1618003.csv,3302,0,0.0,22.74,0.0,199.7,0.0,0
ARDG_AQUA bream500gr 30cm  281025 1500002.csv,2138,1,30.0,31.04,500.0,504.6,0.976,1
ARDG_AQUA bream 680gr 33 sm  281025 1208003.csv,1022,0,0.0,22.0,0.0,131.7,1e-04,0
ARDG_AQUA bream 390gr 26cm  281025 1325005.csv,664,1,26.0,25.87,390.0,376.0,0.9758,1
ARDG_AQUA bream556gr 30cm  281025 1500002.csv,4112,0,0.0,29.29,0.0,570.1,0.1939,0
ARDG_AQUA bream 150gr 21 sm  281025 1132004.csv,9297,0,0.0,22.65,0.0,136.4,0.0,0
ARDG_AQUA bream150gr21cm  281025 1548002.csv,5218,0,0.0,22.92,0.0,148.0,0.0,0
ARDG_AQUA bream 150gr 21 sm  281025 1132004.csv,3894,0,0.0,22.82,0.0,148.3,0.0,0
ARDG_AQUA bream 580gr 30 sm  281025 1254003.csv,7874,1,30.0,30.18,580.0,573.8,0.9681,1
ARDG_AQUA bream556gr 30cm  281025 1500002.csv,11268,0,0.0,31.86,0.0,619.2,0.0069,0
ARDG_AQUA bream 580gr 30 sm  281025 1254002.csv,11629,0,0.0,20.79,0.0,218.1,0.0,0
ARDG_AQUA bream 390gr 26cm  281025 1325005.csv,7377,1,26.0,25.83,390.0,383.7,0.9449,1
ARDG_AQUA bream150gr21cm  281025 1548002.csv,5877,0,0.0,22.61,0.0,130.1,0.0,0
ARDG_AQUA bream 150gr 21 sm  281025 1132004.csv,11893,0,0.0,22.39,0.0,153.1,0.0,0
ARDG_AQUA bream500gr 30cm  281025 1500002.csv,5989,0,0.0,22.33,0.0,113.6,0.0,0
ARDG_AQUA bream620 gr31cm  281025 1618003.csv,6760,1,31.0,31.35,620.0,625.6,0.975,1
ARDG_AQUA bream 390gr 26cm  281025 1325005.csv,225,0,0.0,22.28,0.0,243.1,0.0,0
ARDG_AQUA bream 150gr 21 sm  281025 1132004.csv,3842,0,0.0,23.0,0.0,141.5,0.0,0
ARDG_AQUA bream 580gr 30 sm  281025 1254002.csv,7041,0,0.0,20.04,0.0,169.6,0.0,0
ARDG_AQUA bream 680gr 33 sm  281025 1208003.csv,3900,1,33.0,32.36,680.0,655.8,0.9869,1
ARDG_AQUA bream 630gr 31cm  281025 1400002.csv,1988,1,31.0,32.45,630.0,627.5,0.9651,1
ARDG_AQUA bream 580gr 30 sm  281025 1254003.csv,1176,0,0.0,28.32,0.0,500.9,0.4671,0
ARDG_AQUA bream 150gr 21 sm  281025 1132002.csv,1345,0,0.0,23.27,0.0,165.4,0.0,0
ARDG_AQUA bream500gr 30cm  281025 1500002.csv,9345,0,0.0,21.17,0.0,117.2,0.0,0
ARDG_AQUA bream500gr 30cm  281025 1500002.csv,8773,0,0.0,22.25,0.0,187.0,0.0,0
ARDG_AQUA bream556gr 30cm  281025 1500002.csv,2666,0,0.0,25.72,0.0,310.9,0.0,0
ARDG_AQUA bream 580gr 30 sm  281025 1254002.csv,1377,0,0.0,22.68,0.0,276.1,0.0002,0
ARDG_AQUA bream500gr 30cm  281025 1500002.csv,3231,0,0.0,24.96,0.0,264.1,0.0,0
ARDG_AQUA bream620 gr31cm  281025 1618003.csv,3661,0,0.0,21.42,0.0,174.2,0.0033,0
ARDG_AQUA bream620 gr31cm  281025 1618003.csv,6081,1,31.0,30.53,620.0,593.3,0.9642,1
ARDG_AQUA bream 630gr 31cm  281025 1400002.csv,6713,0,0.0,25.59,0.0,141.2,0.0,0
ARDG_AQUA bream500gr 30cm  281025 1500002.csv,3417,0,0.0,22.94,0.0,223.8,0.0,0
ARDG_AQUA bream 390gr 26cm  281025 1325003.csv,11668,0,0.0,21.74,0.0,129.8,0.0,0
ARDG_AQUA bream 390gr 26cm  281025 1325005.csv,11599,0,0.0,24.64,0.0,206.1,0.0,0
ARDG_AQUA bream 680gr 33 sm  281025 1208003.csv,8502,1,33.0,32.44,680.0,680.5,0.9859,1
ARDG_AQUA bream500gr 30cm  281025 1500003.csv,5653,0,0.0,20.35,0.0,144.3,0.0,0
ARDG_AQUA bream 150gr 21 sm  281025 1132004.csv,2103,0,0.0,22.5,0.0,123.2,0.0,0
ARDG_AQUA bream 580gr 30 sm  281025 1254003.csv,5372,0,0.0,31.81,0.0,569.7,0.4731,0
ARDG_AQUA bream 800gr 36cm  281025 1453002.csv,1322,0,0.0,33.03,0.0,760.9,0.9418,1
ARDG_AQUA bream620 gr31cm  281025 1618003.csv,10102,1,31.0,30.98,620.0,670.5,0.9679,1
ARDG_AQUA bream 680gr 33 sm  281025 1208003.csv,5654,0,0.0,21.83,0.0,160.0,0.0005,0
ARDG_AQUA bream 580gr 30 sm  281025 1254003.csv,6189,0,0.0,20.84,0.0,185.4,0.0,0
ARDG_AQUA bream500gr 30cm  281025 1500002.csv,6224,0,0.0,22.83,0.0,113.3,0.0,0
ARDG_AQUA bream150gr21cm  281025 1548002.csv,637,0,0.0,23.25,0.0,210.2,0.0,0
ARDG_AQUA bream500gr 30cm  281025 1500002.csv,10307,0,0.0,23.56,0.0,211.7,0.0,0
ARDG_AQUA bream 150gr 21 sm  281025 1132004.csv,3864,0,0.0,22.99,0.0,156.5,0.0,0
ARDG_AQUA bream 580gr 30 sm  281025 1254002.csv,11909,0,0.0,21.73,0.0,156.5,0.0,0
ARDG_AQUA bream500gr 30cm  281025 1500002.csv,2617,0,0.0,23.16,0.0,152.7,0.0,0
ARDG_AQUA bream 580gr 30 sm  281025 1254002.csv,11839,0,0.0,21.02,0.0,134.0,0.0,0
ARDG_AQUA bream 310gr 23 sm  281025 1233002.csv,4806,0,0.0,22.29,0.0,129.0,0.0,0
ARDG_AQUA bream 630gr 31cm  281025 1400002.csv,11603,0,0.0,21.88,0.0,228.0,0.0,0
ARDG_AQUA bream150gr21cm  281025 1548002.csv,6280,0,0.0,21.5,0.0,136.5,0.0018,0
ARDG_AQUA bream 150gr 21 sm  281025 1132004.csv,6233,0,0.0,22.72,0.0,153.2,0.0,0
ARDG_AQUA bream 150gr 21 sm  281025 1132002.csv,6675,0,0.0,22.67,0.0,124.1,0.0,0
ARDG_AQUA bream500gr 30cm  281025 1500002.csv,9993,1,30.0,29.75,500.0,483.7,0.9735,1
ARDG_AQUA bream500gr 30cm  281025 1500002.csv,4386,0,0.0,26.23,0.0,265.5,0.0,0
ARDG_AQUA bream556gr 30cm  281025 1500002.csv,2438,0,0.0,23.87,0.0,305.1,0.0,0
ARDG_AQUA bream 280gr 24cm  281025 1425002.csv,4794,0,0.0,24.9,0.0,276.9,0.0,0
ARDG_AQUA bream 580gr 30 sm  281025 1254003.csv,2293,0,0.0,27.83,0.0,490.9,0.9176,1
ARDG_AQUA bream 310gr 23 sm  281025 1233002.csv,8154,0,0.0,21.34,0.0,164.0,0.0,0
ARDG_AQUA bream556gr 30cm  281025 1500002.csv,11977,0,0.0,34.82,0.0,684.6,0.0011,0
ARDG_AQUA bream 280gr 24cm  281025 1425002.csv,1274,0,0.0,27.51,0.0,375.2,0.1283,0
ARDG_AQUA bream500gr 30cm  281025 1500002.csv,909,0,0.0,22.93,0.0,230.2,0.0,0
ARDG_AQUA bream150gr21cm  281025 1548002.csv,7637,0,0.0,25.02,0.0,226.0,0.0,0
ARDG_AQUA bream 150gr 21 sm  281025 1132004.csv,9289,0,0.0,22.46,0.0,139.0,0.0,0
ARDG_AQUA bream 580gr 30 sm  281025 1254002.csv,1944,0,0.0,20.99,0.0,213.5,0.0,0
ARDG_AQUA bream 580gr 30 sm  281025 1254003.csv,3911,0,0.0,25.15,0.0,424.8,0.0026,0
ARDG_AQUA bream500gr 30cm  281025 1500002.csv,6189,0,0.0,24.59,0.0,123.1,0.0,0
ARDG_AQUA bream556gr 30cm  281025 1500002.csv,7092,0,0.0,26.56,0.0,387.0,0.1649,0
ARDG_AQUA bream 390gr 26cm  281025 1325003.csv,6510,1,26.0,25.35,390.0,371.3,0.9614,1
ARDG_AQUA bream556gr 30cm  281025 1500002.csv,5643,0,0.0,28.42,0.0,520.7,0.05,0
ARDG_AQUA bream 150gr 21 sm  281025 1132002.csv,10186,0,0.0,22.98,0.0,147.6,0.0,0
ARDG_AQUA bream500gr 30cm  281025 1500002.csv,1821,0,0.0,24.33,0.0,213.4,0.0,0
ARDG_AQUA bream150gr21cm  281025 1548002.csv,3047,1,21.0,21.19,150.0,142.2,0.9417,1
ARDG_AQUA bream620 gr31cm  281025 1618003.csv,4298,0,0.0,25.9,0.0,264.4,0.0,0
ARDG_AQUA bream556gr 30cm  281025 1500002.csv,5955,0,0.0,30.81,0.0,561.9,0.9639,1
ARDG_AQUA bream 150gr 21 sm  281025 1132002.csv,8108,1,21.0,20.77,150.0,133.9,0.8939,1
ARDG_AQUA bream 390gr 26cm  281025 1325005.csv,9753,0,0.0,22.38,0.0,329.0,0.0,0
ARDG_AQUA bream350 gr27cm  281025 1548002.csv,7079,0,0.0,23.64,0.0,170.1,0.0,0
ARDG_AQUA bream 150gr 21 sm  281025 1132004.csv,8512,1,21.0,21.75,150.0,166.2,0.1604,0
ARDG_AQUA bream 580gr 30 sm  281025 1254003.csv,4498,0,0.0,22.45,0.0,200.0,0.0,0
ARDG_AQUA bream 340gr 27cm  281025 1415002.csv,826,0,0.0,21.72,0.0,144.8,0.0,0
ARDG_AQUA bream556gr 30cm  281025 1500002.csv,5654,0,0.0,27.28,0.0,392.4,0.0015,0
ARDG_AQUA bream500gr 30cm  281025 1500002.csv,5767,0,0.0,25.93,0.0,230.9,0.0,0
ARDG_AQUA bream350 gr27cm  281025 1548002.csv,2094,0,0.0,25.15,0.0,161.9,0.0,0
ARDG_AQUA bream620 gr31cm  281025 1618003.csv,7463,1,31.0,31.43,620.0,603.9,0.9609,1
ARDG_AQUA bream620 gr31cm  281025 1618003.csv,4337,0,0.0,26.0,0.0,291.5,0.0,0
ARDG_AQUA bream 340gr 27cm  281025 1415002.csv,476,0,0.0,29.37,0.0,497.2,0.0192,0
ARDG_AQUA bream 150gr 21 sm  281025 1132004.csv,6798,0,0.0,21.74,0.0,146.9,0.0002,0
ARDG_AQUA bream 580gr 30 sm  281025 1254003.csv,3489,1,30.0,29.4,580.0,563.2,0.9817,1
ARDG_AQUA bream556gr 30cm  281025 1500002.csv,9044,0,0.0,24.25,0.0,272.2,0.0,0
ARDG_AQUA bream 150gr 21 sm  281025 1132002.csv,11539,0,0.0,22.42,0.0,127.9,0.0,0
ARDG_AQUA bream620 gr31cm  281025 1618003.csv,4185,1,31.0,31.15,620.0,613.5,0.9638,1
ARDG_AQUA bream 310gr 23 sm  281025 1233003.csv,615,0,0.0,21.27,0.0,161.0,0.0,0
ARDG_AQUA bream556gr 30cm  281025 1500002.csv,5709,0,0.0,28.05,0.0,448.3,0.2003,0
ARDG_AQUA bream 150gr 21 sm  281025 1132002.csv,11871,0,0.0,22.68,0.0,143.7,0.0,0
ARDG_AQUA bream 580gr 30 sm  281025 1254002.csv,7072,0,0.0,20.86,0.0,123.4,0.0,0
ARDG_AQUA bream620 gr31cm  281025 1618003.csv,11146,0,0.0,22.61,0.0,234.5,0.0,0
ARDG_AQUA bream 580gr 30 sm  281025 1254003.csv,5363,0,0.0,28.72,0.0,615.3,0.9463,1
ARDG_AQUA bream500gr 30cm  281025 1500002.csv,2892,0,0.0,23.45,0.0,257.1,0.0,0
ARDG_AQUA bream150gr21cm  281025 1548002.csv,234,0,0.0,21.17,0.0,196.0,0.0,0
ARDG_AQUA bream 390gr 26cm  281025 1325005.csv,5036,1,26.0,27.41,390.0,433.5,0.9763,1
ARDG_AQUA bream620 gr31cm  281025 1618003.csv,5243,1,31.0,29.24,620.0,594.8,0.978,1
ARDG_AQUA bream 390gr 26cm  281025 1325003.csv,11930,0,0.0,22.23,0.0,169.1,0.0002,0
ARDG_AQUA bream 580gr 30 sm  281025 1254002.csv,7221,0,0.0,23.92,0.0,176.4,0.0,0
ARDG_AQUA bream500gr 30cm  281025 1500003.csv,1291,0,0.0,24.57,0.0,101.0,0.0,0
ARDG_AQUA bream556gr 30cm  281025 1500002.csv,8227,0,0.0,22.9,0.0,154.4,0.0,0
ARDG_AQUA bream 150gr 21 sm  281025 1132002.csv,6300,0,0.0,22.16,0.0,156.6,1e-04,0
ARDG_AQUA bream 150gr 21 sm  281025 1132004.csv,2371,0,0.0,21.63,0.0,163.4,0.8815,1
ARDG_AQUA bream 580gr 30 sm  281025 1254003.csv,1368,0,0.0,24.58,0.0,367.7,0.0,0
ARDG_AQUA bream500gr 30cm  281025 1500002.csv,746,1,30.0,30.33,500.0,514.4,0.9366,1
ARDG_AQUA bream150gr21cm  281025 1548002.csv,6998,0,0.0,23.22,0.0,176.6,0.0,0
ARDG_AQUA bream 150gr 21 sm  281025 1132004.csv,10872,0,0.0,23.0,0.0,143.6,0.0,0
ARDG_AQUA bream350 gr27cm  281025 1548002.csv,4394,0,0.0,22.5,0.0,212.0,1e-04,0
ARDG_AQUA bream 580gr 30 sm  281025 1254003.csv,4729,0,0.0,30.92,0.0,537.5,0.8081,1
ARDG_AQUA bream 150gr 21 sm  281025 1132004.csv,7822,0,0.0,21.14,0.0,144.3,0.3117,0
ARDG_AQUA bream 800gr 36cm  281025 1453002.csv,2774,0,0.0,34.17,0.0,676.4,0.0857,0
ARDG_AQUA bream 630gr 31cm  281025 1400002.csv,8638,0,0.0,22.99,0.0,152.7,0.0,0
ARDG_AQUA bream 630gr 31cm  281025 1400002.csv,4108,1,31.0,31.06,630.0,615.9,0.8727,1
ARDG_AQUA bream556gr 30cm  281025 1500002.csv,5689,0,0.0,32.32,0.0,615.4,0.8436,1
ARDG_AQUA bream 150gr 21 sm  281025 1132004.csv,8736,0,0.0,22.47,0.0,145.7,0.0,0
ARDG_AQUA bream 150gr 21 sm  281025 1132004.csv,2911,0,0.0,23.25,0.0,153.6,0.0,0
ARDG_AQUA bream150gr21cm  281025 1548002.csv,7064,0,0.0,23.05,0.0,250.8,0.0,0
ARDG_AQUA bream 390gr 26cm  281025 1325005.csv,11752,0,0.0,20.51,0.0,172.7,0.0,0
ARDG_AQUA bream 150gr 21 sm  281025 1132004.csv,7487,0,0.0,22.77,0.0,143.4,0.0,0
ARDG_AQUA bream 150gr 21 sm  281025 1132004.csv,2919,0,0.0,23.26,0.0,165.3,0.0,0
ARDG_AQUA bream 390gr 26cm  281025 1325003.csv,6603,0,0.0,21.15,0.0,154.3,0.0,0
ARDG_AQUA bream 580gr 30 sm  281025 1254003.csv,5359,0,0.0,28.43,0.0,572.1,0.8826,1
ARDG_AQUA bream500gr 30cm  281025 1500003.csv,402,0,0.0,22.53,0.0,246.3,0.0,0
ARDG_AQUA bream620 gr31cm  281025 1618003.csv,8648,1,31.0,32.15,620.0,618.4,0.9473,1
ARDG_AQUA bream 580gr 30 sm  281025 1254003.csv,635,0,0.0,21.9,0.0,175.2,0.0,0
ARDG_AQUA bream556gr 30cm  281025 1500002.csv,5985,0,0.0,29.25,0.0,477.8,0.0,0
ARDG_AQUA bream 150gr 21 sm  281025 1132002.csv,7160,0,0.0,22.64,0.0,145.7,0.0,0
ARDG_AQUA bream150gr21cm  281025 1548002.csv,4899,0,0.0,23.0,0.0,151.5,0.0,0
ARDG_AQUA bream500gr 30cm  281025 1500002.csv,11421,0,0.0,24.05,0.0,134.0,0.0,0
ARDG_AQUA bream150gr21cm  281025 1548002.csv,6430,0,0.0,23.08,0.0,116.3,0.0,0
ARDG_AQUA bream620 gr31cm  281025 1618003.csv,3214,0,0.0,21.8,0.0,206.1,0.0,0
ARDG_AQUA bream620 gr31cm  281025 1618004.csv,2532,0,0.0,24.26,0.0,187.7,0.0,0
ARDG_AQUA bream 580gr 30 sm  281025 1254003.csv,6631,0,0.0,28.83,0.0,547.6,0.272,0
ARDG_AQUA bream 580gr 30 sm  281025 1254002.csv,9325,0,0.0,29.45,0.0,514.0,0.7662,1
ARDG_AQUA bream 310gr 23 sm  281025 1233002.csv,3028,1,23.0,23.16,310.0,296.0,0.9563,1
ARDG_AQUA bream150gr21cm  281025 1548002.csv,5323,0,0.0,22.86,0.0,154.5,0.0,0
ARDG_AQUA bream556gr 30cm  281025 1500002.csv,6846,0,0.0,29.95,0.0,523.1,0.8424,1
ARDG_AQUA bream 680gr 33 sm  281025 1208003.csv,9210,0,0.0,22.14,0.0,165.6,0.0,0
ARDG_AQUA bream 580gr 30 sm  281025 1254003.csv,5530,1,30.0,30.52,580.0,560.8,0.9672,1
ARDG_AQUA bream 150gr 21 sm  281025 1132004.csv,5981,0,0.0,22.34,0.0,147.6,0.0,0
ARDG_AQUA bream 150gr 21 sm  281025 1132002.csv,7171,0,0.0,22.59,0.0,150.6,0.0,0
ARDG_AQUA bream556gr 30cm  281025 1500002.csv,7696,0,0.0,30.85,0.0,554.2,0.9681,1
ARDG_AQUA bream 580gr 30 sm  281025 1254003.csv,7685,1,30.0,30.84,580.0,576.2,0.9748,1
ARDG_AQUA bream500gr 30cm  281025 1500002.csv,7947,0,0.0,21.28,0.0,159.2,0.0,0
ARDG_AQUA bream 310gr 23 sm  281025 1233002.csv,1600,1,23.0,22.33,310.0,299.1,0.962,1
ARDG_AQUA bream 580gr 30 sm  281025 1254003.csv,5431,0,0.0,28.56,0.0,528.8,0.9032,1
ARDG_AQUA bream 280gr 24cm  281025 1425002.csv,4638,0,0.0,25.73,0.0,358.0,0.0,0
ARDG_AQUA bream150gr21cm  281025 1548002.csv,4922,0,0.0,22.76,0.0,245.3,0.5202,1
ARDG_AQUA bream 580gr 30 sm  281025 1254003.csv,2322,0,0.0,29.78,0.0,509.6,0.0057,0
ARDG_AQUA bream620 gr31cm  281025 1618003.csv,8495,1,31.0,31.31,620.0,621.1,0.9678,1
ARDG_AQUA bream 630gr 31cm  281025 1400002.csv,3161,0,0.0,24.3,0.0,170.2,0.0,0
ARDG_AQUA bream350 gr27cm  281025 1548002.csv,4042,0,0.0,23.77,0.0,270.2,0.0,0
ARDG_AQUA bream500gr 30cm  281025 1500002.csv,4379,0,0.0,25.18,0.0,238.6,0.0,0
ARDG_AQUA bream620 gr31cm  281025 1618003.csv,2142,0,0.0,23.11,0.0,278.7,0.0,0
ARDG_AQUA bream500gr 30cm  281025 1500002.csv,2663,0,0.0,22.7,0.0,151.8,0.0,0
ARDG_AQUA bream500gr 30cm  281025 1500002.csv,8692,0,0.0,21.48,0.0,147.6,0.0,0
ARDG_AQUA bream556gr 30cm  281025 1500002.csv,8509,0,0.0,25.05,0.0,308.8,0.0,0
ARDG_AQUA bream 800gr 36cm  281025 1453002.csv,3233,0,0.0,27.03,0.0,369.3,0.0008,0
ARDG_AQUA bream 150gr 21 sm  281025 1132004.csv,3890,0,0.0,22.89,0.0,153.6,0.0,0
ARDG_AQUA bream 150gr 21 sm  281025 1132004.csv,8097,0,0.0,22.68,0.0,119.4,0.0,0
ARDG_AQUA bream556gr 30cm  281025 1500002.csv,11719,0,0.0,28.29,0.0,517.5,0.0997,0
ARDG_AQUA bream556gr 30cm  281025 1500002.csv,8630,0,0.0,29.31,0.0,528.8,0.9795,1
ARDG_AQUA bream350 gr27cm  281025 1548002.csv,1008,1,27.0,26.61,350.0,345.1,0.946,1
ARDG_AQUA bream 390gr 26cm  281025 1325005.csv,3401,0,0.0,20.93,0.0,135.6,0.0,0
ARDG_AQUA bream500gr 30cm  281025 1500002.csv,5440,0,0.0,22.51,0.0,124.5,0.0,0
ARDG_AQUA bream 150gr 21 sm  281025 1132004.csv,4998,0,0.0,21.19,0.0,146.1,0.032,0
ARDG_AQUA bream630gr 32cm  281025 1500002.csv,4655,0,0.0,22.01,0.0,185.1,1e-04,0
ARDG_AQUA bream 580gr 30 sm  281025 1254003.csv,5119,0,0.0,27.63,0.0,475.2,1e-04,0
ARDG_AQUA bream 630gr 31cm  281025 1400002.csv,2698,0,0.0,22.8,0.0,130.3,0.0,0
ARDG_AQUA bream500gr 30cm  281025 1500002.csv,4159,0,0.0,22.82,0.0,161.3,0.0,0
ARDG_AQUA bream556gr 30cm  281025 1500002.csv,10874,0,0.0,29.41,0.0,524.9,0.8826,1
ARDG_AQUA bream 680gr 33 sm  281025 1208003.csv,7703,1,33.0,32.44,680.0,684.6,0.9881,1
ARDG_AQUA bream 280gr 24cm  281025 1425002.csv,4739,0,0.0,24.82,0.0,330.5,0.0574,0
ARDG_AQUA bream 150gr 21 sm  281025 1132002.csv,708,0,0.0,22.59,0.0,149.8,0.0,0
ARDG_AQUA bream 630gr 31cm  281025 1400002.csv,2934,0,0.0,22.13,0.0,206.7,0.0,0
ARDG_AQUA bream 150gr 21 sm  281025 1132004.csv,8738,0,0.0,22.34,0.0,148.7,0.0,0
ARDG_AQUA bream556gr 30cm  281025 1500002.csv,6280,0,0.0,25.61,0.0,357.2,0.0,0
ARDG_AQUA bream556gr 30cm  281025 1500002.csv,9014,0,0.0,23.73,0.0,243.1,0.0,0
ARDG_AQUA bream150gr21cm  281025 1548002.csv,5204,0,0.0,22.88,0.0,136.3,0.0,0
ARDG_AQUA bream 280gr 24cm  281025 1425002.csv,4225,0,0.0,24.39,0.0,241.4,0.0,0
ARDG_AQUA bream556gr 30cm  281025 1500002.csv,7736,0,0.0,24.5,0.0,318.4,0.0,0
ARDG_AQUA bream350 gr27cm  281025 1548002.csv,4934,0,0.0,21.79,0.0,187.0,0.0004,0
ARDG_AQUA bream150gr21cm  281025 1548002.csv,2621,0,0.0,23.42,0.0,229.3,0.0,0
ARDG_AQUA bream 310gr 23 sm  281025 1233002.csv,8579,1,23.0,22.94,310.0,298.1,0.7527,1
ARDG_AQUA bream150gr21cm  281025 1548002.csv,157,0,0.0,20.74,0.0,103.4,0.0,0
ARDG_AQUA bream150gr21cm  281025 1548002.csv,4395,0,0.0,22.3,0.0,191.3,0.0,0
ARDG_AQUA bream556gr 30cm  281025 1500003.csv,1391,0,0.0,22.89,0.0,91.9,0.0,0
ARDG_AQUA bream 310gr 23 sm  281025 1233002.csv,9993,0,0.0,22.14,0.0,155.0,0.0,0
ARDG_AQUA bream 390gr 26cm  281025 1325003.csv,9624,1,26.0,27.16,390.0,404.0,0.9196,1
ARDG_AQUA bream 150gr 21 sm  281025 1132004.csv,3594,0,0.0,22.7,0.0,150.9,0.0,0
ARDG_AQUA bream 800gr 36cm  281025 1453002.csv,4688,0,0.0,23.49,0.0,175.4,0.0,0
ARDG_AQUA bream 150gr 21 sm  281025 1132004.csv,8729,0,0.0,22.79,0.0,146.1,0.0,0
ARDG_AQUA bream620 gr31cm  281025 1618003.csv,11372,1,31.0,30.93,620.0,603.7,0.9561,1
ARDG_AQUA bream620 gr31cm  281025 1618003.csv,6338,1,31.0,30.58,620.0,599.6,0.8703,1
ARDG_AQUA bream630gr 32cm  281025 1500002.csv,3714,0,0.0,25.37,0.0,288.8,0.0,0
ARDG_AQUA bream556gr 30cm  281025 1500002.csv,8158,0,0.0,27.01,0.0,419.6,0.4062,0
ARDG_AQUA bream 390gr 26cm  281025 1325005.csv,3219,1,26.0,26.48,390.0,382.6,0.9764,1
ARDG_AQUA bream 580gr 30 sm  281025 1254003.csv,10804,0,0.0,21.95,0.0,207.8,0.0,0
ARDG_AQUA bream 340gr 27cm  281025 1415002.csv,606,0,0.0,26.33,0.0,309.6,0.0136,0
ARDG_AQUA bream 280gr 24cm  281025 1425002.csv,3967,0,0.0,22.24,0.0,208.8,0.0,0
ARDG_AQUA bream 150gr 21 sm  281025 1132004.csv,7083,0,0.0,22.3,0.0,172.2,0.0068,0
ARDG_AQUA bream 150gr 21 sm  281025 1132002.csv,11805,0,0.0,22.6,0.0,132.7,0.0,0
ARDG_AQUA bream 390gr 26cm  281025 1325005.csv,5872,0,0.0,20.61,0.0,222.8,0.0,0
ARDG_AQUA bream 150gr 21 sm  281025 1132004.csv,8287,0,0.0,23.13,0.0,154.0,0.0,0
ARDG_AQUA bream 390gr 26cm  281025 1325003.csv,11924,0,0.0,22.29,0.0,227.1,0.0,0
ARDG_AQUA bream556gr 30cm  281025 1500002.csv,10082,1,30.0,30.64,556.0,563.9,0.9822,1
ARDG_AQUA bream 150gr 21 sm  281025 1132004.csv,5717,0,0.0,22.7,0.0,153.1,0.0,0
ARDG_AQUA bream 580gr 30 sm  281025 1254002.csv,7220,0,0.0,23.1,0.0,145.4,0.0,0
ARDG_AQUA bream556gr 30cm  281025 1500002.csv,5733,0,0.0,23.03,0.0,200.6,0.0,0
ARDG_AQUA bream556gr 30cm  281025 1500002.csv,8296,0,0.0,25.68,0.0,367.0,0.0,0
ARDG_AQUA bream620 gr31cm  281025 1618003.csv,4393,0,0.0,24.97,0.0,281.0,0.0,0
ARDG_AQUA bream 390gr 26cm  281025 1325005.csv,8016,1,26.0,26.24,390.0,395.5,0.9484,1
ARDG_AQUA bream350 gr27cm  281025 1548002.csv,4913,0,0.0,22.35,0.0,200.9,0.0,0
ARDG_AQUA bream 580gr 30 sm  281025 1254002.csv,4389,0,0.0,21.73,0.0,216.3,0.0,0
ARDG_AQUA bream500gr 30cm  281025 1500002.csv,6989,0,0.0,25.21,0.0,239.2,0.0,0
ARDG_AQUA bream150gr21cm  281025 1548002.csv,7134,0,0.0,21.74,0.0,125.0,0.0,0
ARDG_AQUA bream 310gr 23 sm  281025 1233002.csv,9009,1,23.0,24.23,310.0,322.5,0.9709,1
ARDG_AQUA bream 580gr 30 sm  281025 1254003.csv,4078,0,0.0,31.43,0.0,580.0,0.8285,1
ARDG_AQUA bream 680gr 33 sm  281025 1208003.csv,5664,0,0.0,21.26,0.0,159.9,0.0062,0
ARDG_AQUA bream 150gr 21 sm  281025 1132004.csv,11685,0,0.0,23.0,0.0,151.9,0.0,0
ARDG_AQUA bream620 gr31cm  281025 1618003.csv,3194,0,0.0,21.21,0.0,161.6,0.0,0
ARDG_AQUA bream556gr 30cm  281025 1500002.csv,7866,0,0.0,29.35,0.0,509.8,0.0967,0
ARDG_AQUA bream 280gr 24cm  281025 1425002.csv,1985,0,0.0,20.94,0.0,76.1,0.0,0
ARDG_AQUA bream 390gr 26cm  281025 1325003.csv,11750,0,0.0,21.05,0.0,124.7,0.0003,0
ARDG_AQUA bream 390gr 26cm  281025 1325005.csv,3633,1,26.0,26.73,390.0,390.1,0.9727,1
ARDG_AQUA bream620 gr31cm  281025 1618003.csv,9438,1,31.0,30.85,620.0,630.4,0.9806,1
ARDG_AQUA bream500gr 30cm  281025 1500002.csv,6405,0,0.0,22.42,0.0,194.4,0.0,0
ARDG_AQUA bream 390gr 26cm  281025 1325003.csv,8993,1,26.0,27.21,390.0,392.8,0.965,1
ARDG_AQUA bream556gr 30cm  281025 1500003.csv,1222,0,0.0,21.43,0.0,87.4,0.0,0
ARDG_AQUA bream350 gr27cm  281025 1548002.csv,5089,0,0.0,23.09,0.0,155.9,0.0,0
ARDG_AQUA bream 390gr 26cm  281025 1325005.csv,2281,1,26.0,27.39,390.0,392.7,0.9606,1
ARDG_AQUA bream 630gr 31cm  281025 1400002.csv,3164,0,0.0,25.36,0.0,209.0,0.0,0
ARDG_AQUA bream 390gr 26cm  281025 1325003.csv,2692,0,0.0,20.85,0.0,154.0,0.0,0
ARDG_AQUA bream500gr 30cm  281025 1500002.csv,5439,0,0.0,23.24,0.0,130.9,0.0,0
ARDG_AQUA bream 340gr 27cm  281025 1415002.csv,62,1,27.0,27.35,340.0,331.5,0.9726,1
ARDG_AQUA bream556gr 30cm  281025 1500002.csv,7078,0,0.0,30.55,0.0,531.7,0.9765,1
ARDG_AQUA bream 310gr 23 sm  281025 1233002.csv,1732,0,0.0,21.96,0.0,137.9,0.0,0
ARDG_AQUA bream 580gr 30 sm  281025 1254002.csv,5792,1,30.0,29.22,580.0,565.0,0.9722,1
ARDG_AQUA bream500gr 30cm  281025 1500003.csv,1208,0,0.0,26.49,0.0,221.3,0.0,0
ARDG_AQUA bream556gr 30cm  281025 1500002.csv,7919,0,0.0,29.18,0.0,528.3,0.2965,0
ARDG_AQUA bream 280gr 24cm  281025 1425002.csv,48,0,0.0,26.04,0.0,290.0,0.0,0
ARDG_AQUA bream 150gr 21 sm  281025 1132004.csv,2900,0,0.0,23.26,0.0,141.5,0.0,0
ARDG_AQUA bream 150gr 21 sm  281025 1132002.csv,10210,0,0.0,22.5,0.0,132.9,0.0,0
ARDG_AQUA bream 390gr 26cm  281025 1325005.csv,5847,0,0.0,22.45,0.0,160.2,0.0,0
ARDG_AQUA bream 150gr 21 sm  281025 1132002.csv,11436,1,21.0,22.34,150.0,195.4,0.9395,1
ARDG_AQUA bream 390gr 26cm  281025 1325005.csv,10811,0,0.0,21.08,0.0,191.9,0.0,0
ARDG_AQUA bream 150gr 21 sm  281025 1132002.csv,2177,0,0.0,22.89,0.0,151.3,0.0,0
ARDG_AQUA bream 340gr 27cm  281025 1415002.csv,2066,0,0.0,24.23,0.0,266.7,0.0,0
ARDG_AQUA bream500gr 30cm  281025 1500003.csv,3772,1,30.0,30.48,500.0,511.0,0.9622,1
ARDG_AQUA bream620 gr31cm  281025 1618004.csv,1187,1,31.0,31.48,620.0,614.1,0.9523,1
ARDG_AQUA bream556gr 30cm  281025 1500002.csv,10849,0,0.0,24.72,0.0,230.1,0.0,0
ARDG_AQUA bream 150gr 21 sm  281025 1132002.csv,1488,0,0.0,23.0,0.0,151.5,0.0,0
ARDG_AQUA bream 680gr 33 sm  281025 1208003.csv,5594,0,0.0,21.6,0.0,139.8,1e-04,0
ARDG_AQUA bream 580gr 30 sm  281025 1254002.csv,11557,0,0.0,21.92,0.0,138.3,0.0,0
ARDG_AQUA bream 310gr 23 sm  281025 1233002.csv,1735,0,0.0,21.88,0.0,157.6,0.0,0
ARDG_AQUA bream350 gr27cm  281025 1548002.csv,5145,0,0.0,23.08,0.0,166.2,0.0,0
ARDG_AQUA bream 310gr 23 sm  281025 1233002.csv,9624,1,23.0,23.25,310.0,295.6,0.9495,1
ARDG_AQUA bream 310gr 23 sm  281025 1233002.csv,4727,1,23.0,22.92,310.0,305.4,0.9656,1
ARDG_AQUA bream 580gr 30 sm  281025 1254002.csv,9953,0,0.0,21.01,0.0,202.4,0.0,0
ARDG_AQUA bream 580gr 30 sm  281025 1254002.csv,1181,0,0.0,21.2,0.0,264.5,0.0,0
ARDG_AQUA bream 150gr 21 sm  281025 1132004.csv,7699,0,0.0,22.03,0.0,150.1,1e-04,0
ARDG_AQUA bream 680gr 33 sm  281025 1208003.csv,7426,1,33.0,32.12,680.0,656.1,0.9777,1
ARDG_AQUA bream556gr 30cm  281025 1500002.csv,10867,0,0.0,27.44,0.0,420.6,1e-04,0
ARDG_AQUA bream150gr21cm  281025 1548002.csv,1422,0,0.0,23.67,0.0,267.0,0.0,0
ARDG_AQUA bream 390gr 26cm  281025 1325005.csv,762,1,26.0,25.79,390.0,407.5,0.9688,1
ARDG_AQUA bream 150gr 21 sm  281025 1132002.csv,7368,0,0.0,22.78,0.0,133.6,0.0,0
ARDG_AQUA bream350 gr27cm  281025 1548002.csv,2937,1,27.0,26.61,350.0,371.6,0.9667,1
ARDG_AQUA bream500gr 30cm  281025 1500002.csv,11223,0,0.0,23.41,0.0,208.7,0.0,0
ARDG_AQUA bream 800gr 36cm  281025 1453002.csv,3357,1,36.0,35.84,800.0,788.5,0.987,1
ARDG_AQUA bream620 gr31cm  281025 1618003.csv,10287,0,0.0,21.96,0.0,171.2,0.0,0
ARDG_AQUA bream 310gr 23 sm  281025 1233002.csv,6002,1,23.0,23.85,310.0,307.6,0.9722,1
ARDG_AQUA bream500gr 30cm  281025 1500002.csv,6196,0,0.0,23.36,0.0,163.2,0.0,0
ARDG_AQUA bream 280gr 24cm  281025 1425002.csv,1268,0,0.0,27.07,0.0,356.4,0.0652,0
ARDG_AQUA bream556gr 30cm  281025 1500002.csv,11055,0,0.0,28.81,0.0,551.3,0.1292,0
ARDG_AQUA bream500gr 30cm  281025 1500002.csv,5956,0,0.0,23.89,0.0,242.5,0.0,0
ARDG_AQUA bream 150gr 21 sm  281025 1132004.csv,9833,0,0.0,22.49,0.0,172.2,0.0,0
ARDG_AQUA bream150gr21cm  281025 1548002.csv,6176,0,0.0,21.99,0.0,215.8,0.0,0
ARDG_AQUA bream 280gr 24cm  281025 1425002.csv,1366,0,0.0,24.69,0.0,321.2,0.4734,0
ARDG_AQUA bream 390gr 26cm  281025 1325005.csv,10709,0,0.0,28.17,0.0,530.0,0.342,0
ARDG_AQUA bream 580gr 30 sm  281025 1254002.csv,10812,0,0.0,20.08,0.0,199.0,0.0,0
ARDG_AQUA bream 580gr 30 sm  281025 1254003.csv,7605,0,0.0,26.87,0.0,397.9,0.0,0
ARDG_AQUA bream 390gr 26cm  281025 1325003.csv,8452,1,26.0,26.51,390.0,390.4,0.9736,1
ARDG_AQUA bream150gr21cm  281025 1548002.csv,5287,0,0.0,23.07,0.0,150.4,0.0,0
ARDG_AQUA bream150gr21cm  281025 1548002.csv,168,0,0.0,20.21,0.0,96.9,1e-04,0
ARDG_AQUA bream556gr 30cm  281025 1500002.csv,1927,0,0.0,28.9,0.0,473.2,0.9216,1
ARDG_AQUA bream 310gr 23 sm  281025 1233002.csv,6058,1,23.0,22.4,310.0,305.4,0.963,1
ARDG_AQUA bream 800gr 36cm  281025 1453002.csv,2309,0,0.0,35.35,0.0,775.6,0.9502,1
ARDG_AQUA bream620 gr31cm  281025 1618003.csv,4772,1,31.0,31.24,620.0,627.9,0.9553,1
ARDG_AQUA bream 150gr 21 sm  281025 1132004.csv,11022,0,0.0,21.11,0.0,144.2,0.6101,1
ARDG_AQUA bream150gr21cm  281025 1548002.csv,4426,0,0.0,23.52,0.0,222.4,0.0004,0
ARDG_AQUA bream 310gr 23 sm  281025 1233002.csv,2818,1,23.0,22.13,310.0,299.7,0.9482,1
ARDG_AQUA bream 150gr 21 sm  281025 1132002.csv,1384,0,0.0,23.07,0.0,148.7,0.0,0
ARDG_AQUA bream350 gr27cm  281025 1548002.csv,3996,0,0.0,23.95,0.0,103.5,0.0,0
ARDG_AQUA bream150gr21cm  281025 1548002.csv,4109,0,0.0,22.19,0.0,197.7,0.0,0
ARDG_AQUA bream150gr21cm  281025 1548002.csv,1842,0,0.0,24.73,0.0,259.3,0.0142,0
ARDG_AQUA bream 630gr 31cm  281025 1400002.csv,2390,0,0.0,22.75,0.0,145.0,0.0,0
ARDG_AQUA bream150gr21cm  281025 1548002.csv,547,0,0.0,23.33,0.0,136.2,0.0,0
ARDG_AQUA bream150gr21cm  281025 1548002.csv,8712,0,0.0,22.64,0.0,125.1,0.0,0
ARDG_AQUA bream150gr21cm  281025 1548002.csv,931,0,0.0,23.62,0.0,191.3,0.0,0
ARDG_AQUA bream 800gr 36cm  281025 1453002.csv,4872,0,0.0,22.62,0.0,208.4,0.0,0
ARDG_AQUA bream150gr21cm  281025 1548002.csv,7282,1,21.0,20.62,150.0,150.5,0.9498,1
ARDG_AQUA bream150gr21cm  281025 1548002.csv,4663,0,0.0,27.8,0.0,504.2,0.0024,0
ARDG_AQUA bream 630gr 31cm  281025 1400002.csv,2946,0,0.0,22.49,0.0,242.2,0.0,0
ARDG_AQUA bream 390gr 26cm  281025 1325005.csv,10788,0,0.0,23.01,0.0,292.8,0.0,0
ARDG_AQUA bream620 gr31cm  281025 1618004.csv,1094,1,31.0,31.08,620.0,610.0,0.9537,1
ARDG_AQUA bream 310gr 23 sm  281025 1233002.csv,10922,0,0.0,21.41,0.0,150.6,0.0,0
ARDG_AQUA bream150gr21cm  281025 1548002.csv,4359,0,0.0,23.17,0.0,134.9,0.0,0
ARDG_AQUA bream 150gr 21 sm  281025 1132004.csv,7713,0,0.0,22.59,0.0,144.1,0.0,0
ARDG_AQUA bream630gr 32cm  281025 1500002.csv,4638,0,0.0,23.79,0.0,233.4,0.0004,0
ARDG_AQUA bream556gr 30cm  281025 1500002.csv,6043,0,0.0,30.74,0.0,576.0,0.9761,1
ARDG_AQUA bream 280gr 24cm  281025 1425002.csv,1359,0,0.0,24.02,0.0,252.5,0.686,1
ARDG_AQUA bream 580gr 30 sm  281025 1254003.csv,4981,1,30.0,29.27,580.0,473.9,0.9764,1
ARDG_AQUA bream620 gr31cm  281025 1618004.csv,230,0,0.0,22.39,0.0,97.3,0.0,0
ARDG_AQUA bream 630gr 31cm  281025 1400002.csv,1822,0,0.0,22.93,0.0,131.8,0.0,0
ARDG_AQUA bream556gr 30cm  281025 1500002.csv,9329,0,0.0,28.38,0.0,480.0,0.0004,0
ARDG_AQUA bream 150gr 21 sm  281025 1132004.csv,4316,0,0.0,21.85,0.0,136.2,0.0022,0
ARDG_AQUA bream 280gr 24cm  281025 1425002.csv,5505,0,0.0,24.72,0.0,147.5,0.0,0
ARDG_AQUA bream 150gr 21 sm  281025 1132004.csv,2399,0,0.0,22.29,0.0,169.7,0.0,0
ARDG_AQUA bream 390gr 26cm  281025 1325003.csv,8184,1,26.0,26.56,390.0,373.1,0.9702,1
ARDG_AQUA bream 580gr 30 sm  281025 1254003.csv,4053,0,0.0,23.25,0.0,355.5,0.0,0
ARDG_AQUA bream556gr 30cm  281025 1500002.csv,7921,0,0.0,29.44,0.0,510.9,0.431,0
ARDG_AQUA bream 580gr 30 sm  281025 1254003.csv,6006,0,0.0,29.31,0.0,540.8,0.0306,0
ARDG_AQUA bream 630gr 31cm  281025 1400002.csv,6137,1,31.0,31.21,630.0,618.5,0.9865,1
ARDG_AQUA bream500gr 30cm  281025 1500002.csv,4396,0,0.0,27.15,0.0,331.7,0.0,0
ARDG_AQUA bream 150gr 21 sm  281025 1132004.csv,2205,0,0.0,23.15,0.0,155.2,0.0,0
ARDG_AQUA bream500gr 30cm  281025 1500003.csv,1697,1,30.0,29.38,500.0,497.2,0.9726,1
ARDG_AQUA bream 580gr 30 sm  281025 1254003.csv,1951,0,0.0,27.48,0.0,441.1,0.8522,1
ARDG_AQUA bream150gr21cm  281025 1548002.csv,394,1,21.0,21.41,150.0,147.9,0.9352,1
ARDG_AQUA bream500gr 30cm  281025 1500002.csv,8702,0,0.0,20.5,0.0,134.1,0.0,0
ARDG_AQUA bream 680gr 33 sm  281025 1208003.csv,89,1,33.0,34.15,680.0,794.5,0.9908,1
ARDG_AQUA bream556gr 30cm  281025 1500002.csv,11825,0,0.0,29.84,0.0,585.9,0.0251,0
ARDG_AQUA bream 680gr 33 sm  281025 1208003.csv,10382,0,0.0,21.52,0.0,134.7,1e-04,0
ARDG_AQUA bream 800gr 36cm  281025 1453002.csv,897,0,0.0,34.28,0.0,722.5,0.9475,1
ARDG_AQUA bream620 gr31cm  281025 1618004.csv,2724,0,0.0,23.68,0.0,193.4,0.0,0
ARDG_AQUA bream 150gr 21 sm  281025 1132004.csv,619,0,0.0,21.11,0.0,121.2,0.0007,0
ARDG_AQUA bream 680gr 33 sm  281025 1208003.csv,5089,1,33.0,32.78,680.0,622.6,0.9887,1
ARDG_AQUA bream500gr 30cm  281025 1500002.csv,1230,0,0.0,23.53,0.0,220.9,0.0,0
ARDG_AQUA bream556gr 30cm  281025 1500002.csv,4360,0,0.0,30.13,0.0,580.3,0.9409,1
ARDG_AQUA bream 150gr 21 sm  281025 1132004.csv,10183,0,0.0,22.19,0.0,150.5,0.0,0
ARDG_AQUA bream 680gr 33 sm  281025 1208003.csv,2312,0,0.0,22.12,0.0,172.8,0.0,0
ARDG_AQUA bream 390gr 26cm  281025 1325005.csv,10373,0,0.0,22.21,0.0,152.0,0.0,0
ARDG_AQUA bream500gr 30cm  281025 1500002.csv,3385,0,0.0,20.77,0.0,197.7,0.0,0
ARDG_AQUA bream500gr 30cm  281025 1500002.csv,5755,0,0.0,25.33,0.0,202.2,0.0,0
ARDG_AQUA bream620 gr31cm  281025 1618003.csv,4361,0,0.0,28.02,0.0,328.7,0.0,0
ARDG_AQUA bream 280gr 24cm  281025 1425002.csv,1321,0,0.0,23.26,0.0,281.8,0.936,1
ARDG_AQUA bream 150gr 21 sm  281025 1132004.csv,7445,0,0.0,22.78,0.0,174.9,0.0,0
ARDG_AQUA bream556gr 30cm  281025 1500002.csv,2168,0,0.0,26.32,0.0,358.1,0.0,0
ARDG_AQUA bream556gr 30cm  281025 1500002.csv,11193,0,0.0,25.08,0.0,250.4,0.0,0
ARDG_AQUA bream556gr 30cm  281025 1500002.csv,9304,0,0.0,27.75,0.0,415.3,0.0,0
ARDG_AQUA bream500gr 30cm  281025 1500002.csv,4387,0,0.0,26.24,0.0,208.6,0.0,0
ARDG_AQUA bream350 gr27cm  281025 1548002.csv,5133,0,0.0,23.65,0.0,156.5,0.0,0
ARDG_AQUA bream 630gr 31cm  281025 1400002.csv,1782,0,0.0,20.98,0.0,156.3,0.0,0
ARDG_AQUA bream 150gr 21 sm  281025 1132004.csv,2347,0,0.0,23.09,0.0,161.8,0.0,0
ARDG_AQUA bream 580gr 30 sm  281025 1254003.csv,4483,0,0.0,21.29,0.0,256.9,0.0,0
ARDG_AQUA bream 150gr 21 sm  281025 1132004.csv,1704,0,0.0,23.11,0.0,148.3,0.0,0
ARDG_AQUA bream 150gr 21 sm  281025 1132004.csv,2858,0,0.0,22.42,0.0,147.0,0.0,0
ARDG_AQUA bream150gr21cm  281025 1548002.csv,918,0,0.0,24.15,0.0,249.4,0.0,0
ARDG_AQUA bream 580gr 30 sm  281025 1254003.csv,10934,0,0.0,20.52,0.0,140.9,0.0,0
ARDG_AQUA bream 310gr 23 sm  281025 1233002.csv,4169,1,23.0,23.11,310.0,292.7,0.9654,1
ARDG_AQUA bream 800gr 36cm  281025 1453002.csv,2743,0,0.0,26.08,0.0,198.5,0.0,0
ARDG_AQUA bream 150gr 21 sm  281025 1132002.csv,11553,0,0.0,22.61,0.0,120.9,0.0,0
ARDG_AQUA bream500gr 30cm  281025 1500002.csv,536,1,30.0,29.85,500.0,524.2,0.9659,1
ARDG_AQUA bream150gr21cm  281025 1548002.csv,4468,0,0.0,25.83,0.0,197.0,0.0,0
ARDG_AQUA bream 630gr 31cm  281025 1400002.csv,11795,0,0.0,21.76,0.0,158.2,0.0,0
ARDG_AQUA bream 580gr 30 sm  281025 1254002.csv,2376,1,30.0,29.72,580.0,557.8,0.9771,1
ARDG_AQUA bream556gr 30cm  281025 1500002.csv,6627,0,0.0,29.68,0.0,518.0,0.9175,1
ARDG_AQUA bream 310gr 23 sm  281025 1233003.csv,819,0,0.0,20.55,0.0,143.9,0.0002,0
ARDG_AQUA bream 580gr 30 sm  281025 1254003.csv,2537,0,0.0,22.27,0.0,258.7,0.0,0
ARDG_AQUA bream500gr 30cm  281025 1500002.csv,4667,0,0.0,23.16,0.0,165.3,0.0,0
ARDG_AQUA bream150gr21cm  281025 1548002.csv,5169,0,0.0,21.72,0.0,190.1,0.1362,0
ARDG_AQUA bream150gr21cm  281025 1548002.csv,4205,0,0.0,23.53,0.0,186.7,0.0,0
ARDG_AQUA bream500gr 30cm  281025 1500002.csv,2616,0,0.0,23.61,0.0,174.3,0.0,0
ARDG_AQUA bream630gr 32cm  281025 1500002.csv,4438,1,32.0,32.22,630.0,620.1,0.9632,1
ARDG_AQUA bream556gr 30cm  281025 1500002.csv,10830,0,0.0,24.47,0.0,285.5,0.0214,0
ARDG_AQUA bream620 gr31cm  281025 1618003.csv,7716,1,31.0,30.42,620.0,618.0,0.955,1
ARDG_AQUA bream 580gr 30 sm  281025 1254003.csv,731,0,0.0,23.1,0.0,224.9,0.0,0
ARDG_AQUA bream 580gr 30 sm  281025 1254003.csv,7600,0,0.0,24.08,0.0,286.5,0.0,0
ARDG_AQUA bream556gr 30cm  281025 1500002.csv,8098,0,0.0,24.75,0.0,286.2,0.0,0
ARDG_AQUA bream 150gr 21 sm  281025 1132002.csv,3615,0,0.0,20.98,0.0,132.2,0.0,0
ARDG_AQUA bream 800gr 36cm  281025 1453002.csv,4992,0,0.0,24.86,0.0,310.8,0.0,0
ARDG_AQUA bream 580gr 30 sm  281025 1254003.csv,5087,0,0.0,22.53,0.0,223.7,0.0,0
ARDG_AQUA bream556gr 30cm  281025 1500002.csv,5259,0,0.0,31.43,0.0,556.3,0.8586,1
ARDG_AQUA bream 800gr 36cm  281025 1453002.csv,4690,0,0.0,23.25,0.0,149.2,0.0,0
ARDG_AQUA bream556gr 30cm  281025 1500002.csv,8595,0,0.0,25.59,0.0,182.5,0.0,0
ARDG_AQUA bream 280gr 24cm  281025 1425002.csv,1267,0,0.0,27.21,0.0,351.3,0.0681,0
ARDG_AQUA bream500gr 30cm  281025 1500003.csv,2246,1,30.0,28.85,500.0,522.3,0.0718,0
ARDG_AQUA bream 280gr 24cm  281025 1425002.csv,43,0,0.0,23.94,0.0,236.1,0.0,0
ARDG_AQUA bream 390gr 26cm  281025 1325005.csv,941,1,26.0,26.35,390.0,383.2,0.9582,1
ARDG_AQUA bream556gr 30cm  281025 1500002.csv,1633,1,30.0,31.42,556.0,586.9,0.9587,1
ARDG_AQUA bream500gr 30cm  281025 1500002.csv,6790,0,0.0,22.49,0.0,205.3,0.0,0
ARDG_AQUA bream150gr21cm  281025 1548002.csv,316,0,0.0,21.96,0.0,190.7,0.0,0
ARDG_AQUA bream556gr 30cm  281025 1500002.csv,10560,0,0.0,31.15,0.0,532.6,0.1265,0
ARDG_AQUA bream 310gr 23 sm  281025 1233002.csv,5398,0,0.0,21.86,0.0,179.8,0.0,0
ARDG_AQUA bream 800gr 36cm  281025 1453002.csv,226,0,0.0,27.46,0.0,465.9,0.0005,0
ARDG_AQUA bream556gr 30cm  281025 1500002.csv,7028,0,0.0,24.54,0.0,241.2,0.0,0
ARDG_AQUA bream 580gr 30 sm  281025 1254003.csv,8439,0,0.0,27.05,0.0,423.2,0.0007,0
ARDG_AQUA bream150gr21cm  281025 1548002.csv,3303,0,0.0,25.08,0.0,203.5,0.0,0
ARDG_AQUA bream500gr 30cm  281025 1500003.csv,3341,0,0.0,23.65,0.0,237.9,0.0,0
ARDG_AQUA bream 580gr 30 sm  281025 1254002.csv,11693,0,0.0,20.85,0.0,222.1,0.0,0
ARDG_AQUA bream 390gr 26cm  281025 1325005.csv,6677,1,26.0,26.26,390.0,374.4,0.9459,1
ARDG_AQUA bream500gr 30cm  281025 1500002.csv,11478,0,0.0,22.55,0.0,184.9,0.0,0
ARDG_AQUA bream620 gr31cm  281025 1618003.csv,1614,0,0.0,22.61,0.0,248.3,0.0002,0
ARDG_AQUA bream 150gr 21 sm  281025 1132004.csv,10892,0,0.0,22.43,0.0,162.8,0.0,0
ARDG_AQUA bream556gr 30cm  281025 1500002.csv,6625,0,0.0,30.16,0.0,520.2,0.9454,1
ARDG_AQUA bream556gr 30cm  281025 1500002.csv,1470,0,0.0,23.74,0.0,207.5,0.0,0
ARDG_AQUA bream350 gr27cm  281025 1548002.csv,4055,0,0.0,24.26,0.0,196.8,0.0,0
ARDG_AQUA bream350 gr27cm  281025 1548002.csv,1903,0,0.0,23.7,0.0,227.8,0.0,0
ARDG_AQUA bream 150gr 21 sm  281025 1132004.csv,2203,0,0.0,23.03,0.0,157.4,0.0,0
ARDG_AQUA bream 580gr 30 sm  281025 1254002.csv,9329,0,0.0,29.04,0.0,464.7,0.1969,0
ARDG_AQUA bream 310gr 23 sm  281025 1233002.csv,8188,0,0.0,21.7,0.0,214.1,0.0,0
ARDG_AQUA bream 150gr 21 sm  281025 1132002.csv,6395,1,21.0,20.86,150.0,148.2,0.7678,1
ARDG_AQUA bream 150gr 21 sm  281025 1132004.csv,730,0,0.0,22.16,0.0,132.4,0.0,0
ARDG_AQUA bream350 gr27cm  281025 1548002.csv,4360,0,0.0,21.79,0.0,218.3,0.2772,0
ARDG_AQUA bream 580gr 30 sm  281025 1254003.csv,4400,0,0.0,22.93,0.0,197.0,0.0,0
ARDG_AQUA bream 150gr 21 sm  281025 1132004.csv,724,0,0.0,22.43,0.0,143.6,0.0,0
ARDG_AQUA bream 680gr 33 sm  281025 1208003.csv,3165,1,33.0,31.04,680.0,656.8,0.9844,1
ARDG_AQUA bream150gr21cm  281025 1548002.csv,271,0,0.0,21.59,0.0,94.9,0.0,0
ARDG_AQUA bream150gr21cm  281025 1548002.csv,4737,0,0.0,23.59,0.0,222.4,0.0,0
ARDG_AQUA bream 580gr 30 sm  281025 1254002.csv,7010,0,0.0,21.83,0.0,243.3,0.0,0
ARDG_AQUA bream556gr 30cm  281025 1500002.csv,7605,0,0.0,25.41,0.0,172.5,0.0,0
ARDG_AQUA bream 150gr 21 sm  281025 1132004.csv,409,0,0.0,20.61,0.0,120.5,0.2276,0
ARDG_AQUA bream 580gr 30 sm  281025 1254002.csv,45,1,30.0,29.03,580.0,561.7,0.9779,1
ARDG_AQUA bream500gr 30cm  281025 1500002.csv,4689,0,0.0,23.82,0.0,170.9,0.0,0
ARDG_AQUA bream 580gr 30 sm  281025 1254002.csv,11713,0,0.0,21.55,0.0,241.4,0.0,0
ARDG_AQUA bream350 gr27cm  281025 1548002.csv,4351,0,0.0,23.4,0.0,301.6,0.1786,0
ARDG_AQUA bream620 gr31cm  281025 1618003.csv,10151,1,31.0,30.74,620.0,613.8,0.9703,1
ARDG_AQUA bream500gr 30cm  281025 1500003.csv,3150,0,0.0,22.79,0.0,224.6,0.0,0
ARDG_AQUA bream 390gr 26cm  281025 1325003.csv,6598,0,0.0,19.62,0.0,140.0,0.0,0
ARDG_AQUA bream 150gr 21 sm  281025 1132004.csv,6816,0,0.0,21.44,0.0,144.6,0.0047,0
ARDG_AQUA bream 580gr 30 sm  281025 1254003.csv,7601,0,0.0,24.9,0.0,306.7,0.0,0
ARDG_AQUA bream500gr 30cm  281025 1500002.csv,7464,0,0.0,21.13,0.0,226.4,0.0,0
ARDG_AQUA bream 310gr 23 sm  281025 1233002.csv,1956,1,23.0,23.14,310.0,302.0,0.787,1
ARDG_AQUA bream 800gr 36cm  281025 1453002.csv,3201,0,0.0,34.42,0.0,759.2,0.9797,1
ARDG_AQUA bream150gr21cm  281025 1548002.csv,905,0,0.0,25.35,0.0,274.0,0.0,0
ARDG_AQUA bream500gr 30cm  281025 1500002.csv,3184,0,0.0,26.12,0.0,283.4,0.0,0
ARDG_AQUA bream556gr 30cm  281025 1500002.csv,11168,0,0.0,30.15,0.0,550.9,0.9484,1
ARDG_AQUA bream 150gr 21 sm  281025 1132004.csv,10901,0,0.0,22.03,0.0,151.1,0.0004,0
ARDG_AQUA bream 150gr 21 sm  281025 1132002.csv,11530,0,0.0,22.49,0.0,121.3,0.0,0
ARDG_AQUA bream620 gr31cm  281025 1618003.csv,5682,1,31.0,29.14,620.0,544.9,0.815,1
ARDG_AQUA bream556gr 30cm  281025 1500002.csv,11673,0,0.0,27.31,0.0,414.6,0.1174,0
ARDG_AQUA bream 800gr 36cm  281025 1453002.csv,2729,0,0.0,33.97,0.0,615.0,0.0068,0
ARDG_AQUA bream500gr 30cm  281025 1500002.csv,8533,0,0.0,21.79,0.0,227.2,0.0,0
ARDG_AQUA bream 580gr 30 sm  281025 1254003.csv,5435,0,0.0,29.62,0.0,559.1,0.954,1
ARDG_AQUA bream556gr 30cm  281025 1500002.csv,98,1,30.0,29.31,556.0,542.2,0.9662,1
ARDG_AQUA bream 800gr 36cm  281025 1453002.csv,3890,0,0.0,33.6,0.0,688.2,0.9057,1
ARDG_AQUA bream500gr 30cm  281025 1500002.csv,4075,0,0.0,23.51,0.0,201.1,0.0,0
ARDG_AQUA bream 150gr 21 sm  281025 1132004.csv,8108,0,0.0,22.93,0.0,142.9,0.0,0
ARDG_AQUA bream 150gr 21 sm  281025 1132002.csv,9703,0,0.0,22.53,0.0,139.3,0.0,0
ARDG_AQUA bream500gr 30cm  281025 1500002.csv,11558,0,0.0,20.93,0.0,218.0,0.0,0
ARDG_AQUA bream 150gr 21 sm  281025 1132004.csv,9457,0,0.0,21.16,0.0,135.0,0.4204,0
ARDG_AQUA bream 150gr 21 sm  281025 1132004.csv,1833,0,0.0,22.44,0.0,134.2,0.0,0
ARDG_AQUA bream556gr 30cm  281025 1500002.csv,5301,0,0.0,24.48,0.0,310.3,0.0002,0
ARDG_AQUA bream 390gr 26cm  281025 1325005.csv,587,0,0.0,22.1,0.0,125.9,0.0,0
ARDG_AQUA bream 680gr 33 sm  281025 1208003.csv,652,0,0.0,21.5,0.0,207.5,0.0002,0
ARDG_AQUA bream 390gr 26cm  281025 1325005.csv,10748,0,0.0,25.01,0.0,460.6,0.0031,0
ARDG_AQUA bream 800gr 36cm  281025 1453002.csv,3737,1,36.0,35.62,800.0,788.4,0.9796,1
ARDG_AQUA bream 390gr 26cm  281025 1325005.csv,6187,0,0.0,20.88,0.0,152.8,0.0,0
ARDG_AQUA bream 580gr 30 sm  281025 1254003.csv,1802,0,0.0,29.77,0.0,615.2,0.9583,1
ARDG_AQUA bream 310gr 23 sm  281025 1233002.csv,6709,0,0.0,21.16,0.0,189.7,0.0,0
ARDG_AQUA bream 630gr 31cm  281025 1400002.csv,7860,1,31.0,31.27,630.0,618.6,0.9707,1
ARDG_AQUA bream620 gr31cm  281025 1618003.csv,5863,0,0.0,23.15,0.0,207.9,0.0,0
ARDG_AQUA bream 630gr 31cm  281025 1400002.csv,11192,0,0.0,25.52,0.0,279.3,0.0,0
ARDG_AQUA bream 580gr 30 sm  281025 1254002.csv,7103,0,0.0,22.27,0.0,119.1,0.0,0
ARDG_AQUA bream 390gr 26cm  281025 1325005.csv,543,0,0.0,21.98,0.0,176.6,0.0,0
ARDG_AQUA bream556gr 30cm  281025 1500002.csv,445,0,0.0,24.13,0.0,286.6,1e-04,0
ARDG_AQUA bream500gr 30cm  281025 1500003.csv,1405,0,0.0,23.7,0.0,257.7,0.0,0
ARDG_AQUA bream 580gr 30 sm  281025 1254002.csv,1489,0,0.0,22.23,0.0,197.9,1e-04,0
ARDG_AQUA bream630gr 32cm  281025 1500002.csv,970,0,0.0,28.17,0.0,453.3,0.0078,0
ARDG_AQUA bream 310gr 23 sm  281025 1233002.csv,118,0,0.0,20.38,0.0,165.9,1e-04,0
ARDG_AQUA bream 150gr 21 sm  281025 1132002.csv,6893,0,0.0,22.93,0.0,168.8,0.0,0
ARDG_AQUA bream 310gr 23 sm  281025 1233002.csv,5113,1,23.0,22.79,310.0,302.5,0.9282,1
ARDG_AQUA bream150gr21cm  281025 1548002.csv,487,0,0.0,23.88,0.0,180.4,0.0,0
ARDG_AQUA bream620 gr31cm  281025 1618004.csv,1956,0,0.0,22.86,0.0,266.5,0.0,0
ARDG_AQUA bream 580gr 30 sm  281025 1254003.csv,1918,0,0.0,26.29,0.0,498.1,0.0,0
ARDG_AQUA bream350 gr27cm  281025 1548002.csv,659,0,0.0,20.84,0.0,117.3,0.0015,0
ARDG_AQUA bream 630gr 31cm  281025 1400002.csv,11069,1,31.0,31.11,630.0,652.6,0.9654,1
ARDG_AQUA bream150gr21cm  281025 1548002.csv,1451,0,0.0,23.17,0.0,237.9,0.0,0
ARDG_AQUA bream 150gr 21 sm  281025 1132004.csv,10292,0,0.0,21.39,0.0,153.1,0.0012,0
ARDG_AQUA bream150gr21cm  281025 1548002.csv,7009,0,0.0,22.84,0.0,148.6,0.0,0
ARDG_AQUA bream556gr 30cm  281025 1500002.csv,11275,0,0.0,30.61,0.0,531.8,0.0012,0
ARDG_AQUA bream 580gr 30 sm  281025 1254003.csv,7606,0,0.0,26.51,0.0,446.7,0.0,0
ARDG_AQUA bream 580gr 30 sm  281025 1254003.csv,5129,0,0.0,29.49,0.0,590.6,0.0125,0
ARDG_AQUA bream 390gr 26cm  281025 1325003.csv,11934,0,0.0,21.6,0.0,156.4,0.0,0
ARDG_AQUA bream500gr 30cm  281025 1500002.csv,7442,0,0.0,23.08,0.0,354.9,0.0,0
ARDG_AQUA bream 390gr 26cm  281025 1325003.csv,11306,1,26.0,26.16,390.0,399.1,0.9683,1
ARDG_AQUA bream 390gr 26cm  281025 1325005.csv,11740,0,0.0,20.81,0.0,220.1,0.0,0
ARDG_AQUA bream620 gr31cm  281025 1618004.csv,649,1,31.0,30.75,620.0,604.2,0.9727,1
ARDG_AQUA bream500gr 30cm  281025 1500003.csv,399,0,0.0,21.92,0.0,233.0,0.0,0
ARDG_AQUA bream500gr 30cm  281025 1500002.csv,868,0,0.0,24.2,0.0,156.8,0.0,0
ARDG_AQUA bream 390gr 26cm  281025 1325003.csv,2197,0,0.0,22.49,0.0,201.5,0.0,0
ARDG_AQUA bream 580gr 30 sm  281025 1254002.csv,765,1,30.0,30.02,580.0,591.4,0.9656,1
ARDG_AQUA bream 150gr 21 sm  281025 1132004.csv,9416,0,0.0,23.04,0.0,147.9,0.0,0
ARDG_AQUA bream 630gr 31cm  281025 1400002.csv,2738,0,0.0,21.37,0.0,83.0,0.0,0
ARDG_AQUA bream 580gr 30 sm  281025 1254003.csv,2528,0,0.0,28.19,0.0,444.6,0.0359,0
ARDG_AQUA bream 580gr 30 sm  281025 1254003.csv,571,0,0.0,21.69,0.0,226.9,0.0,0
ARDG_AQUA bream 390gr 26cm  281025 1325005.csv,9670,1,26.0,25.2,390.0,323.4,0.9795,1
ARDG_AQUA bream556gr 30cm  281025 1500002.csv,601,0,0.0,26.86,0.0,321.0,0.0,0
ARDG_AQUA bream 580gr 30 sm  281025 1254003.csv,1711,1,30.0,30.05,580.0,580.2,0.9807,1
ARDG_AQUA bream150gr21cm  281025 1548002.csv,2664,0,0.0,21.73,0.0,165.7,0.7435,1
ARDG_AQUA bream 390gr 26cm  281025 1325003.csv,11724,0,0.0,20.71,0.0,96.5,0.0,0
ARDG_AQUA bream500gr 30cm  281025 1500002.csv,10567,1,30.0,29.01,500.0,490.4,0.967,1
ARDG_AQUA bream500gr 30cm  281025 1500002.csv,5406,0,0.0,23.09,0.0,211.7,0.0,0
ARDG_AQUA bream630gr 32cm  281025 1500002.csv,3191,1,32.0,31.21,630.0,604.6,0.9753,1
ARDG_AQUA bream500gr 30cm  281025 1500002.csv,5881,0,0.0,22.14,0.0,183.6,0.0,0
ARDG_AQUA bream 580gr 30 sm  281025 1254003.csv,2337,0,0.0,22.47,0.0,292.9,0.0,0
ARDG_AQUA bream 630gr 31cm  281025 1400002.csv,4726,1,31.0,29.99,630.0,620.4,0.9836,1
ARDG_AQUA bream 280gr 24cm  281025 1425002.csv,3984,0,0.0,24.1,0.0,205.6,0.0,0
ARDG_AQUA bream500gr 30cm  281025 1500002.csv,8536,0,0.0,22.19,0.0,234.9,0.0,0
ARDG_AQUA bream 310gr 23 sm  281025 1233002.csv,8234,0,0.0,22.38,0.0,230.1,0.0002,0
ARDG_AQUA bream620 gr31cm  281025 1618003.csv,2702,0,0.0,24.76,0.0,210.4,0.0,0
ARDG_AQUA bream556gr 30cm  281025 1500002.csv,3163,0,0.0,22.79,0.0,269.9,0.0,0
ARDG_AQUA bream 580gr 30 sm  281025 1254003.csv,6604,0,0.0,27.06,0.0,469.3,0.8928,1
ARDG_AQUA bream620 gr31cm  281025 1618003.csv,2219,0,0.0,24.5,0.0,220.3,0.0,0
ARDG_AQUA bream556gr 30cm  281025 1500002.csv,1707,0,0.0,31.2,0.0,537.9,0.6663,1
ARDG_AQUA bream150gr21cm  281025 1548002.csv,1835,0,0.0,23.7,0.0,276.8,0.7296,1
ARDG_AQUA bream 390gr 26cm  281025 1325003.csv,10604,0,0.0,22.43,0.0,153.4,0.0,0
ARDG_AQUA bream556gr 30cm  281025 1500002.csv,7821,0,0.0,27.19,0.0,332.5,0.0,0
ARDG_AQUA bream 390gr 26cm  281025 1325005.csv,10404,0,0.0,19.97,0.0,168.3,0.5467,1
ARDG_AQUA bream 390gr 26cm  281025 1325005.csv,11806,0,0.0,20.97,0.0,170.3,0.0,0
ARDG_AQUA bream150gr21cm  281025 1548002.csv,6812,1,21.0,21.21,150.0,145.2,0.9544,1
ARDG_AQUA bream 390gr 26cm  281025 1325005.csv,11252,0,0.0,22.28,0.0,164.6,0.0,0
ARDG_AQUA bream150gr21cm  281025 1548002.csv,190,0,0.0,20.12,0.0,118.3,0.0,0
ARDG_AQUA bream 580gr 30 sm  281025 1254002.csv,8634,0,0.0,28.75,0.0,507.0,0.0204,0
ARDG_AQUA bream500gr 30cm  281025 1500002.csv,1462,0,0.0,20.82,0.0,247.9,0.0,0
ARDG_AQUA bream 680gr 33 sm  281025 1208003.csv,9086,1,33.0,32.6,680.0,674.0,0.99,1
ARDG_AQUA bream 800gr 36cm  281025 1453002.csv,3216,0,0.0,33.83,0.0,680.2,0.0568,0
ARDG_AQUA bream 150gr 21 sm  281025 1132002.csv,7143,0,0.0,22.65,0.0,135.5,0.0,0
ARDG_AQUA bream 150gr 21 sm  281025 1132004.csv,4991,0,0.0,21.43,0.0,143.6,0.182,0
ARDG_AQUA bream 310gr 23 sm  281025 1233002.csv,1885,0,0.0,21.18,0.0,185.6,0.0003,0
ARDG_AQUA bream500gr 30cm  281025 1500002.csv,6400,0,0.0,23.6,0.0,180.9,0.0,0
ARDG_AQUA bream500gr 30cm  281025 1500003.csv,4437,0,0.0,23.45,0.0,230.7,0.0,0
ARDG_AQUA bream 310gr 23 sm  281025 1233002.csv,5389,0,0.0,22.09,0.0,159.1,0.0,0
ARDG_AQUA bream150gr21cm  281025 1548002.csv,609,0,0.0,23.26,0.0,237.1,0.0,0
ARDG_AQUA bream 310gr 23 sm  281025 1233002.csv,3930,0,0.0,21.99,0.0,183.9,0.0,0
ARDG_AQUA bream 580gr 30 sm  281025 1254003.csv,2223,0,0.0,27.18,0.0,556.1,0.0068,0
ARDG_AQUA bream 150gr 21 sm  281025 1132004.csv,1968,1,21.0,20.74,150.0,155.2,0.9458,1
ARDG_AQUA bream150gr21cm  281025 1548002.csv,7037,0,0.0,23.91,0.0,255.9,0.0,0
ARDG_AQUA bream 680gr 33 sm  281025 1208003.csv,10386,0,0.0,21.86,0.0,154.3,0.0005,0
ARDG_AQUA bream150gr21cm  281025 1548002.csv,585,0,0.0,20.27,0.0,171.4,0.0007,0
ARDG_AQUA bream150gr21cm  281025 1548002.csv,5544,0,0.0,22.5,0.0,136.2,0.0,0
ARDG_AQUA bream556gr 30cm  281025 1500002.csv,11907,0,0.0,30.64,0.0,770.7,0.0015,0
ARDG_AQUA bream556gr 30cm  281025 1500002.csv,8670,0,0.0,26.63,0.0,309.6,0.0,0
ARDG_AQUA bream 150gr 21 sm  281025 1132004.csv,652,0,0.0,20.03,0.0,113.0,0.0881,0
ARDG_AQUA bream 680gr 33 sm  281025 1208003.csv,5566,0,0.0,21.3,0.0,145.8,0.0002,0
ARDG_AQUA bream 150gr 21 sm  281025 1132002.csv,7186,0,0.0,22.6,0.0,153.9,0.0,0
ARDG_AQUA bream620 gr31cm  281025 1618003.csv,5790,0,0.0,22.34,0.0,187.3,0.0006,0
ARDG_AQUA bream620 gr31cm  281025 1618003.csv,844,0,0.0,21.71,0.0,272.3,0.0,0
ARDG_AQUA bream 630gr 31cm  281025 1400002.csv,3125,0,0.0,23.32,0.0,137.2,0.0,0
ARDG_AQUA bream 800gr 36cm  281025 1453002.csv,4708,0,0.0,23.54,0.0,129.4,0.0,0
ARDG_AQUA bream 150gr 21 sm  281025 1132002.csv,7706,1,21.0,21.64,150.0,148.5,0.8691,1
ARDG_AQUA bream350 gr27cm  281025 1548002.csv,2758,1,27.0,26.67,350.0,343.5,0.9713,1
ARDG_AQUA bream 580gr 30 sm  281025 1254002.csv,4718,1,30.0,30.69,580.0,598.9,0.9766,1
ARDG_AQUA bream630gr 32cm  281025 1500002.csv,4668,0,0.0,22.07,0.0,202.4,0.0006,0
ARDG_AQUA bream 150gr 21 sm  281025 1132004.csv,1620,0,0.0,22.72,0.0,151.8,0.0,0
ARDG_AQUA bream500gr 30cm  281025 1500002.csv,6873,1,30.0,28.64,500.0,478.0,0.938,1
ARDG_AQUA bream556gr 30cm  281025 1500003.csv,1214,0,0.0,23.69,0.0,101.9,0.0,0
ARDG_AQUA bream620 gr31cm  281025 1618004.csv,1738,1,31.0,31.61,620.0,578.4,0.8948,1
ARDG_AQUA bream 150gr 21 sm  281025 1132004.csv,7099,0,0.0,21.05,0.0,160.7,0.3997,0
ARDG_AQUA bream620 gr31cm  281025 1618003.csv,8193,1,31.0,31.25,620.0,605.6,0.9774,1
ARDG_AQUA bream 580gr 30 sm  281025 1254002.csv,7246,0,0.0,22.57,0.0,222.2,0.0,0
ARDG_AQUA bream556gr 30cm  281025 1500002.csv,8164,0,0.0,28.74,0.0,468.4,0.8741,1
ARDG_AQUA bream 390gr 26cm  281025 1325003.csv,7775,1,26.0,27.51,390.0,395.7,0.9564,1
ARDG_AQUA bream620 gr31cm  281025 1618003.csv,239,0,0.0,29.01,0.0,589.5,0.896,1
ARDG_AQUA bream620 gr31cm  281025 1618003.csv,734,0,0.0,22.54,0.0,279.6,0.0,0
ARDG_AQUA bream 580gr 30 sm  281025 1254002.csv,7051,0,0.0,21.06,0.0,188.3,0.0,0
ARDG_AQUA bream 390gr 26cm  281025 1325003.csv,10691,1,26.0,25.38,390.0,381.5,0.9644,1
ARDG_AQUA bream556gr 30cm  281025 1500002.csv,5327,0,0.0,23.04,0.0,192.9,0.0,0
ARDG_AQUA bream 390gr 26cm  281025 1325005.csv,415,0,0.0,22.04,0.0,200.2,0.0,0
ARDG_AQUA bream620 gr31cm  281025 1618003.csv,7545,1,31.0,31.41,620.0,610.5,0.9855,1
ARDG_AQUA bream 390gr 26cm  281025 1325005.csv,11683,0,0.0,21.37,0.0,143.5,0.0,0
ARDG_AQUA bream150gr21cm  281025 1548002.csv,1009,0,0.0,24.44,0.0,273.7,0.0855,0
ARDG_AQUA bream 800gr 36cm  281025 1453002.csv,1504,1,36.0,34.69,800.0,758.1,0.9841,1
ARDG_AQUA bream 310gr 23 sm  281025 1233002.csv,9743,1,23.0,23.01,310.0,302.4,0.955,1
ARDG_AQUA bream620 gr31cm  281025 1618003.csv,7911,1,31.0,30.36,620.0,591.7,0.9835,1
ARDG_AQUA bream 580gr 30 sm  281025 1254003.csv,7343,0,0.0,20.65,0.0,198.2,0.0,0
ARDG_AQUA bream 580gr 30 sm  281025 1254002.csv,11543,0,0.0,22.98,0.0,220.3,0.0,0
ARDG_AQUA bream630gr 32cm  281025 1500002.csv,4672,0,0.0,21.95,0.0,190.4,0.0005,0
ARDG_AQUA bream 680gr 33 sm  281025 1208003.csv,3502,0,0.0,21.09,0.0,137.8,0.0006,0
ARDG_AQUA bream 580gr 30 sm  281025 1254002.csv,7271,0,0.0,22.22,0.0,163.6,0.0,0
ARDG_AQUA bream350 gr27cm  281025 1548002.csv,4148,1,27.0,27.24,350.0,344.4,0.9659,1
ARDG_AQUA bream556gr 30cm  281025 1500002.csv,1481,0,0.0,24.29,0.0,166.2,0.0,0
ARDG_AQUA bream 150gr 21 sm  281025 1132002.csv,2528,0,0.0,22.53,0.0,147.6,0.0,0
ARDG_AQUA bream 580gr 30 sm  281025 1254003.csv,4506,0,0.0,22.44,0.0,134.0,0.0,0
ARDG_AQUA bream150gr21cm  281025 1548002.csv,2491,0,0.0,22.65,0.0,183.4,0.0,0
ARDG_AQUA bream 800gr 36cm  281025 1453002.csv,1313,0,0.0,33.66,0.0,732.2,0.9733,1
ARDG_AQUA bream556gr 30cm  281025 1500002.csv,1172,0,0.0,24.34,0.0,363.5,0.0,0
ARDG_AQUA bream556gr 30cm  281025 1500002.csv,8269,0,0.0,29.56,0.0,538.7,0.6695,1
ARDG_AQUA bream 580gr 30 sm  281025 1254002.csv,3394,0,0.0,20.75,0.0,169.4,0.0,0
ARDG_AQUA bream 150gr 21 sm  281025 1132004.csv,9315,0,0.0,21.43,0.0,152.0,0.4045,0
ARDG_AQUA bream556gr 30cm  281025 1500002.csv,4805,1,30.0,30.14,556.0,569.2,0.9793,1
ARDG_AQUA bream 150gr 21 sm  281025 1132002.csv,7962,0,0.0,21.45,0.0,164.2,0.4584,0
ARDG_AQUA bream 580gr 30 sm  281025 1254003.csv,8231,1,30.0,29.5,580.0,563.0,0.979,1
ARDG_AQUA bream 580gr 30 sm  281025 1254003.csv,1379,0,0.0,22.58,0.0,311.3,0.0,0
ARDG_AQUA bream 630gr 31cm  281025 1400002.csv,6726,0,0.0,24.62,0.0,206.6,0.0,0
ARDG_AQUA bream500gr 30cm  281025 1500002.csv,11548,0,0.0,20.61,0.0,143.8,0.0,0
ARDG_AQUA bream 580gr 30 sm  281025 1254003.csv,3936,0,0.0,29.02,0.0,507.0,0.9163,1
ARDG_AQUA bream 630gr 31cm  281025 1400002.csv,6482,0,0.0,22.63,0.0,318.0,0.0,0
ARDG_AQUA bream556gr 30cm  281025 1500002.csv,7811,0,0.0,28.12,0.0,380.1,1e-04,0
ARDG_AQUA bream 150gr 21 sm  281025 1132004.csv,5339,0,0.0,21.99,0.0,144.4,0.0,0
ARDG_AQUA bream 630gr 31cm  281025 1400002.csv,11163,0,0.0,23.07,0.0,210.9,0.0,0
ARDG_AQUA bream 150gr 21 sm  281025 1132002.csv,7165,0,0.0,22.46,0.0,155.7,0.0,0
ARDG_AQUA bream556gr 30cm  281025 1500002.csv,4192,1,30.0,30.38,556.0,579.7,0.9777,1
ARDG_AQUA bream 630gr 31cm  281025 1400002.csv,6681,0,0.0,23.92,0.0,192.6,0.0,0
ARDG_AQUA bream 150gr 21 sm  281025 1132004.csv,10864,0,0.0,22.66,0.0,148.3,0.0,0
ARDG_AQUA bream556gr 30cm  281025 1500002.csv,3107,0,0.0,26.14,0.0,401.3,0.0013,0
ARDG_AQUA bream500gr 30cm  281025 1500002.csv,8731,0,0.0,21.47,0.0,169.3,0.0003,0
ARDG_AQUA bream 800gr 36cm  281025 1453002.csv,846,0,0.0,34.48,0.0,723.3,0.9169,1
ARDG_AQUA bream 580gr 30 sm  281025 1254003.csv,8855,1,30.0,29.15,580.0,550.6,0.9758,1
ARDG_AQUA bream 680gr 33 sm  281025 1208003.csv,10282,1,33.0,31.97,680.0,681.6,0.9869,1
ARDG_AQUA bream 150gr 21 sm  281025 1132004.csv,3858,0,0.0,22.85,0.0,149.5,0.0,0
ARDG_AQUA bream 580gr 30 sm  281025 1254002.csv,3351,0,0.0,20.96,0.0,146.2,0.0,0
ARDG_AQUA bream 580gr 30 sm  281025 1254003.csv,7589,0,0.0,21.75,0.0,162.3,0.0,0
ARDG_AQUA bream 580gr 30 sm  281025 1254003.csv,419,0,0.0,20.83,0.0,222.2,0.0,0
ARDG_AQUA bream500gr 30cm  281025 1500002.csv,5396,0,0.0,21.75,0.0,176.9,0.0,0
ARDG_AQUA bream556gr 30cm  281025 1500003.csv,1469,0,0.0,24.36,0.0,226.7,0.0,0
ARDG_AQUA bream 310gr 23 sm  281025 1233002.csv,1453,1,23.0,22.45,310.0,349.2,0.7506,1
ARDG_AQUA bream500gr 30cm  281025 1500003.csv,1131,0,0.0,22.23,0.0,216.1,0.0,0
ARDG_AQUA bream500gr 30cm  281025 1500003.csv,5501,0,0.0,21.95,0.0,179.9,0.0,0
ARDG_AQUA bream 630gr 31cm  281025 1400002.csv,4320,0,0.0,24.87,0.0,199.3,0.0,0
ARDG_AQUA bream556gr 30cm  281025 1500002.csv,6373,0,0.0,24.54,0.0,287.2,1e-04,0
ARDG_AQUA bream500gr 30cm  281025 1500002.csv,8280,0,0.0,23.09,0.0,157.8,0.0,0
ARDG_AQUA bream 580gr 30 sm  281025 1254003.csv,1262,1,30.0,29.06,580.0,581.0,0.9798,1
ARDG_AQUA bream 580gr 30 sm  281025 1254003.csv,1953,0,0.0,26.99,0.0,383.6,0.7095,1
ARDG_AQUA bream350 gr27cm  281025 1548002.csv,4336,0,0.0,26.21,0.0,374.7,0.6292,1
ARDG_AQUA bream556gr 30cm  281025 1500002.csv,1823,1,30.0,29.62,556.0,575.8,0.7538,1
ARDG_AQUA bream 150gr 21 sm  281025 1132004.csv,5453,0,0.0,22.14,0.0,152.1,0.0,0
ARDG_AQUA bream500gr 30cm  281025 1500002.csv,1314,0,0.0,22.19,0.0,180.9,0.0,0
ARDG_AQUA bream 310gr 23 sm  281025 1233003.csv,639,0,0.0,20.71,0.0,141.3,0.0,0
ARDG_AQUA bream500gr 30cm  281025 1500002.csv,9540,1,30.0,28.61,500.0,459.4,0.9735,1
ARDG_AQUA bream 390gr 26cm  281025 1325005.csv,2012,1,26.0,25.77,390.0,390.8,0.9533,1
ARDG_AQUA bream556gr 30cm  281025 1500003.csv,1318,0,0.0,23.09,0.0,182.6,0.0,0
ARDG_AQUA bream150gr21cm  281025 1548002.csv,8544,0,0.0,24.12,0.0,168.9,0.0,0
ARDG_AQUA bream 680gr 33 sm  281025 1208003.csv,9551,1,33.0,32.53,680.0,664.2,0.9803,1
ARDG_AQUA bream 390gr 26cm  281025 1325005.csv,6412,0,0.0,19.28,0.0,113.8,0.0,0
ARDG_AQUA bream 580gr 30 sm  281025 1254002.csv,9875,0,0.0,23.93,0.0,250.5,0.0,0
ARDG_AQUA bream 680gr 33 sm  281025 1208003.csv,2303,0,0.0,21.71,0.0,167.6,0.0,0
ARDG_AQUA bream 580gr 30 sm  281025 1254003.csv,4478,0,0.0,22.63,0.0,189.3,0.0,0
ARDG_AQUA bream 150gr 21 sm  281025 1132004.csv,1649,0,0.0,22.86,0.0,136.4,0.0,0
ARDG_AQUA bream 630gr 31cm  281025 1400002.csv,6509,0,0.0,24.61,0.0,169.8,0.0,0
ARDG_AQUA bream 150gr 21 sm  281025 1132004.csv,1404,0,0.0,23.03,0.0,147.7,0.0,0
ARDG_AQUA bream 150gr 21 sm  281025 1132004.csv,247,0,0.0,23.96,0.0,152.4,0.5206,1
ARDG_AQUA bream500gr 30cm  281025 1500002.csv,1253,0,0.0,22.5,0.0,246.1,0.0,0
ARDG_AQUA bream 310gr 23 sm  281025 1233002.csv,7516,1,23.0,22.56,310.0,311.4,0.9711,1
ARDG_AQUA bream 150gr 21 sm  281025 1132002.csv,240,0,0.0,23.32,0.0,154.2,0.0,0
ARDG_AQUA bream150gr21cm  281025 1548002.csv,6242,0,0.0,22.16,0.0,110.8,0.0,0
ARDG_AQUA bream 150gr 21 sm  281025 1132004.csv,7594,1,21.0,20.94,150.0,147.1,0.9438,1
ARDG_AQUA bream150gr21cm  281025 1548002.csv,972,0,0.0,23.76,0.0,273.4,0.0,0
ARDG_AQUA bream 800gr 36cm  281025 1453002.csv,394,0,0.0,35.27,0.0,775.4,0.976,1
ARDG_AQUA bream 580gr 30 sm  281025 1254003.csv,2562,0,0.0,26.9,0.0,534.2,0.8157,1
ARDG_AQUA bream 680gr 33 sm  281025 1208003.csv,752,0,0.0,21.51,0.0,151.9,0.0028,0
ARDG_AQUA bream 150gr 21 sm  281025 1132004.csv,4979,0,0.0,21.02,0.0,150.4,0.0524,0
ARDG_AQUA bream350 gr27cm  281025 1548002.csv,4569,0,0.0,23.22,0.0,196.8,0.0,0
ARDG_AQUA bream 580gr 30 sm  281025 1254003.csv,10409,0,0.0,30.46,0.0,579.2,0.6416,1
ARDG_AQUA bream 390gr 26cm  281025 1325005.csv,10732,0,0.0,24.76,0.0,451.0,0.9678,1
ARDG_AQUA bream 150gr 21 sm  281025 1132004.csv,5429,0,0.0,21.93,0.0,149.4,0.0005,0
ARDG_AQUA bream 630gr 31cm  281025 1400002.csv,11223,0,0.0,22.84,0.0,172.2,0.0,0
ARDG_AQUA bream 580gr 30 sm  281025 1254003.csv,3919,0,0.0,28.94,0.0,595.6,0.9613,1
ARDG_AQUA bream620 gr31cm  281025 1618004.csv,2716,0,0.0,24.46,0.0,188.3,0.0,0
ARDG_AQUA bream 150gr 21 sm  281025 1132004.csv,10893,0,0.0,22.38,0.0,166.8,0.0,0
ARDG_AQUA bream500gr 30cm  281025 1500002.csv,2667,0,0.0,23.13,0.0,189.0,0.0,0
ARDG_AQUA bream150gr21cm  281025 1548002.csv,4410,0,0.0,23.52,0.0,162.1,0.0,0
ARDG_AQUA bream 580gr 30 sm  281025 1254002.csv,10957,0,0.0,22.2,0.0,156.6,0.0,0
ARDG_AQUA bream 390gr 26cm  281025 1325005.csv,1399,0,0.0,22.28,0.0,214.4,0.0,0
ARDG_AQUA bream150gr21cm  281025 1548002.csv,6254,0,0.0,22.7,0.0,117.5,0.0,0
ARDG_AQUA bream 150gr 21 sm  281025 1132004.csv,4786,0,0.0,23.41,0.0,154.0,0.0,0
ARDG_AQUA bream 680gr 33 sm  281025 1208003.csv,1047,0,0.0,21.23,0.0,154.6,0.0005,0
ARDG_AQUA bream150gr21cm  281025 1548002.csv,928,0,0.0,22.97,0.0,219.8,0.0,0
ARDG_AQUA bream 150gr 21 sm  281025 1132002.csv,5591,0,0.0,22.26,0.0,155.8,0.0,0
ARDG_AQUA bream556gr 30cm  281025 1500002.csv,3835,0,0.0,32.01,0.0,647.6,0.9719,1
ARDG_AQUA bream 580gr 30 sm  281025 1254002.csv,8217,0,0.0,21.8,0.0,201.4,0.0,0
ARDG_AQUA bream 150gr 21 sm  281025 1132004.csv,10424,0,0.0,23.15,0.0,141.2,0.0,0
ARDG_AQUA bream 630gr 31cm  281025 1400002.csv,844,0,0.0,22.94,0.0,120.7,0.0,0
ARDG_AQUA bream630gr 32cm  281025 1500002.csv,4650,0,0.0,22.73,0.0,243.3,0.0,0
ARDG_AQUA bream500gr 30cm  281025 1500002.csv,8623,0,0.0,21.9,0.0,266.0,0.0,0
ARDG_AQUA bream350 gr27cm  281025 1548002.csv,1789,1,27.0,27.55,350.0,448.8,0.9812,1
ARDG_AQUA bream350 gr27cm  281025 1548002.csv,5147,0,0.0,22.93,0.0,195.9,0.0,0
ARDG_AQUA bream556gr 30cm  281025 1500002.csv,7803,0,0.0,29.64,0.0,508.1,0.0062,0
ARDG_AQUA bream 580gr 30 sm  281025 1254003.csv,5133,0,0.0,29.39,0.0,576.3,0.11,0
ARDG_AQUA bream 680gr 33 sm  281025 1208003.csv,9219,0,0.0,22.7,0.0,136.2,0.0,0
ARDG_AQUA bream 800gr 36cm  281025 1453002.csv,2787,0,0.0,36.63,0.0,792.5,0.9729,1
ARDG_AQUA bream 150gr 21 sm  281025 1132002.csv,7159,0,0.0,22.49,0.0,136.9,0.0,0
ARDG_AQUA bream500gr 30cm  281025 1500003.csv,5405,0,0.0,22.09,0.0,186.7,0.0,0
ARDG_AQUA bream150gr21cm  281025 1548002.csv,1444,0,0.0,23.04,0.0,150.7,0.0,0
ARDG_AQUA bream 630gr 31cm  281025 1400002.csv,6756,0,0.0,22.34,0.0,263.5,0.0,0
ARDG_AQUA bream 580gr 30 sm  281025 1254003.csv,8484,0,0.0,22.26,0.0,81.1,0.0,0
ARDG_AQUA bream150gr21cm  281025 1548002.csv,964,0,0.0,24.15,0.0,255.2,0.0,0
ARDG_AQUA bream 310gr 23 sm  281025 1233002.csv,6909,1,23.0,23.06,310.0,335.9,0.9609,1
ARDG_AQUA bream 580gr 30 sm  281025 1254003.csv,8098,0,0.0,27.07,0.0,362.5,1e-04,0
ARDG_AQUA bream500gr 30cm  281025 1500002.csv,11184,0,0.0,22.1,0.0,108.7,0.0,0
ARDG_AQUA bream 680gr 33 sm  281025 1208003.csv,10838,1,33.0,33.45,680.0,678.6,0.9842,1
ARDG_AQUA bream 630gr 31cm  281025 1400002.csv,5860,1,31.0,29.77,630.0,643.4,0.9854,1
ARDG_AQUA bream500gr 30cm  281025 1500002.csv,9155,0,0.0,23.04,0.0,149.0,0.0,0
ARDG_AQUA bream 680gr 33 sm  281025 1208003.csv,5635,0,0.0,22.12,0.0,138.3,0.0,0
ARDG_AQUA bream 800gr 36cm  281025 1453002.csv,3635,0,0.0,26.42,0.0,410.1,0.0,0
ARDG_AQUA bream 150gr 21 sm  281025 1132002.csv,10903,0,0.0,22.52,0.0,150.2,0.0,0
ARDG_AQUA bream 280gr 24cm  281025 1425002.csv,2153,0,0.0,22.41,0.0,136.0,0.0,0
ARDG_AQUA bream350 gr27cm  281025 1548002.csv,4225,0,0.0,23.46,0.0,206.0,0.0,0
ARDG_AQUA bream 580gr 30 sm  281025 1254002.csv,2182,0,0.0,20.88,0.0,247.3,0.0,0
ARDG_AQUA bream556gr 30cm  281025 1500003.csv,1142,0,0.0,22.17,0.0,126.7,0.0,0
ARDG_AQUA bream 580gr 30 sm  281025 1254003.csv,5305,0,0.0,21.98,0.0,281.8,0.0,0
ARDG_AQUA bream 150gr 21 sm  281025 1132002.csv,7898,0,0.0,22.87,0.0,152.4,0.0,0
ARDG_AQUA bream 150gr 21 sm  281025 1132002.csv,7904,0,0.0,23.07,0.0,161.1,0.0,0
ARDG_AQUA bream 580gr 30 sm  281025 1254003.csv,2085,1,30.0,30.42,580.0,600.1,0.9749,1
ARDG_AQUA bream 800gr 36cm  281025 1453002.csv,3647,0,0.0,32.29,0.0,638.8,0.7142,1
ARDG_AQUA bream150gr21cm  281025 1548002.csv,2586,0,0.0,23.13,0.0,136.9,1e-04,0
ARDG_AQUA bream 390gr 26cm  281025 1325005.csv,3881,0,0.0,21.84,0.0,134.6,0.0,0
ARDG_AQUA bream 310gr 23 sm  281025 1233002.csv,8807,1,23.0,23.63,310.0,308.0,0.9514,1
ARDG_AQUA bream150gr21cm  281025 1548002.csv,2585,0,0.0,23.15,0.0,150.2,0.0,0
ARDG_AQUA bream 630gr 31cm  281025 1400002.csv,2851,1,31.0,31.36,630.0,621.7,0.9618,1
ARDG_AQUA bream 150gr 21 sm  281025 1132004.csv,5867,0,0.0,22.56,0.0,133.6,0.0,0
ARDG_AQUA bream 280gr 24cm  281025 1425002.csv,5052,0,0.0,25.2,0.0,136.6,0.0,0
ARDG_AQUA bream 150gr 21 sm  281025 1132002.csv,9774,0,0.0,22.6,0.0,140.5,0.0,0
ARDG_AQUA bream150gr21cm  281025 1548002.csv,4648,0,0.0,28.26,0.0,519.0,0.0064,0
ARDG_AQUA bream 580gr 30 sm  281025 1254002.csv,7620,1,30.0,30.05,580.0,562.7,0.9746,1
ARDG_AQUA bream 580gr 30 sm  281025 1254003.csv,1031,1,30.0,29.04,580.0,568.2,0.9728,1
ARDG_AQUA bream 310gr 23 sm  281025 1233002.csv,2144,0,0.0,22.39,0.0,290.8,0.9037,1
ARDG_AQUA bream 580gr 30 sm  281025 1254003.csv,1163,0,0.0,26.21,0.0,385.6,0.0043,0
ARDG_AQUA bream620 gr31cm  281025 1618003.csv,1526,0,0.0,23.93,0.0,293.3,0.0,0
ARDG_AQUA bream620 gr31cm  281025 1618004.csv,763,1,31.0,31.05,620.0,614.6,0.9142,1
ARDG_AQUA bream 390gr 26cm  281025 1325003.csv,11884,0,0.0,21.51,0.0,131.3,1e-04,0
ARDG_AQUA bream 680gr 33 sm  281025 1208003.csv,552,0,0.0,21.1,0.0,171.4,0.0061,0
ARDG_AQUA bream 150gr 21 sm  281025 1132002.csv,5285,1,21.0,20.87,150.0,141.2,0.9189,1
ARDG_AQUA bream 680gr 33 sm  281025 1208003.csv,3415,1,33.0,30.85,680.0,647.0,0.9883,1
ARDG_AQUA bream 150gr 21 sm  281025 1132002.csv,7264,1,21.0,21.16,150.0,164.9,0.3958,0
ARDG_AQUA bream 630gr 31cm  281025 1400002.csv,9585,0,0.0,25.43,0.0,207.1,0.0,0
ARDG_AQUA bream620 gr31cm  281025 1618004.csv,1342,1,31.0,31.34,620.0,633.2,0.8904,1
ARDG_AQUA bream 580gr 30 sm  281025 1254003.csv,6559,0,0.0,24.01,0.0,302.0,0.0,0
ARDG_AQUA bream 150gr 21 sm  281025 1132004.csv,3688,0,0.0,22.77,0.0,128.0,0.0,0
ARDG_AQUA bream556gr 30cm  281025 1500002.csv,1525,0,0.0,26.54,0.0,317.1,0.0002,0
ARDG_AQUA bream 580gr 30 sm  281025 1254003.csv,6260,0,0.0,27.79,0.0,468.0,0.0204,0
ARDG_AQUA bream500gr 30cm  281025 1500002.csv,8686,0,0.0,22.48,0.0,216.0,0.0,0
ARDG_AQUA bream630gr 32cm  281025 1500002.csv,4104,1,32.0,30.87,630.0,529.9,0.9686,1
ARDG_AQUA bream556gr 30cm  281025 1500002.csv,1462,0,0.0,24.37,0.0,183.2,0.0,0
ARDG_AQUA bream150gr21cm  281025 1548002.csv,4434,0,0.0,22.09,0.0,187.9,0.1689,0
ARDG_AQUA bream 390gr 26cm  281025 1325005.csv,569,0,0.0,22.85,0.0,216.0,0.0,0
ARDG_AQUA bream 680gr 33 sm  281025 1208003.csv,447,0,0.0,21.52,0.0,199.3,0.0,0
ARDG_AQUA bream500gr 30cm  281025 1500002.csv,3658,0,0.0,24.8,0.0,253.2,0.0,0
ARDG_AQUA bream 580gr 30 sm  281025 1254002.csv,7189,0,0.0,20.38,0.0,210.9,0.0,0
ARDG_AQUA bream620 gr31cm  281025 1618003.csv,3974,1,31.0,31.52,620.0,593.0,0.9806,1
ARDG_AQUA bream556gr 30cm  281025 1500002.csv,11087,0,0.0,29.94,0.0,534.5,0.0327,0
ARDG_AQUA bream 390gr 26cm  281025 1325005.csv,3131,0,0.0,22.81,0.0,272.9,0.0,0
ARDG_AQUA bream 800gr 36cm  281025 1453002.csv,2777,0,0.0,35.76,0.0,731.4,0.0996,0
ARDG_AQUA bream630gr 32cm  281025 1500002.csv,3627,1,32.0,31.58,630.0,629.0,0.9495,1
ARDG_AQUA bream 580gr 30 sm  281025 1254003.csv,11469,0,0.0,21.56,0.0,195.8,0.0,0
ARDG_AQUA bream630gr 32cm  281025 1500002.csv,137,1,32.0,31.98,630.0,627.6,0.9561,1
ARDG_AQUA bream630gr 32cm  281025 1500002.csv,6400,0,0.0,26.48,0.0,307.9,0.0,0
ARDG_AQUA bream150gr21cm  281025 1548002.csv,944,0,0.0,22.57,0.0,157.8,0.0,0
ARDG_AQUA bream 310gr 23 sm  281025 1233002.csv,2152,0,0.0,22.59,0.0,244.4,0.2435,0
ARDG_AQUA bream556gr 30cm  281025 1500002.csv,1115,0,0.0,31.91,0.0,564.6,0.9474,1
ARDG_AQUA bream 150gr 21 sm  281025 1132004.csv,2154,0,0.0,21.92,0.0,129.9,0.0048,0
ARDG_AQUA bream556gr 30cm  281025 1500002.csv,5640,0,0.0,28.89,0.0,522.1,0.1352,0
ARDG_AQUA bream 800gr 36cm  281025 1453002.csv,1741,0,0.0,34.29,0.0,734.7,0.958,1
ARDG_AQUA bream556gr 30cm  281025 1500002.csv,2354,0,0.0,25.3,0.0,246.2,0.0034,0
ARDG_AQUA bream 630gr 31cm  281025 1400002.csv,1760,0,0.0,20.99,0.0,190.2,0.0,0
ARDG_AQUA bream 310gr 23 sm  281025 1233002.csv,8102,0,0.0,20.02,0.0,91.8,0.0,0
ARDG_AQUA bream 390gr 26cm  281025 1325003.csv,8278,1,26.0,26.19,390.0,376.8,0.9611,1
ARDG_AQUA bream 150gr 21 sm  281025 1132002.csv,11339,0,0.0,22.71,0.0,133.6,0.0,0
ARDG_AQUA bream 280gr 24cm  281025 1425002.csv,2351,0,0.0,21.69,0.0,171.5,0.0,0
ARDG_AQUA bream 580gr 30 sm  281025 1254003.csv,519,0,0.0,22.89,0.0,249.1,0.0,0
ARDG_AQUA bream 580gr 30 sm  281025 1254003.csv,10130,1,30.0,29.1,580.0,491.0,0.3871,0
ARDG_AQUA bream 630gr 31cm  281025 1400002.csv,6491,0,0.0,23.2,0.0,292.1,0.0,0
ARDG_AQUA bream 280gr 24cm  281025 1425002.csv,3964,0,0.0,22.69,0.0,182.4,0.0,0
ARDG_AQUA bream500gr 30cm  281025 1500003.csv,39,0,0.0,22.83,0.0,295.8,0.0,0
ARDG_AQUA bream 630gr 31cm  281025 1400002.csv,5119,1,31.0,32.08,630.0,613.7,0.9799,1
ARDG_AQUA bream500gr 30cm  281025 1500002.csv,2661,0,0.0,22.38,0.0,150.8,0.0,0
ARDG_AQUA bream 580gr 30 sm  281025 1254003.csv,8084,0,0.0,30.96,0.0,541.9,0.8377,1
ARDG_AQUA bream 280gr 24cm  281025 1425002.csv,49,0,0.0,24.95,0.0,240.4,0.0,0
ARDG_AQUA bream 630gr 31cm  281025 1400002.csv,259,0,0.0,22.23,0.0,153.3,0.0,0
ARDG_AQUA bream 390gr 26cm  281025 1325005.csv,4935,0,0.0,21.0,0.0,183.4,0.0,0
ARDG_AQUA bream620 gr31cm  281025 1618003.csv,8414,1,31.0,31.12,620.0,540.8,0.9774,1
ARDG_AQUA bream 580gr 30 sm  281025 1254003.csv,3155,0,0.0,22.23,0.0,298.3,0.0,0
ARDG_AQUA bream 280gr 24cm  281025 1425002.csv,1531,0,0.0,23.86,0.0,288.6,0.0,0
ARDG_AQUA bream500gr 30cm  281025 1500003.csv,3158,0,0.0,22.8,0.0,223.3,0.0,0
ARDG_AQUA bream 580gr 30 sm  281025 1254002.csv,11627,0,0.0,20.49,0.0,195.2,0.0,0
ARDG_AQUA bream556gr 30cm  281025 1500002.csv,11923,0,0.0,33.55,0.0,756.0,0.985,1
ARDG_AQUA bream350 gr27cm  281025 1548002.csv,3692,1,27.0,27.2,350.0,348.7,0.9548,1
ARDG_AQUA bream 150gr 21 sm  281025 1132002.csv,4272,0,0.0,19.65,0.0,114.0,0.003,0
ARDG_AQUA bream 150gr 21 sm  281025 1132004.csv,10020,0,0.0,22.84,0.0,139.6,0.0,0
ARDG_AQUA bream 580gr 30 sm  281025 1254003.csv,9554,0,0.0,22.28,0.0,169.7,0.0,0
ARDG_AQUA bream 580gr 30 sm  281025 1254002.csv,9316,0,0.0,29.07,0.0,608.6,0.9733,1
ARDG_AQUA bream 150gr 21 sm  281025 1132002.csv,7080,0,0.0,22.68,0.0,147.0,0.0,0
ARDG_AQUA bream500gr 30cm  281025 1500002.csv,2229,0,0.0,22.81,0.0,220.9,0.0,0
ARDG_AQUA bream630gr 32cm  281025 1500002.csv,5021,1,32.0,31.73,630.0,628.9,0.9812,1
ARDG_AQUA bream 580gr 30 sm  281025 1254002.csv,10988,0,0.0,22.5,0.0,218.4,0.0,0
ARDG_AQUA bream 150gr 21 sm  281025 1132004.csv,10171,0,0.0,22.55,0.0,157.8,0.0,0
ARDG_AQUA bream 150gr 21 sm  281025 1132004.csv,10227,0,0.0,21.69,0.0,146.2,0.7321,1
ARDG_AQUA bream 580gr 30 sm  281025 1254002.csv,6195,1,30.0,31.21,580.0,582.4,0.9762,1
ARDG_AQUA bream620 gr31cm  281025 1618003.csv,3114,0,0.0,25.48,0.0,392.9,0.0,0
ARDG_AQUA bream 150gr 21 sm  281025 1132002.csv,6267,0,0.0,21.91,0.0,129.3,0.0082,0
ARDG_AQUA bream 150gr 21 sm  281025 1132004.csv,1812,0,0.0,23.06,0.0,155.0,0.0,0
ARDG_AQUA bream500gr 30cm  281025 1500002.csv,2635,0,0.0,21.78,0.0,73.4,0.0,0
ARDG_AQUA bream 280gr 24cm  281025 1425002.csv,1401,0,0.0,28.95,0.0,628.3,0.9505,1
ARDG_AQUA bream500gr 30cm  281025 1500002.csv,11406,0,0.0,22.35,0.0,179.2,0.0,0
ARDG_AQUA bream 280gr 24cm  281025 1425002.csv,4781,0,0.0,24.84,0.0,196.0,0.0,0
ARDG_AQUA bream 580gr 30 sm  281025 1254002.csv,298,1,30.0,28.35,580.0,570.6,0.9858,1
ARDG_AQUA bream 630gr 31cm  281025 1400002.csv,2475,1,31.0,30.18,630.0,626.8,0.9655,1
ARDG_AQUA bream 150gr 21 sm  281025 1132002.csv,2812,1,21.0,20.79,150.0,151.7,0.9395,1
ARDG_AQUA bream 150gr 21 sm  281025 1132004.csv,11389,0,0.0,20.77,0.0,127.6,0.0,0
ARDG_AQUA bream 150gr 21 sm  281025 1132004.csv,4313,0,0.0,21.66,0.0,134.9,0.1287,0
ARDG_AQUA bream 390gr 26cm  281025 1325005.csv,1159,1,26.0,25.53,390.0,364.0,0.9762,1
ARDG_AQUA bream 390gr 26cm  281025 1325003.csv,11842,0,0.0,21.13,0.0,164.7,0.0063,0
ARDG_AQUA bream 630gr 31cm  281025 1400002.csv,1633,1,31.0,31.06,630.0,624.7,0.9612,1
ARDG_AQUA bream 390gr 26cm  281025 1325003.csv,7254,1,26.0,25.77,390.0,380.5,0.9689,1
ARDG_AQUA bream500gr 30cm  281025 1500002.csv,10784,0,0.0,22.61,0.0,210.1,0.0,0
ARDG_AQUA bream 580gr 30 sm  281025 1254003.csv,2367,0,0.0,29.01,0.0,532.4,0.0106,0
ARDG_AQUA bream500gr 30cm  281025 1500002.csv,908,0,0.0,22.82,0.0,258.8,0.0,0
ARDG_AQUA bream 150gr 21 sm  281025 1132002.csv,10455,0,0.0,23.11,0.0,166.3,0.0,0
ARDG_AQUA bream556gr 30cm  281025 1500002.csv,8889,0,0.0,29.74,0.0,495.9,0.9704,1
ARDG_AQUA bream 390gr 26cm  281025 1325005.csv,12040,0,0.0,22.79,0.0,156.3,0.0,0
ARDG_AQUA bream620 gr31cm  281025 1618003.csv,11520,0,0.0,22.21,0.0,138.7,0.0,0
ARDG_AQUA bream 150gr 21 sm  281025 1132002.csv,11845,0,0.0,22.75,0.0,145.0,0.0,0
ARDG_AQUA bream350 gr27cm  281025 1548002.csv,3827,1,27.0,26.79,350.0,343.7,0.9476,1
ARDG_AQUA bream500gr 30cm  281025 1500002.csv,9439,0,0.0,24.75,0.0,317.2,0.0,0
ARDG_AQUA bream 580gr 30 sm  281025 1254003.csv,10824,0,0.0,21.58,0.0,143.4,0.0,0
ARDG_AQUA bream 580gr 30 sm  281025 1254003.csv,8984,1,30.0,29.78,580.0,560.3,0.9802,1
ARDG_AQUA bream 580gr 30 sm  281025 1254003.csv,4452,0,0.0,22.24,0.0,289.3,0.0,0
ARDG_AQUA bream 390gr 26cm  281025 1325003.csv,6680,1,26.0,26.33,390.0,385.4,0.9804,1
ARDG_AQUA bream 580gr 30 sm  281025 1254002.csv,9271,0,0.0,26.73,0.0,448.0,0.4832,0
ARDG_AQUA bream500gr 30cm  281025 1500003.csv,381,0,0.0,22.73,0.0,245.3,0.0,0
ARDG_AQUA bream 580gr 30 sm  281025 1254003.csv,4825,1,30.0,31.41,580.0,590.8,0.9647,1
ARDG_AQUA bream630gr 32cm  281025 1500002.csv,1467,1,32.0,30.9,630.0,603.9,0.9811,1
ARDG_AQUA bream 390gr 26cm  281025 1325005.csv,10686,0,0.0,23.91,0.0,438.2,0.017,0
ARDG_AQUA bream556gr 30cm  281025 1500002.csv,8310,0,0.0,24.89,0.0,280.8,0.0,0
ARDG_AQUA bream500gr 30cm  281025 1500003.csv,4001,1,30.0,31.05,500.0,495.3,0.9583,1
ARDG_AQUA bream350 gr27cm  281025 1548002.csv,4984,0,0.0,22.88,0.0,185.0,1e-04,0
ARDG_AQUA bream620 gr31cm  281025 1618003.csv,7649,1,31.0,33.76,620.0,679.1,0.9736,1
ARDG_AQUA bream556gr 30cm  281025 1500002.csv,4692,0,0.0,28.75,0.0,575.2,0.9472,1
ARDG_AQUA bream500gr 30cm  281025 1500003.csv,5269,0,0.0,23.95,0.0,215.1,0.0,0
ARDG_AQUA bream630gr 32cm  281025 1500002.csv,797,0,0.0,30.59,0.0,602.6,0.6844,1
ARDG_AQUA bream500gr 30cm  281025 1500002.csv,1813,0,0.0,23.55,0.0,199.6,0.0,0
ARDG_AQUA bream556gr 30cm  281025 1500002.csv,2207,0,0.0,30.81,0.0,562.3,0.969,1
ARDG_AQUA bream630gr 32cm  281025 1500002.csv,1139,0,0.0,29.96,0.0,545.7,0.0067,0
ARDG_AQUA bream 150gr 21 sm  281025 1132004.csv,5128,1,21.0,20.82,150.0,142.8,0.9315,1
ARDG_AQUA bream 390gr 26cm  281025 1325005.csv,7957,1,26.0,26.07,390.0,377.6,0.9657,1
ARDG_AQUA bream556gr 30cm  281025 1500002.csv,11781,0,0.0,24.67,0.0,353.9,0.0,0
ARDG_AQUA bream 800gr 36cm  281025 1453002.csv,1384,0,0.0,35.39,0.0,680.5,0.311,0
ARDG_AQUA bream 150gr 21 sm  281025 1132002.csv,2896,0,0.0,22.77,0.0,142.4,0.0,0
ARDG_AQUA bream 630gr 31cm  281025 1400002.csv,364,0,0.0,20.38,0.0,115.1,0.0,0
ARDG_AQUA bream620 gr31cm  281025 1618003.csv,3254,0,0.0,22.93,0.0,259.5,0.0,0
ARDG_AQUA bream630gr 32cm  281025 1500002.csv,5871,1,32.0,32.15,630.0,622.8,0.9712,1
ARDG_AQUA bream 630gr 31cm  281025 1400002.csv,9617,0,0.0,21.96,0.0,102.7,0.0,0
ARDG_AQUA bream 630gr 31cm  281025 1400002.csv,11942,0,0.0,22.46,0.0,152.8,0.0,0
ARDG_AQUA bream 630gr 31cm  281025 1400002.csv,5746,1,31.0,31.49,630.0,628.0,0.9771,1
ARDG_AQUA bream500gr 30cm  281025 1500002.csv,11483,0,0.0,22.11,0.0,225.3,0.0,0
ARDG_AQUA bream 390gr 26cm  281025 1325003.csv,11691,0,0.0,22.39,0.0,166.3,0.0,0
ARDG_AQUA bream 630gr 31cm  281025 1400002.csv,149,0,0.0,23.53,0.0,168.3,0.0,0
ARDG_AQUA bream556gr 30cm  281025 1500002.csv,5669,0,0.0,29.91,0.0,504.7,0.0002,0
ARDG_AQUA bream350 gr27cm  281025 1548002.csv,4291,0,0.0,24.85,0.0,384.5,0.0009,0
ARDG_AQUA bream500gr 30cm  281025 1500002.csv,2242,0,0.0,20.73,0.0,167.7,0.0,0
ARDG_AQUA bream 580gr 30 sm  281025 1254002.csv,6969,0,0.0,23.12,0.0,260.6,0.0,0
ARDG_AQUA bream150gr21cm  281025 1548002.csv,3234,0,0.0,24.5,0.0,245.7,0.0,0
ARDG_AQUA bream620 gr31cm  281025 1618003.csv,8336,1,31.0,31.34,620.0,611.1,0.977,1
ARDG_AQUA bream556gr 30cm  281025 1500002.csv,6862,0,0.0,26.73,0.0,389.1,0.0053,0
ARDG_AQUA bream 630gr 31cm  281025 1400002.csv,2618,1,31.0,29.78,630.0,602.9,0.9886,1
ARDG_AQUA bream 580gr 30 sm  281025 1254003.csv,1417,0,0.0,30.3,0.0,551.2,0.948,1
ARDG_AQUA bream556gr 30cm  281025 1500002.csv,8276,0,0.0,28.37,0.0,491.9,0.0173,0
ARDG_AQUA bream 390gr 26cm  281025 1325005.csv,8202,1,26.0,26.15,390.0,388.5,0.9611,1
ARDG_AQUA bream 580gr 30 sm  281025 1254003.csv,11404,0,0.0,21.04,0.0,79.2,0.0,0
ARDG_AQUA bream 150gr 21 sm  281025 1132004.csv,11417,0,0.0,22.38,0.0,110.4,0.0,0
ARDG_AQUA bream556gr 30cm  281025 1500002.csv,11270,0,0.0,31.51,0.0,625.3,0.0047,0
ARDG_AQUA bream 310gr 23 sm  281025 1233002.csv,556,0,0.0,21.57,0.0,147.0,0.0,0
ARDG_AQUA bream 630gr 31cm  281025 1400002.csv,8552,1,31.0,31.06,630.0,654.5,0.9904,1
ARDG_AQUA bream620 gr31cm  281025 1618003.csv,10377,0,0.0,23.55,0.0,188.9,0.0,0
ARDG_AQUA bream500gr 30cm  281025 1500003.csv,431,0,0.0,23.86,0.0,269.5,0.0,0
ARDG_AQUA bream620 gr31cm  281025 1618003.csv,11119,0,0.0,23.65,0.0,172.5,0.0,0
ARDG_AQUA bream150gr21cm  281025 1548002.csv,259,0,0.0,21.73,0.0,100.4,0.0,0
ARDG_AQUA bream 580gr 30 sm  281025 1254002.csv,7435,1,30.0,29.31,580.0,567.9,0.9771,1
ARDG_AQUA bream 580gr 30 sm  281025 1254003.csv,5766,0,0.0,29.86,0.0,520.4,0.7367,1
ARDG_AQUA bream 150gr 21 sm  281025 1132002.csv,10607,0,0.0,22.59,0.0,144.1,0.0,0
ARDG_AQUA bream150gr21cm  281025 1548002.csv,1744,0,0.0,21.94,0.0,180.2,0.0,0
ARDG_AQUA bream 150gr 21 sm  281025 1132002.csv,7121,0,0.0,22.7,0.0,141.1,0.0005,0
ARDG_AQUA bream500gr 30cm  281025 1500003.csv,358,0,0.0,25.86,0.0,294.8,0.0,0
ARDG_AQUA bream 310gr 23 sm  281025 1233003.csv,1223,0,0.0,21.96,0.0,164.3,0.0,0
ARDG_AQUA bream 680gr 33 sm  281025 1208003.csv,2751,1,33.0,32.37,680.0,644.2,0.9904,1
ARDG_AQUA bream 390gr 26cm  281025 1325005.csv,10719,0,0.0,27.17,0.0,452.6,0.9434,1
ARDG_AQUA bream 680gr 33 sm  281025 1208003.csv,10399,0,0.0,21.65,0.0,173.1,1e-04,0
ARDG_AQUA bream500gr 30cm  281025 1500002.csv,4017,0,0.0,24.73,0.0,158.0,0.0,0
ARDG_AQUA bream 150gr 21 sm  281025 1132002.csv,10611,0,0.0,22.66,0.0,137.3,0.0,0
ARDG_AQUA bream350 gr27cm  281025 1548002.csv,3907,1,27.0,27.0,350.0,351.3,0.9606,1
ARDG_AQUA bream 150gr 21 sm  281025 1132004.csv,3431,1,21.0,20.82,150.0,146.8,0.9291,1
ARDG_AQUA bream 580gr 30 sm  281025 1254003.csv,4549,0,0.0,22.09,0.0,225.9,0.0,0
ARDG_AQUA bream 680gr 33 sm  281025 1208003.csv,2299,0,0.0,21.92,0.0,168.8,1e-04,0
ARDG_AQUA bream500gr 30cm  281025 1500002.csv,5698,0,0.0,21.48,0.0,170.0,0.0,0
ARDG_AQUA bream 580gr 30 sm  281025 1254003.csv,7340,0,0.0,21.06,0.0,123.3,0.0,0
ARDG_AQUA bream 150gr 21 sm  281025 1132004.csv,11701,0,0.0,23.08,0.0,147.6,0.0,0
ARDG_AQUA bream556gr 30cm  281025 1500002.csv,11469,0,0.0,28.26,0.0,505.4,0.9534,1
ARDG_AQUA bream 680gr 33 sm  281025 1208003.csv,8417,0,0.0,21.8,0.0,185.2,0.0,0
ARDG_AQUA bream630gr 32cm  281025 1500002.csv,1303,1,32.0,31.63,630.0,615.9,0.9666,1
ARDG_AQUA bream620 gr31cm  281025 1618003.csv,2534,0,0.0,25.12,0.0,136.0,0.0,0
ARDG_AQUA bream620 gr31cm  281025 1618003.csv,2054,0,0.0,21.7,0.0,131.8,0.0071,0
ARDG_AQUA bream630gr 32cm  281025 1500002.csv,884,1,32.0,32.0,630.0,638.7,0.9818,1
ARDG_AQUA bream500gr 30cm  281025 1500003.csv,1246,0,0.0,26.73,0.0,358.4,0.0,0
ARDG_AQUA bream500gr 30cm  281025 1500002.csv,10786,0,0.0,22.06,0.0,205.4,0.0,0
ARDG_AQUA bream 340gr 27cm  281025 1415002.csv,1471,0,0.0,24.91,0.0,238.3,0.0,0
ARDG_AQUA bream 150gr 21 sm  281025 1132002.csv,8020,0,0.0,22.73,0.0,152.2,0.0,0
ARDG_AQUA bream500gr 30cm  281025 1500002.csv,7965,0,0.0,22.77,0.0,136.2,0.0,0
ARDG_AQUA bream 390gr 26cm  281025 1325005.csv,11836,0,0.0,21.5,0.0,179.7,0.0,0
ARDG_AQUA bream556gr 30cm  281025 1500002.csv,4496,0,0.0,26.94,0.0,391.1,0.0,0
ARDG_AQUA bream150gr21cm  281025 1548002.csv,5142,0,0.0,22.46,0.0,158.3,0.0,0
ARDG_AQUA bream556gr 30cm  281025 1500002.csv,11181,0,0.0,26.36,0.0,414.0,0.0047,0
ARDG_AQUA bream 150gr 21 sm  281025 1132004.csv,2819,0,0.0,22.37,0.0,171.8,0.0017,0
ARDG_AQUA bream500gr 30cm  281025 1500002.csv,4611,0,0.0,26.66,0.0,321.8,0.0,0
ARDG_AQUA bream 390gr 26cm  281025 1325005.csv,2375,1,26.0,26.28,390.0,376.0,0.9677,1
ARDG_AQUA bream 280gr 24cm  281025 1425002.csv,1356,0,0.0,23.67,0.0,247.2,0.3796,0
ARDG_AQUA bream 580gr 30 sm  281025 1254003.csv,4011,0,0.0,30.24,0.0,581.4,0.9606,1
ARDG_AQUA bream500gr 30cm  281025 1500002.csv,10298,0,0.0,21.91,0.0,164.7,0.0,0
ARDG_AQUA bream556gr 30cm  281025 1500002.csv,4009,1,30.0,30.79,556.0,585.4,0.9824,1
ARDG_AQUA bream 150gr 21 sm  281025 1132004.csv,9390,0,0.0,22.27,0.0,155.8,0.0,0
ARDG_AQUA bream350 gr27cm  281025 1548002.csv,5120,0,0.0,22.97,0.0,92.5,0.0,0
ARDG_AQUA bream 280gr 24cm  281025 1425002.csv,4222,0,0.0,24.77,0.0,160.1,0.0,0
ARDG_AQUA bream 580gr 30 sm  281025 1254003.csv,1131,0,0.0,21.57,0.0,111.2,0.0,0
ARDG_AQUA bream620 gr31cm  281025 1618003.csv,4536,0,0.0,25.63,0.0,236.6,0.0,0
ARDG_AQUA bream150gr21cm  281025 1548002.csv,1035,0,0.0,23.09,0.0,230.8,0.0,0
ARDG_AQUA bream 390gr 26cm  281025 1325003.csv,8574,1,26.0,26.81,390.0,384.0,0.968,1
ARDG_AQUA bream 150gr 21 sm  281025 1132002.csv,6634,0,0.0,22.6,0.0,123.8,0.0,0
ARDG_AQUA bream 630gr 31cm  281025 1400002.csv,5480,1,31.0,29.83,630.0,603.7,0.9771,1
ARDG_AQUA bream 150gr 21 sm  281025 1132004.csv,2060,0,0.0,21.8,0.0,138.0,0.0011,0
ARDG_AQUA bream500gr 30cm  281025 1500002.csv,3388,0,0.0,21.65,0.0,189.3,1e-04,0
ARDG_AQUA bream 150gr 21 sm  281025 1132002.csv,9994,0,0.0,22.11,0.0,155.4,0.0,0
ARDG_AQUA bream 150gr 21 sm  281025 1132002.csv,6636,0,0.0,22.74,0.0,119.2,0.0,0
ARDG_AQUA bream500gr 30cm  281025 1500002.csv,11416,0,0.0,23.85,0.0,204.7,0.0,0
ARDG_AQUA bream 310gr 23 sm  281025 1233002.csv,2421,1,23.0,22.78,310.0,302.4,0.8804,1
ARDG_AQUA bream620 gr31cm  281025 1618003.csv,11610,1,31.0,31.31,620.0,595.1,0.8552,1
ARDG_AQUA bream 580gr 30 sm  281025 1254003.csv,8086,0,0.0,30.74,0.0,537.2,0.5704,1
ARDG_AQUA bream 580gr 30 sm  281025 1254003.csv,4392,0,0.0,22.84,0.0,247.8,0.0,0
ARDG_AQUA bream350 gr27cm  281025 1548002.csv,152,0,0.0,23.59,0.0,203.3,0.0,0
ARDG_AQUA bream 630gr 31cm  281025 1400002.csv,379,0,0.0,21.69,0.0,199.7,0.0,0
ARDG_AQUA bream556gr 30cm  281025 1500002.csv,6741,1,30.0,29.74,556.0,556.6,0.8416,1
ARDG_AQUA bream 150gr 21 sm  281025 1132004.csv,1765,0,0.0,21.58,0.0,173.4,0.0651,0
ARDG_AQUA bream500gr 30cm  281025 1500002.csv,9443,0,0.0,24.35,0.0,259.7,0.0,0
ARDG_AQUA bream 390gr 26cm  281025 1325005.csv,3142,0,0.0,21.79,0.0,183.7,0.0,0
ARDG_AQUA bream350 gr27cm  281025 1548002.csv,1326,1,27.0,27.1,350.0,345.4,0.9525,1
ARDG_AQUA bream620 gr31cm  281025 1618003.csv,2498,0,0.0,21.41,0.0,176.2,0.0014,0
ARDG_AQUA bream 630gr 31cm  281025 1400002.csv,8659,0,0.0,22.95,0.0,147.5,0.0,0
ARDG_AQUA bream 390gr 26cm  281025 1325005.csv,10736,0,0.0,24.04,0.0,434.9,0.9577,1
ARDG_AQUA bream150gr21cm  281025 1548002.csv,6086,0,0.0,25.37,0.0,296.8,0.0,0
ARDG_AQUA bream150gr21cm  281025 1548002.csv,7108,0,0.0,22.44,0.0,165.7,0.0181,0
ARDG_AQUA bream 340gr 27cm  281025 1415002.csv,744,0,0.0,22.58,0.0,145.2,0.0,0
ARDG_AQUA bream150gr21cm  281025 1548002.csv,3145,1,21.0,21.41,150.0,155.3,0.9618,1
ARDG_AQUA bream 280gr 24cm  281025 1425002.csv,4086,0,0.0,24.2,0.0,265.6,0.0,0
ARDG_AQUA bream 680gr 33 sm  281025 1208003.csv,5641,0,0.0,21.81,0.0,135.8,1e-04,0
ARDG_AQUA bream 580gr 30 sm  281025 1254002.csv,7815,1,30.0,31.11,580.0,599.4,0.9835,1
ARDG_AQUA bream 630gr 31cm  281025 1400002.csv,9568,0,0.0,25.1,0.0,271.1,0.0,0
ARDG_AQUA bream350 gr27cm  281025 1548002.csv,6372,0,0.0,23.86,0.0,210.8,0.0023,0
ARDG_AQUA bream 390gr 26cm  281025 1325005.csv,4387,0,0.0,19.65,0.0,168.1,0.0014,0
ARDG_AQUA bream 280gr 24cm  281025 1425002.csv,4001,0,0.0,23.11,0.0,134.0,0.0,0
ARDG_AQUA bream 150gr 21 sm  281025 1132004.csv,6353,0,0.0,22.33,0.0,142.2,0.0,0
ARDG_AQUA bream556gr 30cm  281025 1500002.csv,8502,0,0.0,25.04,0.0,292.8,0.0,0
ARDG_AQUA bream 580gr 30 sm  281025 1254003.csv,3694,1,30.0,29.55,580.0,579.0,0.9784,1
ARDG_AQUA bream500gr 30cm  281025 1500003.csv,4357,0,0.0,23.6,0.0,253.0,0.0,0
ARDG_AQUA bream556gr 30cm  281025 1500002.csv,10889,0,0.0,29.57,0.0,527.8,0.8164,1
ARDG_AQUA bream500gr 30cm  281025 1500002.csv,2657,0,0.0,21.66,0.0,123.3,0.0,0
ARDG_AQUA bream 280gr 24cm  281025 1425002.csv,4179,0,0.0,23.1,0.0,179.6,0.0,0
ARDG_AQUA bream 150gr 21 sm  281025 1132002.csv,5608,0,0.0,21.33,0.0,150.2,0.4561,0
ARDG_AQUA bream 800gr 36cm  281025 1453002.csv,4288,0,0.0,25.2,0.0,308.0,0.0,0
ARDG_AQUA bream500gr 30cm  281025 1500003.csv,1175,0,0.0,23.51,0.0,204.6,0.0,0
ARDG_AQUA bream 310gr 23 sm  281025 1233002.csv,6413,1,23.0,23.91,310.0,316.2,0.9541,1
ARDG_AQUA bream556gr 30cm  281025 1500002.csv,11247,0,0.0,31.72,0.0,608.7,0.9464,1
ARDG_AQUA bream500gr 30cm  281025 1500002.csv,3961,0,0.0,24.23,0.0,238.3,0.0,0
ARDG_AQUA bream 390gr 26cm  281025 1325005.csv,8116,1,26.0,25.63,390.0,363.1,0.928,1
ARDG_AQUA bream556gr 30cm  281025 1500002.csv,2869,0,0.0,27.52,0.0,439.6,0.002,0
ARDG_AQUA bream150gr21cm  281025 1548002.csv,4274,0,0.0,23.35,0.0,125.6,0.0,0
ARDG_AQUA bream500gr 30cm  281025 1500002.csv,1927,1,30.0,29.22,500.0,558.0,0.9852,1
ARDG_AQUA bream 580gr 30 sm  281025 1254003.csv,10029,1,30.0,30.65,580.0,529.2,0.9707,1
ARDG_AQUA bream 390gr 26cm  281025 1325005.csv,11854,0,0.0,20.51,0.0,106.5,0.0,0
ARDG_AQUA bream 580gr 30 sm  281025 1254002.csv,10588,1,30.0,30.11,580.0,585.7,0.9567,1
ARDG_AQUA bream 310gr 23 sm  281025 1233003.csv,755,0,0.0,21.8,0.0,140.1,0.0,0
ARDG_AQUA bream150gr21cm  281025 1548002.csv,8568,0,0.0,22.94,0.0,213.9,0.0,0
ARDG_AQUA bream 390gr 26cm  281025 1325003.csv,11229,1,26.0,26.62,390.0,391.9,0.8241,1
ARDG_AQUA bream556gr 30cm  281025 1500002.csv,7732,0,0.0,24.8,0.0,339.3,0.0007,0
ARDG_AQUA bream 580gr 30 sm  281025 1254003.csv,2599,0,0.0,27.99,0.0,407.0,1e-04,0
ARDG_AQUA bream350 gr27cm  281025 1548002.csv,655,0,0.0,21.29,0.0,114.3,0.0017,0
ARDG_AQUA bream 150gr 21 sm  281025 1132004.csv,2862,0,0.0,22.72,0.0,155.3,0.0,0
ARDG_AQUA bream 390gr 26cm  281025 1325003.csv,9528,0,0.0,24.19,0.0,234.3,0.0,0
ARDG_AQUA bream 150gr 21 sm  281025 1132002.csv,11155,0,0.0,22.92,0.0,150.3,0.0,0
ARDG_AQUA bream150gr21cm  281025 1548002.csv,1074,0,0.0,23.46,0.0,125.4,0.0,0
ARDG_AQUA bream 390gr 26cm  281025 1325005.csv,4181,1,26.0,26.76,390.0,395.4,0.973,1
ARDG_AQUA bream500gr 30cm  281025 1500002.csv,6210,0,0.0,22.8,0.0,188.4,0.0,0
ARDG_AQUA bream 390gr 26cm  281025 1325005.csv,5572,0,0.0,20.36,0.0,150.8,0.0008,0
ARDG_AQUA bream 580gr 30 sm  281025 1254003.csv,5974,0,0.0,25.99,0.0,448.3,1e-04,0
ARDG_AQUA bream500gr 30cm  281025 1500002.csv,11322,1,30.0,29.9,500.0,498.9,0.9741,1
ARDG_AQUA bream 150gr 21 sm  281025 1132004.csv,8183,0,0.0,22.61,0.0,151.4,0.0,0
ARDG_AQUA bream 390gr 26cm  281025 1325005.csv,509,0,0.0,22.35,0.0,252.9,0.0,0
ARDG_AQUA bream 580gr 30 sm  281025 1254003.csv,4563,0,0.0,21.92,0.0,239.1,0.0,0
ARDG_AQUA bream 390gr 26cm  281025 1325003.csv,11923,0,0.0,23.78,0.0,253.8,0.0,0
ARDG_AQUA bream 150gr 21 sm  281025 1132002.csv,10034,0,0.0,22.59,0.0,151.4,0.0,0
ARDG_AQUA bream 580gr 30 sm  281025 1254003.csv,4417,0,0.0,23.08,0.0,161.8,0.0,0
ARDG_AQUA bream 580gr 30 sm  281025 1254003.csv,5809,0,0.0,20.85,0.0,140.1,0.0,0
ARDG_AQUA bream556gr 30cm  281025 1500002.csv,11777,0,0.0,25.36,0.0,275.7,0.0,0
ARDG_AQUA bream500gr 30cm  281025 1500003.csv,420,0,0.0,24.37,0.0,226.3,0.0,0
ARDG_AQUA bream500gr 30cm  281025 1500002.csv,1827,0,0.0,25.18,0.0,244.6,0.0,0
ARDG_AQUA bream 310gr 23 sm  281025 1233002.csv,7017,1,23.0,24.31,310.0,382.7,0.9783,1
ARDG_AQUA bream 580gr 30 sm  281025 1254002.csv,9037,0,0.0,30.78,0.0,582.4,0.8344,1
ARDG_AQUA bream 580gr 30 sm  281025 1254003.csv,3176,0,0.0,30.52,0.0,541.1,0.0496,0
ARDG_AQUA bream 580gr 30 sm  281025 1254003.csv,8408,0,0.0,29.25,0.0,514.9,0.0426,0
ARDG_AQUA bream 580gr 30 sm  281025 1254003.csv,6873,0,0.0,25.77,0.0,296.0,1e-04,0
ARDG_AQUA bream 390gr 26cm  281025 1325003.csv,11925,0,0.0,23.04,0.0,195.6,0.0,0
ARDG_AQUA bream 150gr 21 sm  281025 1132004.csv,3285,0,0.0,22.34,0.0,152.1,0.0,0
ARDG_AQUA bream556gr 30cm  281025 1500002.csv,7373,0,0.0,29.68,0.0,556.0,0.5117,1
ARDG_AQUA bream620 gr31cm  281025 1618004.csv,1948,0,0.0,22.87,0.0,246.9,0.0,0
ARDG_AQUA bream 580gr 30 sm  281025 1254002.csv,3669,1,30.0,28.22,580.0,468.5,0.9784,1
ARDG_AQUA bream500gr 30cm  281025 1500002.csv,5983,0,0.0,21.94,0.0,144.5,1e-04,0
ARDG_AQUA bream620 gr31cm  281025 1618003.csv,4509,0,0.0,26.97,0.0,248.7,0.0,0
ARDG_AQUA bream 680gr 33 sm  281025 1208003.csv,5014,1,33.0,32.1,680.0,628.8,0.9832,1
ARDG_AQUA bream500gr 30cm  281025 1500002.csv,8660,0,0.0,24.93,0.0,286.8,0.0,0
ARDG_AQUA bream556gr 30cm  281025 1500002.csv,11629,0,0.0,27.63,0.0,470.0,0.0,0
ARDG_AQUA bream350 gr27cm  281025 1548002.csv,4048,0,0.0,24.29,0.0,190.0,0.0,0
ARDG_AQUA bream 150gr 21 sm  281025 1132002.csv,9353,0,0.0,21.93,0.0,147.3,0.0011,0
ARDG_AQUA bream500gr 30cm  281025 1500002.csv,1818,0,0.0,24.16,0.0,175.6,0.0,0
ARDG_AQUA bream 280gr 24cm  281025 1425002.csv,1528,0,0.0,23.34,0.0,254.4,0.0,0
ARDG_AQUA bream 390gr 26cm  281025 1325005.csv,2200,1,26.0,26.37,390.0,384.3,0.9522,1
ARDG_AQUA bream 150gr 21 sm  281025 1132004.csv,7278,0,0.0,22.33,0.0,137.5,0.0,0
ARDG_AQUA bream150gr21cm  281025 1548002.csv,3312,0,0.0,23.67,0.0,275.3,1e-04,0
ARDG_AQUA bream 390gr 26cm  281025 1325005.csv,11413,0,0.0,22.28,0.0,153.6,0.0,0
ARDG_AQUA bream 390gr 26cm  281025 1325005.csv,7811,1,26.0,27.8,390.0,406.8,0.9724,1
ARDG_AQUA bream150gr21cm  281025 1548002.csv,2540,0,0.0,25.77,0.0,222.9,0.0,0
ARDG_AQUA bream 580gr 30 sm  281025 1254003.csv,1337,0,0.0,30.3,0.0,541.9,0.2955,0
ARDG_AQUA bream 150gr 21 sm  281025 1132002.csv,8629,0,0.0,22.82,0.0,137.5,0.0,0
ARDG_AQUA bream150gr21cm  281025 1548002.csv,2619,0,0.0,23.41,0.0,237.4,0.0,0
ARDG_AQUA bream 390gr 26cm  281025 1325003.csv,1174,0,0.0,23.02,0.0,208.0,0.0,0
ARDG_AQUA bream 390gr 26cm  281025 1325003.csv,11632,0,0.0,23.36,0.0,196.1,0.0,0
ARDG_AQUA bream 150gr 21 sm  281025 1132002.csv,9771,0,0.0,22.49,0.0,145.0,0.0,0
ARDG_AQUA bream150gr21cm  281025 1548002.csv,266,0,0.0,21.0,0.0,75.6,0.0,0
ARDG_AQUA bream350 gr27cm  281025 1548002.csv,567,1,27.0,28.42,350.0,391.5,0.9732,1
ARDG_AQUA bream 390gr 26cm  281025 1325005.csv,4956,0,0.0,23.1,0.0,176.2,0.0,0
ARDG_AQUA bream 390gr 26cm  281025 1325005.csv,8481,1,26.0,26.35,390.0,402.4,0.9542,1
ARDG_AQUA bream 310gr 23 sm  281025 1233002.csv,67,0,0.0,22.45,0.0,186.9,0.0,0
ARDG_AQUA bream630gr 32cm  281025 1500002.csv,1146,0,0.0,30.92,0.0,617.2,0.0498,0
ARDG_AQUA bream 310gr 23 sm  281025 1233002.csv,6859,1,23.0,22.47,310.0,300.9,0.9641,1
ARDG_AQUA bream500gr 30cm  281025 1500002.csv,1291,0,0.0,22.91,0.0,263.5,1e-04,0
ARDG_AQUA bream 150gr 21 sm  281025 1132002.csv,5435,1,21.0,20.46,150.0,151.2,0.9033,1
ARDG_AQUA bream 150gr 21 sm  281025 1132002.csv,7183,0,0.0,22.42,0.0,148.1,0.0,0
ARDG_AQUA bream 390gr 26cm  281025 1325003.csv,10521,1,26.0,26.44,390.0,372.4,0.9494,1
ARDG_AQUA bream 800gr 36cm  281025 1453002.csv,3503,1,36.0,35.93,800.0,784.7,0.9858,1
ARDG_AQUA bream 580gr 30 sm  281025 1254003.csv,9374,1,30.0,30.19,580.0,558.8,0.9783,1
ARDG_AQUA bream556gr 30cm  281025 1500002.csv,11377,1,30.0,29.62,556.0,543.0,0.9702,1
ARDG_AQUA bream500gr 30cm  281025 1500002.csv,4981,0,0.0,23.87,0.0,190.6,0.0,0
ARDG_AQUA bream 680gr 33 sm  281025 1208003.csv,392,0,0.0,21.52,0.0,166.5,0.0002,0
ARDG_AQUA bream 390gr 26cm  281025 1325003.csv,2131,0,0.0,22.02,0.0,213.6,0.0,0
ARDG_AQUA bream 580gr 30 sm  281025 1254003.csv,1796,0,0.0,30.38,0.0,616.7,0.9742,1
ARDG_AQUA bream 150gr 21 sm  281025 1132002.csv,3660,0,0.0,25.71,0.0,178.0,0.0,0
ARDG_AQUA bream 150gr 21 sm  281025 1132004.csv,3906,0,0.0,22.27,0.0,157.0,0.0,0
ARDG_AQUA bream350 gr27cm  281025 1548002.csv,1466,1,27.0,26.94,350.0,342.2,0.9457,1
ARDG_AQUA bream 310gr 23 sm  281025 1233002.csv,4890,0,0.0,21.09,0.0,166.6,0.0,0
ARDG_AQUA bream556gr 30cm  281025 1500003.csv,1355,0,0.0,21.58,0.0,67.1,0.0,0
ARDG_AQUA bream500gr 30cm  281025 1500002.csv,11213,0,0.0,22.86,0.0,129.7,0.0,0
ARDG_AQUA bream 800gr 36cm  281025 1453002.csv,1688,0,0.0,35.0,0.0,651.3,0.0,0
ARDG_AQUA bream 630gr 31cm  281025 1400002.csv,249,0,0.0,21.69,0.0,149.0,0.0,0
ARDG_AQUA bream 630gr 31cm  281025 1400002.csv,324,0,0.0,23.04,0.0,143.1,0.0,0
ARDG_AQUA bream 150gr 21 sm  281025 1132004.csv,8283,0,0.0,23.03,0.0,157.4,0.0,0
ARDG_AQUA bream 580gr 30 sm  281025 1254003.csv,7141,0,0.0,28.48,0.0,532.9,0.2795,0
ARDG_AQUA bream 630gr 31cm  281025 1400002.csv,6787,0,0.0,22.6,0.0,185.3,0.0,0
ARDG_AQUA bream 150gr 21 sm  281025 1132002.csv,6891,0,0.0,23.16,0.0,158.5,0.0,0
ARDG_AQUA bream 680gr 33 sm  281025 1208003.csv,3985,1,33.0,32.03,680.0,673.1,0.9865,1
ARDG_AQUA bream556gr 30cm  281025 1500002.csv,11465,0,0.0,28.09,0.0,488.3,0.9417,1
ARDG_AQUA bream 150gr 21 sm  281025 1132004.csv,11621,0,0.0,23.08,0.0,132.2,0.0,0
ARDG_AQUA bream 580gr 30 sm  281025 1254002.csv,10811,0,0.0,19.7,0.0,133.3,0.0,0
ARDG_AQUA bream 310gr 23 sm  281025 1233002.csv,3438,1,23.0,22.57,310.0,309.8,0.9308,1
ARDG_AQUA bream 150gr 21 sm  281025 1132004.csv,10337,0,0.0,21.8,0.0,148.8,0.0006,0
ARDG_AQUA bream 390gr 26cm  281025 1325005.csv,10798,0,0.0,21.98,0.0,257.5,0.0,0
ARDG_AQUA bream 150gr 21 sm  281025 1132002.csv,7811,1,21.0,20.52,150.0,140.8,0.9415,1
ARDG_AQUA bream 580gr 30 sm  281025 1254002.csv,7250,0,0.0,22.81,0.0,225.3,0.0,0
ARDG_AQUA bream350 gr27cm  281025 1548002.csv,5296,1,27.0,26.19,350.0,344.7,0.949,1
ARDG_AQUA bream 580gr 30 sm  281025 1254003.csv,6003,0,0.0,30.08,0.0,543.5,0.121,0
ARDG_AQUA bream556gr 30cm  281025 1500003.csv,1335,0,0.0,23.67,0.0,169.0,0.0,0
ARDG_AQUA bream500gr 30cm  281025 1500002.csv,1833,0,0.0,25.61,0.0,212.4,0.0,0
ARDG_AQUA bream 390gr 26cm  281025 1325005.csv,7670,1,26.0,25.93,390.0,379.1,0.9782,1
ARDG_AQUA bream350 gr27cm  281025 1548002.csv,5178,0,0.0,23.75,0.0,163.1,0.0,0
ARDG_AQUA bream150gr21cm  281025 1548002.csv,2302,1,21.0,22.13,150.0,242.4,0.9518,1
ARDG_AQUA bream 580gr 30 sm  281025 1254003.csv,1811,0,0.0,26.24,0.0,499.0,0.0006,0
ARDG_AQUA bream 580gr 30 sm  281025 1254002.csv,11356,1,30.0,30.0,580.0,566.8,0.9668,1
ARDG_AQUA bream 630gr 31cm  281025 1400002.csv,9603,0,0.0,23.84,0.0,96.9,0.0,0
ARDG_AQUA bream 680gr 33 sm  281025 1208003.csv,6343,1,33.0,32.59,680.0,675.9,0.9839,1
ARDG_AQUA bream556gr 30cm  281025 1500002.csv,5776,0,0.0,29.54,0.0,511.6,0.9595,1
ARDG_AQUA bream150gr21cm  281025 1548002.csv,2544,0,0.0,25.8,0.0,212.9,0.0,0
ARDG_AQUA bream 580gr 30 sm  281025 1254002.csv,5191,1,30.0,29.73,580.0,590.9,0.9601,1
ARDG_AQUA bream556gr 30cm  281025 1500002.csv,10152,0,0.0,30.4,0.0,584.9,0.9366,1
ARDG_AQUA bream556gr 30cm  281025 1500002.csv,5629,0,0.0,30.06,0.0,554.4,0.9516,1
ARDG_AQUA bream 580gr 30 sm  281025 1254003.csv,2238,0,0.0,29.75,0.0,528.0,0.9612,1
ARDG_AQUA bream150gr21cm  281025 1548002.csv,1749,0,0.0,21.49,0.0,158.8,0.0,0
ARDG_AQUA bream500gr 30cm  281025 1500002.csv,8678,0,0.0,22.59,0.0,194.5,0.0,0
ARDG_AQUA bream630gr 32cm  281025 1500002.csv,4777,0,0.0,30.88,0.0,528.2,0.0737,0
ARDG_AQUA bream 580gr 30 sm  281025 1254003.csv,4491,0,0.0,22.07,0.0,224.4,0.0,0
ARDG_AQUA bream 150gr 21 sm  281025 1132002.csv,8620,0,0.0,22.64,0.0,147.5,0.0,0
ARDG_AQUA bream 800gr 36cm  281025 1453002.csv,2764,0,0.0,30.59,0.0,529.5,0.0204,0
ARDG_AQUA bream500gr 30cm  281025 1500002.csv,8187,0,0.0,22.62,0.0,116.8,0.0,0
ARDG_AQUA bream500gr 30cm  281025 1500003.csv,1024,1,30.0,28.84,500.0,490.0,0.9669,1
ARDG_AQUA bream500gr 30cm  281025 1500002.csv,1842,0,0.0,26.78,0.0,216.8,0.0,0
ARDG_AQUA bream350 gr27cm  281025 1548002.csv,1890,0,0.0,24.1,0.0,233.5,0.0,0
ARDG_AQUA bream150gr21cm  281025 1548002.csv,6727,0,0.0,24.81,0.0,237.8,0.0,0
ARDG_AQUA bream150gr21cm  281025 1548002.csv,7082,0,0.0,21.32,0.0,163.3,0.0,0
ARDG_AQUA bream 630gr 31cm  281025 1400002.csv,10628,1,31.0,30.11,630.0,644.2,0.9655,1
ARDG_AQUA bream500gr 30cm  281025 1500002.csv,6406,0,0.0,22.24,0.0,179.2,0.0,0
ARDG_AQUA bream 680gr 33 sm  281025 1208003.csv,4383,1,33.0,33.1,680.0,675.9,0.9898,1
ARDG_AQUA bream 150gr 21 sm  281025 1132004.csv,1758,0,0.0,21.59,0.0,158.9,1e-04,0
ARDG_AQUA bream 580gr 30 sm  281025 1254002.csv,8203,0,0.0,21.82,0.0,211.2,0.0,0
ARDG_AQUA bream630gr 32cm  281025 1500002.csv,6940,0,0.0,21.34,0.0,192.8,0.0,0
ARDG_AQUA bream556gr 30cm  281025 1500002.csv,359,0,0.0,29.7,0.0,479.9,0.0123,0
ARDG_AQUA bream 390gr 26cm  281025 1325005.csv,10960,0,0.0,20.3,0.0,99.6,0.0,0
ARDG_AQUA bream500gr 30cm  281025 1500002.csv,3953,0,0.0,25.07,0.0,287.4,0.0,0
ARDG_AQUA bream350 gr27cm  281025 1548002.csv,3330,0,0.0,24.83,0.0,181.8,0.0,0
ARDG_AQUA bream 800gr 36cm  281025 1453002.csv,2302,0,0.0,33.73,0.0,703.0,0.3073,0
ARDG_AQUA bream556gr 30cm  281025 1500002.csv,11757,0,0.0,25.92,0.0,286.6,0.0,0
ARDG_AQUA bream620 gr31cm  281025 1618003.csv,11857,0,0.0,22.75,0.0,200.3,0.0,0
ARDG_AQUA bream 630gr 31cm  281025 1400002.csv,3139,0,0.0,24.41,0.0,172.9,0.0,0
ARDG_AQUA bream 150gr 21 sm  281025 1132004.csv,2294,0,0.0,22.36,0.0,130.7,0.0,0
ARDG_AQUA bream 390gr 26cm  281025 1325005.csv,11536,0,0.0,20.51,0.0,150.2,0.0,0
ARDG_AQUA bream 630gr 31cm  281025 1400002.csv,7254,1,31.0,30.19,630.0,650.3,0.9836,1
ARDG_AQUA bream556gr 30cm  281025 1500002.csv,2255,0,0.0,26.95,0.0,281.5,0.0004,0
ARDG_AQUA bream 390gr 26cm  281025 1325005.csv,177,0,0.0,24.74,0.0,254.0,0.0,0
ARDG_AQUA bream150gr21cm  281025 1548002.csv,3625,0,0.0,22.62,0.0,178.9,0.0,0
ARDG_AQUA bream 310gr 23 sm  281025 1233002.csv,2132,0,0.0,22.23,0.0,305.0,0.6582,1
ARDG_AQUA bream556gr 30cm  281025 1500002.csv,6117,1,30.0,29.9,556.0,531.9,0.9734,1
ARDG_AQUA bream500gr 30cm  281025 1500002.csv,11428,0,0.0,24.6,0.0,199.5,0.0,0
ARDG_AQUA bream150gr21cm  281025 1548002.csv,6588,1,21.0,22.19,150.0,165.1,0.9464,1
ARDG_AQUA bream 580gr 30 sm  281025 1254003.csv,5604,0,0.0,31.03,0.0,531.1,0.377,0
ARDG_AQUA bream556gr 30cm  281025 1500002.csv,8146,0,0.0,24.91,0.0,424.6,0.0537,0
ARDG_AQUA bream620 gr31cm  281025 1618003.csv,8567,1,31.0,31.44,620.0,616.3,0.9648,1
ARDG_AQUA bream350 gr27cm  281025 1548002.csv,5959,0,0.0,25.7,0.0,202.4,0.0,0
ARDG_AQUA bream 280gr 24cm  281025 1425002.csv,1232,0,0.0,25.27,0.0,336.5,0.9414,1
ARDG_AQUA bream500gr 30cm  281025 1500002.csv,11460,0,0.0,21.77,0.0,144.1,0.0,0
ARDG_AQUA bream 150gr 21 sm  281025 1132004.csv,2364,0,0.0,21.7,0.0,154.0,0.0045,0
ARDG_AQUA bream 150gr 21 sm  281025 1132004.csv,1350,0,0.0,22.62,0.0,165.9,0.0,0
ARDG_AQUA bream620 gr31cm  281025 1618003.csv,11932,1,31.0,31.11,620.0,619.8,0.9559,1
ARDG_AQUA bream556gr 30cm  281025 1500003.csv,1454,0,0.0,24.24,0.0,264.4,0.0,0
ARDG_AQUA bream 150gr 21 sm  281025 1132002.csv,8326,0,0.0,23.05,0.0,152.6,0.0,0
ARDG_AQUA bream 580gr 30 sm  281025 1254003.csv,8091,0,0.0,29.24,0.0,516.0,0.0561,0
ARDG_AQUA bream630gr 32cm  281025 1500002.csv,4255,1,32.0,32.01,630.0,624.4,0.9727,1
ARDG_AQUA bream620 gr31cm  281025 1618003.csv,10288,0,0.0,21.57,0.0,158.1,0.0,0
ARDG_AQUA bream 680gr 33 sm  281025 1208003.csv,2896,1,33.0,32.5,680.0,676.6,0.9852,1
ARDG_AQUA bream 150gr 21 sm  281025 1132004.csv,9436,0,0.0,22.0,0.0,163.9,0.0104,0
ARDG_AQUA bream 680gr 33 sm  281025 1208003.csv,6206,1,33.0,32.99,680.0,665.8,0.9897,1
ARDG_AQUA bream 280gr 24cm  281025 1425002.csv,5427,0,0.0,24.04,0.0,288.5,0.0,0
ARDG_AQUA bream 280gr 24cm  281025 1425002.csv,1442,0,0.0,26.28,0.0,352.5,0.0004,0
ARDG_AQUA bream 630gr 31cm  281025 1400002.csv,11840,0,0.0,22.52,0.0,154.7,0.0,0
ARDG_AQUA bream350 gr27cm  281025 1548002.csv,5010,0,0.0,22.76,0.0,95.5,0.0,0
ARDG_AQUA bream556gr 30cm  281025 1500002.csv,8266,0,0.0,30.08,0.0,514.8,0.8804,1
ARDG_AQUA bream 680gr 33 sm  281025 1208003.csv,2827,1,33.0,32.78,680.0,676.9,0.9829,1
ARDG_AQUA bream 580gr 30 sm  281025 1254003.csv,743,0,0.0,21.91,0.0,288.0,0.0,0
ARDG_AQUA bream 580gr 30 sm  281025 1254002.csv,4233,1,30.0,30.18,580.0,584.1,0.9722,1
ARDG_AQUA bream500gr 30cm  281025 1500002.csv,4696,0,0.0,23.67,0.0,227.1,0.0,0
ARDG_AQUA bream150gr21cm  281025 1548002.csv,4647,0,0.0,28.38,0.0,502.9,0.0053,0
ARDG_AQUA bream 150gr 21 sm  281025 1132002.csv,7187,0,0.0,22.5,0.0,150.4,0.0,0
ARDG_AQUA bream556gr 30cm  281025 1500002.csv,8149,0,0.0,25.64,0.0,395.1,0.1682,0
ARDG_AQUA bream350 gr27cm  281025 1548002.csv,4228,0,0.0,24.19,0.0,219.2,0.0,0
ARDG_AQUA bream620 gr31cm  281025 1618003.csv,8918,1,31.0,31.72,620.0,623.0,0.9611,1
ARDG_AQUA bream 680gr 33 sm  281025 1208003.csv,3067,1,33.0,32.59,680.0,667.9,0.9921,1
ARDG_AQUA bream 150gr 21 sm  281025 1132004.csv,7007,0,0.0,22.55,0.0,153.8,0.0,0
ARDG_AQUA bream556gr 30cm  281025 1500002.csv,3699,0,0.0,25.8,0.0,244.0,0.0,0
ARDG_AQUA bream350 gr27cm  281025 1548002.csv,457,1,27.0,26.78,350.0,346.7,0.9611,1
ARDG_AQUA bream500gr 30cm  281025 1500003.csv,1124,0,0.0,22.0,0.0,184.2,0.0,0
ARDG_AQUA bream 580gr 30 sm  281025 1254003.csv,7120,0,0.0,22.03,0.0,212.8,0.0,0
ARDG_AQUA bream 580gr 30 sm  281025 1254003.csv,1938,0,0.0,29.28,0.0,549.8,0.9237,1
ARDG_AQUA bream 150gr 21 sm  281025 1132004.csv,7666,0,0.0,23.15,0.0,155.9,0.0,0
ARDG_AQUA bream500gr 30cm  281025 1500002.csv,1795,0,0.0,24.49,0.0,211.9,0.0,0
ARDG_AQUA bream500gr 30cm  281025 1500003.csv,2854,1,30.0,29.42,500.0,494.9,0.9686,1
ARDG_AQUA bream556gr 30cm  281025 1500002.csv,593,0,0.0,26.45,0.0,340.3,0.0,0
ARDG_AQUA bream556gr 30cm  281025 1500002.csv,11737,0,0.0,31.0,0.0,553.6,0.9654,1
ARDG_AQUA bream 150gr 21 sm  281025 1132004.csv,10317,0,0.0,21.64,0.0,187.2,0.0224,0
ARDG_AQUA bream350 gr27cm  281025 1548002.csv,4968,0,0.0,22.36,0.0,132.2,0.0007,0
ARDG_AQUA bream 580gr 30 sm  281025 1254003.csv,4569,0,0.0,22.38,0.0,258.9,0.0,0
ARDG_AQUA bream 150gr 21 sm  281025 1132002.csv,6134,1,21.0,20.9,150.0,141.9,0.9287,1
ARDG_AQUA bream 150gr 21 sm  281025 1132004.csv,3712,0,0.0,23.11,0.0,130.2,0.0,0
ARDG_AQUA bream 390gr 26cm  281025 1325005.csv,533,0,0.0,20.85,0.0,139.8,0.0,0
ARDG_AQUA bream 390gr 26cm  281025 1325005.csv,10805,0,0.0,21.47,0.0,255.8,0.0,0
ARDG_AQUA bream 390gr 26cm  281025 1325005.csv,11139,0,0.0,21.5,0.0,198.1,0.0,0
ARDG_AQUA bream 150gr 21 sm  281025 1132004.csv,1685,0,0.0,21.6,0.0,141.1,0.0839,0
ARDG_AQUA bream620 gr31cm  281025 1618003.csv,2506,0,0.0,21.17,0.0,189.3,1e-04,0
ARDG_AQUA bream 800gr 36cm  281025 1453002.csv,1635,0,0.0,23.9,0.0,340.5,0.0,0
ARDG_AQUA bream 150gr 21 sm  281025 1132004.csv,262,0,0.0,26.79,0.0,174.5,0.0373,0
ARDG_AQUA bream620 gr31cm  281025 1618003.csv,11136,0,0.0,24.19,0.0,276.3,0.0,0
ARDG_AQUA bream 390gr 26cm  281025 1325005.csv,303,0,0.0,19.9,0.0,102.4,0.0,0
ARDG_AQUA bream556gr 30cm  281025 1500002.csv,8094,0,0.0,24.5,0.0,302.1,0.0,0
ARDG_AQUA bream556gr 30cm  281025 1500002.csv,7923,0,0.0,30.03,0.0,563.2,0.6608,1
ARDG_AQUA bream 680gr 33 sm  281025 1208003.csv,2552,1,33.0,32.42,680.0,665.6,0.9879,1
ARDG_AQUA bream 280gr 24cm  281025 1425002.csv,4877,1,24.0,24.06,280.0,270.6,0.9653,1
ARDG_AQUA bream620 gr31cm  281025 1618003.csv,10383,0,0.0,23.44,0.0,177.2,0.0005,0
ARDG_AQUA bream620 gr31cm  281025 1618003.csv,4387,0,0.0,25.83,0.0,320.4,0.0,0
ARDG_AQUA bream350 gr27cm  281025 1548002.csv,5183,0,0.0,23.73,0.0,242.7,0.0,0
ARDG_AQUA bream 150gr 21 sm  281025 1132002.csv,9939,0,0.0,23.08,0.0,138.2,0.0,0
ARDG_AQUA bream 390gr 26cm  281025 1325003.csv,11936,0,0.0,21.31,0.0,178.6,1e-04,0
ARDG_AQUA bream 390gr 26cm  281025 1325005.csv,10383,0,0.0,20.01,0.0,145.8,0.0022,0
ARDG_AQUA bream 150gr 21 sm  281025 1132004.csv,8305,0,0.0,22.81,0.0,126.6,0.0,0
ARDG_AQUA bream150gr21cm  281025 1548002.csv,7564,0,0.0,21.99,0.0,226.6,0.0038,0
ARDG_AQUA bream 150gr 21 sm  281025 1132004.csv,2354,0,0.0,22.19,0.0,150.5,0.0,0
ARDG_AQUA bream 390gr 26cm  281025 1325003.csv,4936,0,0.0,23.24,0.0,204.8,0.0,0
ARDG_AQUA bream 580gr 30 sm  281025 1254002.csv,9053,0,0.0,27.06,0.0,376.1,0.0,0
ARDG_AQUA bream 280gr 24cm  281025 1425002.csv,3256,1,24.0,23.7,280.0,276.3,0.9573,1
ARDG_AQUA bream 150gr 21 sm  281025 1132002.csv,7078,0,0.0,22.64,0.0,149.8,0.0,0
ARDG_AQUA bream 580gr 30 sm  281025 1254003.csv,6211,0,0.0,24.98,0.0,306.7,0.0,0
ARDG_AQUA bream 580gr 30 sm  281025 1254003.csv,2253,0,0.0,27.03,0.0,431.0,0.9194,1
ARDG_AQUA bream 580gr 30 sm  281025 1254002.csv,6812,1,30.0,29.95,580.0,615.2,0.96,1
ARDG_AQUA bream150gr21cm  281025 1548002.csv,7585,0,0.0,22.8,0.0,122.0,0.0,0
ARDG_AQUA bream 680gr 33 sm  281025 1208003.csv,337,0,0.0,21.29,0.0,192.5,0.0057,0
ARDG_AQUA bream556gr 30cm  281025 1500002.csv,5139,0,0.0,28.08,0.0,452.7,0.3348,0
ARDG_AQUA bream 630gr 31cm  281025 1400002.csv,10972,1,31.0,28.53,630.0,559.9,0.9805,1
ARDG_AQUA bream 340gr 27cm  281025 1415002.csv,1291,0,0.0,24.49,0.0,230.3,0.0,0
ARDG_AQUA bream 680gr 33 sm  281025 1208003.csv,1147,0,0.0,21.52,0.0,122.8,0.0,0
ARDG_AQUA bream556gr 30cm  281025 1500003.csv,558,1,30.0,29.36,556.0,547.4,0.969,1
ARDG_AQUA bream 150gr 21 sm  281025 1132002.csv,11851,0,0.0,22.67,0.0,152.9,0.0,0
ARDG_AQUA bream500gr 30cm  281025 1500003.csv,1343,0,0.0,26.14,0.0,392.4,0.0,0
ARDG_AQUA bream556gr 30cm  281025 1500003.csv,1225,0,0.0,20.79,0.0,100.2,0.0,0
ARDG_AQUA bream 280gr 24cm  281025 1425002.csv,2129,0,0.0,25.99,0.0,249.9,0.0,0
ARDG_AQUA bream 150gr 21 sm  281025 1132004.csv,49,0,0.0,22.4,0.0,152.7,0.0,0
ARDG_AQUA bream150gr21cm  281025 1548002.csv,5166,0,0.0,21.91,0.0,204.4,0.0089,0
ARDG_AQUA bream500gr 30cm  281025 1500002.csv,8701,0,0.0,20.89,0.0,132.3,0.0,0
ARDG_AQUA bream 800gr 36cm  281025 1453002.csv,456,0,0.0,24.86,0.0,216.9,0.0,0
ARDG_AQUA bream 680gr 33 sm  281025 1208003.csv,1312,0,0.0,22.05,0.0,142.5,0.0,0
ARDG_AQUA bream620 gr31cm  281025 1618003.csv,10348,0,0.0,22.79,0.0,206.0,0.0,0
ARDG_AQUA bream 280gr 24cm  281025 1425002.csv,4195,0,0.0,21.85,0.0,86.5,0.0,0
ARDG_AQUA bream 390gr 26cm  281025 1325003.csv,11913,0,0.0,23.84,0.0,255.0,0.0,0
ARDG_AQUA bream 150gr 21 sm  281025 1132004.csv,19,0,0.0,22.39,0.0,133.9,0.0,0
ARDG_AQUA bream500gr 30cm  281025 1500002.csv,4073,0,0.0,23.75,0.0,219.2,0.0,0
ARDG_AQUA bream620 gr31cm  281025 1618003.csv,11771,1,31.0,30.39,620.0,609.7,0.9631,1
ARDG_AQUA bream556gr 30cm  281025 1500002.csv,1214,0,0.0,31.65,0.0,650.9,0.9808,1
ARDG_AQUA bream620 gr31cm  281025 1618003.csv,206,0,0.0,30.78,0.0,534.6,0.4672,0
ARDG_AQUA bream150gr21cm  281025 1548002.csv,4749,0,0.0,23.65,0.0,135.2,0.0,0
ARDG_AQUA bream 580gr 30 sm  281025 1254002.csv,4811,1,30.0,30.72,580.0,575.6,0.9743,1
ARDG_AQUA bream500gr 30cm  281025 1500002.csv,11530,0,0.0,22.51,0.0,129.8,0.0,0
ARDG_AQUA bream556gr 30cm  281025 1500002.csv,4528,0,0.0,24.96,0.0,191.7,0.0,0
ARDG_AQUA bream 150gr 21 sm  281025 1132002.csv,8980,0,0.0,22.8,0.0,172.7,0.0,0
ARDG_AQUA bream500gr 30cm  281025 1500002.csv,4165,0,0.0,22.79,0.0,126.0,0.0,0
ARDG_AQUA bream 310gr 23 sm  281025 1233002.csv,1320,1,23.0,25.2,310.0,401.1,0.9665,1
ARDG_AQUA bream556gr 30cm  281025 1500002.csv,5768,0,0.0,29.28,0.0,536.2,0.8439,1
ARDG_AQUA bream150gr21cm  281025 1548002.csv,4403,0,0.0,23.48,0.0,159.5,0.0,0
ARDG_AQUA bream 310gr 23 sm  281025 1233002.csv,10301,0,0.0,22.11,0.0,136.0,0.0,0
ARDG_AQUA bream 580gr 30 sm  281025 1254003.csv,8506,0,0.0,23.74,0.0,176.7,0.0,0
ARDG_AQUA bream 340gr 27cm  281025 1415002.csv,490,0,0.0,31.1,0.0,572.3,0.0042,0
ARDG_AQUA bream500gr 30cm  281025 1500002.csv,3644,0,0.0,26.04,0.0,333.1,0.0,0
ARDG_AQUA bream 310gr 23 sm  281025 1233002.csv,3940,0,0.0,21.41,0.0,266.2,1e-04,0
ARDG_AQUA bream 580gr 30 sm  281025 1254003.csv,5800,0,0.0,21.3,0.0,147.7,0.0,0
ARDG_AQUA bream 150gr 21 sm  281025 1132004.csv,10212,0,0.0,21.53,0.0,159.9,0.069,0
ARDG_AQUA bream556gr 30cm  281025 1500002.csv,1546,0,0.0,30.9,0.0,559.6,0.9689,1
ARDG_AQUA bream150gr21cm  281025 1548002.csv,4660,0,0.0,28.08,0.0,526.1,0.0016,0
ARDG_AQUA bream 630gr 31cm  281025 1400002.csv,2942,0,0.0,22.0,0.0,215.4,0.0,0
ARDG_AQUA bream 580gr 30 sm  281025 1254002.csv,3757,1,30.0,29.92,580.0,561.3,0.9595,1
ARDG_AQUA bream500gr 30cm  281025 1500002.csv,4368,0,0.0,22.73,0.0,245.8,0.0,0
ARDG_AQUA bream 800gr 36cm  281025 1453002.csv,4254,0,0.0,36.18,0.0,743.7,0.6018,1
ARDG_AQUA bream 800gr 36cm  281025 1453002.csv,336,0,0.0,32.41,0.0,710.2,0.9716,1
ARDG_AQUA bream 580gr 30 sm  281025 1254002.csv,8851,1,30.0,29.96,580.0,589.2,0.9805,1
ARDG_AQUA bream556gr 30cm  281025 1500002.csv,7146,0,0.0,26.87,0.0,348.9,0.0,0
ARDG_AQUA bream 150gr 21 sm  281025 1132004.csv,1603,0,0.0,23.75,0.0,136.2,0.0,0
ARDG_AQUA bream 150gr 21 sm  281025 1132004.csv,10895,0,0.0,22.4,0.0,159.0,0.0,0
ARDG_AQUA bream 150gr 21 sm  281025 1132002.csv,253,0,0.0,23.04,0.0,141.6,0.0,0
ARDG_AQUA bream 630gr 31cm  281025 1400002.csv,6870,0,0.0,23.02,0.0,237.9,0.0,0
ARDG_AQUA bream 310gr 23 sm  281025 1233002.csv,8068,0,0.0,20.61,0.0,103.1,0.0,0
ARDG_AQUA bream 630gr 31cm  281025 1400002.csv,314,0,0.0,22.17,0.0,125.6,0.0,0
ARDG_AQUA bream 150gr 21 sm  281025 1132004.csv,5441,0,0.0,21.77,0.0,146.8,0.0006,0
ARDG_AQUA bream 580gr 30 sm  281025 1254002.csv,7966,1,30.0,29.78,580.0,609.6,0.9741,1
ARDG_AQUA bream 390gr 26cm  281025 1325005.csv,2852,1,26.0,26.71,390.0,386.5,0.9665,1
ARDG_AQUA bream630gr 32cm  281025 1500002.csv,5123,0,0.0,29.74,0.0,460.4,0.6744,1
ARDG_AQUA bream 150gr 21 sm  281025 1132004.csv,8693,0,0.0,21.7,0.0,163.5,0.0226,0
ARDG_AQUA bream 150gr 21 sm  281025 1132004.csv,2085,0,0.0,22.98,0.0,127.2,0.0,0
ARDG_AQUA bream 280gr 24cm  281025 1425002.csv,1376,0,0.0,25.51,0.0,391.8,0.5875,1
ARDG_AQUA bream 390gr 26cm  281025 1325005.csv,10363,0,0.0,22.64,0.0,152.8,0.0,0
ARDG_AQUA bream 680gr 33 sm  281025 1208003.csv,9227,0,0.0,22.0,0.0,126.7,0.0,0
ARDG_AQUA bream620 gr31cm  281025 1618003.csv,8725,1,31.0,30.7,620.0,562.9,0.9789,1
ARDG_AQUA bream 580gr 30 sm  281025 1254002.csv,11727,0,0.0,21.34,0.0,176.7,0.0,0
ARDG_AQUA bream 150gr 21 sm  281025 1132002.csv,6615,0,0.0,22.96,0.0,146.0,0.0,0
ARDG_AQUA bream 680gr 33 sm  281025 1208003.csv,1112,0,0.0,21.1,0.0,143.5,1e-04,0
ARDG_AQUA bream 280gr 24cm  281025 1425002.csv,1306,0,0.0,25.36,0.0,311.8,0.7775,1
ARDG_AQUA bream 390gr 26cm  281025 1325005.csv,547,0,0.0,22.52,0.0,198.1,0.0,0
ARDG_AQUA bream500gr 30cm  281025 1500002.csv,6421,0,0.0,21.33,0.0,150.2,0.0,0
ARDG_AQUA bream150gr21cm  281025 1548002.csv,756,1,21.0,22.5,150.0,154.1,0.9199,1
ARDG_AQUA bream 580gr 30 sm  281025 1254002.csv,11691,0,0.0,21.11,0.0,214.8,0.0,0
ARDG_AQUA bream620 gr31cm  281025 1618003.csv,2686,0,0.0,26.03,0.0,211.8,0.0,0
ARDG_AQUA bream556gr 30cm  281025 1500002.csv,685,0,0.0,31.79,0.0,627.5,0.6039,1
ARDG_AQUA bream 580gr 30 sm  281025 1254003.csv,6509,0,0.0,30.52,0.0,533.1,0.9167,1
ARDG_AQUA bream 390gr 26cm  281025 1325005.csv,9261,0,0.0,23.77,0.0,200.6,0.0,0
ARDG_AQUA bream150gr21cm  281025 1548002.csv,7128,0,0.0,22.75,0.0,239.7,0.0,0
ARDG_AQUA bream 280gr 24cm  281025 1425002.csv,4643,0,0.0,24.97,0.0,391.9,0.0002,0
ARDG_AQUA bream350 gr27cm  281025 1548002.csv,4232,0,0.0,23.59,0.0,220.2,0.0,0
ARDG_AQUA bream 580gr 30 sm  281025 1254002.csv,10777,0,0.0,21.15,0.0,197.8,0.0,0
ARDG_AQUA bream630gr 32cm  281025 1500002.csv,6570,0,0.0,25.61,0.0,317.5,0.0,0
ARDG_AQUA bream 150gr 21 sm  281025 1132004.csv,121,0,0.0,22.67,0.0,153.5,0.0,0
ARDG_AQUA bream 150gr 21 sm  281025 1132004.csv,2923,0,0.0,23.3,0.0,167.7,0.0,0
ARDG_AQUA bream620 gr31cm  281025 1618003.csv,2918,0,0.0,23.99,0.0,231.8,0.0,0
ARDG_AQUA bream620 gr31cm  281025 1618003.csv,10392,0,0.0,23.92,0.0,151.8,0.0,0
ARDG_AQUA bream 680gr 33 sm  281025 1208003.csv,5631,0,0.0,21.87,0.0,137.5,0.0,0
ARDG_AQUA bream 680gr 33 sm  281025 1208003.csv,5597,0,0.0,21.9,0.0,140.4,0.0,0
ARDG_AQUA bream 390gr 26cm  281025 1325005.csv,535,0,0.0,20.9,0.0,166.0,0.0,0
ARDG_AQUA bream 580gr 30 sm  281025 1254003.csv,719,0,0.0,22.34,0.0,119.2,0.0,0
ARDG_AQUA bream 150gr 21 sm  281025 1132004.csv,10996,0,0.0,22.31,0.0,134.3,0.0,0
ARDG_AQUA bream350 gr27cm  281025 1548002.csv,4352,0,0.0,23.38,0.0,268.3,0.1767,0
ARDG_AQUA bream556gr 30cm  281025 1500002.csv,6216,0,0.0,25.48,0.0,402.0,0.0155,0
ARDG_AQUA bream 680gr 33 sm  281025 1208003.csv,1027,0,0.0,21.92,0.0,141.5,1e-04,0
ARDG_AQUA bream 390gr 26cm  281025 1325005.csv,1246,1,26.0,26.3,390.0,391.9,0.9634,1
ARDG_AQUA bream 390gr 26cm  281025 1325005.csv,445,0,0.0,22.63,0.0,187.6,0.0,0
ARDG_AQUA bream630gr 32cm  281025 1500002.csv,46,0,0.0,24.49,0.0,388.2,0.0194,0
ARDG_AQUA bream 280gr 24cm  281025 1425002.csv,2818,1,24.0,24.05,280.0,272.6,0.9534,1
ARDG_AQUA bream 580gr 30 sm  281025 1254003.csv,4462,0,0.0,22.49,0.0,204.6,0.0,0
ARDG_AQUA bream 150gr 21 sm  281025 1132004.csv,1658,0,0.0,22.31,0.0,159.0,0.0,0
ARDG_AQUA bream 680gr 33 sm  281025 1208003.csv,10639,1,33.0,32.75,680.0,676.9,0.9794,1
ARDG_AQUA bream 800gr 36cm  281025 1453002.csv,2140,1,36.0,35.76,800.0,795.5,0.9767,1
ARDG_AQUA bream 150gr 21 sm  281025 1132002.csv,8613,0,0.0,22.7,0.0,143.4,0.0,0
ARDG_AQUA bream 150gr 21 sm  281025 1132002.csv,9761,0,0.0,22.74,0.0,135.8,0.0,0
ARDG_AQUA bream556gr 30cm  281025 1500002.csv,7848,0,0.0,29.78,0.0,523.7,0.965,1
ARDG_AQUA bream 680gr 33 sm  281025 1208003.csv,922,0,0.0,21.67,0.0,169.2,1e-04,0
ARDG_AQUA bream 800gr 36cm  281025 1453002.csv,418,0,0.0,31.46,0.0,591.3,1e-04,0
ARDG_AQUA bream 580gr 30 sm  281025 1254002.csv,8363,1,30.0,30.05,580.0,549.2,0.9786,1
ARDG_AQUA bream 800gr 36cm  281025 1453002.csv,416,0,0.0,32.27,0.0,553.7,0.0024,0
ARDG_AQUA bream 150gr 21 sm  281025 1132002.csv,5570,0,0.0,22.94,0.0,160.3,0.0,0
ARDG_AQUA bream350 gr27cm  281025 1548002.csv,4340,0,0.0,25.54,0.0,348.7,0.2973,0
ARDG_AQUA bream150gr21cm  281025 1548002.csv,5022,1,21.0,22.93,150.0,170.6,0.9175,1
ARDG_AQUA bream 580gr 30 sm  281025 1254003.csv,3938,0,0.0,28.48,0.0,483.8,0.84,1
ARDG_AQUA bream 680gr 33 sm  281025 1208003.csv,4695,1,33.0,32.67,680.0,669.6,0.9844,1
ARDG_AQUA bream150gr21cm  281025 1548002.csv,641,0,0.0,22.88,0.0,228.0,0.0,0
ARDG_AQUA bream 580gr 30 sm  281025 1254002.csv,11789,0,0.0,22.15,0.0,171.0,0.0,0
ARDG_AQUA bream 150gr 21 sm  281025 1132004.csv,10877,0,0.0,22.63,0.0,159.1,0.0,0
ARDG_AQUA bream 680gr 33 sm  281025 1208003.csv,5974,0,0.0,21.36,0.0,128.2,0.0729,0
ARDG_AQUA bream 800gr 36cm  281025 1453002.csv,3924,0,0.0,25.86,0.0,376.7,0.0,0
ARDG_AQUA bream 150gr 21 sm  281025 1132002.csv,6611,0,0.0,22.84,0.0,154.1,0.0,0
ARDG_AQUA bream 580gr 30 sm  281025 1254003.csv,4726,0,0.0,31.9,0.0,616.8,0.8772,1
ARDG_AQUA bream620 gr31cm  281025 1618004.csv,1688,1,31.0,30.93,620.0,620.7,0.8648,1
ARDG_AQUA bream 150gr 21 sm  281025 1132004.csv,1398,0,0.0,23.2,0.0,157.3,0.0,0
ARDG_AQUA bream150gr21cm  281025 1548002.csv,4352,0,0.0,24.68,0.0,199.4,0.0,0
ARDG_AQUA bream 150gr 21 sm  281025 1132002.csv,10047,0,0.0,22.61,0.0,148.4,0.0,0
ARDG_AQUA bream 580gr 30 sm  281025 1254002.csv,9351,0,0.0,24.38,0.0,256.9,0.0,0
ARDG_AQUA bream500gr 30cm  281025 1500002.csv,11194,0,0.0,22.75,0.0,103.1,0.0,0
ARDG_AQUA bream556gr 30cm  281025 1500002.csv,7044,0,0.0,28.99,0.0,422.5,0.0,0
ARDG_AQUA bream500gr 30cm  281025 1500003.csv,1107,0,0.0,22.06,0.0,178.4,0.0,0
ARDG_AQUA bream 280gr 24cm  281025 1425002.csv,972,1,24.0,24.53,280.0,297.6,0.9526,1
ARDG_AQUA bream 390gr 26cm  281025 1325005.csv,5982,0,0.0,22.19,0.0,107.8,0.0,0
ARDG_AQUA bream 150gr 21 sm  281025 1132004.csv,4198,1,21.0,20.88,150.0,141.6,0.9479,1
ARDG_AQUA bream620 gr31cm  281025 1618003.csv,4390,0,0.0,25.78,0.0,279.1,0.0,0
ARDG_AQUA bream150gr21cm  281025 1548002.csv,7936,1,21.0,23.4,150.0,289.3,0.9236,1
ARDG_AQUA bream150gr21cm  281025 1548002.csv,4248,0,0.0,21.7,0.0,105.8,0.0,0
ARDG_AQUA bream 390gr 26cm  281025 1325005.csv,3432,0,0.0,21.34,0.0,213.0,0.0002,0
ARDG_AQUA bream556gr 30cm  281025 1500002.csv,4576,0,0.0,23.29,0.0,236.9,0.0,0
ARDG_AQUA bream 680gr 33 sm  281025 1208003.csv,11217,0,0.0,21.81,0.0,179.8,0.0,0
ARDG_AQUA bream620 gr31cm  281025 1618003.csv,3306,0,0.0,22.71,0.0,194.9,0.0,0
ARDG_AQUA bream 800gr 36cm  281025 1453002.csv,1595,0,0.0,31.31,0.0,657.3,0.9831,1
ARDG_AQUA bream150gr21cm  281025 1548002.csv,8403,0,0.0,24.71,0.0,194.9,0.0,0
ARDG_AQUA bream 580gr 30 sm  281025 1254003.csv,4062,0,0.0,24.01,0.0,462.1,0.0105,0
ARDG_AQUA bream 150gr 21 sm  281025 1132004.csv,10278,0,0.0,22.27,0.0,128.6,0.0,0
ARDG_AQUA bream556gr 30cm  281025 1500002.csv,567,0,0.0,29.53,0.0,558.8,0.9701,1
ARDG_AQUA bream556gr 30cm  281025 1500002.csv,10810,0,0.0,30.66,0.0,567.9,0.9632,1
ARDG_AQUA bream500gr 30cm  281025 1500002.csv,6674,1,30.0,30.53,500.0,501.8,0.0418,0
ARDG_AQUA bream556gr 30cm  281025 1500002.csv,337,0,0.0,30.92,0.0,554.3,0.9637,1
ARDG_AQUA bream 800gr 36cm  281025 1453002.csv,888,0,0.0,28.66,0.0,529.4,0.0,0
ARDG_AQUA bream 580gr 30 sm  281025 1254002.csv,971,0,0.0,21.42,0.0,80.5,0.0,0
ARDG_AQUA bream 390gr 26cm  281025 1325005.csv,10144,1,26.0,25.82,390.0,368.2,0.8297,1
ARDG_AQUA bream500gr 30cm  281025 1500003.csv,1468,0,0.0,22.08,0.0,162.8,0.0,0
ARDG_AQUA bream 390gr 26cm  281025 1325003.csv,9172,1,26.0,26.1,390.0,390.3,0.9694,1
ARDG_AQUA bream 310gr 23 sm  281025 1233002.csv,2711,1,23.0,25.47,310.0,387.9,0.9574,1
ARDG_AQUA bream620 gr31cm  281025 1618003.csv,8798,1,31.0,31.92,620.0,648.1,0.973,1
ARDG_AQUA bream 580gr 30 sm  281025 1254003.csv,6428,1,30.0,30.27,580.0,591.6,0.9715,1
ARDG_AQUA bream 390gr 26cm  281025 1325005.csv,3092,0,0.0,22.2,0.0,190.8,0.0,0
ARDG_AQUA bream150gr21cm  281025 1548002.csv,2713,0,0.0,22.06,0.0,246.2,0.0292,0
ARDG_AQUA bream150gr21cm  281025 1548002.csv,4283,0,0.0,22.36,0.0,191.9,0.0,0
ARDG_AQUA bream 800gr 36cm  281025 1453002.csv,899,0,0.0,34.46,0.0,761.6,0.98,1
ARDG_AQUA bream 150gr 21 sm  281025 1132004.csv,2160,0,0.0,21.41,0.0,140.6,0.4792,0
ARDG_AQUA bream 580gr 30 sm  281025 1254002.csv,542,1,30.0,29.32,580.0,589.6,0.9727,1
ARDG_AQUA bream 580gr 30 sm  281025 1254003.csv,5388,0,0.0,22.33,0.0,189.3,0.0,0
ARDG_AQUA bream556gr 30cm  281025 1500003.csv,1432,0,0.0,24.22,0.0,258.5,0.0,0
ARDG_AQUA bream556gr 30cm  281025 1500002.csv,8312,0,0.0,24.79,0.0,301.8,0.0,0
ARDG_AQUA bream 630gr 31cm  281025 1400002.csv,11489,0,0.0,21.93,0.0,161.5,0.0,0
ARDG_AQUA bream 580gr 30 sm  281025 1254003.csv,7578,0,0.0,20.96,0.0,267.4,0.0,0
ARDG_AQUA bream 580gr 30 sm  281025 1254003.csv,10909,0,0.0,21.67,0.0,154.7,0.0,0
ARDG_AQUA bream 580gr 30 sm  281025 1254002.csv,11121,1,30.0,28.75,580.0,547.1,0.9846,1
ARDG_AQUA bream 150gr 21 sm  281025 1132002.csv,8993,0,0.0,22.83,0.0,164.9,0.0,0
ARDG_AQUA bream 280gr 24cm  281025 1425002.csv,4126,0,0.0,23.88,0.0,109.8,0.0,0
ARDG_AQUA bream 580gr 30 sm  281025 1254002.csv,11418,1,30.0,30.73,580.0,590.5,0.9628,1
ARDG_AQUA bream 800gr 36cm  281025 1453002.csv,346,0,0.0,28.44,0.0,498.3,0.9222,1
ARDG_AQUA bream 630gr 31cm  281025 1400002.csv,6712,0,0.0,23.77,0.0,222.4,0.0,0
ARDG_AQUA bream 580gr 30 sm  281025 1254002.csv,7214,0,0.0,21.89,0.0,149.1,0.0,0
ARDG_AQUA bream500gr 30cm  281025 1500002.csv,7812,1,30.0,26.91,500.0,399.2,0.9235,1
ARDG_AQUA bream150gr21cm  281025 1548002.csv,4924,0,0.0,22.54,0.0,279.5,0.1466,0
ARDG_AQUA bream 580gr 30 sm  281025 1254003.csv,6554,0,0.0,25.52,0.0,333.5,0.0,0
ARDG_AQUA bream 580gr 30 sm  281025 1254003.csv,4427,0,0.0,22.5,0.0,269.0,0.0,0
ARDG_AQUA bream 800gr 36cm  281025 1453002.csv,5004,0,0.0,27.36,0.0,333.9,0.0,0
ARDG_AQUA bream 150gr 21 sm  281025 1132004.csv,9397,0,0.0,22.71,0.0,168.6,0.0,0
ARDG_AQUA bream500gr 30cm  281025 1500002.csv,8556,0,0.0,22.05,0.0,275.8,0.0,0
ARDG_AQUA bream 630gr 31cm  281025 1400002.csv,354,0,0.0,20.94,0.0,113.6,0.0,0
ARDG_AQUA bream 150gr 21 sm  281025 1132004.csv,9398,0,0.0,22.58,0.0,153.0,0.0,0
ARDG_AQUA bream500gr 30cm  281025 1500002.csv,2253,0,0.0,20.16,0.0,53.8,0.0,0
ARDG_AQUA bream500gr 30cm  281025 1500002.csv,858,0,0.0,24.26,0.0,110.3,0.0,0
ARDG_AQUA bream 580gr 30 sm  281025 1254002.csv,4300,1,30.0,29.2,580.0,573.6,0.9779,1
ARDG_AQUA bream500gr 30cm  281025 1500002.csv,9154,0,0.0,22.96,0.0,214.9,0.0,0
ARDG_AQUA bream 680gr 33 sm  281025 1208003.csv,1441,1,33.0,32.47,680.0,675.7,0.991,1
ARDG_AQUA bream 390gr 26cm  281025 1325003.csv,8894,1,26.0,27.27,390.0,396.1,0.9485,1
ARDG_AQUA bream 580gr 30 sm  281025 1254003.csv,4533,0,0.0,22.79,0.0,205.0,0.0,0
ARDG_AQUA bream 310gr 23 sm  281025 1233003.csv,1351,0,0.0,21.7,0.0,204.2,0.0,0
ARDG_AQUA bream 580gr 30 sm  281025 1254003.csv,7105,0,0.0,20.24,0.0,84.2,0.0,0
ARDG_AQUA bream 150gr 21 sm  281025 1132004.csv,10476,0,0.0,21.45,0.0,152.7,0.0395,0
ARDG_AQUA bream 680gr 33 sm  281025 1208003.csv,10785,1,33.0,33.34,680.0,669.4,0.9834,1
ARDG_AQUA bream150gr21cm  281025 1548002.csv,4720,0,0.0,26.45,0.0,351.2,0.0,0
ARDG_AQUA bream150gr21cm  281025 1548002.csv,900,0,0.0,25.23,0.0,259.3,0.0,0
ARDG_AQUA bream 390gr 26cm  281025 1325003.csv,11728,0,0.0,20.29,0.0,94.2,0.0005,0
ARDG_AQUA bream500gr 30cm  281025 1500003.csv,1400,0,0.0,24.35,0.0,206.3,0.0,0
ARDG_AQUA bream150gr21cm  281025 1548002.csv,4704,0,0.0,27.47,0.0,481.8,0.0419,0
ARDG_AQUA bream500gr 30cm  281025 1500002.csv,9430,0,0.0,25.69,0.0,291.0,0.0,0
ARDG_AQUA bream150gr21cm  281025 1548002.csv,3285,0,0.0,22.61,0.0,233.9,0.0003,0
ARDG_AQUA bream150gr21cm  281025 1548002.csv,2677,0,0.0,23.81,0.0,192.8,0.0,0
ARDG_AQUA bream 310gr 23 sm  281025 1233003.csv,619,0,0.0,20.75,0.0,131.7,0.0,0
ARDG_AQUA bream 580gr 30 sm  281025 1254003.csv,2300,0,0.0,29.72,0.0,547.0,0.9785,1
ARDG_AQUA bream 390gr 26cm  281025 1325005.csv,10756,0,0.0,25.46,0.0,431.3,0.0,0
ARDG_AQUA bream 580gr 30 sm  281025 1254003.csv,3948,0,0.0,26.53,0.0,494.4,0.1007,0
ARDG_AQUA bream 580gr 30 sm  281025 1254002.csv,11541,0,0.0,23.21,0.0,248.0,0.0,0
ARDG_AQUA bream 310gr 23 sm  281025 1233002.csv,11880,1,23.0,22.8,310.0,304.3,0.9726,1
ARDG_AQUA bream 580gr 30 sm  281025 1254003.csv,2268,0,0.0,20.55,0.0,175.0,0.0,0
ARDG_AQUA bream500gr 30cm  281025 1500002.csv,5885,0,0.0,22.04,0.0,165.0,0.0,0
ARDG_AQUA bream556gr 30cm  281025 1500003.csv,213,0,0.0,26.05,0.0,313.0,0.0,0
ARDG_AQUA bream500gr 30cm  281025 1500002.csv,7935,0,0.0,22.19,0.0,163.5,0.0,0
ARDG_AQUA bream556gr 30cm  281025 1500002.csv,1316,0,0.0,27.51,0.0,542.6,0.0128,0
ARDG_AQUA bream 280gr 24cm  281025 1425002.csv,2237,0,0.0,21.8,0.0,120.3,0.0,0
ARDG_AQUA bream630gr 32cm  281025 1500002.csv,4167,1,32.0,32.2,630.0,614.3,0.9803,1
ARDG_AQUA bream150gr21cm  281025 1548002.csv,80,0,0.0,21.35,0.0,131.5,0.0,0
ARDG_AQUA bream556gr 30cm  281025 1500002.csv,7194,0,0.0,26.5,0.0,390.4,0.0,0
ARDG_AQUA bream556gr 30cm  281025 1500003.csv,1217,0,0.0,22.27,0.0,107.9,0.0,0
ARDG_AQUA bream 150gr 21 sm  281025 1132004.csv,1068,1,21.0,20.8,150.0,147.3,0.8996,1
ARDG_AQUA bream350 gr27cm  281025 1548002.csv,6925,0,0.0,22.45,0.0,137.8,0.0,0
ARDG_AQUA bream 150gr 21 sm  281025 1132002.csv,3453,0,0.0,20.72,0.0,141.6,0.2004,0
ARDG_AQUA bream350 gr27cm  281025 1548002.csv,6890,0,0.0,22.56,0.0,196.7,0.0,0
ARDG_AQUA bream 150gr 21 sm  281025 1132004.csv,1703,0,0.0,22.89,0.0,140.4,0.0,0
ARDG_AQUA bream350 gr27cm  281025 1548002.csv,6575,0,0.0,21.47,0.0,147.5,0.0,0
ARDG_AQUA bream500gr 30cm  281025 1500002.csv,7931,0,0.0,21.98,0.0,162.5,0.0,0
ARDG_AQUA bream 150gr 21 sm  281025 1132004.csv,1705,0,0.0,23.09,0.0,134.1,0.0,0
ARDG_AQUA bream 310gr 23 sm  281025 1233002.csv,11249,1,23.0,23.02,310.0,289.5,0.9609,1
ARDG_AQUA bream 680gr 33 sm  281025 1208003.csv,3532,0,0.0,21.36,0.0,124.6,0.0,0
ARDG_AQUA bream 580gr 30 sm  281025 1254003.csv,10864,0,0.0,21.2,0.0,188.0,0.0,0
ARDG_AQUA bream556gr 30cm  281025 1500002.csv,4380,0,0.0,26.63,0.0,368.9,0.0003,0
ARDG_AQUA bream 390gr 26cm  281025 1325005.csv,11146,0,0.0,21.39,0.0,246.9,0.0,0
ARDG_AQUA bream556gr 30cm  281025 1500002.csv,11985,0,0.0,33.55,0.0,625.2,0.0184,0
ARDG_AQUA bream 800gr 36cm  281025 1453002.csv,3983,0,0.0,23.38,0.0,202.8,0.0,0
ARDG_AQUA bream556gr 30cm  281025 1500003.csv,1244,0,0.0,20.38,0.0,141.3,0.0,0
ARDG_AQUA bream 390gr 26cm  281025 1325005.csv,6815,1,26.0,24.28,390.0,389.5,0.7976,1
ARDG_AQUA bream150gr21cm  281025 1548002.csv,7557,0,0.0,24.0,0.0,279.2,0.0,0
ARDG_AQUA bream 390gr 26cm  281025 1325005.csv,589,0,0.0,21.7,0.0,151.5,0.0,0
ARDG_AQUA bream556gr 30cm  281025 1500002.csv,5095,0,0.0,28.42,0.0,399.2,0.0002,0
ARDG_AQUA bream620 gr31cm  281025 1618003.csv,10014,0,0.0,23.6,0.0,175.8,0.0,0
ARDG_AQUA bream150gr21cm  281025 1548002.csv,6160,0,0.0,24.39,0.0,273.9,0.0,0
ARDG_AQUA bream 680gr 33 sm  281025 1208003.csv,6557,0,0.0,21.55,0.0,161.3,0.0,0
ARDG_AQUA bream500gr 30cm  281025 1500002.csv,4720,0,0.0,22.35,0.0,230.3,0.0,0
ARDG_AQUA bream 310gr 23 sm  281025 1233002.csv,5422,0,0.0,22.03,0.0,191.2,0.0,0
ARDG_AQUA bream 280gr 24cm  281025 1425002.csv,561,0,0.0,25.04,0.0,155.2,0.0,0
ARDG_AQUA bream 310gr 23 sm  281025 1233002.csv,313,0,0.0,22.05,0.0,202.7,0.0,0
ARDG_AQUA bream 580gr 30 sm  281025 1254003.csv,595,0,0.0,22.78,0.0,140.2,0.0,0
ARDG_AQUA bream500gr 30cm  281025 1500003.csv,258,1,30.0,30.58,500.0,522.5,0.9441,1
ARDG_AQUA bream 390gr 26cm  281025 1325003.csv,11740,0,0.0,20.75,0.0,120.1,0.0005,0
ARDG_AQUA bream500gr 30cm  281025 1500002.csv,6001,0,0.0,23.02,0.0,108.8,0.0,0
ARDG_AQUA bream 580gr 30 sm  281025 1254003.csv,2006,0,0.0,30.76,0.0,623.8,0.9617,1
ARDG_AQUA bream630gr 32cm  281025 1500002.csv,593,1,32.0,31.47,630.0,617.8,0.9859,1
ARDG_AQUA bream 630gr 31cm  281025 1400002.csv,10751,1,31.0,31.32,630.0,602.5,0.7603,1
ARDG_AQUA bream556gr 30cm  281025 1500002.csv,7870,0,0.0,28.9,0.0,489.3,0.0567,0
ARDG_AQUA bream 800gr 36cm  281025 1453002.csv,4700,0,0.0,24.11,0.0,106.1,0.0,0
ARDG_AQUA bream556gr 30cm  281025 1500002.csv,2627,0,0.0,27.61,0.0,383.9,0.0005,0
ARDG_AQUA bream500gr 30cm  281025 1500002.csv,2056,0,0.0,24.25,0.0,232.3,0.0,0
ARDG_AQUA bream 310gr 23 sm  281025 1233002.csv,10610,0,0.0,21.62,0.0,96.2,0.0,0
ARDG_AQUA bream350 gr27cm  281025 1548002.csv,5190,0,0.0,23.58,0.0,116.7,0.0,0
ARDG_AQUA bream 340gr 27cm  281025 1415002.csv,1956,0,0.0,24.35,0.0,163.3,0.0,0
ARDG_AQUA bream350 gr27cm  281025 1548002.csv,4401,0,0.0,23.31,0.0,179.3,0.0,0
ARDG_AQUA bream500gr 30cm  281025 1500002.csv,10085,0,0.0,22.42,0.0,230.9,0.0,0
ARDG_AQUA bream 390gr 26cm  281025 1325003.csv,8073,1,26.0,27.59,390.0,451.3,0.9522,1
ARDG_AQUA bream 800gr 36cm  281025 1453002.csv,5006,0,0.0,26.57,0.0,328.8,0.0,0
ARDG_AQUA bream 150gr 21 sm  281025 1132002.csv,10138,0,0.0,21.78,0.0,138.1,0.0166,0
ARDG_AQUA bream500gr 30cm  281025 1500002.csv,7023,0,0.0,22.72,0.0,205.0,0.0,0
ARDG_AQUA bream 630gr 31cm  281025 1400002.csv,8669,0,0.0,24.14,0.0,231.9,0.0,0
ARDG_AQUA bream500gr 30cm  281025 1500003.csv,1433,0,0.0,22.92,0.0,272.6,0.0,0
ARDG_AQUA bream556gr 30cm  281025 1500003.csv,1242,0,0.0,20.25,0.0,127.9,0.0,0
ARDG_AQUA bream 150gr 21 sm  281025 1132002.csv,8029,0,0.0,22.49,0.0,154.8,0.0,0
ARDG_AQUA bream556gr 30cm  281025 1500002.csv,6367,0,0.0,24.44,0.0,209.3,0.0,0
ARDG_AQUA bream350 gr27cm  281025 1548002.csv,2351,1,27.0,26.13,350.0,348.0,0.9758,1
ARDG_AQUA bream 150gr 21 sm  281025 1132004.csv,1591,0,0.0,23.98,0.0,134.5,0.0,0
ARDG_AQUA bream630gr 32cm  281025 1500002.csv,4659,0,0.0,22.08,0.0,179.0,0.0002,0
ARDG_AQUA bream 390gr 26cm  281025 1325005.csv,9262,0,0.0,23.66,0.0,206.0,0.0,0
ARDG_AQUA bream500gr 30cm  281025 1500002.csv,7918,0,0.0,21.84,0.0,146.0,0.0,0
ARDG_AQUA bream 150gr 21 sm  281025 1132004.csv,2951,0,0.0,20.48,0.0,145.6,0.8304,1
ARDG_AQUA bream 150gr 21 sm  281025 1132004.csv,8700,0,0.0,22.31,0.0,146.7,1e-04,0
ARDG_AQUA bream500gr 30cm  281025 1500002.csv,10884,1,30.0,29.48,500.0,492.6,0.8472,1
ARDG_AQUA bream 800gr 36cm  281025 1453002.csv,4922,0,0.0,25.26,0.0,266.7,0.0,0
ARDG_AQUA bream 150gr 21 sm  281025 1132002.csv,9294,0,0.0,23.46,0.0,153.8,0.0,0
ARDG_AQUA bream 150gr 21 sm  281025 1132004.csv,8652,0,0.0,22.16,0.0,153.6,1e-04,0
ARDG_AQUA bream 580gr 30 sm  281025 1254002.csv,9305,0,0.0,28.4,0.0,645.2,0.9418,1
ARDG_AQUA bream350 gr27cm  281025 1548002.csv,3999,0,0.0,23.59,0.0,162.8,0.0,0
ARDG_AQUA bream150gr21cm  281025 1548002.csv,1005,0,0.0,23.47,0.0,265.0,0.5705,1
ARDG_AQUA bream500gr 30cm  281025 1500002.csv,2646,0,0.0,19.96,0.0,64.5,0.0,0
ARDG_AQUA bream 680gr 33 sm  281025 1208003.csv,982,0,0.0,21.96,0.0,174.7,0.0002,0
ARDG_AQUA bream 150gr 21 sm  281025 1132002.csv,4326,0,0.0,19.48,0.0,107.4,0.0012,0
ARDG_AQUA bream 580gr 30 sm  281025 1254002.csv,9930,0,0.0,21.2,0.0,174.4,0.0,0
ARDG_AQUA bream500gr 30cm  281025 1500002.csv,7666,0,0.0,22.06,0.0,166.2,0.0,0
ARDG_AQUA bream 390gr 26cm  281025 1325003.csv,4903,0,0.0,21.04,0.0,117.3,0.0,0
ARDG_AQUA bream 150gr 21 sm  281025 1132002.csv,7388,0,0.0,22.81,0.0,135.5,0.0,0
ARDG_AQUA bream 310gr 23 sm  281025 1233002.csv,3929,0,0.0,22.05,0.0,233.8,0.0,0
ARDG_AQUA bream 390gr 26cm  281025 1325005.csv,8300,1,26.0,26.08,390.0,393.9,0.9729,1
ARDG_AQUA bream556gr 30cm  281025 1500002.csv,2889,0,0.0,31.33,0.0,559.6,0.8362,1
ARDG_AQUA bream556gr 30cm  281025 1500002.csv,8633,0,0.0,29.94,0.0,549.2,0.9863,1
ARDG_AQUA bream 800gr 36cm  281025 1453002.csv,4099,0,0.0,23.43,0.0,203.9,0.0,0
ARDG_AQUA bream 800gr 36cm  281025 1453002.csv,1414,0,0.0,27.55,0.0,388.0,0.0,0
ARDG_AQUA bream 630gr 31cm  281025 1400002.csv,9044,1,31.0,30.63,630.0,609.3,0.9196,1
ARDG_AQUA bream556gr 30cm  281025 1500002.csv,2540,0,0.0,26.64,0.0,310.9,0.0,0
ARDG_AQUA bream 630gr 31cm  281025 1400002.csv,3207,0,0.0,23.2,0.0,263.0,0.0,0
ARDG_AQUA bream 280gr 24cm  281025 1425002.csv,4232,0,0.0,25.39,0.0,225.9,0.0,0
ARDG_AQUA bream 580gr 30 sm  281025 1254003.csv,1389,0,0.0,23.03,0.0,344.9,0.0,0
ARDG_AQUA bream556gr 30cm  281025 1500002.csv,10644,0,0.0,30.77,0.0,583.3,0.778,1
ARDG_AQUA bream 580gr 30 sm  281025 1254003.csv,8628,1,30.0,35.39,580.0,704.7,0.9915,1
ARDG_AQUA bream 580gr 30 sm  281025 1254003.csv,7116,0,0.0,20.69,0.0,109.9,0.0,0
ARDG_AQUA bream 150gr 21 sm  281025 1132004.csv,1337,0,0.0,22.69,0.0,160.0,0.0,0
ARDG_AQUA bream556gr 30cm  281025 1500002.csv,6293,0,0.0,24.09,0.0,318.8,0.0,0
ARDG_AQUA bream 280gr 24cm  281025 1425002.csv,4720,0,0.0,29.9,0.0,438.9,0.0057,0
ARDG_AQUA bream 800gr 36cm  281025 1453002.csv,4930,0,0.0,24.85,0.0,227.5,0.0,0
ARDG_AQUA bream630gr 32cm  281025 1500002.csv,6560,0,0.0,27.47,0.0,338.2,0.0,0
ARDG_AQUA bream556gr 30cm  281025 1500002.csv,8899,0,0.0,24.29,0.0,308.7,0.0671,0
ARDG_AQUA bream 580gr 30 sm  281025 1254003.csv,2526,0,0.0,29.7,0.0,528.5,0.1871,0
ARDG_AQUA bream 800gr 36cm  281025 1453002.csv,922,0,0.0,32.58,0.0,631.6,0.1162,0
ARDG_AQUA bream 580gr 30 sm  281025 1254003.csv,7144,0,0.0,29.2,0.0,549.9,0.6163,1
ARDG_AQUA bream630gr 32cm  281025 1500002.csv,2871,0,0.0,24.97,0.0,273.5,0.0,0
ARDG_AQUA bream150gr21cm  281025 1548002.csv,4256,0,0.0,22.96,0.0,125.5,0.0,0
ARDG_AQUA bream150gr21cm  281025 1548002.csv,8598,0,0.0,21.44,0.0,89.1,0.0,0
ARDG_AQUA bream 390gr 26cm  281025 1325005.csv,7279,1,26.0,25.73,390.0,395.1,0.9706,1
ARDG_AQUA bream500gr 30cm  281025 1500002.csv,2020,0,0.0,23.32,0.0,305.6,0.0,0
ARDG_AQUA bream150gr21cm  281025 1548002.csv,2678,0,0.0,23.6,0.0,220.3,0.0,0
ARDG_AQUA bream556gr 30cm  281025 1500002.csv,11144,0,0.0,29.07,0.0,574.6,0.0398,0
ARDG_AQUA bream 150gr 21 sm  281025 1132004.csv,8119,0,0.0,22.54,0.0,138.1,0.0,0
ARDG_AQUA bream 390gr 26cm  281025 1325005.csv,11333,1,26.0,25.52,390.0,385.5,0.9647,1
ARDG_AQUA bream150gr21cm  281025 1548002.csv,6482,0,0.0,23.79,0.0,156.6,0.0,0
ARDG_AQUA bream556gr 30cm  281025 1500002.csv,5245,0,0.0,29.11,0.0,528.8,0.9759,1
ARDG_AQUA bream150gr21cm  281025 1548002.csv,60,0,0.0,22.56,0.0,261.3,0.0,0
ARDG_AQUA bream556gr 30cm  281025 1500002.csv,8088,0,0.0,23.78,0.0,310.1,0.0,0
ARDG_AQUA bream 390gr 26cm  281025 1325003.csv,10096,1,26.0,25.75,390.0,386.8,0.9454,1
ARDG_AQUA bream 800gr 36cm  281025 1453002.csv,4088,0,0.0,23.37,0.0,189.3,0.0,0
ARDG_AQUA bream630gr 32cm  281025 1500002.csv,790,0,0.0,30.03,0.0,538.3,0.1312,0
ARDG_AQUA bream 280gr 24cm  281025 1425002.csv,3828,1,24.0,26.13,280.0,414.2,0.1076,0
ARDG_AQUA bream500gr 30cm  281025 1500002.csv,8970,0,0.0,23.25,0.0,269.0,0.0,0
ARDG_AQUA bream500gr 30cm  281025 1500003.csv,2957,1,30.0,30.83,500.0,625.5,0.8221,1
ARDG_AQUA bream630gr 32cm  281025 1500002.csv,6145,0,0.0,25.19,0.0,252.6,0.0,0
ARDG_AQUA bream 580gr 30 sm  281025 1254003.csv,5332,0,0.0,23.47,0.0,367.9,0.0,0
ARDG_AQUA bream 680gr 33 sm  281025 1208003.csv,2684,1,33.0,30.91,680.0,681.9,0.9909,1
ARDG_AQUA bream 580gr 30 sm  281025 1254002.csv,7009,0,0.0,22.01,0.0,230.2,0.0,0
ARDG_AQUA bream 680gr 33 sm  281025 1208003.csv,183,1,33.0,33.38,680.0,656.8,0.9875,1
ARDG_AQUA bream 630gr 31cm  281025 1400002.csv,4220,1,31.0,30.76,630.0,613.7,0.9777,1
ARDG_AQUA bream 580gr 30 sm  281025 1254002.csv,3405,0,0.0,20.68,0.0,134.7,0.0,0
ARDG_AQUA bream620 gr31cm  281025 1618003.csv,10548,1,31.0,31.71,620.0,618.4,0.9336,1
ARDG_AQUA bream 800gr 36cm  281025 1453002.csv,3880,0,0.0,34.51,0.0,739.0,0.9103,1
ARDG_AQUA bream 150gr 21 sm  281025 1132004.csv,5705,0,0.0,22.88,0.0,152.0,0.0,0
ARDG_AQUA bream556gr 30cm  281025 1500002.csv,1726,0,0.0,26.79,0.0,286.3,0.0,0
ARDG_AQUA bream350 gr27cm  281025 1548002.csv,5123,0,0.0,23.59,0.0,127.5,0.0,0
ARDG_AQUA bream620 gr31cm  281025 1618003.csv,10339,0,0.0,21.71,0.0,188.2,0.0,0
ARDG_AQUA bream556gr 30cm  281025 1500002.csv,1188,0,0.0,30.34,0.0,587.2,0.0008,0
ARDG_AQUA bream 150gr 21 sm  281025 1132004.csv,3676,0,0.0,22.49,0.0,135.8,0.0,0
ARDG_AQUA bream 580gr 30 sm  281025 1254003.csv,1877,0,0.0,27.22,0.0,449.0,0.2868,0
ARDG_AQUA bream150gr21cm  281025 1548002.csv,4034,1,21.0,21.35,150.0,151.0,0.922,1
ARDG_AQUA bream620 gr31cm  281025 1618003.csv,745,0,0.0,22.92,0.0,171.8,0.0,0
ARDG_AQUA bream 390gr 26cm  281025 1325005.csv,5727,0,0.0,21.84,0.0,186.6,1e-04,0
ARDG_AQUA bream 680gr 33 sm  281025 1208003.csv,10373,0,0.0,21.97,0.0,140.5,0.0,0
ARDG_AQUA bream500gr 30cm  281025 1500002.csv,5433,0,0.0,24.08,0.0,158.6,0.0,0
ARDG_AQUA bream 580gr 30 sm  281025 1254003.csv,11319,0,0.0,20.21,0.0,83.3,0.0,0
ARDG_AQUA bream150gr21cm  281025 1548002.csv,4435,0,0.0,22.12,0.0,229.2,0.0738,0
ARDG_AQUA bream 580gr 30 sm  281025 1254003.csv,8728,0,0.0,20.06,0.0,194.9,0.0,0
ARDG_AQUA bream 680gr 33 sm  281025 1208003.csv,6589,0,0.0,21.33,0.0,162.8,0.001,0
ARDG_AQUA bream 150gr 21 sm  281025 1132004.csv,10441,0,0.0,22.66,0.0,147.9,0.0,0
ARDG_AQUA bream 800gr 36cm  281025 1453002.csv,994,1,36.0,35.46,800.0,791.8,0.9792,1
ARDG_AQUA bream 580gr 30 sm  281025 1254002.csv,6615,0,0.0,29.01,0.0,566.4,0.2333,0
ARDG_AQUA bream 280gr 24cm  281025 1425002.csv,4181,0,0.0,22.75,0.0,119.7,0.0,0
ARDG_AQUA bream620 gr31cm  281025 1618003.csv,4458,0,0.0,24.45,0.0,252.5,0.0016,0
ARDG_AQUA bream 580gr 30 sm  281025 1254003.csv,6825,0,0.0,23.16,0.0,366.8,0.0,0
ARDG_AQUA bream 280gr 24cm  281025 1425002.csv,41,0,0.0,23.44,0.0,201.8,0.0,0
ARDG_AQUA bream150gr21cm  281025 1548002.csv,4752,0,0.0,22.98,0.0,127.5,0.0,0
ARDG_AQUA bream 580gr 30 sm  281025 1254003.csv,3615,0,0.0,28.97,0.0,531.1,0.0158,0
ARDG_AQUA bream556gr 30cm  281025 1500002.csv,10819,0,0.0,27.57,0.0,444.6,0.7085,1
ARDG_AQUA bream150gr21cm  281025 1548002.csv,270,0,0.0,20.88,0.0,80.8,0.0,0
ARDG_AQUA bream620 gr31cm  281025 1618003.csv,11855,0,0.0,23.1,0.0,202.5,0.0,0
ARDG_AQUA bream 580gr 30 sm  281025 1254003.csv,395,0,0.0,22.28,0.0,235.4,0.0,0
ARDG_AQUA bream150gr21cm  281025 1548002.csv,5101,0,0.0,22.47,0.0,244.9,1e-04,0
ARDG_AQUA bream500gr 30cm  281025 1500003.csv,4229,0,0.0,25.12,0.0,203.9,0.0,0
ARDG_AQUA bream 630gr 31cm  281025 1400002.csv,6720,0,0.0,24.14,0.0,222.6,0.0,0
ARDG_AQUA bream 310gr 23 sm  281025 1233002.csv,4804,0,0.0,21.83,0.0,143.4,0.0,0
ARDG_AQUA bream630gr 32cm  281025 1500002.csv,4722,0,0.0,22.86,0.0,236.4,0.0,0
ARDG_AQUA bream500gr 30cm  281025 1500002.csv,3394,0,0.0,21.85,0.0,190.1,0.0,0
ARDG_AQUA bream 150gr 21 sm  281025 1132004.csv,3634,0,0.0,23.0,0.0,169.8,0.0,0
ARDG_AQUA bream 800gr 36cm  281025 1453002.csv,921,0,0.0,32.49,0.0,610.7,0.1801,0
ARDG_AQUA bream 390gr 26cm  281025 1325003.csv,7984,1,26.0,26.38,390.0,380.2,0.9712,1
ARDG_AQUA bream150gr21cm  281025 1548002.csv,95,0,0.0,22.4,0.0,252.5,0.0,0
ARDG_AQUA bream 580gr 30 sm  281025 1254002.csv,10781,0,0.0,20.85,0.0,194.8,0.0,0
ARDG_AQUA bream 630gr 31cm  281025 1400002.csv,2766,0,0.0,25.78,0.0,255.2,0.0,0
ARDG_AQUA bream 580gr 30 sm  281025 1254003.csv,8501,0,0.0,24.3,0.0,150.6,0.0,0
ARDG_AQUA bream 310gr 23 sm  281025 1233002.csv,4887,0,0.0,21.47,0.0,147.2,0.0,0
ARDG_AQUA bream 390gr 26cm  281025 1325005.csv,3110,0,0.0,22.49,0.0,274.9,0.0,0
ARDG_AQUA bream150gr21cm  281025 1548002.csv,3700,1,21.0,21.36,150.0,145.3,0.9356,1
ARDG_AQUA bream 580gr 30 sm  281025 1254003.csv,5093,0,0.0,20.48,0.0,217.8,0.0,0
ARDG_AQUA bream500gr 30cm  281025 1500002.csv,5489,0,0.0,23.23,0.0,230.4,0.0,0
ARDG_AQUA bream150gr21cm  281025 1548002.csv,7538,0,0.0,24.51,0.0,230.2,0.0,0
ARDG_AQUA bream 150gr 21 sm  281025 1132004.csv,9922,1,21.0,20.8,150.0,141.2,0.9388,1
ARDG_AQUA bream 680gr 33 sm  281025 1208003.csv,1142,0,0.0,21.57,0.0,129.6,0.0002,0
ARDG_AQUA bream 630gr 31cm  281025 1400002.csv,6492,0,0.0,23.07,0.0,302.4,0.0,0
ARDG_AQUA bream 630gr 31cm  281025 1400002.csv,8072,1,31.0,28.98,630.0,479.5,0.9629,1
ARDG_AQUA bream500gr 30cm  281025 1500002.csv,1281,0,0.0,21.66,0.0,186.5,1e-04,0
ARDG_AQUA bream 150gr 21 sm  281025 1132004.csv,2351,0,0.0,22.58,0.0,148.9,0.0,0
ARDG_AQUA bream150gr21cm  281025 1548002.csv,1817,0,0.0,22.81,0.0,250.6,0.6011,1
ARDG_AQUA bream 390gr 26cm  281025 1325005.csv,4370,0,0.0,19.21,0.0,114.1,0.0,0
ARDG_AQUA bream 580gr 30 sm  281025 1254003.csv,10235,0,0.0,28.74,0.0,489.3,0.7699,1
ARDG_AQUA bream620 gr31cm  281025 1618003.csv,3054,0,0.0,22.62,0.0,287.5,0.0006,0
ARDG_AQUA bream500gr 30cm  281025 1500002.csv,8301,0,0.0,21.68,0.0,127.1,0.0,0
ARDG_AQUA bream500gr 30cm  281025 1500002.csv,4392,0,0.0,26.95,0.0,290.7,0.0,0
ARDG_AQUA bream 150gr 21 sm  281025 1132002.csv,10167,0,0.0,22.59,0.0,138.4,0.0,0
ARDG_AQUA bream500gr 30cm  281025 1500002.csv,2349,1,30.0,30.21,500.0,533.3,0.975,1
ARDG_AQUA bream 150gr 21 sm  281025 1132004.csv,5681,0,0.0,22.92,0.0,163.9,0.0,0
ARDG_AQUA bream 150gr 21 sm  281025 1132004.csv,9999,0,0.0,21.82,0.0,146.9,0.2892,0
ARDG_AQUA bream556gr 30cm  281025 1500002.csv,7730,0,0.0,24.71,0.0,340.0,0.0007,0
ARDG_AQUA bream620 gr31cm  281025 1618003.csv,2164,0,0.0,24.77,0.0,288.9,0.0,0
ARDG_AQUA bream 150gr 21 sm  281025 1132002.csv,9045,0,0.0,22.33,0.0,149.4,0.0,0
ARDG_AQUA bream556gr 30cm  281025 1500002.csv,1563,0,0.0,27.84,0.0,518.3,0.4536,0
ARDG_AQUA bream556gr 30cm  281025 1500002.csv,6424,0,0.0,27.89,0.0,438.8,0.0002,0
ARDG_AQUA bream 580gr 30 sm  281025 1254003.csv,4488,0,0.0,22.53,0.0,171.9,0.0,0
ARDG_AQUA bream630gr 32cm  281025 1500002.csv,4539,1,32.0,32.01,630.0,627.1,0.9773,1
ARDG_AQUA bream630gr 32cm  281025 1500002.csv,5550,1,32.0,32.15,630.0,622.7,0.9642,1
ARDG_AQUA bream 580gr 30 sm  281025 1254003.csv,5105,0,0.0,22.0,0.0,230.9,0.0,0
ARDG_AQUA bream 150gr 21 sm  281025 1132004.csv,6848,0,0.0,22.52,0.0,143.5,0.0,0
ARDG_AQUA bream500gr 30cm  281025 1500003.csv,4685,0,0.0,20.94,0.0,183.2,0.0,0
ARDG_AQUA bream150gr21cm  281025 1548002.csv,4225,0,0.0,21.33,0.0,119.5,0.0003,0
ARDG_AQUA bream 580gr 30 sm  281025 1254003.csv,4531,0,0.0,22.87,0.0,190.8,0.0,0
ARDG_AQUA bream 580gr 30 sm  281025 1254003.csv,295,0,0.0,23.76,0.0,204.6,0.0,0
ARDG_AQUA bream500gr 30cm  281025 1500002.csv,8872,1,30.0,29.96,500.0,522.5,0.9392,1
ARDG_AQUA bream 310gr 23 sm  281025 1233002.csv,4866,0,0.0,21.07,0.0,182.6,0.0,0
ARDG_AQUA bream 680gr 33 sm  281025 1208003.csv,2214,1,33.0,33.03,680.0,680.6,0.9852,1
ARDG_AQUA bream500gr 30cm  281025 1500002.csv,7009,0,0.0,23.81,0.0,228.1,0.0,0
ARDG_AQUA bream150gr21cm  281025 1548002.csv,8553,0,0.0,23.54,0.0,199.4,0.0,0
ARDG_AQUA bream350 gr27cm  281025 1548002.csv,62,1,27.0,26.67,350.0,354.0,0.9554,1
ARDG_AQUA bream 630gr 31cm  281025 1400002.csv,8719,0,0.0,22.15,0.0,169.0,0.0,0
ARDG_AQUA bream150gr21cm  281025 1548002.csv,2798,1,21.0,21.62,150.0,145.8,0.933,1
ARDG_AQUA bream500gr 30cm  281025 1500002.csv,8251,0,0.0,22.56,0.0,104.4,0.0,0
ARDG_AQUA bream150gr21cm  281025 1548002.csv,1774,0,0.0,23.44,0.0,206.5,0.0,0
ARDG_AQUA bream 580gr 30 sm  281025 1254002.csv,10835,0,0.0,24.26,0.0,301.9,0.0,0
ARDG_AQUA bream 280gr 24cm  281025 1425002.csv,3321,1,24.0,23.72,280.0,271.6,0.9709,1
ARDG_AQUA bream556gr 30cm  281025 1500002.csv,8674,0,0.0,27.55,0.0,301.4,0.0,0
ARDG_AQUA bream 390gr 26cm  281025 1325005.csv,10741,0,0.0,24.4,0.0,434.2,0.9209,1
ARDG_AQUA bream500gr 30cm  281025 1500002.csv,1251,0,0.0,23.13,0.0,260.5,0.0,0
ARDG_AQUA bream 150gr 21 sm  281025 1132004.csv,1241,1,21.0,21.14,150.0,140.4,0.918,1
ARDG_AQUA bream620 gr31cm  281025 1618003.csv,2934,0,0.0,21.54,0.0,123.3,1e-04,0
ARDG_AQUA bream620 gr31cm  281025 1618004.csv,2136,0,0.0,22.19,0.0,138.7,0.0,0
ARDG_AQUA bream 150gr 21 sm  281025 1132004.csv,9995,0,0.0,21.37,0.0,134.1,0.6992,1
ARDG_AQUA bream556gr 30cm  281025 1500002.csv,8151,0,0.0,25.71,0.0,437.5,0.0956,0
ARDG_AQUA bream 310gr 23 sm  281025 1233002.csv,178,0,0.0,21.24,0.0,138.5,0.0,0
ARDG_AQUA bream 150gr 21 sm  281025 1132004.csv,10023,0,0.0,22.87,0.0,136.8,0.0,0
ARDG_AQUA bream620 gr31cm  281025 1618003.csv,7133,1,31.0,29.37,620.0,548.0,0.8779,1
ARDG_AQUA bream 580gr 30 sm  281025 1254003.csv,5116,0,0.0,27.1,0.0,445.8,0.0,0
ARDG_AQUA bream500gr 30cm  281025 1500002.csv,7027,0,0.0,22.15,0.0,202.7,0.0,0
ARDG_AQUA bream 150gr 21 sm  281025 1132004.csv,3323,0,0.0,22.2,0.0,135.9,0.0,0
ARDG_AQUA bream150gr21cm  281025 1548002.csv,543,0,0.0,23.19,0.0,146.4,0.0,0
ARDG_AQUA bream 580gr 30 sm  281025 1254002.csv,2070,0,0.0,20.52,0.0,191.3,0.0,0
ARDG_AQUA bream 150gr 21 sm  281025 1132002.csv,9672,0,0.0,22.91,0.0,146.6,0.0,0
ARDG_AQUA bream 580gr 30 sm  281025 1254003.csv,4568,0,0.0,22.5,0.0,227.2,0.0,0
ARDG_AQUA bream 390gr 26cm  281025 1325005.csv,10406,0,0.0,20.18,0.0,183.9,0.5493,1
ARDG_AQUA bream 150gr 21 sm  281025 1132004.csv,2909,0,0.0,23.31,0.0,145.9,0.0,0
ARDG_AQUA bream 630gr 31cm  281025 1400002.csv,10518,1,31.0,30.99,630.0,647.4,0.9632,1
ARDG_AQUA bream150gr21cm  281025 1548002.csv,571,0,0.0,21.66,0.0,177.9,1e-04,0
ARDG_AQUA bream 630gr 31cm  281025 1400002.csv,9153,1,31.0,31.34,630.0,620.6,0.962,1
ARDG_AQUA bream 390gr 26cm  281025 1325005.csv,10785,0,0.0,23.86,0.0,284.8,0.0,0
ARDG_AQUA bream620 gr31cm  281025 1618003.csv,5400,1,31.0,31.35,620.0,606.2,0.9743,1
ARDG_AQUA bream 580gr 30 sm  281025 1254003.csv,7112,0,0.0,20.29,0.0,91.6,0.0,0
ARDG_AQUA bream 800gr 36cm  281025 1453002.csv,1636,0,0.0,25.23,0.0,328.9,0.0,0
ARDG_AQUA bream620 gr31cm  281025 1618003.csv,9818,1,31.0,31.63,620.0,629.3,0.9666,1
ARDG_AQUA bream 390gr 26cm  281025 1325003.csv,10225,1,26.0,26.56,390.0,379.1,0.9731,1
ARDG_AQUA bream556gr 30cm  281025 1500002.csv,7681,0,0.0,27.76,0.0,409.5,0.0,0
ARDG_AQUA bream 580gr 30 sm  281025 1254002.csv,10192,1,30.0,28.13,580.0,480.6,0.9718,1
ARDG_AQUA bream 800gr 36cm  281025 1453002.csv,392,0,0.0,35.03,0.0,741.9,0.9778,1
ARDG_AQUA bream150gr21cm  281025 1548002.csv,2629,0,0.0,22.71,0.0,231.3,0.0,0
ARDG_AQUA bream630gr 32cm  281025 1500002.csv,58,0,0.0,29.7,0.0,525.4,0.9774,1
ARDG_AQUA bream350 gr27cm  281025 1548002.csv,2266,0,0.0,23.15,0.0,153.6,0.0,0
ARDG_AQUA bream 580gr 30 sm  281025 1254002.csv,10865,0,0.0,22.28,0.0,156.7,0.0,0
ARDG_AQUA bream 580gr 30 sm  281025 1254003.csv,5775,0,0.0,28.71,0.0,479.4,0.0395,0
ARDG_AQUA bream 580gr 30 sm  281025 1254002.csv,1083,0,0.0,22.42,0.0,148.1,0.0,0
ARDG_AQUA bream556gr 30cm  281025 1500002.csv,9919,0,0.0,28.76,0.0,516.2,0.9498,1
ARDG_AQUA bream 630gr 31cm  281025 1400002.csv,11918,0,0.0,23.6,0.0,234.0,0.0,0
ARDG_AQUA bream630gr 32cm  281025 1500002.csv,5474,1,32.0,32.1,630.0,618.9,0.953,1
ARDG_AQUA bream 680gr 33 sm  281025 1208003.csv,582,0,0.0,21.93,0.0,155.3,0.0,0
ARDG_AQUA bream150gr21cm  281025 1548002.csv,310,0,0.0,22.11,0.0,164.1,0.0,0
ARDG_AQUA bream556gr 30cm  281025 1500002.csv,2871,0,0.0,29.17,0.0,494.1,0.1069,0
ARDG_AQUA bream500gr 30cm  281025 1500003.csv,4669,0,0.0,21.15,0.0,132.8,0.0,0
ARDG_AQUA bream 310gr 23 sm  281025 1233002.csv,8052,0,0.0,21.32,0.0,103.3,0.0,0
ARDG_AQUA bream 580gr 30 sm  281025 1254003.csv,10869,0,0.0,21.82,0.0,191.5,0.0,0
ARDG_AQUA bream 280gr 24cm  281025 1425002.csv,1230,0,0.0,25.21,0.0,351.7,0.94,1
ARDG_AQUA bream 580gr 30 sm  281025 1254003.csv,11114,0,0.0,22.19,0.0,117.4,0.0,0
ARDG_AQUA bream556gr 30cm  281025 1500002.csv,1558,0,0.0,29.04,0.0,528.5,0.8321,1
ARDG_AQUA bream 580gr 30 sm  281025 1254002.csv,1846,0,0.0,20.32,0.0,297.4,1e-04,0
ARDG_AQUA bream 150gr 21 sm  281025 1132002.csv,10148,0,0.0,22.95,0.0,143.2,0.0,0
ARDG_AQUA bream350 gr27cm  281025 1548002.csv,5125,0,0.0,23.41,0.0,126.8,0.0,0
ARDG_AQUA bream 150gr 21 sm  281025 1132002.csv,2718,1,21.0,20.56,150.0,147.7,0.9319,1
ARDG_AQUA bream 390gr 26cm  281025 1325005.csv,3012,1,26.0,26.4,390.0,383.8,0.9677,1
ARDG_AQUA bream 310gr 23 sm  281025 1233002.csv,2981,1,23.0,23.54,310.0,298.6,0.8937,1
ARDG_AQUA bream 150gr 21 sm  281025 1132004.csv,3922,0,0.0,22.31,0.0,151.5,0.0,0
ARDG_AQUA bream350 gr27cm  281025 1548002.csv,3316,0,0.0,26.57,0.0,247.4,0.0,0
ARDG_AQUA bream 680gr 33 sm  281025 1208003.csv,9216,0,0.0,22.44,0.0,159.9,0.0,0
ARDG_AQUA bream556gr 30cm  281025 1500002.csv,7648,0,0.0,31.31,0.0,607.0,0.9658,1
ARDG_AQUA bream620 gr31cm  281025 1618003.csv,4442,0,0.0,24.94,0.0,357.1,0.0029,0
ARDG_AQUA bream 390gr 26cm  281025 1325005.csv,53,0,0.0,20.42,0.0,171.4,0.0,0
ARDG_AQUA bream 680gr 33 sm  281025 1208003.csv,8393,0,0.0,22.13,0.0,215.6,0.0,0
ARDG_AQUA bream500gr 30cm  281025 1500002.csv,2239,0,0.0,21.43,0.0,146.9,0.0,0
ARDG_AQUA bream500gr 30cm  281025 1500002.csv,8006,0,0.0,23.81,0.0,116.6,0.0,0
ARDG_AQUA bream556gr 30cm  281025 1500002.csv,1279,0,0.0,26.63,0.0,418.2,0.0003,0
ARDG_AQUA bream150gr21cm  281025 1548002.csv,4334,0,0.0,23.53,0.0,218.8,0.0,0
ARDG_AQUA bream556gr 30cm  281025 1500002.csv,3495,0,0.0,24.94,0.0,196.6,0.0,0
ARDG_AQUA bream 390gr 26cm  281025 1325005.csv,3527,1,26.0,25.4,390.0,399.9,0.9795,1
ARDG_AQUA bream 580gr 30 sm  281025 1254003.csv,1362,0,0.0,25.47,0.0,429.5,0.0374,0
ARDG_AQUA bream556gr 30cm  281025 1500002.csv,9464,0,0.0,24.86,0.0,263.2,0.0,0
ARDG_AQUA bream 310gr 23 sm  281025 1233002.csv,10559,0,0.0,22.01,0.0,157.2,0.0,0
ARDG_AQUA bream 580gr 30 sm  281025 1254002.csv,5650,1,30.0,30.28,580.0,586.5,0.9738,1
ARDG_AQUA bream 390gr 26cm  281025 1325005.csv,195,0,0.0,22.84,0.0,160.8,0.0,0
ARDG_AQUA bream 680gr 33 sm  281025 1208003.csv,1097,0,0.0,21.95,0.0,164.5,0.0,0
ARDG_AQUA bream556gr 30cm  281025 1500002.csv,10716,1,30.0,30.05,556.0,534.0,0.9659,1
ARDG_AQUA bream150gr21cm  281025 1548002.csv,5150,0,0.0,22.91,0.0,170.8,0.0,0
ARDG_AQUA bream 680gr 33 sm  281025 1208003.csv,5738,1,33.0,32.49,680.0,672.7,0.9826,1
ARDG_AQUA bream 150gr 21 sm  281025 1132002.csv,8016,0,0.0,23.0,0.0,162.7,0.0,0
ARDG_AQUA bream 390gr 26cm  281025 1325005.csv,2620,1,26.0,27.03,390.0,447.7,0.9708,1
ARDG_AQUA bream 310gr 23 sm  281025 1233002.csv,5435,0,0.0,21.82,0.0,137.6,0.0,0
ARDG_AQUA bream620 gr31cm  281025 1618003.csv,10715,1,31.0,31.94,620.0,614.9,0.9652,1
ARDG_AQUA bream 310gr 23 sm  281025 1233002.csv,10490,0,0.0,20.95,0.0,135.0,0.0,0
ARDG_AQUA bream556gr 30cm  281025 1500002.csv,1523,0,0.0,26.06,0.0,334.6,0.0,0
ARDG_AQUA bream500gr 30cm  281025 1500002.csv,4980,0,0.0,24.57,0.0,136.7,0.0,0
ARDG_AQUA bream 150gr 21 sm  281025 1132004.csv,7013,0,0.0,22.52,0.0,153.8,0.0,0
ARDG_AQUA bream620 gr31cm  281025 1618003.csv,4506,0,0.0,26.86,0.0,227.6,0.0,0
ARDG_AQUA bream 390gr 26cm  281025 1325005.csv,4378,0,0.0,18.79,0.0,152.6,0.0009,0
ARDG_AQUA bream556gr 30cm  281025 1500002.csv,5864,1,30.0,30.11,556.0,565.0,0.982,1
ARDG_AQUA bream500gr 30cm  281025 1500002.csv,7911,0,0.0,20.99,0.0,102.7,0.0,0
ARDG_AQUA bream500gr 30cm  281025 1500003.csv,2595,1,30.0,28.13,500.0,488.1,0.9783,1
ARDG_AQUA bream556gr 30cm  281025 1500003.csv,1248,0,0.0,21.17,0.0,136.2,0.0,0
ARDG_AQUA bream 390gr 26cm  281025 1325005.csv,175,0,0.0,24.34,0.0,259.1,0.0,0
ARDG_AQUA bream 150gr 21 sm  281025 1132002.csv,7389,0,0.0,22.82,0.0,134.3,0.0,0
ARDG_AQUA bream556gr 30cm  281025 1500003.csv,1291,0,0.0,24.07,0.0,185.1,0.0,0
ARDG_AQUA bream 150gr 21 sm  281025 1132002.csv,10819,0,0.0,22.67,0.0,157.1,0.0,0
ARDG_AQUA bream500gr 30cm  281025 1500002.csv,4492,1,30.0,30.15,500.0,473.5,0.966,1
ARDG_AQUA bream 800gr 36cm  281025 1453002.csv,560,0,0.0,36.64,0.0,768.5,0.9208,1
ARDG_AQUA bream500gr 30cm  281025 1500002.csv,3396,0,0.0,22.02,0.0,191.7,0.0,0
ARDG_AQUA bream 580gr 30 sm  281025 1254002.csv,10871,0,0.0,21.2,0.0,154.9,0.0,0
ARDG_AQUA bream 150gr 21 sm  281025 1132002.csv,3408,0,0.0,22.38,0.0,120.7,0.0,0
ARDG_AQUA bream 680gr 33 sm  281025 1208003.csv,9631,1,33.0,32.29,680.0,664.2,0.988,1
ARDG_AQUA bream 580gr 30 sm  281025 1254003.csv,8512,0,0.0,23.44,0.0,203.3,0.0,0
ARDG_AQUA bream630gr 32cm  281025 1500002.csv,2887,0,0.0,24.53,0.0,257.2,0.0,0
ARDG_AQUA bream500gr 30cm  281025 1500002.csv,3218,0,0.0,22.37,0.0,181.9,0.0,0
ARDG_AQUA bream 310gr 23 sm  281025 1233002.csv,2135,0,0.0,22.84,0.0,322.4,0.802,1
ARDG_AQUA bream500gr 30cm  281025 1500002.csv,1458,0,0.0,21.28,0.0,217.6,0.0,0
ARDG_AQUA bream500gr 30cm  281025 1500002.csv,4356,0,0.0,23.43,0.0,196.9,0.0,0
ARDG_AQUA bream556gr 30cm  281025 1500002.csv,5997,0,0.0,24.31,0.0,246.5,0.0,0
ARDG_AQUA bream500gr 30cm  281025 1500003.csv,1415,0,0.0,23.61,0.0,257.3,0.0,0
ARDG_AQUA bream150gr21cm  281025 1548002.csv,6732,0,0.0,25.94,0.0,249.9,0.0,0
ARDG_AQUA bream 580gr 30 sm  281025 1254003.csv,8059,0,0.0,23.57,0.0,316.6,0.0003,0
ARDG_AQUA bream 390gr 26cm  281025 1325005.csv,3886,0,0.0,20.98,0.0,138.4,0.0,0
ARDG_AQUA bream556gr 30cm  281025 1500002.csv,1541,0,0.0,30.86,0.0,584.1,0.9711,1
ARDG_AQUA bream 150gr 21 sm  281025 1132004.csv,7866,0,0.0,22.49,0.0,169.4,0.0,0
ARDG_AQUA bream 580gr 30 sm  281025 1254002.csv,10964,0,0.0,22.05,0.0,239.9,0.0,0
ARDG_AQUA bream556gr 30cm  281025 1500002.csv,11257,0,0.0,32.99,0.0,625.5,0.5576,1
ARDG_AQUA bream350 gr27cm  281025 1548002.csv,1105,0,0.0,25.3,0.0,178.6,0.0,0
ARDG_AQUA bream620 gr31cm  281025 1618003.csv,426,0,0.0,21.75,0.0,223.4,0.0,0
ARDG_AQUA bream150gr21cm  281025 1548002.csv,2409,1,21.0,23.37,150.0,256.7,0.9504,1
ARDG_AQUA bream556gr 30cm  281025 1500003.csv,1331,0,0.0,23.24,0.0,173.7,0.0,0
ARDG_AQUA bream630gr 32cm  281025 1500002.csv,522,1,32.0,34.21,630.0,696.1,0.9837,1
ARDG_AQUA bream 310gr 23 sm  281025 1233002.csv,3734,1,23.0,22.98,310.0,325.4,0.9613,1
ARDG_AQUA bream620 gr31cm  281025 1618004.csv,2056,0,0.0,24.05,0.0,261.4,0.0,0
ARDG_AQUA bream500gr 30cm  281025 1500003.csv,2510,0,0.0,22.86,0.0,229.5,0.0,0
ARDG_AQUA bream 280gr 24cm  281025 1425002.csv,4220,0,0.0,24.41,0.0,178.9,0.0,0
ARDG_AQUA bream 150gr 21 sm  281025 1132002.csv,6713,0,0.0,22.15,0.0,133.5,0.0,0
ARDG_AQUA bream 280gr 24cm  281025 1425002.csv,1209,0,0.0,24.21,0.0,309.9,0.0739,0
ARDG_AQUA bream500gr 30cm  281025 1500002.csv,5905,0,0.0,24.28,0.0,165.7,0.0,0
ARDG_AQUA bream 580gr 30 sm  281025 1254003.csv,227,0,0.0,21.04,0.0,145.2,0.0,0
ARDG_AQUA bream630gr 32cm  281025 1500002.csv,32,0,0.0,21.75,0.0,156.7,0.0002,0
ARDG_AQUA bream350 gr27cm  281025 1548002.csv,5011,0,0.0,23.39,0.0,72.3,0.0,0
ARDG_AQUA bream500gr 30cm  281025 1500002.csv,9167,0,0.0,22.19,0.0,154.8,0.0,0
ARDG_AQUA bream500gr 30cm  281025 1500003.csv,1434,0,0.0,22.61,0.0,215.6,0.0,0
ARDG_AQUA bream 150gr 21 sm  281025 1132004.csv,7519,0,0.0,22.32,0.0,140.1,0.0,0
ARDG_AQUA bream556gr 30cm  281025 1500002.csv,1918,0,0.0,28.4,0.0,500.6,0.9686,1
ARDG_AQUA bream 630gr 31cm  281025 1400002.csv,7357,1,31.0,30.35,630.0,614.7,0.6933,1
ARDG_AQUA bream 800gr 36cm  281025 1453002.csv,4009,0,0.0,31.98,0.0,575.6,0.0352,0
ARDG_AQUA bream630gr 32cm  281025 1500002.csv,4869,1,32.0,31.84,630.0,620.6,0.9704,1
ARDG_AQUA bream 150gr 21 sm  281025 1132002.csv,12057,0,0.0,23.03,0.0,130.5,0.0,0
ARDG_AQUA bream 580gr 30 sm  281025 1254003.csv,2263,0,0.0,21.98,0.0,280.1,0.0,0
ARDG_AQUA bream 800gr 36cm  281025 1453002.csv,4005,0,0.0,30.07,0.0,562.8,0.0246,0
ARDG_AQUA bream 390gr 26cm  281025 1325003.csv,9525,0,0.0,24.9,0.0,158.2,0.0,0
ARDG_AQUA bream350 gr27cm  281025 1548002.csv,5691,1,27.0,26.11,350.0,380.0,0.8541,1
ARDG_AQUA bream 150gr 21 sm  281025 1132002.csv,12050,0,0.0,22.63,0.0,135.0,0.0,0
ARDG_AQUA bream 390gr 26cm  281025 1325005.csv,8541,1,26.0,26.67,390.0,425.9,0.977,1
ARDG_AQUA bream500gr 30cm  281025 1500002.csv,5941,0,0.0,23.34,0.0,204.1,0.0,0
ARDG_AQUA bream556gr 30cm  281025 1500002.csv,1312,0,0.0,28.74,0.0,549.2,0.0593,0
ARDG_AQUA bream630gr 32cm  281025 1500002.csv,5794,0,0.0,22.68,0.0,220.7,0.0,0
ARDG_AQUA bream556gr 30cm  281025 1500002.csv,5972,0,0.0,30.31,0.0,553.2,0.1736,0
ARDG_AQUA bream620 gr31cm  281025 1618003.csv,5798,0,0.0,22.33,0.0,197.8,1e-04,0
ARDG_AQUA bream 150gr 21 sm  281025 1132004.csv,1644,0,0.0,22.67,0.0,133.6,0.0,0
ARDG_AQUA bream150gr21cm  281025 1548002.csv,6416,0,0.0,24.57,0.0,157.7,0.0,0
ARDG_AQUA bream 390gr 26cm  281025 1325005.csv,2737,1,26.0,26.53,390.0,393.8,0.9812,1
ARDG_AQUA bream 150gr 21 sm  281025 1132002.csv,3498,0,0.0,21.58,0.0,143.5,0.001,0
ARDG_AQUA bream 340gr 27cm  281025 1415002.csv,894,0,0.0,25.67,0.0,391.3,0.9024,1
ARDG_AQUA bream556gr 30cm  281025 1500002.csv,581,0,0.0,25.43,0.0,407.8,0.1782,0
ARDG_AQUA bream630gr 32cm  281025 1500002.csv,5985,0,0.0,23.1,0.0,207.2,0.0,0
ARDG_AQUA bream556gr 30cm  281025 1500002.csv,11875,0,0.0,31.0,0.0,679.2,0.0013,0
ARDG_AQUA bream556gr 30cm  281025 1500002.csv,5041,0,0.0,26.35,0.0,220.1,0.0,0
ARDG_AQUA bream 630gr 31cm  281025 1400002.csv,9609,0,0.0,22.54,0.0,99.7,0.0,0
ARDG_AQUA bream620 gr31cm  281025 1618003.csv,5893,0,0.0,24.87,0.0,304.1,0.0,0
ARDG_AQUA bream500gr 30cm  281025 1500002.csv,11552,0,0.0,20.93,0.0,124.2,0.0,0
ARDG_AQUA bream620 gr31cm  281025 1618003.csv,5866,0,0.0,22.75,0.0,152.6,0.0,0
ARDG_AQUA bream 580gr 30 sm  281025 1254003.csv,11049,0,0.0,22.55,0.0,215.2,0.0,0
ARDG_AQUA bream150gr21cm  281025 1548002.csv,7141,0,0.0,20.68,0.0,115.5,0.0,0
ARDG_AQUA bream 630gr 31cm  281025 1400002.csv,11178,0,0.0,23.26,0.0,233.6,0.0,0
ARDG_AQUA bream 800gr 36cm  281025 1453002.csv,90,1,36.0,35.44,800.0,794.3,0.9894,1
ARDG_AQUA bream150gr21cm  281025 1548002.csv,549,0,0.0,23.57,0.0,141.7,0.0,0
ARDG_AQUA bream630gr 32cm  281025 1500002.csv,4737,0,0.0,23.63,0.0,260.4,0.0,0
ARDG_AQUA bream556gr 30cm  281025 1500002.csv,541,0,0.0,28.14,0.0,506.9,0.5694,1
ARDG_AQUA bream 580gr 30 sm  281025 1254003.csv,10534,0,0.0,22.52,0.0,184.8,0.0,0
ARDG_AQUA bream556gr 30cm  281025 1500002.csv,9609,0,0.0,23.39,0.0,283.6,0.0,0
ARDG_AQUA bream 280gr 24cm  281025 1425002.csv,4206,0,0.0,22.51,0.0,107.2,0.0,0
ARDG_AQUA bream 800gr 36cm  281025 1453002.csv,256,0,0.0,34.3,0.0,712.3,0.1189,0
ARDG_AQUA bream 150gr 21 sm  281025 1132004.csv,9350,0,0.0,22.71,0.0,118.6,0.0,0
ARDG_AQUA bream150gr21cm  281025 1548002.csv,7152,0,0.0,19.85,0.0,140.0,0.0,0
ARDG_AQUA bream 630gr 31cm  281025 1400002.csv,8725,0,0.0,22.44,0.0,201.0,0.0,0
ARDG_AQUA bream500gr 30cm  281025 1500003.csv,3330,0,0.0,22.48,0.0,260.7,0.0,0
ARDG_AQUA bream 680gr 33 sm  281025 1208003.csv,10514,1,33.0,33.24,680.0,752.6,0.9777,1
ARDG_AQUA bream556gr 30cm  281025 1500002.csv,7166,0,0.0,25.34,0.0,247.2,0.0,0
ARDG_AQUA bream 150gr 21 sm  281025 1132004.csv,1752,0,0.0,22.53,0.0,149.7,0.0,0
ARDG_AQUA bream 150gr 21 sm  281025 1132002.csv,10023,0,0.0,22.63,0.0,142.4,0.0,0
ARDG_AQUA bream556gr 30cm  281025 1500003.csv,1207,0,0.0,24.41,0.0,190.8,0.0,0
ARDG_AQUA bream 680gr 33 sm  281025 1208003.csv,1618,1,33.0,32.02,680.0,667.6,0.9786,1
ARDG_AQUA bream556gr 30cm  281025 1500002.csv,5658,0,0.0,26.38,0.0,381.0,0.0,0
ARDG_AQUA bream556gr 30cm  281025 1500002.csv,1550,0,0.0,30.02,0.0,555.5,0.9727,1
ARDG_AQUA bream 150gr 21 sm  281025 1132002.csv,11531,0,0.0,22.45,0.0,123.9,0.0,0
ARDG_AQUA bream 800gr 36cm  281025 1453002.csv,496,0,0.0,32.37,0.0,727.2,0.9362,1
ARDG_AQUA bream 680gr 33 sm  281025 1208003.csv,8596,1,33.0,32.53,680.0,674.4,0.992,1
ARDG_AQUA bream 680gr 33 sm  281025 1208003.csv,5971,0,0.0,21.18,0.0,141.1,0.0474,0
ARDG_AQUA bream556gr 30cm  281025 1500002.csv,1165,0,0.0,24.56,0.0,319.0,0.0003,0
ARDG_AQUA bream 630gr 31cm  281025 1400002.csv,6210,0,0.0,21.14,0.0,167.4,0.0,0
ARDG_AQUA bream556gr 30cm  281025 1500002.csv,3519,0,0.0,24.95,0.0,292.4,0.0,0
ARDG_AQUA bream 390gr 26cm  281025 1325003.csv,11082,1,26.0,26.15,390.0,382.2,0.9641,1
ARDG_AQUA bream 310gr 23 sm  281025 1233002.csv,676,0,0.0,21.66,0.0,170.0,0.0,0
ARDG_AQUA bream556gr 30cm  281025 1500002.csv,6285,0,0.0,22.94,0.0,314.6,0.0,0
ARDG_AQUA bream 390gr 26cm  281025 1325005.csv,11206,0,0.0,20.38,0.0,159.5,0.0003,0
ARDG_AQUA bream 310gr 23 sm  281025 1233002.csv,5424,0,0.0,21.49,0.0,192.5,0.0,0
ARDG_AQUA bream 390gr 26cm  281025 1325003.csv,11837,0,0.0,20.16,0.0,117.0,0.0113,0
ARDG_AQUA bream 680gr 33 sm  281025 1208003.csv,462,0,0.0,21.4,0.0,210.1,0.001,0
ARDG_AQUA bream 580gr 30 sm  281025 1254003.csv,1185,0,0.0,29.96,0.0,597.5,0.9712,1
ARDG_AQUA bream 150gr 21 sm  281025 1132004.csv,9235,0,0.0,22.64,0.0,140.0,0.0,0
ARDG_AQUA bream 310gr 23 sm  281025 1233002.csv,11336,1,23.0,23.75,310.0,306.6,0.9707,1
ARDG_AQUA bream 800gr 36cm  281025 1453002.csv,2034,1,36.0,34.74,800.0,795.3,0.9872,1
ARDG_AQUA bream150gr21cm  281025 1548002.csv,3289,0,0.0,22.69,0.0,251.6,1e-04,0
ARDG_AQUA bream 390gr 26cm  281025 1325005.csv,4720,1,26.0,26.08,390.0,402.1,0.9611,1
ARDG_AQUA bream350 gr27cm  281025 1548002.csv,146,0,0.0,23.88,0.0,187.5,0.0,0
ARDG_AQUA bream 800gr 36cm  281025 1453002.csv,877,0,0.0,26.92,0.0,363.1,0.0,0
ARDG_AQUA bream500gr 30cm  281025 1500002.csv,5802,0,0.0,23.17,0.0,184.9,0.0,0
ARDG_AQUA bream150gr21cm  281025 1548002.csv,8274,0,0.0,23.76,0.0,148.1,0.0,0
ARDG_AQUA bream 680gr 33 sm  281025 1208003.csv,9225,0,0.0,22.13,0.0,147.9,0.0,0
ARDG_AQUA bream350 gr27cm  281025 1548002.csv,4923,0,0.0,21.98,0.0,179.8,0.0,0
ARDG_AQUA bream 800gr 36cm  281025 1453002.csv,4358,1,36.0,35.62,800.0,772.6,0.9818,1
ARDG_AQUA bream150gr21cm  281025 1548002.csv,6462,0,0.0,22.66,0.0,148.6,0.0,0
ARDG_AQUA bream 580gr 30 sm  281025 1254003.csv,3975,0,0.0,23.07,0.0,290.5,0.0,0
ARDG_AQUA bream556gr 30cm  281025 1500002.csv,2318,0,0.0,29.82,0.0,559.1,0.9635,1
ARDG_AQUA bream 150gr 21 sm  281025 1132004.csv,5016,0,0.0,21.28,0.0,131.9,0.0018,0
ARDG_AQUA bream 310gr 23 sm  281025 1233002.csv,6479,0,0.0,21.82,0.0,246.5,0.0,0
ARDG_AQUA bream 310gr 23 sm  281025 1233002.csv,8111,0,0.0,20.11,0.0,100.8,1e-04,0
ARDG_AQUA bream556gr 30cm  281025 1500003.csv,1339,0,0.0,22.42,0.0,160.0,0.0,0
ARDG_AQUA bream556gr 30cm  281025 1500002.csv,6251,0,0.0,27.26,0.0,286.8,0.0,0
ARDG_AQUA bream620 gr31cm  281025 1618003.csv,11135,0,0.0,24.87,0.0,210.5,0.0,0
ARDG_AQUA bream620 gr31cm  281025 1618003.csv,4064,1,31.0,30.61,620.0,613.4,0.9732,1
ARDG_AQUA bream 310gr 23 sm  281025 1233002.csv,10760,0,0.0,21.69,0.0,158.5,0.0,0
ARDG_AQUA bream 150gr 21 sm  281025 1132004.csv,6723,1,21.0,21.19,150.0,154.6,0.951,1
ARDG_AQUA bream150gr21cm  281025 1548002.csv,215,0,0.0,20.3,0.0,116.3,0.0,0
ARDG_AQUA bream 580gr 30 sm  281025 1254003.csv,4099,0,0.0,29.19,0.0,455.2,0.0006,0
ARDG_AQUA bream500gr 30cm  281025 1500003.csv,1209,0,0.0,26.14,0.0,284.6,0.0,0
ARDG_AQUA bream630gr 32cm  281025 1500002.csv,2795,1,32.0,31.74,630.0,636.8,0.9701,1
ARDG_AQUA bream 390gr 26cm  281025 1325005.csv,4491,1,26.0,26.46,390.0,383.6,0.9769,1
ARDG_AQUA bream556gr 30cm  281025 1500002.csv,9334,0,0.0,28.88,0.0,555.5,0.9139,1
ARDG_AQUA bream 280gr 24cm  281025 1425002.csv,4059,0,0.0,22.41,0.0,134.2,0.0,0
ARDG_AQUA bream 150gr 21 sm  281025 1132004.csv,10254,0,0.0,22.54,0.0,139.2,0.0,0
ARDG_AQUA bream150gr21cm  281025 1548002.csv,573,0,0.0,21.44,0.0,196.4,1e-04,0
ARDG_AQUA bream150gr21cm  281025 1548002.csv,3927,0,0.0,25.64,0.0,238.8,0.0,0
ARDG_AQUA bream500gr 30cm  281025 1500002.csv,9417,0,0.0,23.44,0.0,251.7,0.0,0
ARDG_AQUA bream 580gr 30 sm  281025 1254003.csv,7352,0,0.0,21.76,0.0,209.8,0.0,0
ARDG_AQUA bream556gr 30cm  281025 1500002.csv,5289,0,0.0,22.98,0.0,202.3,1e-04,0
ARDG_AQUA bream 150gr 21 sm  281025 1132004.csv,10495,0,0.0,20.91,0.0,140.6,0.7297,1
ARDG_AQUA bream 390gr 26cm  281025 1325005.csv,10362,0,0.0,22.29,0.0,136.1,0.0,0
ARDG_AQUA bream 580gr 30 sm  281025 1254003.csv,3345,1,30.0,29.48,580.0,554.3,0.9658,1
ARDG_AQUA bream 390gr 26cm  281025 1325005.csv,3328,1,26.0,26.57,390.0,413.8,0.976,1
ARDG_AQUA bream 630gr 31cm  281025 1400002.csv,2711,0,0.0,22.4,0.0,88.5,0.0,0
ARDG_AQUA bream620 gr31cm  281025 1618003.csv,3342,0,0.0,23.16,0.0,261.7,0.0,0
ARDG_AQUA bream 580gr 30 sm  281025 1254003.csv,7306,0,0.0,22.23,0.0,248.0,0.0,0
ARDG_AQUA bream 150gr 21 sm  281025 1132002.csv,9589,1,21.0,20.6,150.0,143.2,0.9658,1
ARDG_AQUA bream 280gr 24cm  281025 1425002.csv,1114,1,24.0,23.78,280.0,271.2,0.9731,1
ARDG_AQUA bream500gr 30cm  281025 1500002.csv,3121,0,0.0,20.09,0.0,197.0,0.0,0
ARDG_AQUA bream556gr 30cm  281025 1500002.csv,11693,0,0.0,24.39,0.0,157.9,0.0,0
ARDG_AQUA bream350 gr27cm  281025 1548002.csv,1908,0,0.0,22.5,0.0,249.8,0.0,0
ARDG_AQUA bream 150gr 21 sm  281025 1132004.csv,11857,0,0.0,22.96,0.0,165.2,0.0,0
ARDG_AQUA bream500gr 30cm  281025 1500002.csv,6783,0,0.0,22.46,0.0,150.9,0.0,0
ARDG_AQUA bream350 gr27cm  281025 1548002.csv,3562,1,27.0,27.45,350.0,400.3,0.9493,1
ARDG_AQUA bream 310gr 23 sm  281025 1233003.csv,1355,0,0.0,21.76,0.0,224.2,0.0,0
ARDG_AQUA bream 390gr 26cm  281025 1325005.csv,11710,0,0.0,23.07,0.0,211.9,0.0,0
ARDG_AQUA bream 150gr 21 sm  281025 1132004.csv,6383,0,0.0,22.04,0.0,128.9,0.0167,0
ARDG_AQUA bream556gr 30cm  281025 1500002.csv,8082,0,0.0,23.13,0.0,267.4,0.0,0
ARDG_AQUA bream 580gr 30 sm  281025 1254002.csv,9898,0,0.0,22.82,0.0,190.0,0.0,0
ARDG_AQUA bream556gr 30cm  281025 1500002.csv,3551,0,0.0,30.19,0.0,552.4,0.7418,1
ARDG_AQUA bream 800gr 36cm  281025 1453002.csv,2484,1,36.0,35.44,800.0,790.5,0.986,1
ARDG_AQUA bream500gr 30cm  281025 1500003.csv,1423,0,0.0,22.01,0.0,294.0,0.0,0
ARDG_AQUA bream 390gr 26cm  281025 1325003.csv,11686,0,0.0,21.24,0.0,119.1,0.0,0
ARDG_AQUA bream150gr21cm  281025 1548002.csv,7496,0,0.0,23.87,0.0,158.6,0.0,0
ARDG_AQUA bream 150gr 21 sm  281025 1132004.csv,8308,0,0.0,22.81,0.0,129.9,0.0,0
ARDG_AQUA bream 580gr 30 sm  281025 1254003.csv,7305,0,0.0,21.96,0.0,278.6,0.0,0
ARDG_AQUA bream 580gr 30 sm  281025 1254003.csv,6568,0,0.0,23.73,0.0,273.6,0.0,0
ARDG_AQUA bream 310gr 23 sm  281025 1233002.csv,4805,0,0.0,21.82,0.0,107.3,0.0,0
ARDG_AQUA bream620 gr31cm  281025 1618003.csv,11117,0,0.0,24.19,0.0,181.8,0.0,0
ARDG_AQUA bream500gr 30cm  281025 1500002.csv,5701,0,0.0,21.62,0.0,133.8,0.0,0
ARDG_AQUA bream 580gr 30 sm  281025 1254002.csv,10942,0,0.0,22.6,0.0,196.1,0.0,0
ARDG_AQUA bream630gr 32cm  281025 1500002.csv,3814,1,32.0,31.51,630.0,617.7,0.9766,1
ARDG_AQUA bream 580gr 30 sm  281025 1254003.csv,4503,0,0.0,22.52,0.0,205.7,0.0,0
ARDG_AQUA bream556gr 30cm  281025 1500002.csv,9724,0,0.0,28.57,0.0,457.8,0.0,0
ARDG_AQUA bream 680gr 33 sm  281025 1208003.csv,10151,1,33.0,33.75,680.0,718.2,0.9908,1
ARDG_AQUA bream 310gr 23 sm  281025 1233002.csv,9192,1,23.0,23.11,310.0,298.8,0.9791,1
ARDG_AQUA bream 150gr 21 sm  281025 1132004.csv,7106,0,0.0,21.71,0.0,156.2,0.0012,0
ARDG_AQUA bream 580gr 30 sm  281025 1254003.csv,4652,1,30.0,30.25,580.0,577.6,0.9569,1
ARDG_AQUA bream620 gr31cm  281025 1618004.csv,140,1,31.0,30.23,620.0,528.5,0.9547,1
ARDG_AQUA bream150gr21cm  281025 1548002.csv,6722,0,0.0,25.36,0.0,250.9,0.0,0
ARDG_AQUA bream 310gr 23 sm  281025 1233002.csv,8083,0,0.0,20.12,0.0,110.3,0.0,0
ARDG_AQUA bream 150gr 21 sm  281025 1132004.csv,8812,1,21.0,20.8,150.0,140.4,0.9152,1
ARDG_AQUA bream500gr 30cm  281025 1500002.csv,5801,0,0.0,22.72,0.0,148.3,0.0,0
ARDG_AQUA bream 310gr 23 sm  281025 1233002.csv,1734,0,0.0,21.97,0.0,147.8,0.0,0
ARDG_AQUA bream500gr 30cm  281025 1500002.csv,937,0,0.0,23.69,0.0,181.4,0.0,0
ARDG_AQUA bream 580gr 30 sm  281025 1254003.csv,3963,0,0.0,21.57,0.0,208.6,0.0,0
ARDG_AQUA bream 150gr 21 sm  281025 1132004.csv,11024,0,0.0,21.28,0.0,140.3,0.5415,1
ARDG_AQUA bream 630gr 31cm  281025 1400002.csv,4309,0,0.0,24.47,0.0,252.0,0.0,0
ARDG_AQUA bream 340gr 27cm  281025 1415002.csv,570,0,0.0,26.94,0.0,358.1,0.0069,0
ARDG_AQUA bream 680gr 33 sm  281025 1208003.csv,9195,0,0.0,21.94,0.0,134.5,0.0,0
ARDG_AQUA bream 390gr 26cm  281025 1325003.csv,7638,1,26.0,26.41,390.0,370.6,0.9664,1
ARDG_AQUA bream 390gr 26cm  281025 1325005.csv,565,0,0.0,22.84,0.0,203.5,0.0,0
ARDG_AQUA bream 580gr 30 sm  281025 1254003.csv,2569,0,0.0,30.57,0.0,612.1,0.9744,1
ARDG_AQUA bream556gr 30cm  281025 1500002.csv,2102,0,0.0,27.76,0.0,302.5,0.0,0
ARDG_AQUA bream 580gr 30 sm  281025 1254003.csv,2541,0,0.0,21.78,0.0,202.1,0.0,0
ARDG_AQUA bream 580gr 30 sm  281025 1254003.csv,8066,0,0.0,27.6,0.0,463.0,0.8979,1
ARDG_AQUA bream 150gr 21 sm  281025 1132004.csv,112,0,0.0,22.48,0.0,165.9,0.0,0
ARDG_AQUA bream150gr21cm  281025 1548002.csv,2685,0,0.0,23.72,0.0,181.1,0.0,0
ARDG_AQUA bream 630gr 31cm  281025 1400002.csv,11933,0,0.0,22.44,0.0,214.0,0.0,0
ARDG_AQUA bream556gr 30cm  281025 1500002.csv,643,0,0.0,25.02,0.0,283.2,0.0,0
ARDG_AQUA bream 580gr 30 sm  281025 1254002.csv,3032,0,0.0,28.32,0.0,453.5,0.053,0
ARDG_AQUA bream 280gr 24cm  281025 1425002.csv,3938,0,0.0,23.05,0.0,172.9,0.0,0
ARDG_AQUA bream630gr 32cm  281025 1500002.csv,5975,0,0.0,22.75,0.0,174.0,0.0,0
ARDG_AQUA bream500gr 30cm  281025 1500002.csv,4640,0,0.0,22.08,0.0,130.0,0.0,0
ARDG_AQUA bream556gr 30cm  281025 1500002.csv,4626,0,0.0,31.69,0.0,591.6,0.963,1
ARDG_AQUA bream 580gr 30 sm  281025 1254002.csv,7184,0,0.0,20.19,0.0,161.7,0.0,0
ARDG_AQUA bream 680gr 33 sm  281025 1208003.csv,7507,1,33.0,32.5,680.0,669.2,0.9944,1
ARDG_AQUA bream150gr21cm  281025 1548002.csv,576,0,0.0,20.02,0.0,158.4,0.0008,0
ARDG_AQUA bream 150gr 21 sm  281025 1132004.csv,8632,0,0.0,23.03,0.0,164.8,0.0,0
ARDG_AQUA bream 580gr 30 sm  281025 1254002.csv,10975,0,0.0,22.19,0.0,354.3,0.0,0
ARDG_AQUA bream 800gr 36cm  281025 1453002.csv,356,0,0.0,22.7,0.0,257.5,0.0,0
ARDG_AQUA bream620 gr31cm  281025 1618003.csv,5791,0,0.0,22.78,0.0,189.3,0.0004,0
ARDG_AQUA bream 630gr 31cm  281025 1400002.csv,6705,0,0.0,25.55,0.0,156.8,0.0,0
ARDG_AQUA bream 390gr 26cm  281025 1325003.csv,2989,0,0.0,23.55,0.0,135.5,0.0,0
ARDG_AQUA bream556gr 30cm  281025 1500002.csv,1311,0,0.0,29.57,0.0,532.3,0.06,0
ARDG_AQUA bream 630gr 31cm  281025 1400002.csv,9533,0,0.0,23.62,0.0,171.8,0.0,0
ARDG_AQUA bream 150gr 21 sm  281025 1132002.csv,3984,0,0.0,24.56,0.0,224.2,0.0,0
ARDG_AQUA bream500gr 30cm  281025 1500002.csv,321,1,30.0,30.14,500.0,488.7,0.9552,1
ARDG_AQUA bream150gr21cm  281025 1548002.csv,6905,0,0.0,22.46,0.0,214.4,0.0,0
ARDG_AQUA bream556gr 30cm  281025 1500003.csv,1501,0,0.0,23.47,0.0,256.4,0.0,0
ARDG_AQUA bream 580gr 30 sm  281025 1254003.csv,9143,1,30.0,29.91,580.0,637.5,0.9785,1
ARDG_AQUA bream 150gr 21 sm  281025 1132002.csv,8730,1,21.0,20.86,150.0,150.3,0.9268,1
ARDG_AQUA bream500gr 30cm  281025 1500002.csv,1257,0,0.0,21.13,0.0,208.0,0.0,0
ARDG_AQUA bream500gr 30cm  281025 1500002.csv,4341,0,0.0,24.13,0.0,331.8,0.0,0
ARDG_AQUA bream630gr 32cm  281025 1500002.csv,1550,1,32.0,31.88,630.0,618.6,0.9819,1
ARDG_AQUA bream 680gr 33 sm  281025 1208003.csv,11053,0,0.0,22.01,0.0,218.3,0.0,0
ARDG_AQUA bream556gr 30cm  281025 1500002.csv,7780,0,0.0,30.18,0.0,558.1,0.7322,1
ARDG_AQUA bream556gr 30cm  281025 1500002.csv,8075,0,0.0,23.27,0.0,231.1,0.0,0
ARDG_AQUA bream 680gr 33 sm  281025 1208003.csv,10050,1,33.0,32.5,680.0,671.0,0.9803,1
ARDG_AQUA bream 150gr 21 sm  281025 1132002.csv,11015,0,0.0,23.26,0.0,131.0,0.0,0
ARDG_AQUA bream500gr 30cm  281025 1500002.csv,5836,0,0.0,23.62,0.0,221.6,0.0,0
ARDG_AQUA bream 390gr 26cm  281025 1325005.csv,10724,0,0.0,26.72,0.0,437.7,0.9504,1
ARDG_AQUA bream556gr 30cm  281025 1500002.csv,6649,0,0.0,25.96,0.0,341.2,0.0002,0
ARDG_AQUA bream350 gr27cm  281025 1548002.csv,6568,0,0.0,21.76,0.0,110.4,0.0,0
ARDG_AQUA bream500gr 30cm  281025 1500002.csv,7706,0,0.0,25.77,0.0,172.0,0.0,0
ARDG_AQUA bream 150gr 21 sm  281025 1132002.csv,2515,0,0.0,22.85,0.0,148.5,0.0,0
ARDG_AQUA bream 390gr 26cm  281025 1325005.csv,9268,0,0.0,22.91,0.0,211.2,0.0,0
ARDG_AQUA bream500gr 30cm  281025 1500002.csv,3393,0,0.0,22.42,0.0,188.7,0.0,0
ARDG_AQUA bream500gr 30cm  281025 1500002.csv,4742,0,0.0,23.01,0.0,265.2,0.0,0
ARDG_AQUA bream 580gr 30 sm  281025 1254002.csv,8219,0,0.0,21.51,0.0,177.3,0.0,0
ARDG_AQUA bream 150gr 21 sm  281025 1132002.csv,2333,0,0.0,22.73,0.0,171.6,0.0,0
ARDG_AQUA bream620 gr31cm  281025 1618004.csv,1896,0,0.0,23.45,0.0,196.8,0.0,0
ARDG_AQUA bream 580gr 30 sm  281025 1254003.csv,8432,0,0.0,29.2,0.0,536.6,0.1327,0
ARDG_AQUA bream 800gr 36cm  281025 1453002.csv,4946,0,0.0,23.75,0.0,187.9,0.0,0
ARDG_AQUA bream 680gr 33 sm  281025 1208003.csv,742,0,0.0,21.36,0.0,169.4,0.002,0
ARDG_AQUA bream 150gr 21 sm  281025 1132002.csv,5535,0,0.0,22.63,0.0,159.9,0.0,0
ARDG_AQUA bream 280gr 24cm  281025 1425002.csv,4148,0,0.0,21.85,0.0,159.0,0.0,0
ARDG_AQUA bream500gr 30cm  281025 1500002.csv,10704,1,30.0,28.87,500.0,501.9,0.9321,1
ARDG_AQUA bream 580gr 30 sm  281025 1254003.csv,1872,0,0.0,28.26,0.0,529.2,0.8008,1
ARDG_AQUA bream 150gr 21 sm  281025 1132002.csv,2489,0,0.0,23.05,0.0,178.2,0.0,0
ARDG_AQUA bream150gr21cm  281025 1548002.csv,2138,0,0.0,24.28,0.0,299.4,0.0,0
ARDG_AQUA bream 150gr 21 sm  281025 1132004.csv,2843,0,0.0,22.0,0.0,114.8,0.0008,0
ARDG_AQUA bream 630gr 31cm  281025 1400002.csv,2945,0,0.0,21.7,0.0,196.7,0.0,0
ARDG_AQUA bream 680gr 33 sm  281025 1208003.csv,9418,1,33.0,33.27,680.0,698.7,0.9895,1
ARDG_AQUA bream 150gr 21 sm  281025 1132004.csv,4973,0,0.0,21.52,0.0,149.2,0.0049,0
ARDG_AQUA bream500gr 30cm  281025 1500002.csv,7069,0,0.0,24.4,0.0,279.1,0.0,0
ARDG_AQUA bream 580gr 30 sm  281025 1254002.csv,9907,0,0.0,21.73,0.0,127.6,0.0,0
ARDG_AQUA bream620 gr31cm  281025 1618003.csv,9122,1,31.0,32.17,620.0,645.1,0.9597,1
ARDG_AQUA bream500gr 30cm  281025 1500002.csv,1781,0,0.0,23.02,0.0,216.6,0.0,0
ARDG_AQUA bream 680gr 33 sm  281025 1208003.csv,6690,1,33.0,33.07,680.0,683.2,0.9829,1
ARDG_AQUA bream150gr21cm  281025 1548002.csv,4294,0,0.0,25.06,0.0,291.1,0.0,0
ARDG_AQUA bream 150gr 21 sm  281025 1132002.csv,8947,0,0.0,22.51,0.0,112.5,0.0,0
ARDG_AQUA bream556gr 30cm  281025 1500002.csv,1551,0,0.0,30.17,0.0,570.9,0.9672,1
ARDG_AQUA bream 390gr 26cm  281025 1325005.csv,1736,1,26.0,24.62,390.0,330.4,0.9663,1
ARDG_AQUA bream 150gr 21 sm  281025 1132004.csv,4773,0,0.0,23.09,0.0,151.3,0.0,0
ARDG_AQUA bream150gr21cm  281025 1548002.csv,7095,0,0.0,21.27,0.0,223.2,0.006,0
ARDG_AQUA bream 580gr 30 sm  281025 1254003.csv,8766,0,0.0,29.78,0.0,540.6,0.1861,0
ARDG_AQUA bream350 gr27cm  281025 1548002.csv,5078,0,0.0,24.03,0.0,205.1,0.0,0
ARDG_AQUA bream620 gr31cm  281025 1618003.csv,4377,0,0.0,27.11,0.0,342.7,0.0,0
ARDG_AQUA bream 390gr 26cm  281025 1325003.csv,1702,0,0.0,21.69,0.0,147.2,0.0,0
ARDG_AQUA bream556gr 30cm  281025 1500002.csv,11917,0,0.0,33.0,0.0,760.7,0.946,1
ARDG_AQUA bream 580gr 30 sm  281025 1254002.csv,11038,0,0.0,24.55,0.0,372.7,0.0,0
ARDG_AQUA bream620 gr31cm  281025 1618003.csv,1141,0,0.0,20.93,0.0,183.4,0.0,0
ARDG_AQUA bream 150gr 21 sm  281025 1132004.csv,8079,0,0.0,22.3,0.0,139.2,0.0,0
ARDG_AQUA bream 150gr 21 sm  281025 1132004.csv,9237,0,0.0,22.7,0.0,149.3,0.0,0
ARDG_AQUA bream 150gr 21 sm  281025 1132004.csv,9850,0,0.0,22.36,0.0,166.5,0.0,0
ARDG_AQUA bream350 gr27cm  281025 1548002.csv,2622,1,27.0,27.05,350.0,347.8,0.9755,1
ARDG_AQUA bream 150gr 21 sm  281025 1132002.csv,5880,1,21.0,20.93,150.0,144.9,0.931,1
ARDG_AQUA bream556gr 30cm  281025 1500002.csv,3535,0,0.0,30.76,0.0,555.8,0.9328,1
ARDG_AQUA bream 800gr 36cm  281025 1453002.csv,1430,0,0.0,33.81,0.0,678.6,0.153,0
ARDG_AQUA bream556gr 30cm  281025 1500002.csv,2787,1,30.0,29.53,556.0,502.0,0.9642,1
ARDG_AQUA bream500gr 30cm  281025 1500002.csv,1285,0,0.0,22.05,0.0,190.1,0.0003,0
ARDG_AQUA bream 150gr 21 sm  281025 1132004.csv,7774,0,0.0,22.15,0.0,142.2,1e-04,0
ARDG_AQUA bream 630gr 31cm  281025 1400002.csv,3206,0,0.0,23.51,0.0,319.6,0.0,0
ARDG_AQUA bream 580gr 30 sm  281025 1254002.csv,1650,0,0.0,20.89,0.0,180.4,0.0006,0
ARDG_AQUA bream 150gr 21 sm  281025 1132002.csv,1839,0,0.0,23.63,0.0,143.7,0.0,0
ARDG_AQUA bream 800gr 36cm  281025 1453002.csv,3586,0,0.0,31.83,0.0,631.2,0.0417,0
ARDG_AQUA bream 800gr 36cm  281025 1453002.csv,282,0,0.0,23.08,0.0,170.0,0.0,0
ARDG_AQUA bream 630gr 31cm  281025 1400002.csv,6666,0,0.0,23.39,0.0,177.7,0.0,0
ARDG_AQUA bream 310gr 23 sm  281025 1233003.csv,1175,0,0.0,22.01,0.0,149.8,0.0,0
ARDG_AQUA bream620 gr31cm  281025 1618004.csv,1254,1,31.0,31.03,620.0,626.0,0.9036,1
ARDG_AQUA bream150gr21cm  281025 1548002.csv,8436,0,0.0,20.88,0.0,144.8,0.0,0
ARDG_AQUA bream 310gr 23 sm  281025 1233003.csv,779,0,0.0,21.2,0.0,129.3,0.0,0
ARDG_AQUA bream 150gr 21 sm  281025 1132004.csv,3810,0,0.0,22.77,0.0,130.8,0.0,0
ARDG_AQUA bream 580gr 30 sm  281025 1254002.csv,6628,0,0.0,29.21,0.0,602.4,0.8533,1
ARDG_AQUA bream 580gr 30 sm  281025 1254003.csv,5345,0,0.0,25.85,0.0,544.5,0.032,0
ARDG_AQUA bream630gr 32cm  281025 1500002.csv,967,0,0.0,26.8,0.0,427.5,0.0057,0
ARDG_AQUA bream 630gr 31cm  281025 1400002.csv,1818,0,0.0,23.14,0.0,137.9,0.0,0
ARDG_AQUA bream 280gr 24cm  281025 1425002.csv,2102,0,0.0,22.4,0.0,145.0,0.0,0
ARDG_AQUA bream 580gr 30 sm  281025 1254002.csv,6298,1,30.0,29.91,580.0,594.1,0.983,1
ARDG_AQUA bream 150gr 21 sm  281025 1132004.csv,5393,0,0.0,22.69,0.0,126.2,0.0,0
ARDG_AQUA bream 580gr 30 sm  281025 1254003.csv,6876,0,0.0,23.13,0.0,206.8,0.0,0
ARDG_AQUA bream 580gr 30 sm  281025 1254003.csv,4731,0,0.0,30.74,0.0,529.7,0.7125,1
ARDG_AQUA bream 150gr 21 sm  281025 1132004.csv,1687,0,0.0,21.96,0.0,136.3,0.0544,0
ARDG_AQUA bream 150gr 21 sm  281025 1132002.csv,7386,0,0.0,22.77,0.0,142.9,0.0,0
ARDG_AQUA bream556gr 30cm  281025 1500002.csv,6340,0,0.0,24.58,0.0,234.4,0.0,0
ARDG_AQUA bream500gr 30cm  281025 1500002.csv,638,0,0.0,20.82,0.0,78.9,0.0,0
ARDG_AQUA bream500gr 30cm  281025 1500002.csv,9393,0,0.0,21.81,0.0,151.7,0.0,0
ARDG_AQUA bream 580gr 30 sm  281025 1254002.csv,7091,0,0.0,20.75,0.0,75.0,0.0,0
ARDG_AQUA bream500gr 30cm  281025 1500002.csv,1066,0,0.0,24.54,0.0,137.2,0.0,0
ARDG_AQUA bream 280gr 24cm  281025 1425002.csv,2027,0,0.0,26.38,0.0,221.6,0.0,0
ARDG_AQUA bream556gr 30cm  281025 1500002.csv,2150,0,0.0,24.31,0.0,282.1,0.0,0
ARDG_AQUA bream 580gr 30 sm  281025 1254003.csv,4047,0,0.0,22.59,0.0,277.9,0.0,0
ARDG_AQUA bream 280gr 24cm  281025 1425002.csv,4397,1,24.0,23.9,280.0,276.6,0.9645,1
ARDG_AQUA bream 580gr 30 sm  281025 1254003.csv,2438,1,30.0,29.59,580.0,568.6,0.9786,1
ARDG_AQUA bream 280gr 24cm  281025 1425002.csv,2165,0,0.0,21.62,0.0,228.5,0.0,0
ARDG_AQUA bream556gr 30cm  281025 1500002.csv,7475,1,30.0,30.29,556.0,544.2,0.9749,1
ARDG_AQUA bream 310gr 23 sm  281025 1233002.csv,11083,1,23.0,22.89,310.0,304.1,0.9583,1
ARDG_AQUA bream500gr 30cm  281025 1500002.csv,1307,0,0.0,22.1,0.0,199.8,0.0,0
ARDG_AQUA bream150gr21cm  281025 1548002.csv,8229,0,0.0,23.47,0.0,85.6,0.0,0
ARDG_AQUA bream350 gr27cm  281025 1548002.csv,6260,0,0.0,23.44,0.0,165.3,0.0,0
ARDG_AQUA bream 150gr 21 sm  281025 1132002.csv,6529,1,21.0,20.86,150.0,149.7,0.65,1
ARDG_AQUA bream350 gr27cm  281025 1548002.csv,4038,0,0.0,23.69,0.0,258.0,0.0,0
ARDG_AQUA bream556gr 30cm  281025 1500002.csv,1222,0,0.0,28.88,0.0,481.8,0.9814,1
ARDG_AQUA bream150gr21cm  281025 1548002.csv,8448,0,0.0,21.9,0.0,213.8,0.0,0
ARDG_AQUA bream556gr 30cm  281025 1500002.csv,1100,0,0.0,28.12,0.0,442.1,0.8449,1
ARDG_AQUA bream620 gr31cm  281025 1618004.csv,241,0,0.0,22.11,0.0,83.5,0.0,0
ARDG_AQUA bream 580gr 30 sm  281025 1254002.csv,3195,1,30.0,27.93,580.0,530.1,0.9815,1
ARDG_AQUA bream500gr 30cm  281025 1500002.csv,4375,0,0.0,24.73,0.0,255.8,0.0,0
ARDG_AQUA bream556gr 30cm  281025 1500002.csv,7922,0,0.0,30.07,0.0,537.4,0.5326,1
ARDG_AQUA bream 800gr 36cm  281025 1453002.csv,4576,0,0.0,25.22,0.0,253.1,0.0,0
ARDG_AQUA bream 680gr 33 sm  281025 1208003.csv,5529,0,0.0,21.2,0.0,176.4,0.0007,0
ARDG_AQUA bream 580gr 30 sm  281025 1254003.csv,4287,1,30.0,28.59,580.0,566.4,0.974,1
ARDG_AQUA bream 800gr 36cm  281025 1453002.csv,4958,0,0.0,24.1,0.0,229.4,0.0,0
ARDG_AQUA bream 280gr 24cm  281025 1425002.csv,2438,0,0.0,23.15,0.0,138.2,0.0,0
ARDG_AQUA bream150gr21cm  281025 1548002.csv,5357,0,0.0,21.18,0.0,123.0,0.0,0
ARDG_AQUA bream 280gr 24cm  281025 1425002.csv,4057,0,0.0,22.03,0.0,143.6,0.0,0
ARDG_AQUA bream 150gr 21 sm  281025 1132004.csv,6125,0,0.0,22.64,0.0,155.9,0.0,0
ARDG_AQUA bream620 gr31cm  281025 1618004.csv,1820,1,31.0,30.77,620.0,602.2,0.9742,1
ARDG_AQUA bream 150gr 21 sm  281025 1132004.csv,6809,0,0.0,21.37,0.0,144.3,0.0024,0
ARDG_AQUA bream 310gr 23 sm  281025 1233002.csv,11832,1,23.0,23.1,310.0,318.6,0.9486,1
ARDG_AQUA bream150gr21cm  281025 1548002.csv,857,0,0.0,20.38,0.0,187.2,0.9063,1
ARDG_AQUA bream 150gr 21 sm  281025 1132002.csv,9427,1,21.0,20.92,150.0,148.2,0.9333,1
ARDG_AQUA bream 680gr 33 sm  281025 1208003.csv,5521,0,0.0,21.34,0.0,155.0,0.0019,0
ARDG_AQUA bream 150gr 21 sm  281025 1132004.csv,9339,0,0.0,21.95,0.0,120.7,0.0238,0
ARDG_AQUA bream620 gr31cm  281025 1618003.csv,4373,0,0.0,27.53,0.0,319.2,0.0,0
ARDG_AQUA bream556gr 30cm  281025 1500002.csv,7020,0,0.0,26.3,0.0,355.2,0.0002,0
ARDG_AQUA bream556gr 30cm  281025 1500002.csv,1293,0,0.0,30.77,0.0,532.3,0.9327,1
ARDG_AQUA bream556gr 30cm  281025 1500002.csv,6372,0,0.0,24.27,0.0,304.5,1e-04,0
ARDG_AQUA bream620 gr31cm  281025 1618004.csv,411,1,31.0,31.83,620.0,598.0,0.8719,1
ARDG_AQUA bream 310gr 23 sm  281025 1233002.csv,8075,0,0.0,20.66,0.0,83.2,0.0,0
ARDG_AQUA bream 150gr 21 sm  281025 1132004.csv,6827,0,0.0,21.2,0.0,166.3,0.711,1
ARDG_AQUA bream 800gr 36cm  281025 1453002.csv,1422,0,0.0,30.99,0.0,584.9,0.0055,0
ARDG_AQUA bream556gr 30cm  281025 1500002.csv,2897,0,0.0,29.83,0.0,500.4,0.1266,0
ARDG_AQUA bream620 gr31cm  281025 1618003.csv,8000,1,31.0,31.15,620.0,620.8,0.97,1
ARDG_AQUA bream 580gr 30 sm  281025 1254003.csv,1800,0,0.0,30.06,0.0,588.0,0.9671,1
ARDG_AQUA bream630gr 32cm  281025 1500002.csv,1376,1,32.0,32.24,630.0,628.1,0.975,1
ARDG_AQUA bream500gr 30cm  281025 1500002.csv,9156,0,0.0,22.11,0.0,181.7,0.0,0
ARDG_AQUA bream 580gr 30 sm  281025 1254002.csv,1391,0,0.0,22.24,0.0,181.8,0.0004,0
ARDG_AQUA bream500gr 30cm  281025 1500002.csv,3621,0,0.0,23.09,0.0,209.7,0.0,0
ARDG_AQUA bream500gr 30cm  281025 1500003.csv,2406,1,30.0,29.61,500.0,513.3,0.9371,1
ARDG_AQUA bream 150gr 21 sm  281025 1132002.csv,3525,0,0.0,21.63,0.0,127.8,0.0002,0
ARDG_AQUA bream350 gr27cm  281025 1548002.csv,4060,0,0.0,24.35,0.0,192.4,0.0,0
ARDG_AQUA bream 150gr 21 sm  281025 1132004.csv,10569,1,21.0,21.35,150.0,140.8,0.8265,1
ARDG_AQUA bream556gr 30cm  281025 1500002.csv,11176,0,0.0,27.61,0.0,425.2,0.3838,0
ARDG_AQUA bream 310gr 23 sm  281025 1233002.csv,3934,0,0.0,21.35,0.0,229.6,0.0,0
ARDG_AQUA bream500gr 30cm  281025 1500002.csv,3007,1,30.0,30.56,500.0,494.3,0.9621,1
ARDG_AQUA bream500gr 30cm  281025 1500002.csv,11816,1,30.0,30.45,500.0,499.8,0.9729,1
ARDG_AQUA bream 150gr 21 sm  281025 1132004.csv,6927,1,21.0,21.25,150.0,141.5,0.9193,1
ARDG_AQUA bream 630gr 31cm  281025 1400002.csv,1439,1,31.0,30.74,630.0,634.1,0.9765,1
ARDG_AQUA bream556gr 30cm  281025 1500002.csv,896,0,0.0,22.77,0.0,193.0,0.0,0
ARDG_AQUA bream500gr 30cm  281025 1500002.csv,4587,0,0.0,24.96,0.0,141.0,0.0,0
ARDG_AQUA bream 580gr 30 sm  281025 1254003.csv,8465,0,0.0,21.34,0.0,172.1,0.0,0
ARDG_AQUA bream556gr 30cm  281025 1500002.csv,8215,0,0.0,24.2,0.0,204.4,1e-04,0
ARDG_AQUA bream 580gr 30 sm  281025 1254002.csv,7511,0,0.0,21.85,0.0,275.5,0.0,0
ARDG_AQUA bream620 gr31cm  281025 1618003.csv,3846,1,31.0,31.67,620.0,591.6,0.9503,1
ARDG_AQUA bream 800gr 36cm  281025 1453002.csv,832,0,0.0,34.97,0.0,745.3,0.8985,1
ARDG_AQUA bream150gr21cm  281025 1548002.csv,4325,0,0.0,23.41,0.0,151.2,0.0,0
ARDG_AQUA bream556gr 30cm  281025 1500003.csv,1459,0,0.0,24.48,0.0,213.1,0.0,0
ARDG_AQUA bream556gr 30cm  281025 1500002.csv,1167,0,0.0,24.32,0.0,315.3,0.0,0
ARDG_AQUA bream 390gr 26cm  281025 1325005.csv,5987,0,0.0,21.4,0.0,128.8,0.0,0
ARDG_AQUA bream 680gr 33 sm  281025 1208003.csv,3486,0,0.0,21.17,0.0,132.9,1e-04,0
ARDG_AQUA bream150gr21cm  281025 1548002.csv,4255,0,0.0,22.49,0.0,142.0,0.0,0
ARDG_AQUA bream 580gr 30 sm  281025 1254002.csv,6112,1,30.0,30.34,580.0,567.8,0.9674,1
ARDG_AQUA bream350 gr27cm  281025 1548002.csv,4260,0,0.0,22.67,0.0,215.4,0.0,0
ARDG_AQUA bream150gr21cm  281025 1548002.csv,2105,0,0.0,23.22,0.0,243.1,0.4784,0
ARDG_AQUA bream 630gr 31cm  281025 1400002.csv,11138,0,0.0,22.22,0.0,151.9,0.0,0
ARDG_AQUA bream 150gr 21 sm  281025 1132004.csv,9625,1,21.0,20.77,150.0,142.5,0.9598,1
ARDG_AQUA bream 280gr 24cm  281025 1425002.csv,360,1,24.0,24.22,280.0,274.0,0.9592,1
ARDG_AQUA bream 390gr 26cm  281025 1325003.csv,11866,0,0.0,21.65,0.0,175.0,0.0005,0
ARDG_AQUA bream630gr 32cm  281025 1500002.csv,4727,0,0.0,23.13,0.0,183.8,0.0,0
ARDG_AQUA bream630gr 32cm  281025 1500002.csv,4658,0,0.0,22.53,0.0,183.3,0.0004,0
ARDG_AQUA bream500gr 30cm  281025 1500002.csv,7000,0,0.0,24.03,0.0,258.4,0.0,0
ARDG_AQUA bream556gr 30cm  281025 1500002.csv,8632,0,0.0,30.13,0.0,505.5,0.9852,1
ARDG_AQUA bream500gr 30cm  281025 1500002.csv,5974,0,0.0,23.78,0.0,139.9,0.0,0
ARDG_AQUA bream500gr 30cm  281025 1500002.csv,9426,0,0.0,25.69,0.0,302.8,0.0,0
ARDG_AQUA bream630gr 32cm  281025 1500002.csv,52,0,0.0,28.26,0.0,521.5,0.9398,1
ARDG_AQUA bream 680gr 33 sm  281025 1208003.csv,1770,1,33.0,31.95,680.0,685.7,0.9751,1
ARDG_AQUA bream 680gr 33 sm  281025 1208003.csv,9490,1,33.0,33.11,680.0,669.4,0.9804,1
ARDG_AQUA bream150gr21cm  281025 1548002.csv,5173,0,0.0,21.97,0.0,192.5,0.1006,0
ARDG_AQUA bream500gr 30cm  281025 1500002.csv,7974,0,0.0,24.35,0.0,139.4,0.0,0
ARDG_AQUA bream 150gr 21 sm  281025 1132002.csv,11023,0,0.0,22.94,0.0,137.5,0.0,0
ARDG_AQUA bream620 gr31cm  281025 1618003.csv,4532,0,0.0,26.45,0.0,232.5,0.0,0
ARDG_AQUA bream500gr 30cm  281025 1500003.csv,1335,0,0.0,25.91,0.0,311.8,0.0,0
ARDG_AQUA bream556gr 30cm  281025 1500002.csv,10641,0,0.0,30.18,0.0,542.0,0.5546,1
ARDG_AQUA bream 800gr 36cm  281025 1453002.csv,214,0,0.0,23.75,0.0,299.0,0.0,0
ARDG_AQUA bream556gr 30cm  281025 1500002.csv,9669,0,0.0,21.77,0.0,272.3,0.0199,0
ARDG_AQUA bream 680gr 33 sm  281025 1208003.csv,6140,1,33.0,31.94,680.0,685.3,0.9803,1
ARDG_AQUA bream556gr 30cm  281025 1500002.csv,8577,0,0.0,28.45,0.0,380.4,0.0605,0
ARDG_AQUA bream556gr 30cm  281025 1500002.csv,11515,0,0.0,23.68,0.0,238.0,0.0,0
ARDG_AQUA bream 630gr 31cm  281025 1400002.csv,6721,0,0.0,25.8,0.0,154.1,0.0,0
ARDG_AQUA bream556gr 30cm  281025 1500002.csv,10858,0,0.0,26.14,0.0,383.7,0.0,0
ARDG_AQUA bream 150gr 21 sm  281025 1132004.csv,7777,0,0.0,22.24,0.0,136.6,0.0,0
ARDG_AQUA bream 150gr 21 sm  281025 1132004.csv,2075,0,0.0,23.23,0.0,133.2,0.0,0
ARDG_AQUA bream 630gr 31cm  281025 1400002.csv,8302,1,31.0,31.67,630.0,615.6,0.9497,1
ARDG_AQUA bream 150gr 21 sm  281025 1132002.csv,10209,0,0.0,22.63,0.0,124.7,0.0,0
ARDG_AQUA bream150gr21cm  281025 1548002.csv,866,0,0.0,21.53,0.0,146.6,0.0976,0
ARDG_AQUA bream620 gr31cm  281025 1618003.csv,3314,0,0.0,22.6,0.0,195.1,0.0,0
ARDG_AQUA bream 280gr 24cm  281025 1425002.csv,2021,0,0.0,25.54,0.0,145.6,0.0,0
ARDG_AQUA bream 280gr 24cm  281025 1425002.csv,565,0,0.0,24.63,0.0,148.2,0.0,0
ARDG_AQUA bream150gr21cm  281025 1548002.csv,3419,1,21.0,21.6,150.0,143.2,0.9098,1
ARDG_AQUA bream 390gr 26cm  281025 1325005.csv,2515,1,26.0,25.76,390.0,378.3,0.9592,1
ARDG_AQUA bream150gr21cm  281025 1548002.csv,5158,0,0.0,21.78,0.0,212.0,0.0013,0
ARDG_AQUA bream150gr21cm  281025 1548002.csv,8385,0,0.0,25.13,0.0,299.3,0.0,0
ARDG_AQUA bream500gr 30cm  281025 1500002.csv,9251,1,30.0,30.12,500.0,484.8,0.9089,1
ARDG_AQUA bream 150gr 21 sm  281025 1132002.csv,8617,0,0.0,22.57,0.0,140.4,0.0,0
ARDG_AQUA bream620 gr31cm  281025 1618003.csv,6840,1,31.0,31.4,620.0,610.1,0.954,1
ARDG_AQUA bream 580gr 30 sm  281025 1254003.csv,7587,0,0.0,21.16,0.0,203.2,0.0,0
ARDG_AQUA bream556gr 30cm  281025 1500002.csv,10004,0,0.0,25.47,0.0,239.5,0.0,0
ARDG_AQUA bream 310gr 23 sm  281025 1233002.csv,806,1,23.0,22.68,310.0,309.5,0.9706,1
ARDG_AQUA bream556gr 30cm  281025 1500002.csv,8555,0,0.0,29.26,0.0,559.5,0.9819,1
ARDG_AQUA bream500gr 30cm  281025 1500002.csv,9420,0,0.0,24.17,0.0,236.8,0.0,0
ARDG_AQUA bream500gr 30cm  281025 1500002.csv,10121,0,0.0,22.79,0.0,106.1,0.0,0
ARDG_AQUA bream 390gr 26cm  281025 1325005.csv,3083,0,0.0,23.67,0.0,227.8,0.0,0
ARDG_AQUA bream556gr 30cm  281025 1500002.csv,3451,0,0.0,30.36,0.0,544.8,0.8902,1
ARDG_AQUA bream 150gr 21 sm  281025 1132004.csv,7468,0,0.0,22.61,0.0,137.6,0.0,0
ARDG_AQUA bream 150gr 21 sm  281025 1132004.csv,8122,0,0.0,22.58,0.0,131.7,0.0,0
ARDG_AQUA bream 150gr 21 sm  281025 1132002.csv,7884,0,0.0,22.47,0.0,125.2,0.0,0
ARDG_AQUA bream 580gr 30 sm  281025 1254002.csv,7130,0,0.0,21.8,0.0,150.7,0.0,0
ARDG_AQUA bream350 gr27cm  281025 1548002.csv,5100,0,0.0,22.16,0.0,127.1,0.0,0
ARDG_AQUA bream 630gr 31cm  281025 1400002.csv,5259,1,31.0,30.25,630.0,591.1,0.9597,1
ARDG_AQUA bream150gr21cm  281025 1548002.csv,906,0,0.0,25.36,0.0,273.8,0.0,0
ARDG_AQUA bream556gr 30cm  281025 1500002.csv,10638,0,0.0,29.38,0.0,543.8,0.2468,0
ARDG_AQUA bream 580gr 30 sm  281025 1254002.csv,4393,0,0.0,21.75,0.0,157.8,0.0,0
ARDG_AQUA bream150gr21cm  281025 1548002.csv,8859,0,0.0,23.76,0.0,241.8,0.0,0
ARDG_AQUA bream 680gr 33 sm  281025 1208003.csv,467,0,0.0,21.27,0.0,245.8,0.0014,0
ARDG_AQUA bream 580gr 30 sm  281025 1254003.csv,4523,0,0.0,23.22,0.0,159.6,0.0,0
ARDG_AQUA bream 150gr 21 sm  281025 1132004.csv,2947,0,0.0,21.3,0.0,152.9,0.5623,1
ARDG_AQUA bream500gr 30cm  281025 1500002.csv,8522,0,0.0,22.53,0.0,130.6,0.0,0
ARDG_AQUA bream 150gr 21 sm  281025 1132004.csv,10273,0,0.0,22.29,0.0,133.8,1e-04,0
ARDG_AQUA bream 150gr 21 sm  281025 1132002.csv,2424,0,0.0,23.24,0.0,157.5,0.0,0
ARDG_AQUA bream 580gr 30 sm  281025 1254003.csv,215,0,0.0,22.69,0.0,271.3,0.0,0
ARDG_AQUA bream500gr 30cm  281025 1500002.csv,9460,0,0.0,23.66,0.0,301.3,0.0,0
ARDG_AQUA bream 580gr 30 sm  281025 1254003.csv,423,0,0.0,20.96,0.0,227.0,0.0,0
ARDG_AQUA bream500gr 30cm  281025 1500003.csv,1393,0,0.0,24.46,0.0,267.8,0.0,0
ARDG_AQUA bream150gr21cm  281025 1548002.csv,186,0,0.0,20.39,0.0,144.0,0.0002,0
ARDG_AQUA bream500gr 30cm  281025 1500003.csv,2116,1,30.0,30.77,500.0,520.9,0.9546,1
ARDG_AQUA bream 150gr 21 sm  281025 1132004.csv,10884,0,0.0,22.61,0.0,161.6,0.0,0
ARDG_AQUA bream150gr21cm  281025 1548002.csv,26,0,0.0,23.1,0.0,173.7,0.0,0
ARDG_AQUA bream 340gr 27cm  281025 1415002.csv,678,0,0.0,30.36,0.0,497.2,0.6448,1
ARDG_AQUA bream500gr 30cm  281025 1500002.csv,11418,0,0.0,24.08,0.0,187.5,0.0,0
ARDG_AQUA bream 390gr 26cm  281025 1325003.csv,9452,1,26.0,25.86,390.0,389.5,0.9766,1
ARDG_AQUA bream 310gr 23 sm  281025 1233002.csv,8701,1,23.0,22.56,310.0,293.4,0.9705,1
ARDG_AQUA bream 630gr 31cm  281025 1400002.csv,1692,1,31.0,30.3,630.0,622.5,0.9216,1
ARDG_AQUA bream 310gr 23 sm  281025 1233002.csv,8172,0,0.0,21.26,0.0,242.7,0.0,0
ARDG_AQUA bream500gr 30cm  281025 1500003.csv,4285,0,0.0,24.2,0.0,197.2,0.0,0
ARDG_AQUA bream556gr 30cm  281025 1500002.csv,1182,0,0.0,27.89,0.0,496.0,0.0,0
ARDG_AQUA bream 150gr 21 sm  281025 1132002.csv,9959,0,0.0,22.0,0.0,143.2,0.0002,0
ARDG_AQUA bream350 gr27cm  281025 1548002.csv,4342,0,0.0,24.93,0.0,353.7,0.207,0
ARDG_AQUA bream 680gr 33 sm  281025 1208003.csv,11605,0,0.0,22.13,0.0,188.3,0.0,0
ARDG_AQUA bream 800gr 36cm  281025 1453002.csv,304,0,0.0,25.96,0.0,345.2,0.0,0
ARDG_AQUA bream500gr 30cm  281025 1500003.csv,1272,0,0.0,24.32,0.0,135.1,0.0,0
ARDG_AQUA bream 580gr 30 sm  281025 1254003.csv,3992,0,0.0,29.09,0.0,474.4,0.0975,0
ARDG_AQUA bream 280gr 24cm  281025 1425002.csv,4049,0,0.0,21.43,0.0,114.4,0.0,0
ARDG_AQUA bream 680gr 33 sm  281025 1208003.csv,4623,1,33.0,31.9,680.0,678.6,0.9858,1
ARDG_AQUA bream 630gr 31cm  281025 1400002.csv,174,0,0.0,21.86,0.0,240.8,0.0,0
ARDG_AQUA bream 680gr 33 sm  281025 1208003.csv,9180,0,0.0,21.97,0.0,177.8,0.0,0
ARDG_AQUA bream 630gr 31cm  281025 1400002.csv,9244,1,31.0,30.45,630.0,630.8,0.983,1
ARDG_AQUA bream 150gr 21 sm  281025 1132004.csv,7040,0,0.0,22.61,0.0,136.5,0.0,0
ARDG_AQUA bream150gr21cm  281025 1548002.csv,6174,0,0.0,22.75,0.0,243.4,0.0,0
ARDG_AQUA bream 150gr 21 sm  281025 1132002.csv,10028,0,0.0,22.41,0.0,141.0,0.0,0
ARDG_AQUA bream 680gr 33 sm  281025 1208003.csv,3746,1,33.0,32.39,680.0,677.4,0.9811,1
ARDG_AQUA bream620 gr31cm  281025 1618003.csv,2446,0,0.0,22.17,0.0,200.7,0.0,0
ARDG_AQUA bream 630gr 31cm  281025 1400002.csv,3028,1,31.0,30.79,630.0,614.1,0.9765,1
ARDG_AQUA bream630gr 32cm  281025 1500002.csv,6640,0,0.0,25.07,0.0,268.4,0.0,0
ARDG_AQUA bream 580gr 30 sm  281025 1254002.csv,3013,0,0.0,31.35,0.0,612.1,0.9712,1
ARDG_AQUA bream556gr 30cm  281025 1500002.csv,4085,0,0.0,28.62,0.0,518.5,0.7363,1
ARDG_AQUA bream500gr 30cm  281025 1500003.csv,613,1,30.0,30.27,500.0,516.1,0.9687,1
ARDG_AQUA bream500gr 30cm  281025 1500002.csv,2787,1,30.0,29.59,500.0,503.5,0.9061,1
ARDG_AQUA bream 150gr 21 sm  281025 1132002.csv,2073,0,0.0,22.55,0.0,149.1,0.0,0
ARDG_AQUA bream620 gr31cm  281025 1618003.csv,1240,0,0.0,22.73,0.0,208.6,0.0,0
ARDG_AQUA bream150gr21cm  281025 1548002.csv,7080,0,0.0,21.71,0.0,169.3,0.0,0
ARDG_AQUA bream500gr 30cm  281025 1500002.csv,7662,0,0.0,21.78,0.0,155.8,0.0,0
ARDG_AQUA bream150gr21cm  281025 1548002.csv,5145,0,0.0,22.05,0.0,183.9,0.0,0
ARDG_AQUA bream 580gr 30 sm  281025 1254002.csv,4989,1,30.0,29.96,580.0,520.0,0.9843,1
ARDG_AQUA bream 280gr 24cm  281025 1425002.csv,4712,0,0.0,29.95,0.0,483.5,0.0092,0
ARDG_AQUA bream 150gr 21 sm  281025 1132002.csv,773,0,0.0,23.16,0.0,174.5,0.0,0
ARDG_AQUA bream556gr 30cm  281025 1500002.csv,4628,0,0.0,31.18,0.0,543.2,0.9582,1
ARDG_AQUA bream150gr21cm  281025 1548002.csv,504,0,0.0,22.8,0.0,164.0,0.0,0
ARDG_AQUA bream 580gr 30 sm  281025 1254003.csv,4060,0,0.0,23.37,0.0,407.2,0.0007,0
ARDG_AQUA bream 150gr 21 sm  281025 1132004.csv,7507,0,0.0,22.45,0.0,141.3,0.0,0
ARDG_AQUA bream 150gr 21 sm  281025 1132004.csv,10926,0,0.0,20.68,0.0,149.3,0.781,1
ARDG_AQUA bream620 gr31cm  281025 1618003.csv,10472,1,31.0,30.62,620.0,612.9,0.9815,1
ARDG_AQUA bream 280gr 24cm  281025 1425002.csv,2288,0,0.0,22.86,0.0,96.2,0.0,0
ARDG_AQUA bream556gr 30cm  281025 1500002.csv,4522,0,0.0,25.77,0.0,215.6,0.0,0
ARDG_AQUA bream500gr 30cm  281025 1500002.csv,8212,0,0.0,22.98,0.0,216.6,0.0,0
ARDG_AQUA bream 800gr 36cm  281025 1453002.csv,3979,0,0.0,22.8,0.0,243.4,0.0,0
ARDG_AQUA bream 310gr 23 sm  281025 1233002.csv,8071,0,0.0,20.64,0.0,86.4,0.0,0
ARDG_AQUA bream 580gr 30 sm  281025 1254003.csv,9063,1,30.0,32.47,580.0,663.9,0.9632,1
ARDG_AQUA bream 390gr 26cm  281025 1325003.csv,9696,1,26.0,27.25,390.0,397.6,0.9823,1
ARDG_AQUA bream 340gr 27cm  281025 1415002.csv,1711,0,0.0,25.32,0.0,287.7,0.0,0
ARDG_AQUA bream556gr 30cm  281025 1500002.csv,1224,0,0.0,27.3,0.0,484.6,0.9435,1
ARDG_AQUA bream556gr 30cm  281025 1500002.csv,5932,0,0.0,28.45,0.0,397.7,0.0,0
ARDG_AQUA bream500gr 30cm  281025 1500002.csv,5850,0,0.0,22.63,0.0,172.4,0.0,0
ARDG_AQUA bream150gr21cm  281025 1548002.csv,5289,0,0.0,22.69,0.0,145.8,0.0,0
ARDG_AQUA bream 580gr 30 sm  281025 1254003.csv,2939,1,30.0,30.25,580.0,529.6,0.978,1
ARDG_AQUA bream556gr 30cm  281025 1500002.csv,10249,1,30.0,28.7,556.0,662.4,0.9892,1
ARDG_AQUA bream 310gr 23 sm  281025 1233003.csv,991,0,0.0,20.16,0.0,93.6,0.0,0
ARDG_AQUA bream500gr 30cm  281025 1500002.csv,3878,1,30.0,28.36,500.0,551.0,0.9575,1
ARDG_AQUA bream 150gr 21 sm  281025 1132002.csv,3006,1,21.0,20.77,150.0,149.2,0.92,1
ARDG_AQUA bream 800gr 36cm  281025 1453002.csv,402,0,0.0,35.13,0.0,749.9,0.6607,1
ARDG_AQUA bream 390gr 26cm  281025 1325005.csv,4371,0,0.0,18.94,0.0,118.4,0.0,0
ARDG_AQUA bream 630gr 31cm  281025 1400002.csv,2352,0,0.0,22.62,0.0,200.1,0.0,0
ARDG_AQUA bream 310gr 23 sm  281025 1233002.csv,4830,0,0.0,22.31,0.0,118.5,0.0,0
ARDG_AQUA bream 150gr 21 sm  281025 1132004.csv,10169,0,0.0,22.53,0.0,157.2,0.0,0
ARDG_AQUA bream 580gr 30 sm  281025 1254003.csv,6855,0,0.0,30.8,0.0,583.7,0.7591,1
ARDG_AQUA bream 390gr 26cm  281025 1325003.csv,10771,1,26.0,27.26,390.0,394.3,0.9742,1
ARDG_AQUA bream 280gr 24cm  281025 1425002.csv,3103,1,24.0,24.15,280.0,274.9,0.9243,1
ARDG_AQUA bream 150gr 21 sm  281025 1132004.csv,7478,0,0.0,22.9,0.0,132.7,0.0,0
ARDG_AQUA bream 150gr 21 sm  281025 1132004.csv,2328,0,0.0,22.69,0.0,157.6,0.0,0
ARDG_AQUA bream 150gr 21 sm  281025 1132002.csv,7191,0,0.0,22.53,0.0,158.4,0.0,0
ARDG_AQUA bream500gr 30cm  281025 1500002.csv,8182,0,0.0,23.07,0.0,125.4,0.0,0
ARDG_AQUA bream 150gr 21 sm  281025 1132002.csv,1878,0,0.0,22.86,0.0,145.0,0.0,0
ARDG_AQUA bream 390gr 26cm  281025 1325005.csv,11929,0,0.0,21.75,0.0,194.9,0.0,0
ARDG_AQUA bream 150gr 21 sm  281025 1132004.csv,9386,0,0.0,22.11,0.0,162.4,0.0002,0
ARDG_AQUA bream 150gr 21 sm  281025 1132004.csv,7057,0,0.0,22.84,0.0,133.9,0.0,0
ARDG_AQUA bream630gr 32cm  281025 1500002.csv,5301,1,32.0,31.98,630.0,567.2,0.975,1
ARDG_AQUA bream 680gr 33 sm  281025 1208003.csv,7911,1,33.0,33.21,680.0,675.0,0.9871,1
ARDG_AQUA bream 680gr 33 sm  281025 1208003.csv,10383,0,0.0,21.61,0.0,127.1,1e-04,0
ARDG_AQUA bream 630gr 31cm  281025 1400002.csv,9961,1,31.0,30.14,630.0,634.5,0.9792,1
ARDG_AQUA bream150gr21cm  281025 1548002.csv,887,0,0.0,24.9,0.0,308.7,0.0,0
ARDG_AQUA bream556gr 30cm  281025 1500002.csv,10360,1,30.0,29.88,556.0,546.4,0.9606,1
ARDG_AQUA bream350 gr27cm  281025 1548002.csv,4030,0,0.0,23.48,0.0,289.7,1e-04,0
ARDG_AQUA bream556gr 30cm  281025 1500002.csv,11933,0,0.0,33.77,0.0,673.5,0.9553,1
ARDG_AQUA bream500gr 30cm  281025 1500002.csv,3609,0,0.0,22.46,0.0,115.6,0.0,0
ARDG_AQUA bream 580gr 30 sm  281025 1254003.csv,539,0,0.0,21.64,0.0,207.4,0.0,0
ARDG_AQUA bream 150gr 21 sm  281025 1132004.csv,1660,0,0.0,22.4,0.0,153.3,0.0,0
ARDG_AQUA bream350 gr27cm  281025 1548002.csv,2860,0,0.0,23.0,0.0,118.6,0.0,0
ARDG_AQUA bream 280gr 24cm  281025 1425002.csv,3975,0,0.0,23.17,0.0,207.8,0.0,0
ARDG_AQUA bream 150gr 21 sm  281025 1132004.csv,8220,0,0.0,22.3,0.0,153.2,0.0,0
ARDG_AQUA bream 680gr 33 sm  281025 1208003.csv,1832,1,33.0,32.2,680.0,678.0,0.9886,1
ARDG_AQUA bream 150gr 21 sm  281025 1132004.csv,7056,0,0.0,22.83,0.0,160.5,0.0,0
ARDG_AQUA bream 390gr 26cm  281025 1325005.csv,11542,0,0.0,20.27,0.0,106.8,0.0,0
ARDG_AQUA bream 280gr 24cm  281025 1425002.csv,1202,0,0.0,23.22,0.0,309.0,0.0423,0
ARDG_AQUA bream 580gr 30 sm  281025 1254003.csv,4063,0,0.0,25.36,0.0,445.4,0.0205,0
ARDG_AQUA bream 390gr 26cm  281025 1325005.csv,107,0,0.0,21.58,0.0,139.2,0.0,0
ARDG_AQUA bream150gr21cm  281025 1548002.csv,3626,0,0.0,22.84,0.0,170.4,0.0,0
ARDG_AQUA bream 390gr 26cm  281025 1325005.csv,91,0,0.0,22.78,0.0,168.4,0.0,0
ARDG_AQUA bream 630gr 31cm  281025 1400002.csv,4313,0,0.0,24.41,0.0,258.3,0.0,0
ARDG_AQUA bream620 gr31cm  281025 1618003.csv,4477,0,0.0,24.0,0.0,231.3,0.007,0
ARDG_AQUA bream 680gr 33 sm  281025 1208003.csv,7615,1,33.0,33.08,680.0,667.4,0.9804,1
ARDG_AQUA bream 630gr 31cm  281025 1400002.csv,4612,0,0.0,24.6,0.0,296.9,0.0,0
ARDG_AQUA bream 150gr 21 sm  281025 1132004.csv,2255,0,0.0,22.62,0.0,155.4,0.0,0
ARDG_AQUA bream 680gr 33 sm  281025 1208003.csv,5574,0,0.0,21.28,0.0,142.5,0.0002,0
ARDG_AQUA bream 150gr 21 sm  281025 1132002.csv,9733,0,0.0,22.18,0.0,143.8,1e-04,0
ARDG_AQUA bream 150gr 21 sm  281025 1132002.csv,5808,0,0.0,22.6,0.0,138.7,0.0,0
ARDG_AQUA bream556gr 30cm  281025 1500002.csv,10153,0,0.0,30.19,0.0,563.6,0.9475,1
ARDG_AQUA bream 580gr 30 sm  281025 1254003.csv,9712,1,30.0,31.51,580.0,583.9,0.0264,0
ARDG_AQUA bream620 gr31cm  281025 1618003.csv,4424,0,0.0,24.0,0.0,365.9,0.2263,0
ARDG_AQUA bream556gr 30cm  281025 1500002.csv,5339,0,0.0,24.2,0.0,156.5,0.0,0
ARDG_AQUA bream 280gr 24cm  281025 1425002.csv,1071,1,24.0,24.11,280.0,272.1,0.9569,1
ARDG_AQUA bream150gr21cm  281025 1548002.csv,25,0,0.0,23.73,0.0,146.4,0.0,0
ARDG_AQUA bream 680gr 33 sm  281025 1208003.csv,6599,0,0.0,21.53,0.0,148.2,0.0004,0
ARDG_AQUA bream150gr21cm  281025 1548002.csv,6912,0,0.0,22.45,0.0,241.4,0.0,0
ARDG_AQUA bream556gr 30cm  281025 1500002.csv,9934,0,0.0,26.39,0.0,402.2,0.2658,0
ARDG_AQUA bream620 gr31cm  281025 1618004.csv,2144,0,0.0,23.2,0.0,179.5,0.0,0
ARDG_AQUA bream 580gr 30 sm  281025 1254003.csv,451,0,0.0,19.6,0.0,159.8,0.0,0
ARDG_AQUA bream 150gr 21 sm  281025 1132002.csv,8996,0,0.0,22.72,0.0,164.6,0.0,0
ARDG_AQUA bream 580gr 30 sm  281025 1254002.csv,3493,1,30.0,30.73,580.0,627.0,0.9539,1
ARDG_AQUA bream 680gr 33 sm  281025 1208003.csv,3832,1,33.0,32.39,680.0,665.7,0.9865,1
ARDG_AQUA bream 150gr 21 sm  281025 1132004.csv,7277,0,0.0,22.44,0.0,139.7,0.0,0
ARDG_AQUA bream500gr 30cm  281025 1500002.csv,11476,0,0.0,22.78,0.0,161.2,0.0,0
ARDG_AQUA bream556gr 30cm  281025 1500002.csv,4985,0,0.0,30.41,0.0,567.1,0.9753,1
ARDG_AQUA bream 580gr 30 sm  281025 1254003.csv,1886,0,0.0,25.29,0.0,320.0,0.0,0
ARDG_AQUA bream 580gr 30 sm  281025 1254002.csv,1622,0,0.0,23.16,0.0,294.8,0.0007,0
ARDG_AQUA bream 310gr 23 sm  281025 1233003.csv,229,1,23.0,23.19,310.0,308.0,0.8597,1
ARDG_AQUA bream500gr 30cm  281025 1500002.csv,7033,0,0.0,22.91,0.0,207.5,0.0,0
ARDG_AQUA bream 150gr 21 sm  281025 1132004.csv,11545,0,0.0,22.27,0.0,155.3,0.0,0
ARDG_AQUA bream 280gr 24cm  281025 1425002.csv,4123,0,0.0,24.43,0.0,146.9,0.0,0
ARDG_AQUA bream556gr 30cm  281025 1500002.csv,8253,0,0.0,29.5,0.0,529.6,0.9724,1
ARDG_AQUA bream150gr21cm  281025 1548002.csv,1438,0,0.0,22.39,0.0,210.6,0.0,0
ARDG_AQUA bream 580gr 30 sm  281025 1254002.csv,1657,0,0.0,20.47,0.0,184.6,0.0002,0
ARDG_AQUA bream 150gr 21 sm  281025 1132004.csv,11797,0,0.0,22.3,0.0,143.4,0.0,0
ARDG_AQUA bream150gr21cm  281025 1548002.csv,4462,0,0.0,24.7,0.0,208.5,0.0,0
ARDG_AQUA bream500gr 30cm  281025 1500002.csv,917,0,0.0,23.78,0.0,236.1,0.0,0
ARDG_AQUA bream 580gr 30 sm  281025 1254002.csv,10440,1,30.0,30.48,580.0,609.4,0.9614,1
ARDG_AQUA bream 580gr 30 sm  281025 1254003.csv,6544,0,0.0,25.09,0.0,291.9,0.0,0
ARDG_AQUA bream556gr 30cm  281025 1500002.csv,6359,0,0.0,24.26,0.0,129.2,0.0,0
ARDG_AQUA bream 150gr 21 sm  281025 1132004.csv,3668,0,0.0,22.49,0.0,132.8,0.0,0
ARDG_AQUA bream556gr 30cm  281025 1500002.csv,6213,0,0.0,25.76,0.0,469.4,0.1713,0
ARDG_AQUA bream 580gr 30 sm  281025 1254002.csv,7190,0,0.0,19.83,0.0,115.5,0.0,0
ARDG_AQUA bream500gr 30cm  281025 1500002.csv,4002,0,0.0,24.59,0.0,216.7,0.0,0
ARDG_AQUA bream 150gr 21 sm  281025 1132002.csv,9044,0,0.0,22.6,0.0,141.6,0.0,0
ARDG_AQUA bream 390gr 26cm  281025 1325005.csv,8948,1,26.0,25.66,390.0,384.3,0.9637,1
ARDG_AQUA bream 150gr 21 sm  281025 1132004.csv,3025,1,21.0,20.62,150.0,147.3,0.9382,1
ARDG_AQUA bream350 gr27cm  281025 1548002.csv,5853,1,27.0,27.76,350.0,340.5,0.8692,1
ARDG_AQUA bream 280gr 24cm  281025 1425002.csv,5556,0,0.0,23.71,0.0,121.7,0.0,0
ARDG_AQUA bream 580gr 30 sm  281025 1254003.csv,8772,0,0.0,28.29,0.0,453.6,0.0053,0
ARDG_AQUA bream620 gr31cm  281025 1618003.csv,7012,1,31.0,29.54,620.0,543.9,0.9839,1
ARDG_AQUA bream 800gr 36cm  281025 1453002.csv,3248,0,0.0,24.49,0.0,258.4,0.0,0
ARDG_AQUA bream 630gr 31cm  281025 1400002.csv,6819,0,0.0,21.52,0.0,189.5,0.0,0
ARDG_AQUA bream 630gr 31cm  281025 1400002.csv,4958,1,31.0,31.49,630.0,634.4,0.9776,1
ARDG_AQUA bream500gr 30cm  281025 1500002.csv,4382,0,0.0,25.64,0.0,228.5,0.0,0
ARDG_AQUA bream 150gr 21 sm  281025 1132002.csv,7088,0,0.0,22.53,0.0,166.9,0.0,0
ARDG_AQUA bream 680gr 33 sm  281025 1208003.csv,9690,1,33.0,32.23,680.0,674.6,0.9751,1
ARDG_AQUA bream 630gr 31cm  281025 1400002.csv,1898,1,31.0,30.73,630.0,619.9,0.9604,1
ARDG_AQUA bream 280gr 24cm  281025 1425002.csv,5079,0,0.0,23.54,0.0,193.8,0.0,0
ARDG_AQUA bream 310gr 23 sm  281025 1233002.csv,115,0,0.0,20.85,0.0,147.6,1e-04,0
ARDG_AQUA bream 150gr 21 sm  281025 1132004.csv,4114,1,21.0,20.73,150.0,142.0,0.954,1
ARDG_AQUA bream630gr 32cm  281025 1500002.csv,40,0,0.0,22.47,0.0,288.3,0.0257,0
ARDG_AQUA bream 680gr 33 sm  281025 1208003.csv,5509,0,0.0,22.16,0.0,186.6,0.0,0
ARDG_AQUA bream556gr 30cm  281025 1500002.csv,613,0,0.0,27.34,0.0,351.3,0.0,0
ARDG_AQUA bream556gr 30cm  281025 1500002.csv,3907,0,0.0,31.42,0.0,646.6,0.9644,1
ARDG_AQUA bream556gr 30cm  281025 1500002.csv,7875,0,0.0,28.47,0.0,452.9,0.0017,0
ARDG_AQUA bream500gr 30cm  281025 1500002.csv,200,1,30.0,29.4,500.0,517.2,0.9715,1
ARDG_AQUA bream500gr 30cm  281025 1500002.csv,3748,1,30.0,29.36,500.0,497.2,0.9627,1
ARDG_AQUA bream 390gr 26cm  281025 1325005.csv,3858,0,0.0,21.32,0.0,161.2,0.0,0
ARDG_AQUA bream 310gr 23 sm  281025 1233002.csv,4819,0,0.0,21.98,0.0,128.0,0.0,0
ARDG_AQUA bream 280gr 24cm  281025 1425002.csv,4772,0,0.0,23.61,0.0,208.7,0.0,0
ARDG_AQUA bream556gr 30cm  281025 1500002.csv,6246,0,0.0,26.22,0.0,217.0,0.0,0
ARDG_AQUA bream 800gr 36cm  281025 1453002.csv,2224,1,36.0,35.6,800.0,796.1,0.987,1
ARDG_AQUA bream 630gr 31cm  281025 1400002.csv,6481,0,0.0,22.79,0.0,328.3,0.0,0
ARDG_AQUA bream 310gr 23 sm  281025 1233002.csv,9373,0,0.0,21.76,0.0,201.4,0.0,0
ARDG_AQUA bream556gr 30cm  281025 1500002.csv,6408,0,0.0,31.29,0.0,536.4,0.8722,1
ARDG_AQUA bream 680gr 33 sm  281025 1208003.csv,11985,0,0.0,22.09,0.0,140.9,0.0,0
ARDG_AQUA bream 280gr 24cm  281025 1425002.csv,4185,0,0.0,23.19,0.0,106.6,0.0,0
ARDG_AQUA bream 580gr 30 sm  281025 1254003.csv,763,0,0.0,21.7,0.0,147.8,0.0,0
ARDG_AQUA bream 310gr 23 sm  281025 1233002.csv,10871,0,0.0,22.22,0.0,147.6,0.0,0
ARDG_AQUA bream350 gr27cm  281025 1548002.csv,1870,0,0.0,24.73,0.0,198.1,0.0,0
ARDG_AQUA bream556gr 30cm  281025 1500002.csv,8934,0,0.0,25.09,0.0,415.9,0.0235,0
ARDG_AQUA bream 680gr 33 sm  281025 1208003.csv,3494,0,0.0,21.39,0.0,114.9,0.0008,0
ARDG_AQUA bream 580gr 30 sm  281025 1254002.csv,915,0,0.0,23.65,0.0,240.0,0.1242,0
ARDG_AQUA bream 310gr 23 sm  281025 1233002.csv,2882,1,23.0,23.39,310.0,301.9,0.9676,1
ARDG_AQUA bream620 gr31cm  281025 1618003.csv,4616,1,31.0,31.78,620.0,643.8,0.9794,1
ARDG_AQUA bream 310gr 23 sm  281025 1233002.csv,4861,0,0.0,21.16,0.0,149.3,0.0,0
ARDG_AQUA bream500gr 30cm  281025 1500002.csv,8223,0,0.0,24.1,0.0,282.5,0.0,0
ARDG_AQUA bream500gr 30cm  281025 1500002.csv,4982,0,0.0,24.91,0.0,134.0,0.0,0
ARDG_AQUA bream 150gr 21 sm  281025 1132004.csv,1571,0,0.0,20.79,0.0,136.2,0.851,1
ARDG_AQUA bream 630gr 31cm  281025 1400002.csv,6841,0,0.0,23.3,0.0,223.4,0.0,0
ARDG_AQUA bream 280gr 24cm  281025 1425002.csv,558,0,0.0,24.48,0.0,221.8,0.0,0
ARDG_AQUA bream 310gr 23 sm  281025 1233002.csv,11185,1,23.0,23.13,310.0,304.0,0.9691,1
ARDG_AQUA bream556gr 30cm  281025 1500002.csv,7757,0,0.0,26.44,0.0,345.4,0.0,0
ARDG_AQUA bream 580gr 30 sm  281025 1254002.csv,9270,0,0.0,26.96,0.0,399.6,0.5577,1
ARDG_AQUA bream 150gr 21 sm  281025 1132004.csv,10922,0,0.0,20.68,0.0,146.2,0.7196,1
ARDG_AQUA bream 150gr 21 sm  281025 1132004.csv,7875,0,0.0,22.54,0.0,167.7,0.0,0
ARDG_AQUA bream500gr 30cm  281025 1500003.csv,1406,0,0.0,23.57,0.0,223.1,0.0,0
ARDG_AQUA bream500gr 30cm  281025 1500002.csv,8276,0,0.0,22.9,0.0,187.4,0.0,0
ARDG_AQUA bream556gr 30cm  281025 1500002.csv,4730,0,0.0,26.12,0.0,333.7,0.074,0
ARDG_AQUA bream556gr 30cm  281025 1500002.csv,8568,0,0.0,29.54,0.0,469.3,0.4317,0
ARDG_AQUA bream350 gr27cm  281025 1548002.csv,5058,0,0.0,22.85,0.0,170.9,0.0,0
ARDG_AQUA bream 580gr 30 sm  281025 1254003.csv,3151,0,0.0,20.61,0.0,222.7,0.0,0
ARDG_AQUA bream 310gr 23 sm  281025 1233003.csv,380,1,23.0,23.07,310.0,325.7,0.9723,1
ARDG_AQUA bream 150gr 21 sm  281025 1132004.csv,505,0,0.0,19.97,0.0,91.0,0.0526,0
ARDG_AQUA bream 150gr 21 sm  281025 1132004.csv,8400,1,21.0,20.65,150.0,146.7,0.9265,1
ARDG_AQUA bream500gr 30cm  281025 1500002.csv,2051,0,0.0,23.15,0.0,179.0,0.0,0
ARDG_AQUA bream620 gr31cm  281025 1618003.csv,10394,0,0.0,23.23,0.0,168.7,0.0,0
ARDG_AQUA bream 580gr 30 sm  281025 1254003.csv,879,0,0.0,22.52,0.0,203.1,0.0,0
ARDG_AQUA bream150gr21cm  281025 1548002.csv,8796,0,0.0,22.83,0.0,233.1,0.0,0
ARDG_AQUA bream630gr 32cm  281025 1500002.csv,2327,1,32.0,31.74,630.0,627.5,0.982,1
ARDG_AQUA bream500gr 30cm  281025 1500002.csv,6788,0,0.0,23.31,0.0,203.2,0.0,0
ARDG_AQUA bream 150gr 21 sm  281025 1132004.csv,2406,0,0.0,22.39,0.0,153.8,0.0,0
ARDG_AQUA bream150gr21cm  281025 1548002.csv,3306,0,0.0,24.04,0.0,265.1,0.0004,0
ARDG_AQUA bream150gr21cm  281025 1548002.csv,6980,0,0.0,23.27,0.0,281.2,0.0015,0
ARDG_AQUA bream150gr21cm  281025 1548002.csv,5109,0,0.0,23.53,0.0,274.5,0.0,0
ARDG_AQUA bream556gr 30cm  281025 1500002.csv,2132,0,0.0,25.39,0.0,291.0,0.0,0
ARDG_AQUA bream150gr21cm  281025 1548002.csv,1061,0,0.0,23.13,0.0,171.4,0.0,0
ARDG_AQUA bream556gr 30cm  281025 1500002.csv,10612,0,0.0,24.29,0.0,271.2,0.0,0
ARDG_AQUA bream 800gr 36cm  281025 1453002.csv,3900,0,0.0,26.28,0.0,365.0,0.0005,0
ARDG_AQUA bream556gr 30cm  281025 1500002.csv,417,0,0.0,26.03,0.0,350.4,0.0,0
ARDG_AQUA bream500gr 30cm  281025 1500002.csv,5167,0,0.0,24.14,0.0,265.0,0.0,0
ARDG_AQUA bream 680gr 33 sm  281025 1208003.csv,11401,0,0.0,21.48,0.0,173.2,0.0,0
ARDG_AQUA bream500gr 30cm  281025 1500002.csv,11519,0,0.0,21.75,0.0,178.2,0.0,0
ARDG_AQUA bream 800gr 36cm  281025 1453002.csv,2320,0,0.0,34.62,0.0,701.3,0.9739,1
ARDG_AQUA bream 800gr 36cm  281025 1453002.csv,2716,0,0.0,35.64,0.0,741.9,0.9246,1
ARDG_AQUA bream 630gr 31cm  281025 1400002.csv,439,0,0.0,24.67,0.0,269.3,0.0,0
ARDG_AQUA bream 390gr 26cm  281025 1325005.csv,73,0,0.0,21.47,0.0,175.5,0.0002,0
ARDG_AQUA bream 630gr 31cm  281025 1400002.csv,3202,0,0.0,23.26,0.0,321.9,0.0,0
ARDG_AQUA bream 150gr 21 sm  281025 1132004.csv,3936,0,0.0,22.41,0.0,140.0,0.0,0
ARDG_AQUA bream556gr 30cm  281025 1500002.csv,3643,0,0.0,25.96,0.0,357.8,0.1978,0
ARDG_AQUA bream 150gr 21 sm  281025 1132004.csv,8176,0,0.0,22.44,0.0,140.4,0.0,0
ARDG_AQUA bream 580gr 30 sm  281025 1254002.csv,10635,1,30.0,30.73,580.0,611.0,0.9799,1
ARDG_AQUA bream630gr 32cm  281025 1500002.csv,6275,0,0.0,25.78,0.0,250.2,0.0,0
ARDG_AQUA bream 150gr 21 sm  281025 1132002.csv,4317,0,0.0,19.37,0.0,127.4,0.0171,0
ARDG_AQUA bream 390gr 26cm  281025 1325003.csv,10416,1,26.0,27.03,390.0,369.6,0.9734,1
ARDG_AQUA bream 580gr 30 sm  281025 1254003.csv,3950,0,0.0,26.63,0.0,430.7,0.0491,0
ARDG_AQUA bream500gr 30cm  281025 1500003.csv,681,0,0.0,25.03,0.0,198.1,0.0,0
ARDG_AQUA bream150gr21cm  281025 1548002.csv,5267,0,0.0,26.55,0.0,221.4,0.0,0
ARDG_AQUA bream500gr 30cm  281025 1500003.csv,1260,0,0.0,24.91,0.0,209.1,0.0,0
ARDG_AQUA bream 580gr 30 sm  281025 1254003.csv,835,0,0.0,20.26,0.0,237.6,0.0,0
ARDG_AQUA bream500gr 30cm  281025 1500003.csv,1099,0,0.0,21.17,0.0,172.4,0.0,0
ARDG_AQUA bream 580gr 30 sm  281025 1254003.csv,3267,1,30.0,31.21,580.0,583.2,0.9814,1
ARDG_AQUA bream556gr 30cm  281025 1500002.csv,7056,0,0.0,30.34,0.0,566.1,0.0047,0
ARDG_AQUA bream556gr 30cm  281025 1500002.csv,8168,0,0.0,28.92,0.0,537.1,0.9506,1
ARDG_AQUA bream 310gr 23 sm  281025 1233002.csv,8050,0,0.0,21.08,0.0,116.1,0.0,0
ARDG_AQUA bream 580gr 30 sm  281025 1254002.csv,7910,1,30.0,30.08,580.0,559.2,0.968,1
ARDG_AQUA bream630gr 32cm  281025 1500002.csv,2006,1,32.0,30.46,630.0,594.0,0.9772,1
ARDG_AQUA bream 150gr 21 sm  281025 1132002.csv,8604,0,0.0,22.78,0.0,158.4,0.0,0
ARDG_AQUA bream620 gr31cm  281025 1618003.csv,4447,0,0.0,24.94,0.0,370.5,0.0011,0
ARDG_AQUA bream 150gr 21 sm  281025 1132002.csv,10067,0,0.0,22.83,0.0,134.6,0.0,0
ARDG_AQUA bream556gr 30cm  281025 1500002.csv,5271,0,0.0,27.67,0.0,429.1,0.0128,0
ARDG_AQUA bream 680gr 33 sm  281025 1208003.csv,8905,1,33.0,30.22,680.0,618.2,0.9889,1
ARDG_AQUA bream 280gr 24cm  281025 1425002.csv,1982,0,0.0,20.75,0.0,91.5,0.0,0
ARDG_AQUA bream 390gr 26cm  281025 1325003.csv,9272,1,26.0,26.62,390.0,370.5,0.9458,1
ARDG_AQUA bream556gr 30cm  281025 1500002.csv,1154,0,0.0,26.83,0.0,406.3,0.004,0
ARDG_AQUA bream350 gr27cm  281025 1548002.csv,5087,0,0.0,23.32,0.0,172.7,0.0,0
ARDG_AQUA bream500gr 30cm  281025 1500002.csv,4016,0,0.0,23.39,0.0,168.2,0.0,0
ARDG_AQUA bream 390gr 26cm  281025 1325005.csv,5942,0,0.0,21.96,0.0,125.6,0.0,0
ARDG_AQUA bream556gr 30cm  281025 1500002.csv,7809,0,0.0,28.98,0.0,472.1,0.0003,0
ARDG_AQUA bream556gr 30cm  281025 1500002.csv,10160,0,0.0,30.74,0.0,552.0,0.9731,1
ARDG_AQUA bream150gr21cm  281025 1548002.csv,1056,0,0.0,22.49,0.0,148.1,0.0,0
ARDG_AQUA bream 800gr 36cm  281025 1453002.csv,4268,0,0.0,34.65,0.0,761.7,0.9545,1
ARDG_AQUA bream 150gr 21 sm  281025 1132002.csv,3201,0,0.0,22.47,0.0,202.7,1e-04,0
ARDG_AQUA bream620 gr31cm  281025 1618003.csv,5808,0,0.0,22.28,0.0,238.4,0.0003,0
ARDG_AQUA bream 580gr 30 sm  281025 1254003.csv,311,0,0.0,24.39,0.0,266.1,0.0,0
ARDG_AQUA bream620 gr31cm  281025 1618003.csv,4394,0,0.0,25.39,0.0,250.6,0.0,0
ARDG_AQUA bream 150gr 21 sm  281025 1132002.csv,6808,1,21.0,20.89,150.0,144.9,0.8532,1
ARDG_AQUA bream 800gr 36cm  281025 1453002.csv,1704,0,0.0,25.79,0.0,332.2,0.0,0
ARDG_AQUA bream 150gr 21 sm  281025 1132002.csv,5149,1,21.0,20.74,150.0,146.6,0.9113,1
ARDG_AQUA bream 310gr 23 sm  281025 1233002.csv,1084,1,23.0,22.95,310.0,302.6,0.9698,1
ARDG_AQUA bream500gr 30cm  281025 1500002.csv,6782,0,0.0,22.15,0.0,180.5,0.0,0
ARDG_AQUA bream556gr 30cm  281025 1500002.csv,1280,0,0.0,26.85,0.0,450.6,0.0014,0
ARDG_AQUA bream150gr21cm  281025 1548002.csv,203,0,0.0,18.96,0.0,107.8,0.0,0
ARDG_AQUA bream 310gr 23 sm  281025 1233002.csv,10649,0,0.0,21.07,0.0,137.3,0.0,0
ARDG_AQUA bream150gr21cm  281025 1548002.csv,8466,0,0.0,23.5,0.0,177.2,0.0,0
ARDG_AQUA bream 150gr 21 sm  281025 1132002.csv,2086,0,0.0,22.34,0.0,163.2,0.0,0
ARDG_AQUA bream150gr21cm  281025 1548002.csv,217,0,0.0,20.83,0.0,148.8,0.0,0
ARDG_AQUA bream556gr 30cm  281025 1500002.csv,8289,0,0.0,26.63,0.0,398.9,0.0,0
ARDG_AQUA bream 680gr 33 sm  281025 1208003.csv,8670,1,33.0,31.92,680.0,670.0,0.9839,1
ARDG_AQUA bream500gr 30cm  281025 1500002.csv,654,0,0.0,22.44,0.0,137.3,0.0,0
ARDG_AQUA bream556gr 30cm  281025 1500002.csv,11877,0,0.0,30.78,0.0,684.7,0.0006,0
ARDG_AQUA bream 390gr 26cm  281025 1325005.csv,7511,1,26.0,26.13,390.0,382.9,0.9752,1
ARDG_AQUA bream 310gr 23 sm  281025 1233002.csv,10424,0,0.0,21.15,0.0,134.5,0.0,0
ARDG_AQUA bream556gr 30cm  281025 1500002.csv,10469,1,30.0,29.91,556.0,570.2,0.9766,1
ARDG_AQUA bream 150gr 21 sm  281025 1132002.csv,9690,0,0.0,22.93,0.0,146.6,0.0,0
ARDG_AQUA bream 580gr 30 sm  281025 1254002.csv,9899,0,0.0,22.45,0.0,173.0,0.0,0
ARDG_AQUA bream 280gr 24cm  281025 1425002.csv,1266,0,0.0,27.14,0.0,358.6,0.0669,0
ARDG_AQUA bream500gr 30cm  281025 1500002.csv,10134,0,0.0,23.98,0.0,266.5,0.0,0
ARDG_AQUA bream620 gr31cm  281025 1618003.csv,10334,0,0.0,21.77,0.0,249.0,0.0,0
ARDG_AQUA bream 280gr 24cm  281025 1425002.csv,4771,0,0.0,22.56,0.0,175.2,0.0,0
ARDG_AQUA bream 310gr 23 sm  281025 1233002.csv,10376,0,0.0,21.52,0.0,145.1,0.0,0
ARDG_AQUA bream500gr 30cm  281025 1500002.csv,5676,0,0.0,24.12,0.0,231.2,0.0,0
ARDG_AQUA bream620 gr31cm  281025 1618003.csv,437,0,0.0,23.32,0.0,156.2,0.0,0
ARDG_AQUA bream 150gr 21 sm  281025 1132004.csv,7673,0,0.0,22.8,0.0,157.5,0.0,0
ARDG_AQUA bream500gr 30cm  281025 1500003.csv,3069,1,30.0,29.88,500.0,485.2,0.9762,1
ARDG_AQUA bream 310gr 23 sm  281025 1233002.csv,8117,0,0.0,20.55,0.0,105.9,0.0,0
ARDG_AQUA bream 150gr 21 sm  281025 1132004.csv,2811,0,0.0,22.39,0.0,167.3,0.0,0
ARDG_AQUA bream500gr 30cm  281025 1500003.csv,1101,0,0.0,21.61,0.0,150.2,0.0,0
ARDG_AQUA bream630gr 32cm  281025 1500002.csv,4635,0,0.0,23.71,0.0,253.2,1e-04,0
ARDG_AQUA bream 150gr 21 sm  281025 1132004.csv,8282,0,0.0,22.83,0.0,176.9,0.0,0
ARDG_AQUA bream 680gr 33 sm  281025 1208003.csv,5536,0,0.0,21.3,0.0,175.3,1e-04,0
ARDG_AQUA bream556gr 30cm  281025 1500002.csv,899,0,0.0,23.65,0.0,173.8,0.0,0
ARDG_AQUA bream500gr 30cm  281025 1500002.csv,1302,0,0.0,22.33,0.0,164.5,0.0,0
ARDG_AQUA bream 150gr 21 sm  281025 1132004.csv,5018,0,0.0,21.42,0.0,147.2,0.0005,0
ARDG_AQUA bream 580gr 30 sm  281025 1254003.csv,343,0,0.0,24.12,0.0,217.6,0.0,0
ARDG_AQUA bream 800gr 36cm  281025 1453002.csv,484,0,0.0,34.55,0.0,738.8,0.2159,0
ARDG_AQUA bream 580gr 30 sm  281025 1254003.csv,11509,0,0.0,21.08,0.0,163.8,0.0,0
ARDG_AQUA bream 150gr 21 sm  281025 1132004.csv,11126,1,21.0,20.99,150.0,145.5,0.7927,1
ARDG_AQUA bream 580gr 30 sm  281025 1254003.csv,7357,0,0.0,21.95,0.0,174.6,0.0,0
ARDG_AQUA bream 390gr 26cm  281025 1325005.csv,3122,0,0.0,22.82,0.0,267.8,0.0,0
ARDG_AQUA bream556gr 30cm  281025 1500002.csv,8635,0,0.0,30.3,0.0,542.7,0.9837,1
ARDG_AQUA bream556gr 30cm  281025 1500002.csv,11125,0,0.0,23.5,0.0,207.5,0.0,0
ARDG_AQUA bream 390gr 26cm  281025 1325003.csv,11863,0,0.0,22.03,0.0,130.1,0.0,0
ARDG_AQUA bream500gr 30cm  281025 1500002.csv,8309,0,0.0,22.5,0.0,164.1,0.0,0
ARDG_AQUA bream 310gr 23 sm  281025 1233002.csv,8201,0,0.0,21.39,0.0,328.3,0.0438,0
ARDG_AQUA bream 390gr 26cm  281025 1325005.csv,4931,0,0.0,20.99,0.0,175.0,0.0,0
ARDG_AQUA bream150gr21cm  281025 1548002.csv,8439,0,0.0,21.92,0.0,143.9,0.0,0
ARDG_AQUA bream500gr 30cm  281025 1500002.csv,8094,1,30.0,29.8,500.0,515.5,0.7412,1
ARDG_AQUA bream 580gr 30 sm  281025 1254002.csv,6537,1,30.0,29.98,580.0,581.1,0.9714,1
ARDG_AQUA bream 580gr 30 sm  281025 1254003.csv,11344,0,0.0,20.27,0.0,131.7,0.0,0
ARDG_AQUA bream350 gr27cm  281025 1548002.csv,2849,0,0.0,23.11,0.0,199.7,0.0,0
ARDG_AQUA bream620 gr31cm  281025 1618003.csv,7349,1,31.0,30.12,620.0,550.7,0.5843,1
ARDG_AQUA bream556gr 30cm  281025 1500002.csv,1166,0,0.0,24.02,0.0,359.4,1e-04,0
ARDG_AQUA bream 390gr 26cm  281025 1325003.csv,11812,0,0.0,22.17,0.0,178.7,0.0,0
ARDG_AQUA bream 150gr 21 sm  281025 1132002.csv,9736,0,0.0,21.87,0.0,146.7,0.0,0
ARDG_AQUA bream 150gr 21 sm  281025 1132002.csv,10128,0,0.0,21.47,0.0,146.3,0.4297,0
ARDG_AQUA bream 150gr 21 sm  281025 1132004.csv,8657,0,0.0,21.86,0.0,145.7,0.0,0
ARDG_AQUA bream 580gr 30 sm  281025 1254002.csv,6639,0,0.0,25.63,0.0,402.4,0.0304,0
ARDG_AQUA bream 280gr 24cm  281025 1425002.csv,1522,0,0.0,24.25,0.0,315.8,0.0,0
ARDG_AQUA bream620 gr31cm  281025 1618003.csv,3094,0,0.0,23.77,0.0,251.9,0.0,0
ARDG_AQUA bream 580gr 30 sm  281025 1254003.csv,1419,0,0.0,30.07,0.0,519.6,0.9415,1
ARDG_AQUA bream556gr 30cm  281025 1500002.csv,7036,0,0.0,25.94,0.0,309.3,0.0,0
ARDG_AQUA bream 680gr 33 sm  281025 1208003.csv,4192,1,33.0,32.32,680.0,663.1,0.9891,1
ARDG_AQUA bream 150gr 21 sm  281025 1132002.csv,12044,0,0.0,22.54,0.0,125.9,0.0,0
ARDG_AQUA bream 680gr 33 sm  281025 1208003.csv,1242,0,0.0,22.17,0.0,160.9,0.0,0
ARDG_AQUA bream 630gr 31cm  281025 1400002.csv,3145,0,0.0,23.99,0.0,171.9,0.0,0
ARDG_AQUA bream500gr 30cm  281025 1500002.csv,8656,0,0.0,24.77,0.0,278.2,0.0,0
ARDG_AQUA bream 800gr 36cm  281025 1453002.csv,2973,1,36.0,35.72,800.0,787.7,0.9796,1
ARDG_AQUA bream 580gr 30 sm  281025 1254003.csv,4438,0,0.0,22.74,0.0,327.2,0.0,0
ARDG_AQUA bream556gr 30cm  281025 1500002.csv,11725,0,0.0,29.72,0.0,499.0,0.5999,1
ARDG_AQUA bream 630gr 31cm  281025 1400002.csv,6771,0,0.0,22.51,0.0,237.6,0.0,0
ARDG_AQUA bream 150gr 21 sm  281025 1132004.csv,2228,0,0.0,23.31,0.0,166.2,0.0,0
ARDG_AQUA bream500gr 30cm  281025 1500002.csv,6974,0,0.0,23.07,0.0,213.9,0.0,0
ARDG_AQUA bream 580gr 30 sm  281025 1254002.csv,9804,1,30.0,29.08,580.0,561.8,0.969,1
ARDG_AQUA bream 390gr 26cm  281025 1325005.csv,3087,0,0.0,22.88,0.0,219.5,0.0,0
ARDG_AQUA bream350 gr27cm  281025 1548002.csv,645,0,0.0,21.71,0.0,116.2,0.0005,0
ARDG_AQUA bream 150gr 21 sm  281025 1132004.csv,10018,0,0.0,22.94,0.0,137.2,0.0,0
ARDG_AQUA bream 580gr 30 sm  281025 1254002.csv,10985,0,0.0,22.42,0.0,269.4,0.0,0
ARDG_AQUA bream 390gr 26cm  281025 1325005.csv,9757,0,0.0,22.25,0.0,304.7,0.0,0
ARDG_AQUA bream 580gr 30 sm  281025 1254003.csv,6335,1,30.0,30.34,580.0,581.9,0.9665,1
ARDG_AQUA bream556gr 30cm  281025 1500002.csv,2570,0,0.0,24.1,0.0,210.3,0.0007,0
ARDG_AQUA bream556gr 30cm  281025 1500002.csv,6258,0,0.0,26.9,0.0,282.5,0.0,0
ARDG_AQUA bream150gr21cm  281025 1548002.csv,4637,0,0.0,28.39,0.0,480.6,0.0307,0
ARDG_AQUA bream 800gr 36cm  281025 1453002.csv,4970,0,0.0,23.78,0.0,258.8,0.0,0
ARDG_AQUA bream556gr 30cm  281025 1500003.csv,34,0,0.0,24.6,0.0,239.4,0.0,0
ARDG_AQUA bream 150gr 21 sm  281025 1132002.csv,7957,0,0.0,21.75,0.0,160.4,0.0099,0
ARDG_AQUA bream 580gr 30 sm  281025 1254002.csv,6633,0,0.0,28.64,0.0,564.7,0.3714,0
ARDG_AQUA bream500gr 30cm  281025 1500003.csv,1380,0,0.0,22.94,0.0,110.0,0.0,0
ARDG_AQUA bream150gr21cm  281025 1548002.csv,8742,0,0.0,24.9,0.0,250.7,0.0,0
ARDG_AQUA bream500gr 30cm  281025 1500002.csv,11503,0,0.0,22.06,0.0,168.7,0.0,0
ARDG_AQUA bream556gr 30cm  281025 1500002.csv,8157,0,0.0,26.88,0.0,403.7,0.415,0
ARDG_AQUA bream500gr 30cm  281025 1500003.csv,419,0,0.0,24.12,0.0,224.5,0.0,0
ARDG_AQUA bream150gr21cm  281025 1548002.csv,4280,0,0.0,22.81,0.0,172.3,0.0,0
ARDG_AQUA bream500gr 30cm  281025 1500002.csv,9068,1,30.0,29.6,500.0,510.2,0.9613,1
ARDG_AQUA bream 580gr 30 sm  281025 1254003.csv,3412,1,30.0,29.98,580.0,581.7,0.9797,1
ARDG_AQUA bream556gr 30cm  281025 1500002.csv,7186,0,0.0,26.01,0.0,282.6,0.0,0
ARDG_AQUA bream 580gr 30 sm  281025 1254003.csv,3177,0,0.0,29.73,0.0,564.2,0.1358,0
ARDG_AQUA bream 680gr 33 sm  281025 1208003.csv,5238,1,33.0,32.27,680.0,642.1,0.99,1
ARDG_AQUA bream150gr21cm  281025 1548002.csv,7210,0,0.0,23.77,0.0,208.3,0.0,0
ARDG_AQUA bream 680gr 33 sm  281025 1208003.csv,3506,0,0.0,20.91,0.0,131.4,0.001,0
ARDG_AQUA bream500gr 30cm  281025 1500002.csv,5404,0,0.0,21.98,0.0,211.7,0.0,0
ARDG_AQUA bream620 gr31cm  281025 1618004.csv,583,1,31.0,31.5,620.0,603.7,0.9765,1
ARDG_AQUA bream556gr 30cm  281025 1500002.csv,5961,0,0.0,31.3,0.0,594.5,0.9512,1
ARDG_AQUA bream 150gr 21 sm  281025 1132004.csv,1811,0,0.0,23.11,0.0,129.2,0.0,0
ARDG_AQUA bream 150gr 21 sm  281025 1132002.csv,4506,0,0.0,20.11,0.0,165.7,1e-04,0
ARDG_AQUA bream 150gr 21 sm  281025 1132002.csv,9729,0,0.0,22.21,0.0,139.6,0.0,0
ARDG_AQUA bream150gr21cm  281025 1548002.csv,652,0,0.0,25.68,0.0,286.2,0.0,0
ARDG_AQUA bream 680gr 33 sm  281025 1208003.csv,11129,0,0.0,21.99,0.0,175.8,0.0,0
ARDG_AQUA bream 580gr 30 sm  281025 1254003.csv,5346,0,0.0,25.57,0.0,538.9,0.0879,0
ARDG_AQUA bream620 gr31cm  281025 1618003.csv,3014,0,0.0,23.36,0.0,264.1,0.0,0
ARDG_AQUA bream 390gr 26cm  281025 1325005.csv,4618,1,26.0,25.58,390.0,386.6,0.9747,1
ARDG_AQUA bream 150gr 21 sm  281025 1132004.csv,7019,0,0.0,22.51,0.0,148.5,0.0,0
ARDG_AQUA bream 580gr 30 sm  281025 1254003.csv,11034,0,0.0,21.75,0.0,295.8,0.0,0
ARDG_AQUA bream 390gr 26cm  281025 1325005.csv,10690,0,0.0,24.92,0.0,489.7,0.0898,0
ARDG_AQUA bream150gr21cm  281025 1548002.csv,7503,0,0.0,21.92,0.0,137.8,0.0,0
ARDG_AQUA bream 580gr 30 sm  281025 1254003.csv,8416,0,0.0,31.34,0.0,566.2,0.9623,1
ARDG_AQUA bream 580gr 30 sm  281025 1254003.csv,2579,0,0.0,33.34,0.0,601.3,0.7891,1
ARDG_AQUA bream 580gr 30 sm  281025 1254003.csv,3543,1,30.0,29.22,580.0,527.1,0.9722,1
ARDG_AQUA bream 580gr 30 sm  281025 1254003.csv,9304,0,0.0,23.17,0.0,205.4,0.0,0
ARDG_AQUA bream 310gr 23 sm  281025 1233002.csv,3965,0,0.0,22.87,0.0,261.6,0.1842,0
ARDG_AQUA bream 800gr 36cm  281025 1453002.csv,586,0,0.0,24.61,0.0,268.0,0.0006,0
ARDG_AQUA bream500gr 30cm  281025 1500002.csv,8279,0,0.0,22.65,0.0,226.5,0.0,0
ARDG_AQUA bream 150gr 21 sm  281025 1132004.csv,10303,0,0.0,21.46,0.0,175.6,0.3522,0
ARDG_AQUA bream620 gr31cm  281025 1618003.csv,4466,0,0.0,25.44,0.0,208.2,0.0003,0
ARDG_AQUA bream630gr 32cm  281025 1500002.csv,6045,0,0.0,22.5,0.0,192.8,0.0,0
ARDG_AQUA bream 150gr 21 sm  281025 1132004.csv,9307,0,0.0,22.6,0.0,164.2,1e-04,0
ARDG_AQUA bream500gr 30cm  281025 1500003.csv,1321,0,0.0,22.5,0.0,209.4,0.0,0
ARDG_AQUA bream 630gr 31cm  281025 1400002.csv,11951,0,0.0,23.92,0.0,230.1,0.0,0
ARDG_AQUA bream500gr 30cm  281025 1500002.csv,11196,0,0.0,22.74,0.0,81.6,0.0,0
ARDG_AQUA bream556gr 30cm  281025 1500002.csv,10636,0,0.0,28.81,0.0,537.5,0.2162,0
ARDG_AQUA bream500gr 30cm  281025 1500002.csv,56,1,30.0,30.74,500.0,505.6,0.5226,1
ARDG_AQUA bream 150gr 21 sm  281025 1132004.csv,11985,0,0.0,22.27,0.0,125.9,0.0,0
ARDG_AQUA bream556gr 30cm  281025 1500002.csv,6212,0,0.0,25.96,0.0,435.7,0.1904,0
ARDG_AQUA bream 630gr 31cm  281025 1400002.csv,11663,0,0.0,22.97,0.0,222.0,0.0,0
ARDG_AQUA bream 800gr 36cm  281025 1453002.csv,916,0,0.0,34.4,0.0,717.2,0.5751,1
ARDG_AQUA bream 150gr 21 sm  281025 1132004.csv,5807,0,0.0,22.91,0.0,133.7,0.0,0
ARDG_AQUA bream556gr 30cm  281025 1500002.csv,8103,0,0.0,26.17,0.0,306.1,0.0,0
ARDG_AQUA bream 630gr 31cm  281025 1400002.csv,8628,0,0.0,24.86,0.0,261.5,0.0,0
ARDG_AQUA bream556gr 30cm  281025 1500002.csv,8173,0,0.0,29.9,0.0,539.9,0.9664,1
ARDG_AQUA bream 310gr 23 sm  281025 1233002.csv,4000,0,0.0,21.88,0.0,213.8,0.0,0
ARDG_AQUA bream 150gr 21 sm  281025 1132004.csv,10969,0,0.0,22.03,0.0,149.9,0.0,0
ARDG_AQUA bream556gr 30cm  281025 1500002.csv,2330,0,0.0,30.53,0.0,505.8,0.4633,0
ARDG_AQUA bream 580gr 30 sm  281025 1254003.csv,5762,0,0.0,29.95,0.0,542.8,0.9499,1
ARDG_AQUA bream 580gr 30 sm  281025 1254002.csv,6975,0,0.0,23.31,0.0,262.6,0.0,0
ARDG_AQUA bream 580gr 30 sm  281025 1254002.csv,7062,0,0.0,21.3,0.0,152.2,0.0,0
ARDG_AQUA bream 390gr 26cm  281025 1325005.csv,10385,0,0.0,20.6,0.0,151.1,0.0054,0
ARDG_AQUA bream556gr 30cm  281025 1500002.csv,6900,0,0.0,27.83,0.0,429.4,0.1083,0
ARDG_AQUA bream 390gr 26cm  281025 1325005.csv,6092,0,0.0,20.93,0.0,87.7,0.0,0
ARDG_AQUA bream 310gr 23 sm  281025 1233002.csv,5182,0,0.0,21.39,0.0,129.8,0.0004,0
ARDG_AQUA bream 150gr 21 sm  281025 1132002.csv,6200,1,21.0,20.94,150.0,144.8,0.9713,1
ARDG_AQUA bream 310gr 23 sm  281025 1233002.csv,7316,1,23.0,22.66,310.0,299.1,0.9658,1
ARDG_AQUA bream 340gr 27cm  281025 1415002.csv,1766,0,0.0,24.58,0.0,140.3,0.0,0
ARDG_AQUA bream 580gr 30 sm  281025 1254003.csv,8455,0,0.0,21.71,0.0,159.4,0.0,0
ARDG_AQUA bream556gr 30cm  281025 1500002.csv,1545,0,0.0,31.12,0.0,578.1,0.9726,1
ARDG_AQUA bream 310gr 23 sm  281025 1233002.csv,7141,1,23.0,25.46,310.0,424.6,0.9699,1
ARDG_AQUA bream 680gr 33 sm  281025 1208003.csv,1177,0,0.0,21.41,0.0,142.9,1e-04,0
ARDG_AQUA bream620 gr31cm  281025 1618003.csv,4278,0,0.0,23.09,0.0,280.2,0.0,0
ARDG_AQUA bream630gr 32cm  281025 1500002.csv,710,1,32.0,31.34,630.0,617.3,0.9626,1
ARDG_AQUA bream 150gr 21 sm  281025 1132002.csv,5528,0,0.0,22.44,0.0,147.6,0.0,0
ARDG_AQUA bream 150gr 21 sm  281025 1132004.csv,10395,0,0.0,21.45,0.0,154.7,0.8141,1
ARDG_AQUA bream556gr 30cm  281025 1500002.csv,11075,0,0.0,30.65,0.0,551.6,0.9344,1
ARDG_AQUA bream620 gr31cm  281025 1618003.csv,8257,1,31.0,32.55,620.0,638.1,0.9788,1
ARDG_AQUA bream630gr 32cm  281025 1500002.csv,6620,0,0.0,24.31,0.0,216.5,0.0,0
ARDG_AQUA bream 310gr 23 sm  281025 1233002.csv,3263,1,23.0,23.0,310.0,298.9,0.9691,1
ARDG_AQUA bream 680gr 33 sm  281025 1208003.csv,5900,1,33.0,32.4,680.0,674.1,0.9845,1
ARDG_AQUA bream 150gr 21 sm  281025 1132004.csv,3152,1,21.0,20.75,150.0,145.5,0.9513,1
ARDG_AQUA bream 580gr 30 sm  281025 1254003.csv,5282,0,0.0,23.94,0.0,321.2,0.0,0
ARDG_AQUA bream 280gr 24cm  281025 1425002.csv,4076,0,0.0,24.52,0.0,214.1,0.0,0
ARDG_AQUA bream150gr21cm  281025 1548002.csv,2724,0,0.0,22.61,0.0,290.5,0.1132,0
ARDG_AQUA bream150gr21cm  281025 1548002.csv,6134,0,0.0,23.66,0.0,210.7,0.0,0
ARDG_AQUA bream 150gr 21 sm  281025 1132002.csv,11003,0,0.0,22.83,0.0,126.3,0.0,0
ARDG_AQUA bream 390gr 26cm  281025 1325005.csv,9756,0,0.0,22.74,0.0,278.6,0.0,0
ARDG_AQUA bream500gr 30cm  281025 1500003.csv,127,1,30.0,29.79,500.0,442.7,0.9663,1
ARDG_AQUA bream350 gr27cm  281025 1548002.csv,4396,0,0.0,22.91,0.0,206.9,0.0,0
ARDG_AQUA bream 150gr 21 sm  281025 1132002.csv,6603,0,0.0,23.21,0.0,157.4,0.0,0
ARDG_AQUA bream 340gr 27cm  281025 1415002.csv,1681,0,0.0,22.74,0.0,175.4,0.0,0
ARDG_AQUA bream 280gr 24cm  281025 1425002.csv,5070,0,0.0,25.0,0.0,179.1,0.0,0
ARDG_AQUA bream500gr 30cm  281025 1500002.csv,419,0,0.0,24.23,0.0,213.3,0.0,0
ARDG_AQUA bream 630gr 31cm  281025 1400002.csv,6473,0,0.0,22.97,0.0,268.7,0.0,0
ARDG_AQUA bream500gr 30cm  281025 1500002.csv,8002,0,0.0,23.3,0.0,137.2,0.0,0
ARDG_AQUA bream 150gr 21 sm  281025 1132004.csv,10863,0,0.0,22.59,0.0,151.3,0.0,0
ARDG_AQUA bream350 gr27cm  281025 1548002.csv,4916,0,0.0,23.08,0.0,181.4,0.0,0
ARDG_AQUA bream150gr21cm  281025 1548002.csv,7157,0,0.0,19.42,0.0,101.4,0.0,0
ARDG_AQUA bream 150gr 21 sm  281025 1132002.csv,11533,0,0.0,22.51,0.0,128.0,0.0,0
ARDG_AQUA bream 340gr 27cm  281025 1415002.csv,584,0,0.0,26.5,0.0,355.2,0.0076,0
ARDG_AQUA bream 390gr 26cm  281025 1325003.csv,10611,0,0.0,21.82,0.0,176.3,0.0,0
ARDG_AQUA bream 150gr 21 sm  281025 1132004.csv,10288,0,0.0,21.64,0.0,136.9,1e-04,0
ARDG_AQUA bream 280gr 24cm  281025 1425002.csv,1293,0,0.0,27.43,0.0,356.0,0.1515,0
ARDG_AQUA bream 580gr 30 sm  281025 1254002.csv,1937,0,0.0,20.4,0.0,207.2,0.0,0
ARDG_AQUA bream 150gr 21 sm  281025 1132002.csv,9497,0,0.0,22.09,0.0,134.7,0.0,0
ARDG_AQUA bream500gr 30cm  281025 1500002.csv,1477,0,0.0,21.89,0.0,244.7,0.0,0
ARDG_AQUA bream 680gr 33 sm  281025 1208003.csv,5543,0,0.0,21.64,0.0,202.8,1e-04,0
ARDG_AQUA bream 390gr 26cm  281025 1325005.csv,11671,0,0.0,21.09,0.0,237.9,0.0,0
ARDG_AQUA bream 580gr 30 sm  281025 1254002.csv,11615,0,0.0,21.15,0.0,229.3,0.0,0
ARDG_AQUA bream 630gr 31cm  281025 1400002.csv,1240,1,31.0,30.45,630.0,589.9,0.9729,1
ARDG_AQUA bream 390gr 26cm  281025 1325005.csv,6097,0,0.0,20.39,0.0,65.9,0.0,0
ARDG_AQUA bream 310gr 23 sm  281025 1233002.csv,8054,0,0.0,21.12,0.0,111.9,0.0,0
ARDG_AQUA bream 150gr 21 sm  281025 1132004.csv,7670,0,0.0,22.86,0.0,153.0,0.0,0
ARDG_AQUA bream556gr 30cm  281025 1500002.csv,9294,0,0.0,26.32,0.0,448.9,0.0006,0
ARDG_AQUA bream 280gr 24cm  281025 1425002.csv,159,1,24.0,25.55,280.0,345.1,0.9548,1
ARDG_AQUA bream350 gr27cm  281025 1548002.csv,2093,0,0.0,24.72,0.0,115.3,0.0,0
ARDG_AQUA bream 580gr 30 sm  281025 1254003.csv,10619,0,0.0,21.69,0.0,237.1,0.0,0
ARDG_AQUA bream 280gr 24cm  281025 1425002.csv,4565,1,24.0,24.13,280.0,270.4,0.9605,1
ARDG_AQUA bream 630gr 31cm  281025 1400002.csv,11525,0,0.0,22.49,0.0,186.3,0.0,0
ARDG_AQUA bream500gr 30cm  281025 1500002.csv,5933,0,0.0,23.09,0.0,170.6,0.0,0
ARDG_AQUA bream 630gr 31cm  281025 1400002.csv,2059,0,0.0,21.59,0.0,172.6,0.0,0
ARDG_AQUA bream 580gr 30 sm  281025 1254003.csv,6096,1,30.0,28.65,580.0,588.2,0.9733,1
ARDG_AQUA bream620 gr31cm  281025 1618004.csv,2436,0,0.0,22.8,0.0,177.0,0.0,0
ARDG_AQUA bream 580gr 30 sm  281025 1254003.csv,1888,0,0.0,24.81,0.0,315.7,0.0,0
ARDG_AQUA bream620 gr31cm  281025 1618003.csv,4476,0,0.0,24.29,0.0,231.8,0.0008,0
ARDG_AQUA bream 390gr 26cm  281025 1325003.csv,679,0,0.0,21.96,0.0,165.7,0.0,0
ARDG_AQUA bream 390gr 26cm  281025 1325005.csv,10782,0,0.0,24.06,0.0,285.9,0.0,0
ARDG_AQUA bream556gr 30cm  281025 1500002.csv,9799,0,0.0,25.12,0.0,295.2,0.0,0
ARDG_AQUA bream556gr 30cm  281025 1500002.csv,4644,0,0.0,25.98,0.0,185.5,0.0005,0
ARDG_AQUA bream 340gr 27cm  281025 1415002.csv,716,0,0.0,21.21,0.0,220.4,0.0,0
ARDG_AQUA bream150gr21cm  281025 1548002.csv,8094,1,21.0,22.93,150.0,145.8,0.9435,1
ARDG_AQUA bream 580gr 30 sm  281025 1254002.csv,5503,1,30.0,30.77,580.0,623.2,0.9745,1
ARDG_AQUA bream 150gr 21 sm  281025 1132004.csv,2318,0,0.0,22.64,0.0,137.3,0.0,0
ARDG_AQUA bream 150gr 21 sm  281025 1132002.csv,10112,0,0.0,22.2,0.0,144.4,1e-04,0
ARDG_AQUA bream 340gr 27cm  281025 1415002.csv,2086,0,0.0,21.84,0.0,223.5,0.0,0
ARDG_AQUA bream 280gr 24cm  281025 1425002.csv,5004,0,0.0,22.72,0.0,166.3,0.0,0
ARDG_AQUA bream 800gr 36cm  281025 1453002.csv,1230,1,36.0,33.97,800.0,736.2,0.9885,1
ARDG_AQUA bream500gr 30cm  281025 1500002.csv,4741,0,0.0,23.17,0.0,220.2,0.0,0
ARDG_AQUA bream 150gr 21 sm  281025 1132002.csv,9716,0,0.0,22.3,0.0,144.6,0.0,0
ARDG_AQUA bream 580gr 30 sm  281025 1254002.csv,10851,0,0.0,23.71,0.0,321.0,0.0,0
ARDG_AQUA bream150gr21cm  281025 1548002.csv,1752,0,0.0,21.6,0.0,144.9,0.0,0
ARDG_AQUA bream556gr 30cm  281025 1500002.csv,8994,0,0.0,24.96,0.0,234.0,0.0,0
ARDG_AQUA bream 150gr 21 sm  281025 1132004.csv,3566,0,0.0,22.25,0.0,146.6,0.0,0
ARDG_AQUA bream500gr 30cm  281025 1500002.csv,5958,0,0.0,24.58,0.0,255.8,0.0,0
ARDG_AQUA bream 580gr 30 sm  281025 1254003.csv,6516,0,0.0,29.87,0.0,572.7,0.9643,1
ARDG_AQUA bream350 gr27cm  281025 1548002.csv,3247,1,27.0,26.79,350.0,345.3,0.9774,1
ARDG_AQUA bream 680gr 33 sm  281025 1208003.csv,11145,0,0.0,21.79,0.0,157.4,1e-04,0
ARDG_AQUA bream556gr 30cm  281025 1500002.csv,7134,0,0.0,26.09,0.0,331.8,0.0,0
ARDG_AQUA bream 580gr 30 sm  281025 1254003.csv,8406,0,0.0,28.98,0.0,492.9,0.0002,0
ARDG_AQUA bream620 gr31cm  281025 1618004.csv,322,1,31.0,33.0,620.0,606.7,0.9786,1
ARDG_AQUA bream150gr21cm  281025 1548002.csv,3514,1,21.0,21.68,150.0,165.5,0.96,1
ARDG_AQUA bream556gr 30cm  281025 1500002.csv,3227,0,0.0,28.32,0.0,408.0,0.0053,0
ARDG_AQUA bream 580gr 30 sm  281025 1254003.csv,5312,0,0.0,22.27,0.0,306.9,0.0,0
ARDG_AQUA bream 150gr 21 sm  281025 1132004.csv,7102,0,0.0,21.42,0.0,161.4,0.0072,0
ARDG_AQUA bream150gr21cm  281025 1548002.csv,7591,0,0.0,22.55,0.0,123.3,0.0,0
ARDG_AQUA bream500gr 30cm  281025 1500002.csv,9370,0,0.0,23.56,0.0,184.5,0.0,0
ARDG_AQUA bream500gr 30cm  281025 1500002.csv,9464,0,0.0,22.92,0.0,275.0,0.0,0
ARDG_AQUA bream 150gr 21 sm  281025 1132004.csv,8102,0,0.0,22.72,0.0,129.9,0.0,0
ARDG_AQUA bream556gr 30cm  281025 1500002.csv,8584,0,0.0,26.52,0.0,270.4,0.0096,0
ARDG_AQUA bream620 gr31cm  281025 1618003.csv,7232,1,31.0,29.81,620.0,545.5,0.9412,1
ARDG_AQUA bream556gr 30cm  281025 1500003.csv,1146,0,0.0,21.44,0.0,105.3,0.0,0
ARDG_AQUA bream 580gr 30 sm  281025 1254003.csv,8079,0,0.0,30.89,0.0,562.7,0.9543,1
ARDG_AQUA bream 630gr 31cm  281025 1400002.csv,10077,1,31.0,31.13,630.0,626.7,0.9593,1
ARDG_AQUA bream 580gr 30 sm  281025 1254003.csv,5759,0,0.0,28.98,0.0,549.7,0.9681,1
ARDG_AQUA bream 390gr 26cm  281025 1325003.csv,11697,0,0.0,22.57,0.0,200.8,0.0,0
ARDG_AQUA bream620 gr31cm  281025 1618004.csv,1936,0,0.0,23.58,0.0,238.2,0.0,0
ARDG_AQUA bream620 gr31cm  281025 1618003.csv,5103,1,31.0,31.47,620.0,607.5,0.9441,1
ARDG_AQUA bream 310gr 23 sm  281025 1233002.csv,4845,0,0.0,21.66,0.0,149.4,0.0,0
ARDG_AQUA bream 390gr 26cm  281025 1325005.csv,10716,0,0.0,27.15,0.0,499.0,0.8879,1
ARDG_AQUA bream630gr 32cm  281025 1500002.csv,3939,1,32.0,32.44,630.0,631.1,0.9622,1
ARDG_AQUA bream 630gr 31cm  281025 1400002.csv,11447,0,0.0,23.43,0.0,187.1,0.0,0
ARDG_AQUA bream556gr 30cm  281025 1500002.csv,908,0,0.0,25.23,0.0,288.4,0.0,0
ARDG_AQUA bream 310gr 23 sm  281025 1233002.csv,11954,1,23.0,21.66,310.0,291.6,0.9281,1
ARDG_AQUA bream 280gr 24cm  281025 1425002.csv,2378,0,0.0,25.51,0.0,221.5,0.0,0
ARDG_AQUA bream 630gr 31cm  281025 1400002.csv,1342,1,31.0,30.41,630.0,621.2,0.9758,1
ARDG_AQUA bream150gr21cm  281025 1548002.csv,6969,0,0.0,23.43,0.0,260.0,0.0397,0
ARDG_AQUA bream500gr 30cm  281025 1500002.csv,2541,1,30.0,30.44,500.0,503.5,0.96,1
ARDG_AQUA bream150gr21cm  281025 1548002.csv,2007,1,21.0,21.47,150.0,259.1,0.7443,1
ARDG_AQUA bream556gr 30cm  281025 1500002.csv,11272,0,0.0,31.33,0.0,572.5,0.0027,0
ARDG_AQUA bream 630gr 31cm  281025 1400002.csv,4329,0,0.0,23.88,0.0,212.3,0.0,0
ARDG_AQUA bream 630gr 31cm  281025 1400002.csv,9522,0,0.0,22.42,0.0,161.0,0.0,0
ARDG_AQUA bream 150gr 21 sm  281025 1132004.csv,7363,1,21.0,20.48,150.0,125.8,0.9594,1
ARDG_AQUA bream150gr21cm  281025 1548002.csv,5324,0,0.0,21.98,0.0,160.0,0.0,0
ARDG_AQUA bream500gr 30cm  281025 1500003.csv,4277,0,0.0,23.08,0.0,200.5,0.0,0
ARDG_AQUA bream 800gr 36cm  281025 1453002.csv,4095,0,0.0,23.04,0.0,215.8,0.0,0
ARDG_AQUA bream 150gr 21 sm  281025 1132004.csv,8229,0,0.0,22.18,0.0,149.3,0.0,0
ARDG_AQUA bream 680gr 33 sm  281025 1208003.csv,857,0,0.0,21.45,0.0,170.3,0.0,0
ARDG_AQUA bream 150gr 21 sm  281025 1132004.csv,3796,0,0.0,22.79,0.0,143.8,0.0,0
ARDG_AQUA bream150gr21cm  281025 1548002.csv,860,0,0.0,20.35,0.0,149.6,0.8466,1
ARDG_AQUA bream556gr 30cm  281025 1500002.csv,7396,0,0.0,29.96,0.0,542.6,0.6383,1
ARDG_AQUA bream 150gr 21 sm  281025 1132002.csv,3768,0,0.0,31.91,0.0,349.6,0.0,0
ARDG_AQUA bream 150gr 21 sm  281025 1132004.csv,7060,0,0.0,23.0,0.0,161.9,0.0,0
ARDG_AQUA bream556gr 30cm  281025 1500002.csv,7587,0,0.0,24.98,0.0,338.9,0.0104,0
ARDG_AQUA bream 310gr 23 sm  281025 1233002.csv,10997,1,23.0,22.47,310.0,324.7,0.974,1
ARDG_AQUA bream500gr 30cm  281025 1500003.csv,3253,1,30.0,29.42,500.0,487.2,0.9562,1
ARDG_AQUA bream 150gr 21 sm  281025 1132004.csv,8593,0,0.0,22.25,0.0,157.9,0.0,0
ARDG_AQUA bream 150gr 21 sm  281025 1132004.csv,2410,0,0.0,22.66,0.0,150.4,0.0,0
ARDG_AQUA bream500gr 30cm  281025 1500002.csv,5966,0,0.0,23.73,0.0,226.2,0.0,0
ARDG_AQUA bream150gr21cm  281025 1548002.csv,505,0,0.0,23.77,0.0,155.7,0.0,0
ARDG_AQUA bream620 gr31cm  281025 1618003.csv,998,0,0.0,23.51,0.0,282.8,0.0,0
ARDG_AQUA bream 800gr 36cm  281025 1453002.csv,3196,0,0.0,33.17,0.0,729.9,0.9702,1
ARDG_AQUA bream556gr 30cm  281025 1500002.csv,6398,0,0.0,30.7,0.0,553.7,0.9724,1
ARDG_AQUA bream 800gr 36cm  281025 1453002.csv,4734,0,0.0,25.24,0.0,243.8,0.0,0
ARDG_AQUA bream556gr 30cm  281025 1500003.csv,1249,0,0.0,21.31,0.0,157.6,0.0,0
ARDG_AQUA bream500gr 30cm  281025 1500002.csv,4903,0,0.0,22.66,0.0,200.6,0.0,0
ARDG_AQUA bream 680gr 33 sm  281025 1208003.csv,11117,0,0.0,22.27,0.0,171.1,0.0,0
ARDG_AQUA bream 580gr 30 sm  281025 1254003.csv,523,0,0.0,22.65,0.0,258.2,0.0,0
ARDG_AQUA bream 150gr 21 sm  281025 1132004.csv,1348,0,0.0,22.39,0.0,156.3,0.0,0
ARDG_AQUA bream630gr 32cm  281025 1500002.csv,6785,0,0.0,23.61,0.0,237.7,0.0,0
ARDG_AQUA bream 680gr 33 sm  281025 1208003.csv,10402,0,0.0,21.61,0.0,156.3,1e-04,0
ARDG_AQUA bream500gr 30cm  281025 1500002.csv,9164,0,0.0,21.84,0.0,196.6,0.0,0
ARDG_AQUA bream 630gr 31cm  281025 1400002.csv,6878,0,0.0,21.93,0.0,225.5,0.0,0
ARDG_AQUA bream 150gr 21 sm  281025 1132004.csv,1873,0,0.0,22.36,0.0,165.2,0.0,0
ARDG_AQUA bream 680gr 33 sm  281025 1208003.csv,5465,0,0.0,22.19,0.0,172.6,0.0,0
ARDG_AQUA bream 150gr 21 sm  281025 1132004.csv,7090,0,0.0,20.92,0.0,153.6,0.5062,1
ARDG_AQUA bream630gr 32cm  281025 1500002.csv,1948,1,32.0,31.49,630.0,625.8,0.9744,1
ARDG_AQUA bream 580gr 30 sm  281025 1254003.csv,5368,0,0.0,30.02,0.0,621.5,0.9413,1
ARDG_AQUA bream350 gr27cm  281025 1548002.csv,4933,0,0.0,21.18,0.0,176.1,0.0002,0
ARDG_AQUA bream 630gr 31cm  281025 1400002.csv,774,0,0.0,22.5,0.0,123.5,0.0,0
ARDG_AQUA bream150gr21cm  281025 1548002.csv,4751,0,0.0,23.82,0.0,120.8,0.0,0
ARDG_AQUA bream 150gr 21 sm  281025 1132002.csv,9285,0,0.0,23.41,0.0,156.9,0.0,0
ARDG_AQUA bream500gr 30cm  281025 1500002.csv,10076,0,0.0,23.82,0.0,205.1,0.0,0
ARDG_AQUA bream 150gr 21 sm  281025 1132002.csv,7345,0,0.0,22.1,0.0,154.5,1e-04,0
ARDG_AQUA bream150gr21cm  281025 1548002.csv,7563,0,0.0,22.24,0.0,206.1,0.0028,0
ARDG_AQUA bream500gr 30cm  281025 1500002.csv,10323,0,0.0,25.98,0.0,330.6,0.0,0
ARDG_AQUA bream 630gr 31cm  281025 1400002.csv,9616,0,0.0,22.76,0.0,78.7,0.0,0
ARDG_AQUA bream 310gr 23 sm  281025 1233002.csv,3327,1,23.0,22.92,310.0,298.4,0.945,1
ARDG_AQUA bream 150gr 21 sm  281025 1132004.csv,8195,0,0.0,23.44,0.0,163.0,0.0,0
ARDG_AQUA bream 390gr 26cm  281025 1325003.csv,6592,0,0.0,19.41,0.0,174.3,0.0015,0
ARDG_AQUA bream 150gr 21 sm  281025 1132002.csv,11883,0,0.0,22.54,0.0,143.5,0.0,0
ARDG_AQUA bream 630gr 31cm  281025 1400002.csv,9721,1,31.0,30.88,630.0,629.5,0.9576,1
ARDG_AQUA bream 310gr 23 sm  281025 1233002.csv,5445,0,0.0,21.84,0.0,125.2,0.0,0
ARDG_AQUA bream 150gr 21 sm  281025 1132002.csv,12049,0,0.0,22.68,0.0,122.9,0.0,0
ARDG_AQUA bream150gr21cm  281025 1548002.csv,7513,0,0.0,21.57,0.0,75.6,0.0,0
ARDG_AQUA bream 310gr 23 sm  281025 1233002.csv,10583,0,0.0,20.95,0.0,110.2,0.0,0
ARDG_AQUA bream 150gr 21 sm  281025 1132002.csv,9723,0,0.0,22.33,0.0,138.1,0.0,0
ARDG_AQUA bream 680gr 33 sm  281025 1208003.csv,11653,0,0.0,21.63,0.0,124.0,0.0002,0
ARDG_AQUA bream 150gr 21 sm  281025 1132004.csv,11765,0,0.0,22.92,0.0,124.4,0.0,0
ARDG_AQUA bream 280gr 24cm  281025 1425002.csv,4018,0,0.0,21.9,0.0,132.0,0.0,0
ARDG_AQUA bream 680gr 33 sm  281025 1208003.csv,2490,1,33.0,32.51,680.0,667.6,0.9889,1
ARDG_AQUA bream 150gr 21 sm  281025 1132004.csv,7072,0,0.0,22.38,0.0,179.1,0.0,0
ARDG_AQUA bream 580gr 30 sm  281025 1254002.csv,2738,1,30.0,30.19,580.0,561.3,0.9639,1
ARDG_AQUA bream150gr21cm  281025 1548002.csv,4680,0,0.0,28.0,0.0,492.2,0.0021,0
ARDG_AQUA bream 150gr 21 sm  281025 1132004.csv,3576,0,0.0,22.51,0.0,141.4,0.0,0
ARDG_AQUA bream500gr 30cm  281025 1500002.csv,4962,0,0.0,23.86,0.0,160.2,0.0,0
ARDG_AQUA bream 390gr 26cm  281025 1325003.csv,11711,0,0.0,21.79,0.0,208.2,0.0,0
ARDG_AQUA bream556gr 30cm  281025 1500002.csv,801,1,30.0,28.02,556.0,528.6,0.977,1
ARDG_AQUA bream500gr 30cm  281025 1500002.csv,939,0,0.0,23.81,0.0,152.1,0.0,0
ARDG_AQUA bream150gr21cm  281025 1548002.csv,6166,0,0.0,23.56,0.0,239.6,0.0,0
ARDG_AQUA bream556gr 30cm  281025 1500002.csv,5673,0,0.0,29.5,0.0,499.6,0.0267,0
ARDG_AQUA bream 680gr 33 sm  281025 1208003.csv,11229,0,0.0,21.29,0.0,154.2,0.0,0
ARDG_AQUA bream 800gr 36cm  281025 1453002.csv,3209,0,0.0,35.97,0.0,775.1,0.6906,1
ARDG_AQUA bream500gr 30cm  281025 1500002.csv,8658,0,0.0,24.85,0.0,273.3,0.0,0
ARDG_AQUA bream 390gr 26cm  281025 1325003.csv,2263,0,0.0,21.13,0.0,182.6,0.0,0
ARDG_AQUA bream500gr 30cm  281025 1500003.csv,2039,0,0.0,24.19,0.0,220.1,0.0,0
ARDG_AQUA bream 630gr 31cm  281025 1400002.csv,3722,1,31.0,29.61,630.0,622.8,0.9155,1
ARDG_AQUA bream 310gr 23 sm  281025 1233002.csv,4893,0,0.0,20.93,0.0,144.3,0.0,0
ARDG_AQUA bream556gr 30cm  281025 1500002.csv,8526,0,0.0,24.88,0.0,314.2,0.0059,0
ARDG_AQUA bream150gr21cm  281025 1548002.csv,7568,0,0.0,21.25,0.0,167.2,0.066,0
ARDG_AQUA bream620 gr31cm  281025 1618003.csv,2954,0,0.0,23.18,0.0,173.5,0.0,0
ARDG_AQUA bream350 gr27cm  281025 1548002.csv,1708,0,0.0,22.28,0.0,166.8,0.0,0
ARDG_AQUA bream556gr 30cm  281025 1500002.csv,8545,0,0.0,27.16,0.0,500.3,0.9523,1
ARDG_AQUA bream500gr 30cm  281025 1500002.csv,2048,0,0.0,23.41,0.0,167.3,0.0,0
ARDG_AQUA bream 150gr 21 sm  281025 1132002.csv,8972,0,0.0,22.85,0.0,156.0,0.0,0
ARDG_AQUA bream 580gr 30 sm  281025 1254002.csv,3407,0,0.0,20.24,0.0,92.2,0.0,0
ARDG_AQUA bream 630gr 31cm  281025 1400002.csv,1784,0,0.0,21.11,0.0,159.8,0.0,0
ARDG_AQUA bream 150gr 21 sm  281025 1132004.csv,4289,0,0.0,21.53,0.0,152.3,0.0012,0
ARDG_AQUA bream500gr 30cm  281025 1500002.csv,8405,1,30.0,29.56,500.0,471.1,0.9779,1
ARDG_AQUA bream 150gr 21 sm  281025 1132002.csv,7543,1,21.0,20.91,150.0,130.7,0.4968,0
ARDG_AQUA bream500gr 30cm  281025 1500002.csv,8980,0,0.0,24.26,0.0,183.9,0.0,0
ARDG_AQUA bream 680gr 33 sm  281025 1208003.csv,2998,1,33.0,32.93,680.0,668.1,0.9899,1
ARDG_AQUA bream556gr 30cm  281025 1500002.csv,6320,0,0.0,26.87,0.0,384.4,0.0,0
ARDG_AQUA bream500gr 30cm  281025 1500002.csv,8588,0,0.0,22.54,0.0,143.2,0.0,0
ARDG_AQUA bream350 gr27cm  281025 1548002.csv,4274,0,0.0,22.49,0.0,227.3,0.0,0
ARDG_AQUA bream 340gr 27cm  281025 1415002.csv,2001,0,0.0,22.77,0.0,70.3,0.0,0
ARDG_AQUA bream 150gr 21 sm  281025 1132004.csv,10350,0,0.0,22.35,0.0,144.2,0.0,0
ARDG_AQUA bream350 gr27cm  281025 1548002.csv,4306,0,0.0,25.13,0.0,338.9,0.0865,0
ARDG_AQUA bream 580gr 30 sm  281025 1254003.csv,11399,0,0.0,21.24,0.0,198.6,0.0,0
ARDG_AQUA bream556gr 30cm  281025 1500002.csv,6651,0,0.0,25.73,0.0,346.7,0.0002,0
ARDG_AQUA bream 150gr 21 sm  281025 1132002.csv,578,0,0.0,23.5,0.0,137.6,0.0,0
ARDG_AQUA bream 280gr 24cm  281025 1425002.csv,2033,0,0.0,26.41,0.0,184.1,0.0,0
ARDG_AQUA bream500gr 30cm  281025 1500002.csv,10325,0,0.0,26.7,0.0,340.4,0.0,0
ARDG_AQUA bream 150gr 21 sm  281025 1132004.csv,10188,0,0.0,22.24,0.0,159.4,0.0,0
ARDG_AQUA bream 680gr 33 sm  281025 1208003.csv,8428,0,0.0,22.12,0.0,172.2,0.0,0
ARDG_AQUA bream 150gr 21 sm  281025 1132002.csv,9215,1,21.0,20.92,150.0,137.7,0.9611,1
ARDG_AQUA bream150gr21cm  281025 1548002.csv,8223,0,0.0,23.74,0.0,131.6,0.0,0
ARDG_AQUA bream 150gr 21 sm  281025 1132002.csv,9046,0,0.0,22.57,0.0,143.7,0.0,0
ARDG_AQUA bream 580gr 30 sm  281025 1254003.csv,7136,0,0.0,27.1,0.0,487.0,0.0485,0
ARDG_AQUA bream556gr 30cm  281025 1500002.csv,3911,0,0.0,32.03,0.0,645.8,0.9448,1
ARDG_AQUA bream 150gr 21 sm  281025 1132002.csv,7136,0,0.0,22.75,0.0,138.7,0.0,0
ARDG_AQUA bream500gr 30cm  281025 1500003.csv,1134,0,0.0,22.65,0.0,190.9,0.0,0
ARDG_AQUA bream500gr 30cm  281025 1500002.csv,3978,0,0.0,23.46,0.0,130.0,0.0,0
ARDG_AQUA bream620 gr31cm  281025 1618003.csv,5812,0,0.0,22.37,0.0,247.9,1e-04,0
ARDG_AQUA bream 150gr 21 sm  281025 1132004.csv,2357,0,0.0,22.02,0.0,142.1,0.0002,0
ARDG_AQUA bream556gr 30cm  281025 1500002.csv,5958,0,0.0,31.11,0.0,570.6,0.9632,1
ARDG_AQUA bream150gr21cm  281025 1548002.csv,127,0,0.0,23.05,0.0,164.5,0.0,0
ARDG_AQUA bream 310gr 23 sm  281025 1233002.csv,10526,0,0.0,21.6,0.0,135.2,0.0,0
ARDG_AQUA bream 340gr 27cm  281025 1415002.csv,1651,0,0.0,22.13,0.0,132.8,0.0,0
ARDG_AQUA bream 390gr 26cm  281025 1325003.csv,6810,1,26.0,25.27,390.0,382.6,0.9531,1
ARDG_AQUA bream 310gr 23 sm  281025 1233002.csv,5373,0,0.0,22.31,0.0,136.8,0.0,0
ARDG_AQUA bream 630gr 31cm  281025 1400002.csv,6592,1,31.0,32.61,630.0,639.7,0.9756,1
ARDG_AQUA bream 390gr 26cm  281025 1325005.csv,9482,1,26.0,26.26,390.0,392.6,0.9603,1
ARDG_AQUA bream 580gr 30 sm  281025 1254002.csv,9914,0,0.0,21.16,0.0,123.7,0.0,0
ARDG_AQUA bream556gr 30cm  281025 1500002.csv,4428,0,0.0,24.94,0.0,346.7,0.0007,0
ARDG_AQUA bream500gr 30cm  281025 1500002.csv,4109,0,0.0,26.04,0.0,239.7,0.0,0
ARDG_AQUA bream 680gr 33 sm  281025 1208003.csv,268,1,33.0,31.49,680.0,648.6,0.9898,1
ARDG_AQUA bream 310gr 23 sm  281025 1233002.csv,4835,0,0.0,22.43,0.0,191.0,0.0,0
ARDG_AQUA bream150gr21cm  281025 1548002.csv,6250,0,0.0,22.59,0.0,100.0,0.0,0
ARDG_AQUA bream 390gr 26cm  281025 1325005.csv,11545,0,0.0,21.27,0.0,122.3,0.0,0
ARDG_AQUA bream 390gr 26cm  281025 1325005.csv,6507,0,0.0,21.81,0.0,165.1,0.0,0
ARDG_AQUA bream500gr 30cm  281025 1500002.csv,6019,0,0.0,22.06,0.0,140.8,0.0,0
ARDG_AQUA bream556gr 30cm  281025 1500002.csv,7999,1,30.0,31.14,556.0,601.1,0.9752,1
ARDG_AQUA bream556gr 30cm  281025 1500002.csv,8610,0,0.0,24.61,0.0,327.2,0.0002,0
ARDG_AQUA bream556gr 30cm  281025 1500003.csv,1233,0,0.0,20.19,0.0,81.9,0.0,0
ARDG_AQUA bream620 gr31cm  281025 1618003.csv,5023,1,31.0,30.4,620.0,618.8,0.9682,1
ARDG_AQUA bream556gr 30cm  281025 1500002.csv,7208,0,0.0,30.61,0.0,572.7,0.9424,1
ARDG_AQUA bream350 gr27cm  281025 1548002.csv,339,1,27.0,27.1,350.0,390.6,0.9657,1
ARDG_AQUA bream 150gr 21 sm  281025 1132004.csv,7677,0,0.0,22.73,0.0,163.8,0.0,0
ARDG_AQUA bream 630gr 31cm  281025 1400002.csv,11161,0,0.0,22.26,0.0,186.2,0.0,0
ARDG_AQUA bream500gr 30cm  281025 1500003.csv,425,0,0.0,24.3,0.0,248.0,0.0,0
ARDG_AQUA bream 150gr 21 sm  281025 1132002.csv,11679,1,21.0,21.02,150.0,122.2,0.2832,0
ARDG_AQUA bream 580gr 30 sm  281025 1254002.csv,6883,1,30.0,30.71,580.0,527.1,0.978,1
ARDG_AQUA bream 150gr 21 sm  281025 1132002.csv,9702,0,0.0,22.61,0.0,137.4,0.0,0
ARDG_AQUA bream 280gr 24cm  281025 1425002.csv,2093,0,0.0,22.0,0.0,92.9,0.0,0
ARDG_AQUA bream 390gr 26cm  281025 1325005.csv,11428,0,0.0,22.46,0.0,181.4,0.0,0
ARDG_AQUA bream 150gr 21 sm  281025 1132004.csv,436,0,0.0,20.81,0.0,139.4,0.3112,0
ARDG_AQUA bream150gr21cm  281025 1548002.csv,4295,0,0.0,24.15,0.0,294.1,0.0,0
ARDG_AQUA bream 150gr 21 sm  281025 1132002.csv,7902,0,0.0,23.06,0.0,164.0,0.0,0
ARDG_AQUA bream 800gr 36cm  281025 1453002.csv,3946,0,0.0,35.89,0.0,792.3,0.9517,1
ARDG_AQUA bream350 gr27cm  281025 1548002.csv,4012,0,0.0,23.5,0.0,170.4,0.0,0
ARDG_AQUA bream 680gr 33 sm  281025 1208003.csv,2133,1,33.0,31.89,680.0,675.9,0.9857,1
ARDG_AQUA bream620 gr31cm  281025 1618003.csv,2494,0,0.0,21.49,0.0,177.5,0.0011,0
ARDG_AQUA bream556gr 30cm  281025 1500002.csv,5335,0,0.0,23.6,0.0,149.2,0.0,0
ARDG_AQUA bream500gr 30cm  281025 1500002.csv,941,0,0.0,24.06,0.0,149.1,0.0,0
ARDG_AQUA bream350 gr27cm  281025 1548002.csv,1915,0,0.0,22.68,0.0,193.3,1e-04,0
ARDG_AQUA bream630gr 32cm  281025 1500002.csv,5799,0,0.0,22.3,0.0,187.9,0.0,0
ARDG_AQUA bream 580gr 30 sm  281025 1254003.csv,5886,1,30.0,31.85,580.0,603.6,0.9641,1
ARDG_AQUA bream 390gr 26cm  281025 1325005.csv,8880,1,26.0,26.19,390.0,388.6,0.9568,1
ARDG_AQUA bream 150gr 21 sm  281025 1132004.csv,67,0,0.0,22.35,0.0,167.9,0.0,0
ARDG_AQUA bream 280gr 24cm  281025 1425002.csv,3970,0,0.0,22.85,0.0,190.2,0.0,0
ARDG_AQUA bream 280gr 24cm  281025 1425002.csv,1428,0,0.0,28.55,0.0,592.2,0.9619,1
ARDG_AQUA bream 680gr 33 sm  281025 1208003.csv,972,0,0.0,21.77,0.0,164.0,0.0002,0
ARDG_AQUA bream 630gr 31cm  281025 1400002.csv,6285,1,31.0,30.58,630.0,602.4,0.9746,1
ARDG_AQUA bream500gr 30cm  281025 1500002.csv,11205,0,0.0,22.74,0.0,158.2,0.0,0
ARDG_AQUA bream556gr 30cm  281025 1500002.csv,9029,0,0.0,23.79,0.0,242.3,0.0,0
ARDG_AQUA bream556gr 30cm  281025 1500003.csv,27,0,0.0,24.61,0.0,256.5,0.0,0
ARDG_AQUA bream 580gr 30 sm  281025 1254002.csv,10924,0,0.0,21.54,0.0,191.1,0.0,0
ARDG_AQUA bream 630gr 31cm  281025 1400002.csv,1810,0,0.0,22.66,0.0,160.7,0.0,0
ARDG_AQUA bream556gr 30cm  281025 1500002.csv,11741,0,0.0,30.27,0.0,510.3,0.9478,1
ARDG_AQUA bream 150gr 21 sm  281025 1132004.csv,8925,1,21.0,20.59,150.0,141.7,0.9542,1
ARDG_AQUA bream556gr 30cm  281025 1500002.csv,7651,0,0.0,31.4,0.0,609.3,0.9628,1
ARDG_AQUA bream 310gr 23 sm  281025 1233002.csv,2282,1,23.0,22.32,310.0,294.5,0.9807,1
ARDG_AQUA bream 150gr 21 sm  281025 1132002.csv,8259,1,21.0,21.39,150.0,178.6,0.2916,0
ARDG_AQUA bream 580gr 30 sm  281025 1254002.csv,11527,0,0.0,22.75,0.0,157.5,0.0,0
ARDG_AQUA bream500gr 30cm  281025 1500002.csv,6770,0,0.0,22.38,0.0,161.7,0.0,0
ARDG_AQUA bream150gr21cm  281025 1548002.csv,6990,0,0.0,23.34,0.0,217.3,0.0,0
ARDG_AQUA bream500gr 30cm  281025 1500002.csv,1848,0,0.0,27.55,0.0,266.9,0.0,0
ARDG_AQUA bream 150gr 21 sm  281025 1132004.csv,8139,0,0.0,22.02,0.0,135.8,0.0,0
ARDG_AQUA bream 150gr 21 sm  281025 1132004.csv,2950,0,0.0,20.71,0.0,160.2,0.6919,1
ARDG_AQUA bream 630gr 31cm  281025 1400002.csv,4638,0,0.0,23.25,0.0,107.3,0.0,0
ARDG_AQUA bream 680gr 33 sm  281025 1208003.csv,1297,0,0.0,21.98,0.0,120.8,0.0,0
ARDG_AQUA bream 630gr 31cm  281025 1400002.csv,11396,0,0.0,27.03,0.0,275.8,0.0,0
ARDG_AQUA bream 150gr 21 sm  281025 1132004.csv,7196,1,21.0,21.02,150.0,143.7,0.9633,1
ARDG_AQUA bream 580gr 30 sm  281025 1254003.csv,1912,0,0.0,23.36,0.0,391.9,0.0,0
ARDG_AQUA bream500gr 30cm  281025 1500002.csv,4106,0,0.0,24.94,0.0,253.1,0.0,0
ARDG_AQUA bream630gr 32cm  281025 1500002.csv,2870,0,0.0,24.58,0.0,258.1,0.0,0
ARDG_AQUA bream 800gr 36cm  281025 1453002.csv,752,1,36.0,35.47,800.0,793.2,0.9854,1
ARDG_AQUA bream150gr21cm  281025 1548002.csv,2612,0,0.0,24.43,0.0,211.5,0.0,0
ARDG_AQUA bream500gr 30cm  281025 1500002.csv,11937,1,30.0,30.43,500.0,521.7,0.9708,1
ARDG_AQUA bream 580gr 30 sm  281025 1254003.csv,10509,0,0.0,22.32,0.0,236.4,0.0,0
ARDG_AQUA bream556gr 30cm  281025 1500002.csv,3167,0,0.0,22.76,0.0,236.8,0.0,0
ARDG_AQUA bream620 gr31cm  281025 1618004.csv,1498,1,31.0,31.47,620.0,606.3,0.98,1
ARDG_AQUA bream 340gr 27cm  281025 1415002.csv,371,1,27.0,26.8,340.0,331.9,0.9749,1
ARDG_AQUA bream 580gr 30 sm  281025 1254003.csv,5434,0,0.0,29.03,0.0,514.8,0.9519,1
ARDG_AQUA bream500gr 30cm  281025 1500003.csv,5037,0,0.0,21.83,0.0,112.7,0.0,0
ARDG_AQUA bream 150gr 21 sm  281025 1132002.csv,8010,0,0.0,22.7,0.0,167.3,0.0,0
ARDG_AQUA bream 310gr 23 sm  281025 1233003.csv,1219,0,0.0,21.61,0.0,147.5,0.0,0
ARDG_AQUA bream 580gr 30 sm  281025 1254003.csv,4471,0,0.0,22.66,0.0,199.9,0.0,0
ARDG_AQUA bream500gr 30cm  281025 1500002.csv,4138,0,0.0,24.11,0.0,251.7,0.0,0
ARDG_AQUA bream556gr 30cm  281025 1500002.csv,1512,0,0.0,23.08,0.0,209.0,0.0002,0
ARDG_AQUA bream556gr 30cm  281025 1500003.csv,695,1,30.0,29.59,556.0,544.8,0.9706,1
ARDG_AQUA bream 580gr 30 sm  281025 1254002.csv,8958,1,30.0,30.37,580.0,580.0,0.9608,1
ARDG_AQUA bream 340gr 27cm  281025 1415002.csv,268,1,27.0,26.81,340.0,332.6,0.966,1
ARDG_AQUA bream 280gr 24cm  281025 1425002.csv,544,0,0.0,24.23,0.0,208.1,0.0,0
ARDG_AQUA bream150gr21cm  281025 1548002.csv,7712,1,21.0,23.14,150.0,215.8,0.8632,1
ARDG_AQUA bream620 gr31cm  281025 1618003.csv,4351,0,0.0,26.87,0.0,358.2,0.0,0
ARDG_AQUA bream 150gr 21 sm  281025 1132004.csv,8672,0,0.0,21.89,0.0,219.0,0.8923,1
ARDG_AQUA bream 680gr 33 sm  281025 1208003.csv,11093,0,0.0,21.88,0.0,164.3,0.0,0
ARDG_AQUA bream 150gr 21 sm  281025 1132004.csv,10302,0,0.0,21.55,0.0,187.1,0.2478,0
ARDG_AQUA bream500gr 30cm  281025 1500002.csv,656,0,0.0,22.56,0.0,185.2,0.0,0
ARDG_AQUA bream556gr 30cm  281025 1500002.csv,2002,1,30.0,29.33,556.0,523.2,0.9711,1
ARDG_AQUA bream556gr 30cm  281025 1500002.csv,8727,0,0.0,28.44,0.0,540.7,0.9454,1
ARDG_AQUA bream630gr 32cm  281025 1500002.csv,1674,1,32.0,31.4,630.0,623.5,0.9762,1
ARDG_AQUA bream 280gr 24cm  281025 1425002.csv,2738,1,24.0,23.98,280.0,276.8,0.9674,1
ARDG_AQUA bream 390gr 26cm  281025 1325005.csv,1331,1,26.0,27.9,390.0,405.8,0.9486,1
ARDG_AQUA bream 150gr 21 sm  281025 1132002.csv,10007,0,0.0,22.95,0.0,149.3,0.0,0
ARDG_AQUA bream 150gr 21 sm  281025 1132002.csv,5580,0,0.0,22.83,0.0,138.1,0.0,0
ARDG_AQUA bream556gr 30cm  281025 1500003.csv,1170,0,0.0,20.85,0.0,100.0,0.0,0
ARDG_AQUA bream630gr 32cm  281025 1500002.csv,6630,0,0.0,25.61,0.0,191.3,0.0,0
ARDG_AQUA bream 390gr 26cm  281025 1325005.csv,10889,1,26.0,26.29,390.0,384.4,0.9754,1
ARDG_AQUA bream620 gr31cm  281025 1618004.csv,500,1,31.0,30.18,620.0,614.5,0.9656,1
ARDG_AQUA bream556gr 30cm  281025 1500002.csv,1251,0,0.0,23.33,0.0,163.2,0.0,0
ARDG_AQUA bream556gr 30cm  281025 1500002.csv,2888,0,0.0,31.39,0.0,579.7,0.9087,1
ARDG_AQUA bream 800gr 36cm  281025 1453002.csv,4100,0,0.0,24.18,0.0,197.9,0.0,0
ARDG_AQUA bream 580gr 30 sm  281025 1254003.csv,2887,1,30.0,28.45,580.0,502.9,0.9585,1
ARDG_AQUA bream150gr21cm  281025 1548002.csv,7609,0,0.0,23.17,0.0,140.1,0.0,0
ARDG_AQUA bream 580gr 30 sm  281025 1254003.csv,8524,0,0.0,22.13,0.0,160.8,0.0,0
ARDG_AQUA bream 580gr 30 sm  281025 1254002.csv,4887,1,30.0,30.09,580.0,577.0,0.9802,1
ARDG_AQUA bream 390gr 26cm  281025 1325005.csv,11178,0,0.0,21.19,0.0,110.7,0.0,0
ARDG_AQUA bream 390gr 26cm  281025 1325005.csv,277,0,0.0,21.91,0.0,192.6,0.0,0
ARDG_AQUA bream556gr 30cm  281025 1500002.csv,5681,0,0.0,30.73,0.0,574.3,0.1026,0
ARDG_AQUA bream 150gr 21 sm  281025 1132004.csv,1875,0,0.0,22.43,0.0,166.3,0.0,0
ARDG_AQUA bream 630gr 31cm  281025 1400002.csv,3152,0,0.0,24.26,0.0,196.5,0.0,0
ARDG_AQUA bream500gr 30cm  281025 1500003.csv,407,0,0.0,22.66,0.0,169.1,0.0,0
ARDG_AQUA bream556gr 30cm  281025 1500003.csv,47,0,0.0,25.59,0.0,178.7,0.0,0
ARDG_AQUA bream630gr 32cm  281025 1500002.csv,955,0,0.0,22.76,0.0,222.0,0.0,0
ARDG_AQUA bream 310gr 23 sm  281025 1233002.csv,9519,1,23.0,22.62,310.0,362.8,0.9549,1
ARDG_AQUA bream500gr 30cm  281025 1500003.csv,1474,0,0.0,22.48,0.0,169.5,0.0,0
ARDG_AQUA bream500gr 30cm  281025 1500002.csv,3161,0,0.0,23.18,0.0,236.2,0.0,0
ARDG_AQUA bream 580gr 30 sm  281025 1254003.csv,10624,0,0.0,22.34,0.0,253.8,0.0,0
ARDG_AQUA bream 310gr 23 sm  281025 1233002.csv,6190,1,23.0,23.53,310.0,324.8,0.9211,1
ARDG_AQUA bream630gr 32cm  281025 1500002.csv,285,1,32.0,31.21,630.0,622.5,0.9757,1
ARDG_AQUA bream620 gr31cm  281025 1618003.csv,11451,1,31.0,31.24,620.0,595.7,0.9351,1
ARDG_AQUA bream150gr21cm  281025 1548002.csv,231,0,0.0,21.4,0.0,150.9,0.0,0
ARDG_AQUA bream150gr21cm  281025 1548002.csv,1750,0,0.0,21.85,0.0,170.3,0.0,0
ARDG_AQUA bream500gr 30cm  281025 1500002.csv,8988,0,0.0,24.51,0.0,240.5,0.0,0
ARDG_AQUA bream150gr21cm  281025 1548002.csv,4285,0,0.0,22.49,0.0,197.0,0.0,0
ARDG_AQUA bream 150gr 21 sm  281025 1132002.csv,10851,0,0.0,23.17,0.0,144.7,0.0,0
ARDG_AQUA bream350 gr27cm  281025 1548002.csv,2021,1,27.0,27.18,350.0,333.7,0.967,1
ARDG_AQUA bream 310gr 23 sm  281025 1233002.csv,1657,1,23.0,22.86,310.0,301.9,0.9282,1
ARDG_AQUA bream500gr 30cm  281025 1500002.csv,9382,0,0.0,23.7,0.0,125.2,0.0,0
ARDG_AQUA bream 680gr 33 sm  281025 1208003.csv,8388,0,0.0,21.53,0.0,198.2,1e-04,0
ARDG_AQUA bream 580gr 30 sm  281025 1254003.csv,347,0,0.0,24.23,0.0,206.9,0.0,0
ARDG_AQUA bream556gr 30cm  281025 1500002.csv,7682,0,0.0,28.13,0.0,439.5,0.0,0
ARDG_AQUA bream 800gr 36cm  281025 1453002.csv,1619,0,0.0,23.51,0.0,184.6,0.0,0
ARDG_AQUA bream 150gr 21 sm  281025 1132002.csv,7887,0,0.0,22.77,0.0,135.5,0.0,0
ARDG_AQUA bream620 gr31cm  281025 1618003.csv,9352,1,31.0,30.72,620.0,604.4,0.9783,1
ARDG_AQUA bream150gr21cm  281025 1548002.csv,7567,0,0.0,21.91,0.0,170.7,0.0217,0
ARDG_AQUA bream 150gr 21 sm  281025 1132004.csv,3678,0,0.0,22.51,0.0,129.6,0.0,0
ARDG_AQUA bream 680gr 33 sm  281025 1208003.csv,8229,0,0.0,22.25,0.0,185.0,0.0,0
ARDG_AQUA bream 800gr 36cm  281025 1453002.csv,4692,0,0.0,23.73,0.0,162.4,0.0,0
ARDG_AQUA bream 630gr 31cm  281025 1400002.csv,6764,0,0.0,21.65,0.0,250.1,0.0,0
ARDG_AQUA bream 150gr 21 sm  281025 1132004.csv,1602,0,0.0,23.86,0.0,132.0,0.0,0
ARDG_AQUA bream 580gr 30 sm  281025 1254003.csv,11499,0,0.0,22.18,0.0,215.6,0.0,0
ARDG_AQUA bream 630gr 31cm  281025 1400002.csv,3454,1,31.0,31.47,630.0,632.5,0.9761,1
ARDG_AQUA bream150gr21cm  281025 1548002.csv,4825,1,21.0,21.16,150.0,147.8,0.9407,1
ARDG_AQUA bream 340gr 27cm  281025 1415002.csv,638,0,0.0,25.29,0.0,391.9,0.7348,1
ARDG_AQUA bream 390gr 26cm  281025 1325005.csv,63,0,0.0,20.67,0.0,146.0,0.0002,0
ARDG_AQUA bream620 gr31cm  281025 1618003.csv,2570,0,0.0,23.25,0.0,180.7,0.0,0
ARDG_AQUA bream 150gr 21 sm  281025 1132004.csv,10947,0,0.0,22.14,0.0,148.7,0.0,0
ARDG_AQUA bream 630gr 31cm  281025 1400002.csv,11468,0,0.0,24.89,0.0,249.0,0.0,0
ARDG_AQUA bream630gr 32cm  281025 1500002.csv,1138,0,0.0,29.93,0.0,562.0,0.0047,0
ARDG_AQUA bream 800gr 36cm  281025 1453002.csv,3639,0,0.0,27.45,0.0,472.7,0.0,0
ARDG_AQUA bream 310gr 23 sm  281025 1233002.csv,2131,0,0.0,22.41,0.0,291.3,0.0734,0
ARDG_AQUA bream 580gr 30 sm  281025 1254003.csv,2191,0,0.0,22.74,0.0,202.4,0.0,0
ARDG_AQUA bream 390gr 26cm  281025 1325003.csv,11806,0,0.0,21.66,0.0,121.3,0.0,0
ARDG_AQUA bream500gr 30cm  281025 1500002.csv,433,0,0.0,25.03,0.0,268.9,0.0,0
ARDG_AQUA bream 580gr 30 sm  281025 1254002.csv,10320,1,30.0,29.98,580.0,592.4,0.9857,1
ARDG_AQUA bream350 gr27cm  281025 1548002.csv,1187,1,27.0,26.92,350.0,343.1,0.9758,1
ARDG_AQUA bream 800gr 36cm  281025 1453002.csv,4168,1,36.0,35.9,800.0,796.9,0.9785,1
ARDG_AQUA bream 150gr 21 sm  281025 1132004.csv,10998,0,0.0,22.46,0.0,134.5,0.0,0
ARDG_AQUA bream556gr 30cm  281025 1500002.csv,5659,0,0.0,26.03,0.0,402.6,0.0,0
ARDG_AQUA bream 150gr 21 sm  281025 1132004.csv,8205,0,0.0,23.03,0.0,154.6,0.0,0
ARDG_AQUA bream630gr 32cm  281025 1500002.csv,1225,1,32.0,32.1,630.0,627.5,0.9809,1
ARDG_AQUA bream620 gr31cm  281025 1618003.csv,5823,0,0.0,21.58,0.0,216.7,0.001,0
ARDG_AQUA bream556gr 30cm  281025 1500002.csv,4302,0,0.0,25.62,0.0,404.0,0.0005,0
ARDG_AQUA bream 150gr 21 sm  281025 1132004.csv,8314,0,0.0,22.97,0.0,129.1,0.0,0
ARDG_AQUA bream 280gr 24cm  281025 1425002.csv,2039,0,0.0,26.69,0.0,265.6,0.0,0
ARDG_AQUA bream 150gr 21 sm  281025 1132004.csv,1789,0,0.0,23.01,0.0,153.3,0.0121,0
ARDG_AQUA bream 390gr 26cm  281025 1325005.csv,11674,0,0.0,21.22,0.0,160.8,0.0,0
ARDG_AQUA bream556gr 30cm  281025 1500002.csv,9544,0,0.0,26.83,0.0,296.5,0.0,0
ARDG_AQUA bream 580gr 30 sm  281025 1254003.csv,187,0,0.0,22.06,0.0,141.2,0.0,0
ARDG_AQUA bream 800gr 36cm  281025 1453002.csv,1071,1,36.0,35.27,800.0,816.4,0.9847,1
ARDG_AQUA bream 150gr 21 sm  281025 1132004.csv,580,0,0.0,20.89,0.0,116.2,1e-04,0
ARDG_AQUA bream 280gr 24cm  281025 1425002.csv,4108,0,0.0,24.32,0.0,172.6,0.0,0
ARDG_AQUA bream 150gr 21 sm  281025 1132004.csv,7868,0,0.0,22.78,0.0,174.4,0.0,0
ARDG_AQUA bream 580gr 30 sm  281025 1254003.csv,7336,0,0.0,21.1,0.0,131.2,0.0,0
ARDG_AQUA bream620 gr31cm  281025 1618003.csv,19,0,0.0,23.54,0.0,214.6,0.0,0
ARDG_AQUA bream 390gr 26cm  281025 1325005.csv,11221,0,0.0,21.97,0.0,184.6,0.0,0
ARDG_AQUA bream 280gr 24cm  281025 1425002.csv,1492,0,0.0,25.47,0.0,183.7,0.0,0
ARDG_AQUA bream 280gr 24cm  281025 1425002.csv,3942,0,0.0,22.86,0.0,152.6,0.0,0
ARDG_AQUA bream556gr 30cm  281025 1500002.csv,4292,0,0.0,28.65,0.0,559.0,0.0513,0
ARDG_AQUA bream 310gr 23 sm  281025 1233002.csv,5034,1,23.0,22.7,310.0,306.4,0.9517,1
ARDG_AQUA bream 390gr 26cm  281025 1325005.csv,5617,0,0.0,24.25,0.0,225.7,0.0,0
ARDG_AQUA bream150gr21cm  281025 1548002.csv,6360,0,0.0,22.3,0.0,203.0,0.0,0
ARDG_AQUA bream 340gr 27cm  281025 1415002.csv,1551,0,0.0,22.52,0.0,257.4,0.0,0
ARDG_AQUA bream 580gr 30 sm  281025 1254003.csv,4539,0,0.0,21.32,0.0,197.4,0.0,0
ARDG_AQUA bream630gr 32cm  281025 1500002.csv,2106,1,32.0,32.25,630.0,622.3,0.9627,1
ARDG_AQUA bream 310gr 23 sm  281025 1233003.csv,87,1,23.0,23.38,310.0,289.3,0.9252,1
ARDG_AQUA bream 580gr 30 sm  281025 1254003.csv,943,0,0.0,28.76,0.0,529.0,0.0597,0
ARDG_AQUA bream556gr 30cm  281025 1500003.csv,1378,0,0.0,23.3,0.0,121.2,0.0,0
ARDG_AQUA bream 580gr 30 sm  281025 1254003.csv,8735,0,0.0,21.79,0.0,296.1,0.0005,0
ARDG_AQUA bream500gr 30cm  281025 1500002.csv,10777,0,0.0,24.07,0.0,210.1,0.0,0
ARDG_AQUA bream 580gr 30 sm  281025 1254002.csv,4532,1,30.0,28.13,580.0,589.2,0.9228,1
ARDG_AQUA bream 150gr 21 sm  281025 1132002.csv,7984,0,0.0,22.43,0.0,141.5,0.0022,0
ARDG_AQUA bream350 gr27cm  281025 1548002.csv,6624,0,0.0,24.11,0.0,258.7,0.0,0
ARDG_AQUA bream150gr21cm  281025 1548002.csv,8562,0,0.0,22.61,0.0,211.9,0.0,0
ARDG_AQUA bream 310gr 23 sm  281025 1233003.csv,1403,0,0.0,21.47,0.0,80.6,0.0,0
ARDG_AQUA bream556gr 30cm  281025 1500002.csv,5349,0,0.0,25.33,0.0,237.8,0.0,0
ARDG_AQUA bream150gr21cm  281025 1548002.csv,1814,0,0.0,22.42,0.0,280.0,0.0603,0
ARDG_AQUA bream 580gr 30 sm  281025 1254003.csv,3922,0,0.0,28.81,0.0,540.9,0.953,1
ARDG_AQUA bream 280gr 24cm  281025 1425002.csv,1222,0,0.0,25.04,0.0,365.0,0.8101,1
ARDG_AQUA bream500gr 30cm  281025 1500002.csv,1020,0,0.0,25.73,0.0,280.7,0.0,0
ARDG_AQUA bream 630gr 31cm  281025 1400002.csv,6844,0,0.0,24.16,0.0,178.8,0.0,0
ARDG_AQUA bream 310gr 23 sm  281025 1233002.csv,7815,1,23.0,22.66,310.0,303.4,0.9691,1
ARDG_AQUA bream 390gr 26cm  281025 1325005.csv,11230,0,0.0,22.56,0.0,228.4,0.0,0
ARDG_AQUA bream150gr21cm  281025 1548002.csv,4187,0,0.0,23.79,0.0,216.2,0.0,0
ARDG_AQUA bream 630gr 31cm  281025 1400002.csv,11873,0,0.0,22.77,0.0,171.5,0.0,0
ARDG_AQUA bream556gr 30cm  281025 1500002.csv,11637,0,0.0,27.72,0.0,494.8,0.0,0
ARDG_AQUA bream 390gr 26cm  281025 1325003.csv,10874,1,26.0,26.85,390.0,428.8,0.9407,1
ARDG_AQUA bream 800gr 36cm  281025 1453002.csv,1694,0,0.0,28.76,0.0,383.5,0.0,0
ARDG_AQUA bream350 gr27cm  281025 1548002.csv,5144,0,0.0,23.28,0.0,162.2,0.0,0
ARDG_AQUA bream 580gr 30 sm  281025 1254002.csv,9279,0,0.0,22.33,0.0,300.0,0.0,0
ARDG_AQUA bream620 gr31cm  281025 1618004.csv,240,0,0.0,23.68,0.0,72.0,0.0,0
ARDG_AQUA bream 800gr 36cm  281025 1453002.csv,170,0,0.0,34.33,0.0,778.1,0.9806,1
ARDG_AQUA bream 340gr 27cm  281025 1415002.csv,2131,0,0.0,23.58,0.0,203.8,0.0,0
ARDG_AQUA bream 800gr 36cm  281025 1453002.csv,1736,0,0.0,33.85,0.0,714.7,0.8463,1
ARDG_AQUA bream630gr 32cm  281025 1500002.csv,39,0,0.0,21.48,0.0,322.8,0.0161,0
ARDG_AQUA bream 150gr 21 sm  281025 1132004.csv,7842,0,0.0,20.95,0.0,137.5,0.8396,1
ARDG_AQUA bream 150gr 21 sm  281025 1132004.csv,8268,0,0.0,23.06,0.0,169.1,0.0,0
ARDG_AQUA bream 580gr 30 sm  281025 1254003.csv,619,0,0.0,23.59,0.0,240.8,0.0,0
ARDG_AQUA bream 150gr 21 sm  281025 1132004.csv,8206,0,0.0,22.66,0.0,170.6,0.0,0
ARDG_AQUA bream630gr 32cm  281025 1500002.csv,2994,1,32.0,31.62,630.0,622.1,0.9712,1
ARDG_AQUA bream 580gr 30 sm  281025 1254002.csv,1300,0,0.0,21.32,0.0,215.0,0.0007,0
ARDG_AQUA bream 150gr 21 sm  281025 1132004.csv,607,0,0.0,21.39,0.0,114.1,0.0008,0
ARDG_AQUA bream350 gr27cm  281025 1548002.csv,6281,0,0.0,21.86,0.0,180.2,0.0,0
ARDG_AQUA bream 150gr 21 sm  281025 1132002.csv,8952,0,0.0,22.51,0.0,125.0,0.0,0
ARDG_AQUA bream 390gr 26cm  281025 1325005.csv,5627,0,0.0,24.73,0.0,200.8,0.0,0
ARDG_AQUA bream 150gr 21 sm  281025 1132004.csv,2198,0,0.0,22.8,0.0,155.7,0.0,0
ARDG_AQUA bream 150gr 21 sm  281025 1132004.csv,10455,0,0.0,22.71,0.0,142.8,0.0,0
ARDG_AQUA bream 630gr 31cm  281025 1400002.csv,9595,0,0.0,25.38,0.0,161.3,0.0,0
ARDG_AQUA bream556gr 30cm  281025 1500002.csv,1262,0,0.0,23.48,0.0,163.6,0.0,0
ARDG_AQUA bream 580gr 30 sm  281025 1254002.csv,7126,0,0.0,22.55,0.0,207.9,0.0,0
ARDG_AQUA bream 390gr 26cm  281025 1325005.csv,3118,0,0.0,22.76,0.0,304.7,0.0,0
ARDG_AQUA bream 310gr 23 sm  281025 1233002.csv,10195,1,23.0,22.77,310.0,297.7,0.964,1
ARDG_AQUA bream150gr21cm  281025 1548002.csv,5228,0,0.0,23.18,0.0,163.3,0.0,0
ARDG_AQUA bream500gr 30cm  281025 1500002.csv,10141,0,0.0,24.65,0.0,198.1,0.0,0
ARDG_AQUA bream150gr21cm  281025 1548002.csv,5897,0,0.0,24.25,0.0,187.7,0.0,0
ARDG_AQUA bream150gr21cm  281025 1548002.csv,8673,0,0.0,22.78,0.0,183.7,0.0,0
ARDG_AQUA bream 150gr 21 sm  281025 1132002.csv,9310,0,0.0,22.93,0.0,130.6,0.0,0
ARDG_AQUA bream620 gr31cm  281025 1618003.csv,4495,0,0.0,25.94,0.0,231.9,0.0,0
ARDG_AQUA bream 340gr 27cm  281025 1415002.csv,1801,0,0.0,24.29,0.0,197.0,0.0,0
ARDG_AQUA bream556gr 30cm  281025 1500002.csv,8271,0,0.0,29.0,0.0,495.6,0.3284,0
ARDG_AQUA bream620 gr31cm  281025 1618003.csv,5809,0,0.0,22.26,0.0,215.4,0.0003,0
ARDG_AQUA bream 390gr 26cm  281025 1325005.csv,9044,1,26.0,26.7,390.0,374.5,0.9165,1
ARDG_AQUA bream 580gr 30 sm  281025 1254002.csv,5076,1,30.0,30.47,580.0,612.6,0.9702,1
ARDG_AQUA bream 580gr 30 sm  281025 1254003.csv,8073,0,0.0,29.91,0.0,530.0,0.9754,1
ARDG_AQUA bream150gr21cm  281025 1548002.csv,5564,0,0.0,23.01,0.0,175.0,0.0,0
ARDG_AQUA bream 580gr 30 sm  281025 1254002.csv,1615,0,0.0,22.27,0.0,308.6,0.0051,0
ARDG_AQUA bream150gr21cm  281025 1548002.csv,1083,0,0.0,22.62,0.0,105.1,0.0,0
ARDG_AQUA bream556gr 30cm  281025 1500002.csv,707,0,0.0,28.93,0.0,409.3,0.0,0
ARDG_AQUA bream 390gr 26cm  281025 1325005.csv,10729,0,0.0,25.72,0.0,439.5,0.9625,1
ARDG_AQUA bream 390gr 26cm  281025 1325005.csv,3406,0,0.0,21.17,0.0,208.2,1e-04,0
ARDG_AQUA bream556gr 30cm  281025 1500002.csv,2675,0,0.0,25.83,0.0,314.6,0.0,0
ARDG_AQUA bream 580gr 30 sm  281025 1254003.csv,7398,0,0.0,23.07,0.0,194.7,0.0,0
ARDG_AQUA bream 580gr 30 sm  281025 1254002.csv,1804,0,0.0,20.25,0.0,190.9,0.0,0
ARDG_AQUA bream 390gr 26cm  281025 1325005.csv,9155,1,26.0,25.64,390.0,388.4,0.9673,1
ARDG_AQUA bream 150gr 21 sm  281025 1132002.csv,3125,1,21.0,20.83,150.0,143.3,0.8778,1
ARDG_AQUA bream500gr 30cm  281025 1500002.csv,7989,0,0.0,24.07,0.0,174.5,0.0,0
ARDG_AQUA bream 280gr 24cm  281025 1425002.csv,4182,0,0.0,22.83,0.0,155.3,0.0,0
ARDG_AQUA bream 390gr 26cm  281025 1325005.csv,8638,1,26.0,26.92,390.0,367.1,0.9672,1
ARDG_AQUA bream 150gr 21 sm  281025 1132002.csv,3372,0,0.0,22.24,0.0,155.1,1e-04,0
ARDG_AQUA bream 150gr 21 sm  281025 1132004.csv,1730,0,0.0,22.57,0.0,137.1,0.0,0
ARDG_AQUA bream 630gr 31cm  281025 1400002.csv,7190,1,31.0,30.46,630.0,564.4,0.9841,1
ARDG_AQUA bream556gr 30cm  281025 1500002.csv,7747,0,0.0,24.1,0.0,261.2,0.0,0
ARDG_AQUA bream 580gr 30 sm  281025 1254002.csv,11517,0,0.0,21.55,0.0,104.5,0.0,0
ARDG_AQUA bream500gr 30cm  281025 1500003.csv,3169,0,0.0,22.48,0.0,277.0,0.0,0
ARDG_AQUA bream 150gr 21 sm  281025 1132004.csv,1480,1,21.0,20.66,150.0,148.3,0.9561,1
ARDG_AQUA bream 580gr 30 sm  281025 1254003.csv,2004,0,0.0,30.56,0.0,594.6,0.9747,1
ARDG_AQUA bream150gr21cm  281025 1548002.csv,4312,0,0.0,23.5,0.0,293.2,0.0,0
ARDG_AQUA bream 280gr 24cm  281025 1425002.csv,639,1,24.0,24.76,280.0,311.7,0.9609,1
ARDG_AQUA bream 310gr 23 sm  281025 1233002.csv,9375,0,0.0,21.68,0.0,207.0,0.0,0
ARDG_AQUA bream 680gr 33 sm  281025 1208003.csv,10390,0,0.0,21.65,0.0,141.3,0.0007,0
ARDG_AQUA bream620 gr31cm  281025 1618003.csv,10901,1,31.0,30.99,620.0,626.5,0.9634,1
ARDG_AQUA bream 340gr 27cm  281025 1415002.csv,482,0,0.0,30.53,0.0,535.2,0.0015,0
ARDG_AQUA bream556gr 30cm  281025 1500002.csv,8645,0,0.0,30.41,0.0,567.1,0.952,1
ARDG_AQUA bream 150gr 21 sm  281025 1132002.csv,760,0,0.0,23.13,0.0,163.0,0.0,0
ARDG_AQUA bream 580gr 30 sm  281025 1254003.csv,695,0,0.0,22.66,0.0,119.3,0.0,0
ARDG_AQUA bream556gr 30cm  281025 1500002.csv,409,0,0.0,27.93,0.0,345.0,0.0,0
ARDG_AQUA bream 150gr 21 sm  281025 1132004.csv,1665,0,0.0,21.62,0.0,164.4,0.0173,0
ARDG_AQUA bream 150gr 21 sm  281025 1132002.csv,11035,0,0.0,23.22,0.0,123.8,0.0,0
ARDG_AQUA bream150gr21cm  281025 1548002.csv,3316,0,0.0,23.43,0.0,264.3,1e-04,0
ARDG_AQUA bream 630gr 31cm  281025 1400002.csv,5356,1,31.0,32.22,630.0,662.8,0.9815,1
ARDG_AQUA bream 150gr 21 sm  281025 1132004.csv,3780,0,0.0,22.64,0.0,149.9,0.0,0
ARDG_AQUA bream 580gr 30 sm  281025 1254002.csv,10848,0,0.0,23.85,0.0,368.0,0.0,0
ARDG_AQUA bream 580gr 30 sm  281025 1254003.csv,3921,0,0.0,28.53,0.0,559.4,0.9632,1
ARDG_AQUA bream 280gr 24cm  281025 1425002.csv,5049,0,0.0,25.17,0.0,185.2,0.0,0
ARDG_AQUA bream556gr 30cm  281025 1500002.csv,2393,0,0.0,23.7,0.0,175.2,0.0,0
ARDG_AQUA bream620 gr31cm  281025 1618003.csv,5786,0,0.0,22.51,0.0,204.4,0.0019,0
ARDG_AQUA bream620 gr31cm  281025 1618003.csv,3158,0,0.0,23.48,0.0,227.1,0.0,0
ARDG_AQUA bream150gr21cm  281025 1548002.csv,945,0,0.0,22.5,0.0,153.5,0.0,0
ARDG_AQUA bream 310gr 23 sm  281025 1233002.csv,10358,0,0.0,21.65,0.0,157.8,0.0,0
ARDG_AQUA bream150gr21cm  281025 1548002.csv,1415,0,0.0,23.51,0.0,208.7,0.1379,0
ARDG_AQUA bream 580gr 30 sm  281025 1254002.csv,10902,0,0.0,21.36,0.0,257.9,0.0,0
ARDG_AQUA bream 800gr 36cm  281025 1453002.csv,1149,0,0.0,31.51,0.0,567.9,0.1096,0
ARDG_AQUA bream 580gr 30 sm  281025 1254002.csv,11861,0,0.0,21.65,0.0,265.4,0.0,0
ARDG_AQUA bream 150gr 21 sm  281025 1132004.csv,6347,0,0.0,22.65,0.0,138.8,0.0,0
ARDG_AQUA bream 150gr 21 sm  281025 1132004.csv,2200,0,0.0,22.99,0.0,163.1,0.0,0
ARDG_AQUA bream 310gr 23 sm  281025 1233002.csv,6637,1,23.0,22.71,310.0,312.4,0.9715,1
ARDG_AQUA bream 150gr 21 sm  281025 1132002.csv,9678,0,0.0,22.69,0.0,147.8,0.0,0
ARDG_AQUA bream 390gr 26cm  281025 1325003.csv,11876,0,0.0,21.49,0.0,168.7,1e-04,0
ARDG_AQUA bream 390gr 26cm  281025 1325005.csv,10367,0,0.0,22.5,0.0,142.5,0.0,0
ARDG_AQUA bream 310gr 23 sm  281025 1233002.csv,8312,1,23.0,24.21,310.0,304.2,0.9719,1
ARDG_AQUA bream500gr 30cm  281025 1500002.csv,1310,0,0.0,21.83,0.0,174.3,0.0,0
ARDG_AQUA bream 390gr 26cm  281025 1325005.csv,3140,0,0.0,21.03,0.0,157.1,0.0,0
ARDG_AQUA bream150gr21cm  281025 1548002.csv,6502,0,0.0,23.22,0.0,149.3,0.0,0
ARDG_AQUA bream150gr21cm  281025 1548002.csv,2151,0,0.0,24.31,0.0,269.3,0.0,0
ARDG_AQUA bream 580gr 30 sm  281025 1254002.csv,10994,0,0.0,22.16,0.0,184.6,0.0,0
ARDG_AQUA bream 390gr 26cm  281025 1325005.csv,3702,1,26.0,26.51,390.0,392.1,0.9726,1
ARDG_AQUA bream 310gr 23 sm  281025 1233002.csv,11480,1,23.0,22.68,310.0,298.4,0.9569,1
ARDG_AQUA bream150gr21cm  281025 1548002.csv,8580,0,0.0,23.63,0.0,201.0,0.0,0
ARDG_AQUA bream630gr 32cm  281025 1500002.csv,5800,0,0.0,22.31,0.0,188.9,0.0,0
ARDG_AQUA bream 310gr 23 sm  281025 1233002.csv,991,1,23.0,22.6,310.0,300.4,0.9799,1
ARDG_AQUA bream 150gr 21 sm  281025 1132004.csv,7053,0,0.0,22.66,0.0,138.4,0.0,0
ARDG_AQUA bream 310gr 23 sm  281025 1233002.csv,5284,1,23.0,22.72,310.0,300.2,0.9586,1
ARDG_AQUA bream500gr 30cm  281025 1500002.csv,9433,0,0.0,24.66,0.0,278.6,0.0,0
ARDG_AQUA bream 680gr 33 sm  281025 1208003.csv,5976,0,0.0,21.0,0.0,132.0,0.0183,0
ARDG_AQUA bream 310gr 23 sm  281025 1233002.csv,5356,0,0.0,21.31,0.0,142.6,0.0,0
ARDG_AQUA bream 150gr 21 sm  281025 1132002.csv,8976,0,0.0,22.58,0.0,169.3,0.0,0
ARDG_AQUA bream150gr21cm  281025 1548002.csv,939,0,0.0,23.0,0.0,188.6,0.0,0
ARDG_AQUA bream 580gr 30 sm  281025 1254003.csv,1348,0,0.0,31.77,0.0,573.9,0.9731,1
ARDG_AQUA bream556gr 30cm  281025 1500002.csv,7777,0,0.0,29.91,0.0,532.7,0.3684,0
ARDG_AQUA bream 800gr 36cm  281025 1453002.csv,354,0,0.0,23.35,0.0,300.3,0.0005,0
ARDG_AQUA bream 580gr 30 sm  281025 1254002.csv,7107,0,0.0,21.87,0.0,101.3,0.0,0
ARDG_AQUA bream556gr 30cm  281025 1500002.csv,5706,0,0.0,29.89,0.0,472.0,0.8588,1
ARDG_AQUA bream500gr 30cm  281025 1500002.csv,4332,0,0.0,24.97,0.0,300.4,0.0,0
ARDG_AQUA bream 310gr 23 sm  281025 1233002.csv,10622,0,0.0,21.74,0.0,133.8,0.0,0
ARDG_AQUA bream 390gr 26cm  281025 1325003.csv,7888,1,26.0,26.11,390.0,375.6,0.8281,1
ARDG_AQUA bream500gr 30cm  281025 1500003.csv,1357,0,0.0,25.66,0.0,315.2,0.0,0
ARDG_AQUA bream556gr 30cm  281025 1500002.csv,4556,0,0.0,24.42,0.0,206.3,0.0,0
ARDG_AQUA bream150gr21cm  281025 1548002.csv,7132,0,0.0,21.89,0.0,192.5,0.0,0
ARDG_AQUA bream 800gr 36cm  281025 1453002.csv,908,0,0.0,35.11,0.0,742.7,0.9682,1
ARDG_AQUA bream 580gr 30 sm  281025 1254003.csv,6207,0,0.0,23.81,0.0,255.4,0.0,0
ARDG_AQUA bream 680gr 33 sm  281025 1208003.csv,1307,0,0.0,22.21,0.0,134.1,0.0,0
ARDG_AQUA bream556gr 30cm  281025 1500002.csv,5423,0,0.0,25.62,0.0,220.0,0.0,0
ARDG_AQUA bream150gr21cm  281025 1548002.csv,4306,0,0.0,24.7,0.0,262.6,0.0,0
ARDG_AQUA bream150gr21cm  281025 1548002.csv,4346,0,0.0,24.95,0.0,255.7,0.0,0
ARDG_AQUA bream 390gr 26cm  281025 1325005.csv,10738,0,0.0,24.11,0.0,445.9,0.9275,1
ARDG_AQUA bream 800gr 36cm  281025 1453002.csv,1711,0,0.0,26.83,0.0,329.8,0.0,0
ARDG_AQUA bream 280gr 24cm  281025 1425002.csv,552,0,0.0,25.0,0.0,231.9,0.0,0
ARDG_AQUA bream500gr 30cm  281025 1500002.csv,2689,0,0.0,23.01,0.0,300.2,0.0,0
ARDG_AQUA bream620 gr31cm  281025 1618003.csv,9616,1,31.0,31.07,620.0,562.5,0.9766,1
ARDG_AQUA bream 150gr 21 sm  281025 1132004.csv,8677,0,0.0,20.99,0.0,213.4,0.937,1
ARDG_AQUA bream 390gr 26cm  281025 1325005.csv,19,0,0.0,24.17,0.0,247.9,0.0,0
ARDG_AQUA bream500gr 30cm  281025 1500002.csv,8778,0,0.0,21.71,0.0,174.1,0.0,0
ARDG_AQUA bream556gr 30cm  281025 1500002.csv,2513,0,0.0,31.53,0.0,610.2,0.9527,1
ARDG_AQUA bream 630gr 31cm  281025 1400002.csv,2062,0,0.0,22.43,0.0,183.0,0.0,0
ARDG_AQUA bream500gr 30cm  281025 1500002.csv,4825,1,30.0,28.6,500.0,476.5,0.9765,1
ARDG_AQUA bream500gr 30cm  281025 1500002.csv,5190,0,0.0,23.57,0.0,240.1,0.0,0
ARDG_AQUA bream 310gr 23 sm  281025 1233002.csv,10553,0,0.0,21.91,0.0,184.0,0.0,0
ARDG_AQUA bream556gr 30cm  281025 1500002.csv,4366,0,0.0,29.7,0.0,516.6,0.9645,1
ARDG_AQUA bream 150gr 21 sm  281025 1132002.csv,9695,0,0.0,22.69,0.0,140.9,0.0,0
ARDG_AQUA bream 150gr 21 sm  281025 1132004.csv,2837,0,0.0,21.44,0.0,127.9,0.0213,0
ARDG_AQUA bream 580gr 30 sm  281025 1254003.csv,559,0,0.0,20.9,0.0,190.0,0.0,0
ARDG_AQUA bream 580gr 30 sm  281025 1254002.csv,7136,0,0.0,21.67,0.0,203.0,0.0,0
ARDG_AQUA bream 390gr 26cm  281025 1325005.csv,11193,0,0.0,20.14,0.0,127.3,0.0,0
ARDG_AQUA bream556gr 30cm  281025 1500002.csv,623,0,0.0,24.14,0.0,297.0,0.0,0
ARDG_AQUA bream 630gr 31cm  281025 1400002.csv,10311,1,31.0,32.76,630.0,669.3,0.9925,1
ARDG_AQUA bream 150gr 21 sm  281025 1132004.csv,9392,0,0.0,22.23,0.0,157.4,0.0,0
ARDG_AQUA bream620 gr31cm  281025 1618003.csv,2970,0,0.0,24.48,0.0,215.9,0.0,0
ARDG_AQUA bream500gr 30cm  281025 1500002.csv,11659,1,30.0,29.88,500.0,497.4,0.9436,1
ARDG_AQUA bream 580gr 30 sm  281025 1254002.csv,11741,0,0.0,19.89,0.0,149.4,0.0,0
ARDG_AQUA bream 390gr 26cm  281025 1325003.csv,10305,1,26.0,25.49,390.0,378.6,0.9676,1
